request_id,user_id,exp_count,click_count,conv_count,recent_clicks,avg_click_interval,last_click_gap,click_freq_last_hour
req000274,u1000,1,0,0,0,-1.0,-1.0,0
req001591,u1001,1,0,0,0,-1.0,-1.0,0
req005093,u1001,2,0,0,0,-1.0,-1.0,0
req000517,u1002,1,0,0,0,-1.0,-1.0,0
req001530,u1002,2,0,0,0,-1.0,-1.0,0
req001863,u1007,1,0,0,0,-1.0,-1.0,0
req008591,u1007,2,0,0,0,-1.0,-1.0,0
req002955,u1008,1,0,0,0,-1.0,-1.0,0
req003369,u1011,1,0,0,0,-1.0,-1.0,0
req004163,u1012,1,0,0,0,-1.0,-1.0,0
req005949,u1012,2,0,0,0,-1.0,-1.0,0
req009138,u1012,3,1,0,0,-1.0,-1.0,0
req009354,u1014,1,0,0,0,-1.0,-1.0,0
req008065,u1015,1,0,0,0,-1.0,-1.0,0
req003652,u1016,1,0,0,0,-1.0,-1.0,0
req001625,u1020,1,0,0,0,-1.0,-1.0,0
req005583,u1020,2,1,0,0,-1.0,-1.0,0
req002638,u1023,1,0,0,0,-1.0,-1.0,0
req006831,u1023,2,0,0,0,-1.0,-1.0,0
req009756,u1023,3,0,0,0,-1.0,-1.0,0
req003094,u1025,1,0,0,0,-1.0,-1.0,0
req006315,u1027,1,0,0,0,-1.0,-1.0,0
req009761,u1028,1,1,0,0,-1.0,-1.0,0
req001541,u1029,1,1,0,0,-1.0,-1.0,0
req003459,u1030,1,0,0,0,-1.0,-1.0,0
req000080,u1031,1,0,0,0,-1.0,-1.0,0
req006908,u1031,2,0,0,0,-1.0,-1.0,0
req005269,u1032,1,0,0,0,-1.0,-1.0,0
req007023,u1034,1,0,0,0,-1.0,-1.0,0
req006668,u1035,1,0,0,0,-1.0,-1.0,0
req008491,u1035,2,0,0,0,-1.0,-1.0,0
req006794,u1040,1,0,0,0,-1.0,-1.0,0
req002246,u1042,1,0,0,0,-1.0,-1.0,0
req007621,u1043,1,0,0,0,-1.0,-1.0,0
req009957,u1044,1,1,0,0,-1.0,-1.0,0
req000656,u1048,1,0,0,0,-1.0,-1.0,0
req004241,u1050,1,0,0,0,-1.0,-1.0,0
req007996,u1052,1,0,0,0,-1.0,-1.0,0
req000482,u1053,1,1,0,0,-1.0,-1.0,0
req008495,u1053,2,1,0,1,8013.0,8013.0,0
req000829,u1054,1,0,0,0,-1.0,-1.0,0
req003670,u1054,2,0,0,0,-1.0,-1.0,0
req004922,u1054,3,0,0,0,-1.0,-1.0,0
req000204,u1057,1,0,0,0,-1.0,-1.0,0
req001823,u1057,2,0,0,0,-1.0,-1.0,0
req005775,u1057,3,0,0,0,-1.0,-1.0,0
req002126,u1058,1,0,0,0,-1.0,-1.0,0
req004238,u1058,2,0,0,0,-1.0,-1.0,0
req009713,u1060,1,0,0,0,-1.0,-1.0,0
req001366,u1061,1,0,0,0,-1.0,-1.0,0
req003457,u1061,2,0,0,0,-1.0,-1.0,0
req009691,u1061,3,0,0,0,-1.0,-1.0,0
req005332,u1062,1,0,0,0,-1.0,-1.0,0
req003884,u1065,1,0,0,0,-1.0,-1.0,0
req002812,u1067,1,0,0,0,-1.0,-1.0,0
req002836,u1067,2,0,0,0,-1.0,-1.0,0
req003905,u1073,1,0,0,0,-1.0,-1.0,0
req008234,u1073,2,0,0,0,-1.0,-1.0,0
req001373,u1074,1,1,1,0,-1.0,-1.0,0
req003152,u1074,2,1,1,1,1779.0,1779.0,1
req004934,u1074,3,1,1,1,3561.0,3561.0,1
req006851,u1074,4,1,1,1,5478.0,5478.0,0
req008867,u1074,5,1,1,1,7494.0,7494.0,0
req009320,u1074,6,1,1,1,7947.0,7947.0,0
req009961,u1077,1,0,0,0,-1.0,-1.0,0
req008203,u1078,1,0,0,0,-1.0,-1.0,0
req000438,u1081,1,0,0,0,-1.0,-1.0,0
req007907,u1085,1,0,0,0,-1.0,-1.0,0
req005958,u1086,1,1,0,0,-1.0,-1.0,0
req006489,u1086,2,1,0,1,531.0,531.0,1
req009180,u1086,3,1,0,1,3222.0,3222.0,1
req003448,u1087,1,0,0,0,-1.0,-1.0,0
req004411,u1088,1,0,0,0,-1.0,-1.0,0
req001405,u1089,1,0,0,0,-1.0,-1.0,0
req001487,u1090,1,0,0,0,-1.0,-1.0,0
req004292,u1093,1,0,0,0,-1.0,-1.0,0
req004631,u1093,2,0,0,0,-1.0,-1.0,0
req004381,u1096,1,0,0,0,-1.0,-1.0,0
req002141,u1099,1,0,0,0,-1.0,-1.0,0
req003070,u1099,2,0,0,0,-1.0,-1.0,0
req005248,u1099,3,0,0,0,-1.0,-1.0,0
req004935,u1100,1,0,0,0,-1.0,-1.0,0
req000916,u1101,1,0,0,0,-1.0,-1.0,0
req001985,u1101,2,1,0,0,-1.0,-1.0,0
req003027,u1102,1,0,0,0,-1.0,-1.0,0
req004606,u1102,2,0,0,0,-1.0,-1.0,0
req009091,u1102,3,0,0,0,-1.0,-1.0,0
req005571,u1104,1,0,0,0,-1.0,-1.0,0
req007826,u1104,2,0,0,0,-1.0,-1.0,0
req000723,u1105,1,0,0,0,-1.0,-1.0,0
req006563,u1105,2,0,0,0,-1.0,-1.0,0
req001185,u1106,1,0,0,0,-1.0,-1.0,0
req007136,u1106,2,0,0,0,-1.0,-1.0,0
req003124,u1107,1,1,0,0,-1.0,-1.0,0
req006778,u1107,2,1,0,1,3654.0,3654.0,0
req002410,u1108,1,0,0,0,-1.0,-1.0,0
req009546,u1108,2,0,0,0,-1.0,-1.0,0
req002469,u1109,1,0,0,0,-1.0,-1.0,0
req007530,u1109,2,0,0,0,-1.0,-1.0,0
req007417,u1110,1,0,0,0,-1.0,-1.0,0
req000518,u1112,1,0,0,0,-1.0,-1.0,0
req005500,u1112,2,0,0,0,-1.0,-1.0,0
req005922,u1112,3,1,0,0,-1.0,-1.0,0
req009134,u1113,1,0,0,0,-1.0,-1.0,0
req004783,u1114,1,0,0,0,-1.0,-1.0,0
req009796,u1114,2,0,0,0,-1.0,-1.0,0
req009782,u1115,1,0,0,0,-1.0,-1.0,0
req006081,u1117,1,0,0,0,-1.0,-1.0,0
req005887,u1118,1,0,0,0,-1.0,-1.0,0
req009604,u1119,1,0,0,0,-1.0,-1.0,0
req001439,u1120,1,0,0,0,-1.0,-1.0,0
req001518,u1120,2,0,0,0,-1.0,-1.0,0
req000139,u1121,1,0,0,0,-1.0,-1.0,0
req008477,u1122,1,1,0,0,-1.0,-1.0,0
req000500,u1124,1,0,0,0,-1.0,-1.0,0
req000621,u1124,2,1,0,0,-1.0,-1.0,0
req000821,u1125,1,0,0,0,-1.0,-1.0,0
req005966,u1125,2,1,0,0,-1.0,-1.0,0
req007067,u1127,1,0,0,0,-1.0,-1.0,0
req003932,u1128,1,0,0,0,-1.0,-1.0,0
req009825,u1128,2,1,1,0,-1.0,-1.0,0
req003579,u1130,1,0,0,0,-1.0,-1.0,0
req006655,u1131,1,1,0,0,-1.0,-1.0,0
req008944,u1131,2,1,0,1,2289.0,2289.0,1
req009861,u1132,1,0,0,0,-1.0,-1.0,0
req004267,u1133,1,0,0,0,-1.0,-1.0,0
req002441,u1135,1,0,0,0,-1.0,-1.0,0
req003262,u1135,2,0,0,0,-1.0,-1.0,0
req007629,u1135,3,0,0,0,-1.0,-1.0,0
req009146,u1136,1,0,0,0,-1.0,-1.0,0
req009485,u1136,2,0,0,0,-1.0,-1.0,0
req001019,u1137,1,1,0,0,-1.0,-1.0,0
req005886,u1138,1,0,0,0,-1.0,-1.0,0
req004893,u1139,1,0,0,0,-1.0,-1.0,0
req009900,u1143,1,0,0,0,-1.0,-1.0,0
req002330,u1144,1,0,0,0,-1.0,-1.0,0
req007233,u1144,2,0,0,0,-1.0,-1.0,0
req007504,u1144,3,0,0,0,-1.0,-1.0,0
req009032,u1144,4,0,0,0,-1.0,-1.0,0
req008098,u1145,1,0,0,0,-1.0,-1.0,0
req002425,u1146,1,0,0,0,-1.0,-1.0,0
req009242,u1146,2,0,0,0,-1.0,-1.0,0
req005894,u1147,1,0,0,0,-1.0,-1.0,0
req008484,u1147,2,0,0,0,-1.0,-1.0,0
req004349,u1148,1,0,0,0,-1.0,-1.0,0
req005127,u1148,2,0,0,0,-1.0,-1.0,0
req007265,u1151,1,1,0,0,-1.0,-1.0,0
req003714,u1152,1,0,0,0,-1.0,-1.0,0
req008318,u1152,2,0,0,0,-1.0,-1.0,0
req000561,u1153,1,0,0,0,-1.0,-1.0,0
req003364,u1153,2,0,0,0,-1.0,-1.0,0
req005451,u1153,3,0,0,0,-1.0,-1.0,0
req007302,u1153,4,0,0,0,-1.0,-1.0,0
req006160,u1154,1,0,0,0,-1.0,-1.0,0
req002083,u1155,1,0,0,0,-1.0,-1.0,0
req008509,u1155,2,0,0,0,-1.0,-1.0,0
req002795,u1156,1,0,0,0,-1.0,-1.0,0
req003662,u1156,2,0,0,0,-1.0,-1.0,0
req006104,u1156,3,0,0,0,-1.0,-1.0,0
req006324,u1156,4,0,0,0,-1.0,-1.0,0
req007435,u1157,1,0,0,0,-1.0,-1.0,0
req007086,u1158,1,0,0,0,-1.0,-1.0,0
req007415,u1158,2,0,0,0,-1.0,-1.0,0
req001773,u1159,1,0,0,0,-1.0,-1.0,0
req005191,u1159,2,0,0,0,-1.0,-1.0,0
req007703,u1159,3,0,0,0,-1.0,-1.0,0
req007995,u1159,4,0,0,0,-1.0,-1.0,0
req004554,u1160,1,0,0,0,-1.0,-1.0,0
req009573,u1162,1,0,0,0,-1.0,-1.0,0
req000350,u1163,1,0,0,0,-1.0,-1.0,0
req008374,u1163,2,0,0,0,-1.0,-1.0,0
req005600,u1164,1,0,0,0,-1.0,-1.0,0
req001506,u1168,1,0,0,0,-1.0,-1.0,0
req002954,u1168,2,0,0,0,-1.0,-1.0,0
req004447,u1170,1,0,0,0,-1.0,-1.0,0
req008561,u1170,2,1,0,0,-1.0,-1.0,0
req000270,u1171,1,0,0,0,-1.0,-1.0,0
req008074,u1171,2,0,0,0,-1.0,-1.0,0
req008637,u1171,3,0,0,0,-1.0,-1.0,0
req008908,u1172,1,0,0,0,-1.0,-1.0,0
req003052,u1174,1,0,0,0,-1.0,-1.0,0
req003529,u1174,2,0,0,0,-1.0,-1.0,0
req000956,u1176,1,0,0,0,-1.0,-1.0,0
req007552,u1176,2,0,0,0,-1.0,-1.0,0
req007938,u1176,3,0,0,0,-1.0,-1.0,0
req008856,u1176,4,0,0,0,-1.0,-1.0,0
req007835,u1178,1,0,0,0,-1.0,-1.0,0
req000516,u1179,1,0,0,0,-1.0,-1.0,0
req007237,u1179,2,0,0,0,-1.0,-1.0,0
req003475,u1181,1,0,0,0,-1.0,-1.0,0
req003833,u1181,2,0,0,0,-1.0,-1.0,0
req008665,u1183,1,0,0,0,-1.0,-1.0,0
req002564,u1184,1,0,0,0,-1.0,-1.0,0
req006393,u1184,2,1,0,0,-1.0,-1.0,0
req007749,u1184,3,1,0,1,1356.0,1356.0,1
req009252,u1185,1,0,0,0,-1.0,-1.0,0
req009717,u1185,2,0,0,0,-1.0,-1.0,0
req001130,u1188,1,0,0,0,-1.0,-1.0,0
req001432,u1188,2,0,0,0,-1.0,-1.0,0
req008573,u1189,1,0,0,0,-1.0,-1.0,0
req000731,u1191,1,0,0,0,-1.0,-1.0,0
req007041,u1192,1,0,0,0,-1.0,-1.0,0
req005721,u1193,1,0,0,0,-1.0,-1.0,0
req009583,u1193,2,0,0,0,-1.0,-1.0,0
req001166,u1194,1,0,0,0,-1.0,-1.0,0
req009853,u1194,2,0,0,0,-1.0,-1.0,0
req001478,u1195,1,0,0,0,-1.0,-1.0,0
req006186,u1195,2,1,0,0,-1.0,-1.0,0
req009626,u1195,3,1,0,1,3440.0,3440.0,1
req009112,u1196,1,0,0,0,-1.0,-1.0,0
req007182,u1197,1,0,0,0,-1.0,-1.0,0
req000347,u1198,1,0,0,0,-1.0,-1.0,0
req006432,u1199,1,0,0,0,-1.0,-1.0,0
req005142,u1201,1,0,0,0,-1.0,-1.0,0
req008763,u1201,2,0,0,0,-1.0,-1.0,0
req007371,u1203,1,0,0,0,-1.0,-1.0,0
req006397,u1204,1,0,0,0,-1.0,-1.0,0
req002075,u1205,1,1,0,0,-1.0,-1.0,0
req004419,u1205,2,2,0,1,2344.0,2344.0,1
req002700,u1206,1,0,0,0,-1.0,-1.0,0
req002943,u1206,2,1,0,0,-1.0,-1.0,0
req005467,u1206,3,1,0,1,2524.0,2524.0,1
req007102,u1206,4,1,0,1,4159.0,4159.0,0
req001874,u1208,1,0,0,0,-1.0,-1.0,0
req006572,u1208,2,0,0,0,-1.0,-1.0,0
req007878,u1208,3,0,0,0,-1.0,-1.0,0
req003044,u1209,1,0,0,0,-1.0,-1.0,0
req002136,u1210,1,0,0,0,-1.0,-1.0,0
req004247,u1210,2,0,0,0,-1.0,-1.0,0
req007487,u1210,3,0,0,0,-1.0,-1.0,0
req009686,u1210,4,0,0,0,-1.0,-1.0,0
req009181,u1211,1,0,0,0,-1.0,-1.0,0
req004329,u1212,1,0,0,0,-1.0,-1.0,0
req007405,u1212,2,0,0,0,-1.0,-1.0,0
req008386,u1213,1,0,0,0,-1.0,-1.0,0
req000459,u1214,1,0,0,0,-1.0,-1.0,0
req004205,u1214,2,0,0,0,-1.0,-1.0,0
req009099,u1214,3,0,0,0,-1.0,-1.0,0
req001399,u1215,1,0,0,0,-1.0,-1.0,0
req001719,u1215,2,0,0,0,-1.0,-1.0,0
req006836,u1215,3,0,0,0,-1.0,-1.0,0
req004698,u1216,1,1,0,0,-1.0,-1.0,0
req009632,u1218,1,0,0,0,-1.0,-1.0,0
req001840,u1219,1,0,0,0,-1.0,-1.0,0
req009537,u1219,2,0,0,0,-1.0,-1.0,0
req002107,u1220,1,0,0,0,-1.0,-1.0,0
req003309,u1221,1,0,0,0,-1.0,-1.0,0
req007046,u1221,2,0,0,0,-1.0,-1.0,0
req001906,u1223,1,0,0,0,-1.0,-1.0,0
req008054,u1226,1,0,0,0,-1.0,-1.0,0
req009357,u1227,1,0,0,0,-1.0,-1.0,0
req001697,u1229,1,0,0,0,-1.0,-1.0,0
req007528,u1229,2,0,0,0,-1.0,-1.0,0
req005364,u1230,1,0,0,0,-1.0,-1.0,0
req009707,u1230,2,0,0,0,-1.0,-1.0,0
req000682,u1231,1,0,0,0,-1.0,-1.0,0
req004655,u1231,2,0,0,0,-1.0,-1.0,0
req001124,u1232,1,0,0,0,-1.0,-1.0,0
req004189,u1232,2,0,0,0,-1.0,-1.0,0
req005576,u1232,3,0,0,0,-1.0,-1.0,0
req009578,u1232,4,0,0,0,-1.0,-1.0,0
req009805,u1234,1,0,0,0,-1.0,-1.0,0
req007281,u1237,1,0,0,0,-1.0,-1.0,0
req002366,u1239,1,0,0,0,-1.0,-1.0,0
req009619,u1240,1,0,0,0,-1.0,-1.0,0
req006710,u1241,1,0,0,0,-1.0,-1.0,0
req004237,u1242,1,0,0,0,-1.0,-1.0,0
req000035,u1243,1,0,0,0,-1.0,-1.0,0
req003492,u1243,2,0,0,0,-1.0,-1.0,0
req009888,u1244,1,0,0,0,-1.0,-1.0,0
req002270,u1245,1,0,0,0,-1.0,-1.0,0
req000289,u1247,1,0,0,0,-1.0,-1.0,0
req006359,u1247,2,0,0,0,-1.0,-1.0,0
req001362,u1255,1,0,0,0,-1.0,-1.0,0
req006584,u1255,2,0,0,0,-1.0,-1.0,0
req003563,u1257,1,0,0,0,-1.0,-1.0,0
req008285,u1257,2,0,0,0,-1.0,-1.0,0
req007968,u1258,1,1,0,0,-1.0,-1.0,0
req000706,u1260,1,0,0,0,-1.0,-1.0,0
req009986,u1262,1,1,0,0,-1.0,-1.0,0
req008364,u1263,1,0,0,0,-1.0,-1.0,0
req008365,u1264,1,0,0,0,-1.0,-1.0,0
req008227,u1265,1,0,0,0,-1.0,-1.0,0
req008447,u1265,2,0,0,0,-1.0,-1.0,0
req004653,u1266,1,0,0,0,-1.0,-1.0,0
req009708,u1266,2,0,0,0,-1.0,-1.0,0
req000231,u1267,1,1,0,0,-1.0,-1.0,0
req001680,u1267,2,1,0,1,1449.0,1449.0,1
req003771,u1267,3,2,0,1,3540.0,3540.0,1
req001392,u1268,1,0,0,0,-1.0,-1.0,0
req004749,u1268,2,0,0,0,-1.0,-1.0,0
req004165,u1270,1,0,0,0,-1.0,-1.0,0
req007498,u1270,2,0,0,0,-1.0,-1.0,0
req008485,u1270,3,0,0,0,-1.0,-1.0,0
req002237,u1271,1,1,0,0,-1.0,-1.0,0
req003198,u1271,2,1,0,1,961.0,961.0,1
req009610,u1271,3,1,0,1,7373.0,7373.0,0
req004405,u1272,1,1,0,0,-1.0,-1.0,0
req001501,u1276,1,0,0,0,-1.0,-1.0,0
req002377,u1276,2,0,0,0,-1.0,-1.0,0
req003002,u1276,3,1,0,0,-1.0,-1.0,0
req002073,u1277,1,0,0,0,-1.0,-1.0,0
req005647,u1277,2,0,0,0,-1.0,-1.0,0
req007561,u1279,1,0,0,0,-1.0,-1.0,0
req004130,u1280,1,0,0,0,-1.0,-1.0,0
req007566,u1280,2,0,0,0,-1.0,-1.0,0
req000890,u1281,1,0,0,0,-1.0,-1.0,0
req008304,u1281,2,0,0,0,-1.0,-1.0,0
req000856,u1283,1,0,0,0,-1.0,-1.0,0
req002295,u1283,2,0,0,0,-1.0,-1.0,0
req004900,u1283,3,0,0,0,-1.0,-1.0,0
req005458,u1283,4,0,0,0,-1.0,-1.0,0
req003183,u1284,1,0,0,0,-1.0,-1.0,0
req001794,u1286,1,0,0,0,-1.0,-1.0,0
req005930,u1289,1,0,0,0,-1.0,-1.0,0
req003055,u1290,1,0,0,0,-1.0,-1.0,0
req004538,u1290,2,0,0,0,-1.0,-1.0,0
req009520,u1290,3,0,0,0,-1.0,-1.0,0
req009395,u1291,1,0,0,0,-1.0,-1.0,0
req000740,u1292,1,0,0,0,-1.0,-1.0,0
req001000,u1292,2,0,0,0,-1.0,-1.0,0
req001717,u1292,3,1,0,0,-1.0,-1.0,0
req002870,u1292,4,2,0,1,1153.0,1153.0,1
req002840,u1294,1,0,0,0,-1.0,-1.0,0
req003890,u1294,2,0,0,0,-1.0,-1.0,0
req004181,u1294,3,0,0,0,-1.0,-1.0,0
req000809,u1297,1,0,0,0,-1.0,-1.0,0
req004742,u1298,1,0,0,0,-1.0,-1.0,0
req005620,u1298,2,1,0,0,-1.0,-1.0,0
req007829,u1298,3,1,0,1,2209.0,2209.0,1
req004774,u1299,1,0,0,0,-1.0,-1.0,0
req001241,u1303,1,0,0,0,-1.0,-1.0,0
req004972,u1303,2,0,0,0,-1.0,-1.0,0
req001144,u1304,1,0,0,0,-1.0,-1.0,0
req002797,u1304,2,0,0,0,-1.0,-1.0,0
req004234,u1307,1,0,0,0,-1.0,-1.0,0
req002292,u1309,1,0,0,0,-1.0,-1.0,0
req004775,u1309,2,0,0,0,-1.0,-1.0,0
req007534,u1309,3,0,0,0,-1.0,-1.0,0
req001664,u1310,1,0,0,0,-1.0,-1.0,0
req007227,u1310,2,0,0,0,-1.0,-1.0,0
req005430,u1311,1,0,0,0,-1.0,-1.0,0
req009061,u1312,1,0,0,0,-1.0,-1.0,0
req007676,u1316,1,1,0,0,-1.0,-1.0,0
req008084,u1316,2,1,0,1,408.0,408.0,1
req006919,u1319,1,0,0,0,-1.0,-1.0,0
req003505,u1320,1,0,0,0,-1.0,-1.0,0
req007470,u1321,1,0,0,0,-1.0,-1.0,0
req008891,u1321,2,0,0,0,-1.0,-1.0,0
req006496,u1322,1,0,0,0,-1.0,-1.0,0
req000248,u1325,1,0,0,0,-1.0,-1.0,0
req002139,u1325,2,0,0,0,-1.0,-1.0,0
req009773,u1325,3,0,0,0,-1.0,-1.0,0
req000578,u1327,1,0,0,0,-1.0,-1.0,0
req006924,u1327,2,0,0,0,-1.0,-1.0,0
req007450,u1327,3,0,0,0,-1.0,-1.0,0
req006659,u1330,1,0,0,0,-1.0,-1.0,0
req001211,u1331,1,0,0,0,-1.0,-1.0,0
req001333,u1331,2,0,0,0,-1.0,-1.0,0
req008488,u1331,3,0,0,0,-1.0,-1.0,0
req000290,u1332,1,0,0,0,-1.0,-1.0,0
req000371,u1332,2,0,0,0,-1.0,-1.0,0
req002569,u1332,3,0,0,0,-1.0,-1.0,0
req003925,u1332,4,0,0,0,-1.0,-1.0,0
req005036,u1333,1,0,0,0,-1.0,-1.0,0
req004954,u1334,1,0,0,0,-1.0,-1.0,0
req006968,u1334,2,0,0,0,-1.0,-1.0,0
req007077,u1334,3,0,0,0,-1.0,-1.0,0
req009564,u1334,4,0,0,0,-1.0,-1.0,0
req007249,u1335,1,0,0,0,-1.0,-1.0,0
req007728,u1338,1,0,0,0,-1.0,-1.0,0
req007536,u1339,1,0,0,0,-1.0,-1.0,0
req004279,u1341,1,0,0,0,-1.0,-1.0,0
req008006,u1341,2,0,0,0,-1.0,-1.0,0
req001752,u1342,1,0,0,0,-1.0,-1.0,0
req003350,u1343,1,0,0,0,-1.0,-1.0,0
req000998,u1344,1,1,0,0,-1.0,-1.0,0
req008355,u1344,2,2,0,1,7357.0,7357.0,0
req003363,u1346,1,0,0,0,-1.0,-1.0,0
req007243,u1349,1,0,0,0,-1.0,-1.0,0
req008324,u1349,2,0,0,0,-1.0,-1.0,0
req005814,u1350,1,1,1,0,-1.0,-1.0,0
req000716,u1351,1,0,0,0,-1.0,-1.0,0
req004259,u1351,2,0,0,0,-1.0,-1.0,0
req008214,u1351,3,0,0,0,-1.0,-1.0,0
req002303,u1352,1,0,0,0,-1.0,-1.0,0
req003134,u1352,2,0,0,0,-1.0,-1.0,0
req003605,u1352,3,0,0,0,-1.0,-1.0,0
req006703,u1352,4,0,0,0,-1.0,-1.0,0
req006749,u1352,5,0,0,0,-1.0,-1.0,0
req001611,u1353,1,0,0,0,-1.0,-1.0,0
req000907,u1354,1,0,0,0,-1.0,-1.0,0
req005593,u1354,2,0,0,0,-1.0,-1.0,0
req001667,u1356,1,0,0,0,-1.0,-1.0,0
req003129,u1356,2,0,0,0,-1.0,-1.0,0
req004659,u1357,1,1,0,0,-1.0,-1.0,0
req004829,u1358,1,0,0,0,-1.0,-1.0,0
req008108,u1358,2,0,0,0,-1.0,-1.0,0
req009667,u1359,1,0,0,0,-1.0,-1.0,0
req000365,u1360,1,0,0,0,-1.0,-1.0,0
req007454,u1360,2,0,0,0,-1.0,-1.0,0
req003008,u1361,1,0,0,0,-1.0,-1.0,0
req005350,u1363,1,0,0,0,-1.0,-1.0,0
req007429,u1363,2,1,0,0,-1.0,-1.0,0
req007859,u1363,3,1,0,1,430.0,430.0,1
req003694,u1364,1,1,0,0,-1.0,-1.0,0
req007765,u1365,1,0,0,0,-1.0,-1.0,0
req005628,u1366,1,0,0,0,-1.0,-1.0,0
req001423,u1368,1,0,0,0,-1.0,-1.0,0
req006550,u1369,1,0,0,0,-1.0,-1.0,0
req000133,u1370,1,0,0,0,-1.0,-1.0,0
req005640,u1370,2,0,0,0,-1.0,-1.0,0
req008266,u1370,3,0,0,0,-1.0,-1.0,0
req006765,u1373,1,0,0,0,-1.0,-1.0,0
req007756,u1374,1,0,0,0,-1.0,-1.0,0
req001139,u1375,1,0,0,0,-1.0,-1.0,0
req003032,u1376,1,0,0,0,-1.0,-1.0,0
req004983,u1376,2,0,0,0,-1.0,-1.0,0
req008465,u1376,3,0,0,0,-1.0,-1.0,0
req008492,u1376,4,0,0,0,-1.0,-1.0,0
req007390,u1378,1,0,0,0,-1.0,-1.0,0
req001827,u1380,1,0,0,0,-1.0,-1.0,0
req003239,u1380,2,0,0,0,-1.0,-1.0,0
req002168,u1381,1,0,0,0,-1.0,-1.0,0
req007854,u1381,2,0,0,0,-1.0,-1.0,0
req000925,u1382,1,0,0,0,-1.0,-1.0,0
req003422,u1382,2,0,0,0,-1.0,-1.0,0
req005557,u1382,3,0,0,0,-1.0,-1.0,0
req009970,u1382,4,0,0,0,-1.0,-1.0,0
req003332,u1383,1,0,0,0,-1.0,-1.0,0
req009192,u1384,1,0,0,0,-1.0,-1.0,0
req006091,u1385,1,0,0,0,-1.0,-1.0,0
req000123,u1386,1,0,0,0,-1.0,-1.0,0
req007847,u1386,2,0,0,0,-1.0,-1.0,0
req004145,u1387,1,0,0,0,-1.0,-1.0,0
req008191,u1390,1,0,0,0,-1.0,-1.0,0
req002679,u1391,1,0,0,0,-1.0,-1.0,0
req003949,u1391,2,0,0,0,-1.0,-1.0,0
req009768,u1391,3,0,0,0,-1.0,-1.0,0
req009665,u1393,1,0,0,0,-1.0,-1.0,0
req007704,u1395,1,0,0,0,-1.0,-1.0,0
req007651,u1396,1,0,0,0,-1.0,-1.0,0
req007971,u1399,1,0,0,0,-1.0,-1.0,0
req009527,u1399,2,0,0,0,-1.0,-1.0,0
req006808,u1401,1,0,0,0,-1.0,-1.0,0
req003937,u1402,1,0,0,0,-1.0,-1.0,0
req007779,u1404,1,0,0,0,-1.0,-1.0,0
req000688,u1406,1,0,0,0,-1.0,-1.0,0
req006779,u1406,2,0,0,0,-1.0,-1.0,0
req008871,u1407,1,0,0,0,-1.0,-1.0,0
req005016,u1408,1,0,0,0,-1.0,-1.0,0
req008938,u1409,1,0,0,0,-1.0,-1.0,0
req004693,u1410,1,0,0,0,-1.0,-1.0,0
req008032,u1411,1,0,0,0,-1.0,-1.0,0
req005943,u1412,1,0,0,0,-1.0,-1.0,0
req009342,u1412,2,0,0,0,-1.0,-1.0,0
req006863,u1413,1,1,0,0,-1.0,-1.0,0
req004027,u1414,1,0,0,0,-1.0,-1.0,0
req005815,u1414,2,0,0,0,-1.0,-1.0,0
req009174,u1415,1,0,0,0,-1.0,-1.0,0
req001559,u1417,1,0,0,0,-1.0,-1.0,0
req007418,u1417,2,0,0,0,-1.0,-1.0,0
req003473,u1418,1,0,0,0,-1.0,-1.0,0
req009488,u1418,2,0,0,0,-1.0,-1.0,0
req001636,u1419,1,0,0,0,-1.0,-1.0,0
req001992,u1420,1,0,0,0,-1.0,-1.0,0
req003037,u1420,2,0,0,0,-1.0,-1.0,0
req002065,u1422,1,0,0,0,-1.0,-1.0,0
req006033,u1422,2,0,0,0,-1.0,-1.0,0
req001312,u1423,1,0,0,0,-1.0,-1.0,0
req007157,u1423,2,1,0,0,-1.0,-1.0,0
req009974,u1423,3,1,0,1,2817.0,2817.0,1
req003452,u1425,1,0,0,0,-1.0,-1.0,0
req007533,u1425,2,0,0,0,-1.0,-1.0,0
req009703,u1426,1,0,0,0,-1.0,-1.0,0
req000719,u1428,1,0,0,0,-1.0,-1.0,0
req004299,u1428,2,0,0,0,-1.0,-1.0,0
req009230,u1428,3,0,0,0,-1.0,-1.0,0
req003462,u1430,1,0,0,0,-1.0,-1.0,0
req005097,u1430,2,0,0,0,-1.0,-1.0,0
req002362,u1431,1,0,0,0,-1.0,-1.0,0
req005388,u1431,2,0,0,0,-1.0,-1.0,0
req007322,u1432,1,0,0,0,-1.0,-1.0,0
req009766,u1432,2,0,0,0,-1.0,-1.0,0
req000016,u1434,1,0,0,0,-1.0,-1.0,0
req004055,u1435,1,0,0,0,-1.0,-1.0,0
req004438,u1437,1,1,0,0,-1.0,-1.0,0
req006841,u1437,2,1,0,1,2403.0,2403.0,1
req003478,u1439,1,0,0,0,-1.0,-1.0,0
req000416,u1440,1,0,0,0,-1.0,-1.0,0
req002923,u1440,2,0,0,0,-1.0,-1.0,0
req004605,u1440,3,0,0,0,-1.0,-1.0,0
req007474,u1441,1,0,0,0,-1.0,-1.0,0
req008317,u1442,1,0,0,0,-1.0,-1.0,0
req000790,u1443,1,0,0,0,-1.0,-1.0,0
req007558,u1443,2,0,0,0,-1.0,-1.0,0
req003564,u1444,1,0,0,0,-1.0,-1.0,0
req001629,u1448,1,0,0,0,-1.0,-1.0,0
req002705,u1448,2,0,0,0,-1.0,-1.0,0
req006187,u1448,3,0,0,0,-1.0,-1.0,0
req004866,u1450,1,0,0,0,-1.0,-1.0,0
req006516,u1451,1,1,0,0,-1.0,-1.0,0
req008410,u1451,2,1,0,1,1894.0,1894.0,1
req002561,u1452,1,0,0,0,-1.0,-1.0,0
req005820,u1453,1,0,0,0,-1.0,-1.0,0
req000834,u1454,1,1,0,0,-1.0,-1.0,0
req003777,u1454,2,1,0,1,2943.0,2943.0,1
req005525,u1454,3,1,0,1,4691.0,4691.0,0
req004539,u1457,1,0,0,0,-1.0,-1.0,0
req005278,u1457,2,0,0,0,-1.0,-1.0,0
req000357,u1458,1,0,0,0,-1.0,-1.0,0
req000279,u1459,1,0,0,0,-1.0,-1.0,0
req002040,u1459,2,0,0,0,-1.0,-1.0,0
req004431,u1459,3,0,0,0,-1.0,-1.0,0
req002527,u1460,1,0,0,0,-1.0,-1.0,0
req003232,u1460,2,0,0,0,-1.0,-1.0,0
req005550,u1461,1,0,0,0,-1.0,-1.0,0
req006515,u1461,2,0,0,0,-1.0,-1.0,0
req001046,u1462,1,0,0,0,-1.0,-1.0,0
req002114,u1463,1,0,0,0,-1.0,-1.0,0
req005070,u1465,1,0,0,0,-1.0,-1.0,0
req000629,u1466,1,0,0,0,-1.0,-1.0,0
req001440,u1466,2,1,0,0,-1.0,-1.0,0
req006126,u1467,1,0,0,0,-1.0,-1.0,0
req000198,u1468,1,0,0,0,-1.0,-1.0,0
req002320,u1469,1,0,0,0,-1.0,-1.0,0
req002416,u1469,2,1,0,0,-1.0,-1.0,0
req004786,u1470,1,0,0,0,-1.0,-1.0,0
req002426,u1472,1,0,0,0,-1.0,-1.0,0
req005786,u1472,2,0,0,0,-1.0,-1.0,0
req008819,u1472,3,0,0,0,-1.0,-1.0,0
req009758,u1473,1,1,0,0,-1.0,-1.0,0
req003145,u1474,1,1,0,0,-1.0,-1.0,0
req005925,u1474,2,1,0,1,2780.0,2780.0,1
req008129,u1474,3,1,0,1,4984.0,4984.0,0
req009203,u1474,4,1,0,1,6058.0,6058.0,0
req006692,u1475,1,0,0,0,-1.0,-1.0,0
req009836,u1475,2,0,0,0,-1.0,-1.0,0
req000099,u1477,1,0,0,0,-1.0,-1.0,0
req000339,u1477,2,0,0,0,-1.0,-1.0,0
req007366,u1477,3,0,0,0,-1.0,-1.0,0
req009500,u1477,4,0,0,0,-1.0,-1.0,0
req004747,u1478,1,1,0,0,-1.0,-1.0,0
req005209,u1478,2,1,0,1,462.0,462.0,1
req008460,u1478,3,1,0,1,3713.0,3713.0,0
req001049,u1479,1,0,0,0,-1.0,-1.0,0
req003901,u1480,1,0,0,0,-1.0,-1.0,0
req007336,u1480,2,0,0,0,-1.0,-1.0,0
req004807,u1481,1,0,0,0,-1.0,-1.0,0
req006878,u1483,1,0,0,0,-1.0,-1.0,0
req009316,u1483,2,0,0,0,-1.0,-1.0,0
req008543,u1484,1,0,0,0,-1.0,-1.0,0
req001191,u1486,1,1,1,0,-1.0,-1.0,0
req001635,u1486,2,1,1,1,444.0,444.0,1
req002269,u1486,3,1,1,1,1078.0,1078.0,1
req009511,u1487,1,0,0,0,-1.0,-1.0,0
req009965,u1489,1,0,0,0,-1.0,-1.0,0
req000983,u1490,1,0,0,0,-1.0,-1.0,0
req002500,u1490,2,0,0,0,-1.0,-1.0,0
req000321,u1492,1,0,0,0,-1.0,-1.0,0
req007741,u1492,2,0,0,0,-1.0,-1.0,0
req000311,u1493,1,0,0,0,-1.0,-1.0,0
req000619,u1493,2,0,0,0,-1.0,-1.0,0
req006303,u1493,3,0,0,0,-1.0,-1.0,0
req008791,u1493,4,1,0,0,-1.0,-1.0,0
req007613,u1494,1,0,0,0,-1.0,-1.0,0
req007279,u1495,1,0,0,0,-1.0,-1.0,0
req005081,u1496,1,0,0,0,-1.0,-1.0,0
req008576,u1496,2,0,0,0,-1.0,-1.0,0
req007640,u1497,1,0,0,0,-1.0,-1.0,0
req007647,u1499,1,0,0,0,-1.0,-1.0,0
req007918,u1499,2,0,0,0,-1.0,-1.0,0
req002383,u1501,1,0,0,0,-1.0,-1.0,0
req004757,u1502,1,0,0,0,-1.0,-1.0,0
req009432,u1502,2,0,0,0,-1.0,-1.0,0
req009630,u1502,3,1,0,0,-1.0,-1.0,0
req005251,u1505,1,0,0,0,-1.0,-1.0,0
req004358,u1507,1,0,0,0,-1.0,-1.0,0
req003528,u1508,1,0,0,0,-1.0,-1.0,0
req004714,u1508,2,0,0,0,-1.0,-1.0,0
req002862,u1510,1,0,0,0,-1.0,-1.0,0
req004049,u1510,2,0,0,0,-1.0,-1.0,0
req007607,u1511,1,0,0,0,-1.0,-1.0,0
req009554,u1511,2,0,0,0,-1.0,-1.0,0
req000154,u1512,1,0,0,0,-1.0,-1.0,0
req000911,u1515,1,0,0,0,-1.0,-1.0,0
req003270,u1516,1,0,0,0,-1.0,-1.0,0
req000467,u1517,1,0,0,0,-1.0,-1.0,0
req000668,u1517,2,1,0,0,-1.0,-1.0,0
req005749,u1517,3,1,0,1,5081.0,5081.0,0
req009882,u1517,4,1,0,1,9214.0,9214.0,0
req000456,u1518,1,0,0,0,-1.0,-1.0,0
req003217,u1519,1,0,0,0,-1.0,-1.0,0
req001464,u1521,1,0,0,0,-1.0,-1.0,0
req007008,u1521,2,0,0,0,-1.0,-1.0,0
req002511,u1522,1,0,0,0,-1.0,-1.0,0
req009563,u1522,2,0,0,0,-1.0,-1.0,0
req001237,u1524,1,0,0,0,-1.0,-1.0,0
req004966,u1524,2,0,0,0,-1.0,-1.0,0
req008742,u1524,3,0,0,0,-1.0,-1.0,0
req001385,u1525,1,1,0,0,-1.0,-1.0,0
req004148,u1525,2,1,0,1,2763.0,2763.0,1
req004639,u1525,3,1,0,1,3254.0,3254.0,1
req000597,u1526,1,0,0,0,-1.0,-1.0,0
req003491,u1527,1,1,1,0,-1.0,-1.0,0
req009000,u1529,1,1,0,0,-1.0,-1.0,0
req005212,u1530,1,0,0,0,-1.0,-1.0,0
req007516,u1530,2,0,0,0,-1.0,-1.0,0
req003726,u1532,1,0,0,0,-1.0,-1.0,0
req005869,u1532,2,0,0,0,-1.0,-1.0,0
req008086,u1532,3,0,0,0,-1.0,-1.0,0
req008175,u1533,1,0,0,0,-1.0,-1.0,0
req004375,u1534,1,0,0,0,-1.0,-1.0,0
req001349,u1535,1,0,0,0,-1.0,-1.0,0
req004577,u1539,1,0,0,0,-1.0,-1.0,0
req004773,u1539,2,0,0,0,-1.0,-1.0,0
req003348,u1540,1,0,0,0,-1.0,-1.0,0
req006448,u1541,1,0,0,0,-1.0,-1.0,0
req004309,u1543,1,0,0,0,-1.0,-1.0,0
req005846,u1543,2,0,0,0,-1.0,-1.0,0
req009039,u1543,3,0,0,0,-1.0,-1.0,0
req002255,u1544,1,1,1,0,-1.0,-1.0,0
req004277,u1544,2,2,1,1,2022.0,2022.0,1
req000172,u1545,1,0,0,0,-1.0,-1.0,0
req008681,u1545,2,1,0,0,-1.0,-1.0,0
req005946,u1548,1,1,1,0,-1.0,-1.0,0
req005338,u1549,1,0,0,0,-1.0,-1.0,0
req006391,u1549,2,0,0,0,-1.0,-1.0,0
req004302,u1550,1,0,0,0,-1.0,-1.0,0
req003345,u1552,1,0,0,0,-1.0,-1.0,0
req005789,u1552,2,0,0,0,-1.0,-1.0,0
req009471,u1552,3,0,0,0,-1.0,-1.0,0
req007707,u1554,1,0,0,0,-1.0,-1.0,0
req002216,u1555,1,0,0,0,-1.0,-1.0,0
req007959,u1557,1,0,0,0,-1.0,-1.0,0
req006662,u1558,1,1,0,0,-1.0,-1.0,0
req002937,u1560,1,0,0,0,-1.0,-1.0,0
req006224,u1560,2,0,0,0,-1.0,-1.0,0
req005329,u1561,1,0,0,0,-1.0,-1.0,0
req006617,u1563,1,0,0,0,-1.0,-1.0,0
req009526,u1563,2,0,0,0,-1.0,-1.0,0
req003225,u1564,1,0,0,0,-1.0,-1.0,0
req003542,u1564,2,0,0,0,-1.0,-1.0,0
req004958,u1564,3,1,0,0,-1.0,-1.0,0
req006654,u1566,1,0,0,0,-1.0,-1.0,0
req001789,u1569,1,0,0,0,-1.0,-1.0,0
req006993,u1569,2,0,0,0,-1.0,-1.0,0
req006636,u1570,1,1,0,0,-1.0,-1.0,0
req000836,u1572,1,0,0,0,-1.0,-1.0,0
req004112,u1572,2,0,0,0,-1.0,-1.0,0
req009806,u1573,1,0,0,0,-1.0,-1.0,0
req001175,u1574,1,0,0,0,-1.0,-1.0,0
req003318,u1574,2,0,0,0,-1.0,-1.0,0
req003011,u1575,1,0,0,0,-1.0,-1.0,0
req008096,u1576,1,0,0,0,-1.0,-1.0,0
req008975,u1579,1,0,0,0,-1.0,-1.0,0
req000810,u1581,1,0,0,0,-1.0,-1.0,0
req001493,u1581,2,1,0,0,-1.0,-1.0,0
req005371,u1581,3,1,0,1,3878.0,3878.0,0
req001729,u1583,1,0,0,0,-1.0,-1.0,0
req002706,u1583,2,0,0,0,-1.0,-1.0,0
req004902,u1583,3,1,0,0,-1.0,-1.0,0
req000757,u1586,1,0,0,0,-1.0,-1.0,0
req005136,u1586,2,0,0,0,-1.0,-1.0,0
req009229,u1586,3,0,0,0,-1.0,-1.0,0
req005980,u1588,1,0,0,0,-1.0,-1.0,0
req008958,u1588,2,1,1,0,-1.0,-1.0,0
req006114,u1590,1,1,0,0,-1.0,-1.0,0
req008230,u1590,2,1,0,1,2116.0,2116.0,1
req004054,u1591,1,0,0,0,-1.0,-1.0,0
req001027,u1593,1,0,0,0,-1.0,-1.0,0
req001577,u1593,2,0,0,0,-1.0,-1.0,0
req005222,u1593,3,0,0,0,-1.0,-1.0,0
req001167,u1594,1,1,0,0,-1.0,-1.0,0
req005033,u1594,2,1,0,1,3866.0,3866.0,0
req007068,u1594,3,1,0,1,5901.0,5901.0,0
req003843,u1596,1,0,0,0,-1.0,-1.0,0
req005898,u1596,2,0,0,0,-1.0,-1.0,0
req001967,u1598,1,0,0,0,-1.0,-1.0,0
req003910,u1599,1,0,0,0,-1.0,-1.0,0
req006460,u1599,2,0,0,0,-1.0,-1.0,0
req002619,u1600,1,0,0,0,-1.0,-1.0,0
req007106,u1601,1,0,0,0,-1.0,-1.0,0
req005734,u1602,1,0,0,0,-1.0,-1.0,0
req009287,u1603,1,0,0,0,-1.0,-1.0,0
req006052,u1604,1,0,0,0,-1.0,-1.0,0
req001058,u1605,1,0,0,0,-1.0,-1.0,0
req008595,u1605,2,0,0,0,-1.0,-1.0,0
req009361,u1605,3,0,0,0,-1.0,-1.0,0
req003125,u1606,1,0,0,0,-1.0,-1.0,0
req006329,u1607,1,0,0,0,-1.0,-1.0,0
req004591,u1609,1,0,0,0,-1.0,-1.0,0
req007198,u1609,2,1,0,0,-1.0,-1.0,0
req006396,u1610,1,0,0,0,-1.0,-1.0,0
req006962,u1610,2,0,0,0,-1.0,-1.0,0
req009749,u1611,1,0,0,0,-1.0,-1.0,0
req005536,u1612,1,0,0,0,-1.0,-1.0,0
req007863,u1613,1,0,0,0,-1.0,-1.0,0
req008112,u1613,2,0,0,0,-1.0,-1.0,0
req001361,u1614,1,0,0,0,-1.0,-1.0,0
req009731,u1617,1,0,0,0,-1.0,-1.0,0
req007548,u1618,1,0,0,0,-1.0,-1.0,0
req001519,u1621,1,0,0,0,-1.0,-1.0,0
req000182,u1623,1,0,0,0,-1.0,-1.0,0
req002728,u1623,2,0,0,0,-1.0,-1.0,0
req003039,u1623,3,0,0,0,-1.0,-1.0,0
req005859,u1623,4,0,0,0,-1.0,-1.0,0
req008568,u1624,1,0,0,0,-1.0,-1.0,0
req004690,u1625,1,1,0,0,-1.0,-1.0,0
req007204,u1625,2,2,0,1,2514.0,2514.0,1
req008480,u1628,1,0,0,0,-1.0,-1.0,0
req002808,u1629,1,0,0,0,-1.0,-1.0,0
req004531,u1630,1,0,0,0,-1.0,-1.0,0
req008426,u1633,1,0,0,0,-1.0,-1.0,0
req008808,u1633,2,0,0,0,-1.0,-1.0,0
req007298,u1635,1,1,0,0,-1.0,-1.0,0
req000893,u1637,1,0,0,0,-1.0,-1.0,0
req007743,u1638,1,0,0,0,-1.0,-1.0,0
req009048,u1638,2,0,0,0,-1.0,-1.0,0
req009383,u1638,3,0,0,0,-1.0,-1.0,0
req004637,u1639,1,0,0,0,-1.0,-1.0,0
req004835,u1639,2,0,0,0,-1.0,-1.0,0
req000713,u1640,1,0,0,0,-1.0,-1.0,0
req006440,u1641,1,0,0,0,-1.0,-1.0,0
req008385,u1641,2,0,0,0,-1.0,-1.0,0
req004288,u1642,1,0,0,0,-1.0,-1.0,0
req002313,u1643,1,1,1,0,-1.0,-1.0,0
req000577,u1644,1,1,1,0,-1.0,-1.0,0
req001514,u1644,2,2,1,1,937.0,937.0,1
req004156,u1644,3,2,1,2,3110.5,2642.0,2
req009651,u1645,1,0,0,0,-1.0,-1.0,0
req006083,u1646,1,0,0,0,-1.0,-1.0,0
req008408,u1646,2,0,0,0,-1.0,-1.0,0
req001527,u1647,1,0,0,0,-1.0,-1.0,0
req004338,u1647,2,0,0,0,-1.0,-1.0,0
req003057,u1648,1,1,1,0,-1.0,-1.0,0
req006987,u1648,2,2,1,1,3930.0,3930.0,0
req002212,u1649,1,0,0,0,-1.0,-1.0,0
req008572,u1649,2,0,0,0,-1.0,-1.0,0
req002478,u1650,1,0,0,0,-1.0,-1.0,0
req006539,u1650,2,0,0,0,-1.0,-1.0,0
req008659,u1650,3,0,0,0,-1.0,-1.0,0
req006384,u1651,1,0,0,0,-1.0,-1.0,0
req006565,u1651,2,0,0,0,-1.0,-1.0,0
req002430,u1652,1,0,0,0,-1.0,-1.0,0
req006259,u1654,1,0,0,0,-1.0,-1.0,0
req008035,u1655,1,0,0,0,-1.0,-1.0,0
req004246,u1656,1,0,0,0,-1.0,-1.0,0
req003832,u1657,1,0,0,0,-1.0,-1.0,0
req004472,u1657,2,0,0,0,-1.0,-1.0,0
req009521,u1657,3,0,0,0,-1.0,-1.0,0
req002087,u1659,1,0,0,0,-1.0,-1.0,0
req001051,u1662,1,1,0,0,-1.0,-1.0,0
req007411,u1662,2,1,0,1,6360.0,6360.0,0
req005234,u1663,1,0,0,0,-1.0,-1.0,0
req001869,u1664,1,0,0,0,-1.0,-1.0,0
req002935,u1664,2,0,0,0,-1.0,-1.0,0
req003095,u1664,3,0,0,0,-1.0,-1.0,0
req000369,u1666,1,1,0,0,-1.0,-1.0,0
req002272,u1666,2,1,0,1,1903.0,1903.0,1
req004849,u1666,3,1,0,1,4480.0,4480.0,0
req002452,u1667,1,0,0,0,-1.0,-1.0,0
req003191,u1667,2,0,0,0,-1.0,-1.0,0
req007230,u1667,3,0,0,0,-1.0,-1.0,0
req000553,u1668,1,0,0,0,-1.0,-1.0,0
req005993,u1668,2,0,0,0,-1.0,-1.0,0
req004492,u1669,1,0,0,0,-1.0,-1.0,0
req009891,u1669,2,0,0,0,-1.0,-1.0,0
req005416,u1672,1,0,0,0,-1.0,-1.0,0
req003983,u1679,1,0,0,0,-1.0,-1.0,0
req005627,u1679,2,0,0,0,-1.0,-1.0,0
req001388,u1680,1,0,0,0,-1.0,-1.0,0
req003257,u1680,2,0,0,0,-1.0,-1.0,0
req007310,u1681,1,0,0,0,-1.0,-1.0,0
req006204,u1683,1,0,0,0,-1.0,-1.0,0
req006192,u1686,1,0,0,0,-1.0,-1.0,0
req009553,u1687,1,0,0,0,-1.0,-1.0,0
req003285,u1690,1,0,0,0,-1.0,-1.0,0
req000126,u1691,1,0,0,0,-1.0,-1.0,0
req002317,u1692,1,0,0,0,-1.0,-1.0,0
req009326,u1693,1,0,0,0,-1.0,-1.0,0
req003810,u1695,1,0,0,0,-1.0,-1.0,0
req005696,u1695,2,0,0,0,-1.0,-1.0,0
req004836,u1697,1,1,0,0,-1.0,-1.0,0
req003848,u1698,1,0,0,0,-1.0,-1.0,0
req005052,u1701,1,0,0,0,-1.0,-1.0,0
req009940,u1702,1,0,0,0,-1.0,-1.0,0
req002105,u1703,1,0,0,0,-1.0,-1.0,0
req005623,u1705,1,0,0,0,-1.0,-1.0,0
req001119,u1708,1,0,0,0,-1.0,-1.0,0
req001767,u1709,1,0,0,0,-1.0,-1.0,0
req008080,u1709,2,1,1,0,-1.0,-1.0,0
req000076,u1710,1,0,0,0,-1.0,-1.0,0
req004647,u1710,2,0,0,0,-1.0,-1.0,0
req005874,u1710,3,1,0,0,-1.0,-1.0,0
req005774,u1711,1,0,0,0,-1.0,-1.0,0
req001677,u1712,1,0,0,0,-1.0,-1.0,0
req004688,u1712,2,0,0,0,-1.0,-1.0,0
req003690,u1714,1,0,0,0,-1.0,-1.0,0
req004526,u1715,1,0,0,0,-1.0,-1.0,0
req004673,u1715,2,0,0,0,-1.0,-1.0,0
req003850,u1716,1,0,0,0,-1.0,-1.0,0
req002324,u1718,1,0,0,0,-1.0,-1.0,0
req005164,u1719,1,0,0,0,-1.0,-1.0,0
req000479,u1720,1,0,0,0,-1.0,-1.0,0
req004009,u1720,2,0,0,0,-1.0,-1.0,0
req002019,u1725,1,0,0,0,-1.0,-1.0,0
req004660,u1726,1,0,0,0,-1.0,-1.0,0
req005561,u1726,2,1,0,0,-1.0,-1.0,0
req000007,u1727,1,0,0,0,-1.0,-1.0,0
req002802,u1730,1,0,0,0,-1.0,-1.0,0
req002402,u1733,1,0,0,0,-1.0,-1.0,0
req000758,u1734,1,0,0,0,-1.0,-1.0,0
req007212,u1734,2,0,0,0,-1.0,-1.0,0
req000546,u1735,1,0,0,0,-1.0,-1.0,0
req000603,u1738,1,0,0,0,-1.0,-1.0,0
req001695,u1738,2,0,0,0,-1.0,-1.0,0
req000891,u1739,1,0,0,0,-1.0,-1.0,0
req001962,u1739,2,0,0,0,-1.0,-1.0,0
req009905,u1740,1,0,0,0,-1.0,-1.0,0
req003968,u1741,1,0,0,0,-1.0,-1.0,0
req005769,u1742,1,0,0,0,-1.0,-1.0,0
req008109,u1742,2,0,0,0,-1.0,-1.0,0
req008581,u1743,1,0,0,0,-1.0,-1.0,0
req002622,u1744,1,0,0,0,-1.0,-1.0,0
req003889,u1748,1,0,0,0,-1.0,-1.0,0
req008027,u1748,2,0,0,0,-1.0,-1.0,0
req003510,u1749,1,0,0,0,-1.0,-1.0,0
req006399,u1749,2,0,0,0,-1.0,-1.0,0
req005343,u1751,1,1,0,0,-1.0,-1.0,0
req009655,u1751,2,1,0,1,4312.0,4312.0,0
req001226,u1753,1,0,0,0,-1.0,-1.0,0
req003918,u1753,2,0,0,0,-1.0,-1.0,0
req007876,u1755,1,0,0,0,-1.0,-1.0,0
req001254,u1757,1,0,0,0,-1.0,-1.0,0
req004509,u1757,2,0,0,0,-1.0,-1.0,0
req008496,u1761,1,0,0,0,-1.0,-1.0,0
req002990,u1762,1,0,0,0,-1.0,-1.0,0
req005080,u1762,2,0,0,0,-1.0,-1.0,0
req008898,u1762,3,0,0,0,-1.0,-1.0,0
req004628,u1764,1,0,0,0,-1.0,-1.0,0
req006771,u1764,2,0,0,0,-1.0,-1.0,0
req000992,u1765,1,0,0,0,-1.0,-1.0,0
req006635,u1768,1,0,0,0,-1.0,-1.0,0
req006994,u1768,2,0,0,0,-1.0,-1.0,0
req000594,u1769,1,0,0,0,-1.0,-1.0,0
req002398,u1769,2,0,0,0,-1.0,-1.0,0
req002190,u1770,1,1,0,0,-1.0,-1.0,0
req002742,u1770,2,1,0,1,552.0,552.0,1
req003222,u1771,1,0,0,0,-1.0,-1.0,0
req004294,u1771,2,0,0,0,-1.0,-1.0,0
req001171,u1774,1,0,0,0,-1.0,-1.0,0
req005126,u1774,2,1,0,0,-1.0,-1.0,0
req004527,u1777,1,0,0,0,-1.0,-1.0,0
req008951,u1777,2,0,0,0,-1.0,-1.0,0
req002708,u1780,1,0,0,0,-1.0,-1.0,0
req001484,u1781,1,1,0,0,-1.0,-1.0,0
req005224,u1781,2,1,0,1,3740.0,3740.0,0
req008258,u1781,3,1,0,1,6774.0,6774.0,0
req009122,u1782,1,0,0,0,-1.0,-1.0,0
req003762,u1783,1,0,0,0,-1.0,-1.0,0
req004493,u1783,2,0,0,0,-1.0,-1.0,0
req008878,u1785,1,0,0,0,-1.0,-1.0,0
req002740,u1786,1,0,0,0,-1.0,-1.0,0
req003549,u1786,2,0,0,0,-1.0,-1.0,0
req001864,u1792,1,0,0,0,-1.0,-1.0,0
req006854,u1795,1,1,0,0,-1.0,-1.0,0
req007442,u1795,2,1,0,1,588.0,588.0,1
req001215,u1796,1,0,0,0,-1.0,-1.0,0
req003190,u1796,2,0,0,0,-1.0,-1.0,0
req003446,u1796,3,0,0,0,-1.0,-1.0,0
req007075,u1796,4,0,0,0,-1.0,-1.0,0
req004535,u1798,1,0,0,0,-1.0,-1.0,0
req006464,u1798,2,0,0,0,-1.0,-1.0,0
req000986,u1800,1,0,0,0,-1.0,-1.0,0
req002796,u1800,2,1,0,0,-1.0,-1.0,0
req009869,u1800,3,1,0,1,7073.0,7073.0,0
req004529,u1802,1,1,0,0,-1.0,-1.0,0
req001117,u1805,1,0,0,0,-1.0,-1.0,0
req005899,u1805,2,0,0,0,-1.0,-1.0,0
req006028,u1806,1,0,0,0,-1.0,-1.0,0
req005034,u1810,1,0,0,0,-1.0,-1.0,0
req007721,u1810,2,0,0,0,-1.0,-1.0,0
req002414,u1811,1,0,0,0,-1.0,-1.0,0
req002918,u1811,2,0,0,0,-1.0,-1.0,0
req009441,u1811,3,0,0,0,-1.0,-1.0,0
req003842,u1813,1,0,0,0,-1.0,-1.0,0
req000292,u1814,1,0,0,0,-1.0,-1.0,0
req006708,u1817,1,0,0,0,-1.0,-1.0,0
req006850,u1817,2,0,0,0,-1.0,-1.0,0
req001763,u1818,1,0,0,0,-1.0,-1.0,0
req005988,u1819,1,0,0,0,-1.0,-1.0,0
req002264,u1820,1,0,0,0,-1.0,-1.0,0
req007784,u1821,1,0,0,0,-1.0,-1.0,0
req004984,u1822,1,0,0,0,-1.0,-1.0,0
req007313,u1822,2,0,0,0,-1.0,-1.0,0
req009772,u1822,3,0,0,0,-1.0,-1.0,0
req005674,u1824,1,0,0,0,-1.0,-1.0,0
req009751,u1824,2,0,0,0,-1.0,-1.0,0
req000296,u1825,1,0,0,0,-1.0,-1.0,0
req001761,u1825,2,0,0,0,-1.0,-1.0,0
req002605,u1826,1,0,0,0,-1.0,-1.0,0
req004310,u1826,2,0,0,0,-1.0,-1.0,0
req005675,u1826,3,0,0,0,-1.0,-1.0,0
req007426,u1826,4,0,0,0,-1.0,-1.0,0
req008206,u1827,1,1,0,0,-1.0,-1.0,0
req006524,u1830,1,0,0,0,-1.0,-1.0,0
req006933,u1831,1,0,0,0,-1.0,-1.0,0
req004560,u1832,1,0,0,0,-1.0,-1.0,0
req006518,u1832,2,0,0,0,-1.0,-1.0,0
req008861,u1832,3,0,0,0,-1.0,-1.0,0
req000229,u1834,1,0,0,0,-1.0,-1.0,0
req002744,u1836,1,0,0,0,-1.0,-1.0,0
req009868,u1836,2,0,0,0,-1.0,-1.0,0
req002999,u1837,1,0,0,0,-1.0,-1.0,0
req000203,u1838,1,0,0,0,-1.0,-1.0,0
req003224,u1839,1,0,0,0,-1.0,-1.0,0
req003868,u1839,2,0,0,0,-1.0,-1.0,0
req009508,u1839,3,0,0,0,-1.0,-1.0,0
req001650,u1841,1,0,0,0,-1.0,-1.0,0
req004767,u1842,1,0,0,0,-1.0,-1.0,0
req006365,u1842,2,1,0,0,-1.0,-1.0,0
req008193,u1842,3,1,0,1,1828.0,1828.0,1
req001031,u1843,1,0,0,0,-1.0,-1.0,0
req006694,u1843,2,0,0,0,-1.0,-1.0,0
req008682,u1843,3,0,0,0,-1.0,-1.0,0
req005015,u1844,1,0,0,0,-1.0,-1.0,0
req000424,u1846,1,0,0,0,-1.0,-1.0,0
req007033,u1846,2,0,0,0,-1.0,-1.0,0
req001777,u1848,1,0,0,0,-1.0,-1.0,0
req003447,u1848,2,0,0,0,-1.0,-1.0,0
req003523,u1848,3,0,0,0,-1.0,-1.0,0
req004235,u1848,4,1,0,0,-1.0,-1.0,0
req005802,u1848,5,1,0,1,1567.0,1567.0,1
req001621,u1849,1,0,0,0,-1.0,-1.0,0
req005732,u1849,2,0,0,0,-1.0,-1.0,0
req007150,u1849,3,0,0,0,-1.0,-1.0,0
req002671,u1850,1,0,0,0,-1.0,-1.0,0
req003111,u1851,1,0,0,0,-1.0,-1.0,0
req009306,u1851,2,1,0,0,-1.0,-1.0,0
req006915,u1852,1,0,0,0,-1.0,-1.0,0
req005572,u1853,1,0,0,0,-1.0,-1.0,0
req000727,u1854,1,0,0,0,-1.0,-1.0,0
req004937,u1854,2,0,0,0,-1.0,-1.0,0
req009413,u1854,3,0,0,0,-1.0,-1.0,0
req002851,u1855,1,0,0,0,-1.0,-1.0,0
req007000,u1855,2,0,0,0,-1.0,-1.0,0
req007251,u1855,3,1,1,0,-1.0,-1.0,0
req008400,u1855,4,1,1,1,1149.0,1149.0,1
req005736,u1856,1,0,0,0,-1.0,-1.0,0
req007197,u1857,1,0,0,0,-1.0,-1.0,0
req001585,u1858,1,0,0,0,-1.0,-1.0,0
req006648,u1858,2,1,0,0,-1.0,-1.0,0
req009374,u1859,1,0,0,0,-1.0,-1.0,0
req009574,u1861,1,1,0,0,-1.0,-1.0,0
req005989,u1865,1,0,0,0,-1.0,-1.0,0
req009437,u1866,1,0,0,0,-1.0,-1.0,0
req000352,u1868,1,0,0,0,-1.0,-1.0,0
req007685,u1868,2,0,0,0,-1.0,-1.0,0
req009978,u1868,3,0,0,0,-1.0,-1.0,0
req006332,u1869,1,0,0,0,-1.0,-1.0,0
req000701,u1870,1,0,0,0,-1.0,-1.0,0
req006423,u1870,2,0,0,0,-1.0,-1.0,0
req001956,u1871,1,0,0,0,-1.0,-1.0,0
req005964,u1875,1,0,0,0,-1.0,-1.0,0
req007453,u1875,2,0,0,0,-1.0,-1.0,0
req009054,u1875,3,0,0,0,-1.0,-1.0,0
req009197,u1875,4,0,0,0,-1.0,-1.0,0
req002150,u1876,1,0,0,0,-1.0,-1.0,0
req007691,u1877,1,0,0,0,-1.0,-1.0,0
req008101,u1878,1,1,0,0,-1.0,-1.0,0
req001187,u1879,1,0,0,0,-1.0,-1.0,0
req000315,u1881,1,0,0,0,-1.0,-1.0,0
req007947,u1881,2,0,0,0,-1.0,-1.0,0
req002737,u1882,1,0,0,0,-1.0,-1.0,0
req004569,u1882,2,0,0,0,-1.0,-1.0,0
req000238,u1883,1,0,0,0,-1.0,-1.0,0
req009114,u1884,1,0,0,0,-1.0,-1.0,0
req001077,u1885,1,0,0,0,-1.0,-1.0,0
req002820,u1885,2,0,0,0,-1.0,-1.0,0
req006670,u1885,3,0,0,0,-1.0,-1.0,0
req000970,u1886,1,1,0,0,-1.0,-1.0,0
req005417,u1890,1,1,0,0,-1.0,-1.0,0
req005617,u1891,1,1,0,0,-1.0,-1.0,0
req002361,u1892,1,0,0,0,-1.0,-1.0,0
req003157,u1893,1,0,0,0,-1.0,-1.0,0
req009969,u1894,1,0,0,0,-1.0,-1.0,0
req006286,u1895,1,0,0,0,-1.0,-1.0,0
req001535,u1896,1,0,0,0,-1.0,-1.0,0
req005938,u1896,2,0,0,0,-1.0,-1.0,0
req000337,u1897,1,0,0,0,-1.0,-1.0,0
req000700,u1900,1,0,0,0,-1.0,-1.0,0
req002116,u1900,2,1,0,0,-1.0,-1.0,0
req003259,u1900,3,1,0,1,1143.0,1143.0,1
req009233,u1900,4,1,0,1,7117.0,7117.0,0
req000476,u1901,1,0,0,0,-1.0,-1.0,0
req004136,u1901,2,0,0,0,-1.0,-1.0,0
req006759,u1901,3,0,0,0,-1.0,-1.0,0
req002809,u1902,1,0,0,0,-1.0,-1.0,0
req008322,u1903,1,1,0,0,-1.0,-1.0,0
req003539,u1904,1,1,0,0,-1.0,-1.0,0
req004202,u1904,2,1,0,1,663.0,663.0,1
req006316,u1905,1,0,0,0,-1.0,-1.0,0
req003613,u1906,1,0,0,0,-1.0,-1.0,0
req003969,u1906,2,0,0,0,-1.0,-1.0,0
req006712,u1906,3,0,0,0,-1.0,-1.0,0
req008440,u1906,4,0,0,0,-1.0,-1.0,0
req001976,u1907,1,1,0,0,-1.0,-1.0,0
req007128,u1907,2,1,0,1,5152.0,5152.0,0
req005279,u1910,1,0,0,0,-1.0,-1.0,0
req009089,u1910,2,0,0,0,-1.0,-1.0,0
req002267,u1911,1,0,0,0,-1.0,-1.0,0
req005607,u1911,2,0,0,0,-1.0,-1.0,0
req008862,u1911,3,0,0,0,-1.0,-1.0,0
req001919,u1912,1,0,0,0,-1.0,-1.0,0
req007570,u1913,1,0,0,0,-1.0,-1.0,0
req001954,u1914,1,0,0,0,-1.0,-1.0,0
req002017,u1915,1,0,0,0,-1.0,-1.0,0
req004948,u1915,2,1,0,0,-1.0,-1.0,0
req004976,u1915,3,1,0,1,28.0,28.0,1
req009507,u1915,4,1,0,1,4559.0,4559.0,0
req003301,u1916,1,0,0,0,-1.0,-1.0,0
req004611,u1917,1,0,0,0,-1.0,-1.0,0
req003496,u1918,1,0,0,0,-1.0,-1.0,0
req009951,u1918,2,0,0,0,-1.0,-1.0,0
req004635,u1919,1,0,0,0,-1.0,-1.0,0
req005231,u1919,2,0,0,0,-1.0,-1.0,0
req006529,u1919,3,0,0,0,-1.0,-1.0,0
req008982,u1919,4,0,0,0,-1.0,-1.0,0
req008073,u1922,1,0,0,0,-1.0,-1.0,0
req007027,u1923,1,0,0,0,-1.0,-1.0,0
req003640,u1925,1,0,0,0,-1.0,-1.0,0
req005962,u1927,1,0,0,0,-1.0,-1.0,0
req005101,u1928,1,0,0,0,-1.0,-1.0,0
req005373,u1928,2,0,0,0,-1.0,-1.0,0
req008678,u1928,3,0,0,0,-1.0,-1.0,0
req006141,u1929,1,0,0,0,-1.0,-1.0,0
req005860,u1930,1,0,0,0,-1.0,-1.0,0
req000861,u1932,1,1,0,0,-1.0,-1.0,0
req006374,u1932,2,1,0,1,5513.0,5513.0,0
req009584,u1933,1,0,0,0,-1.0,-1.0,0
req002784,u1934,1,0,0,0,-1.0,-1.0,0
req007915,u1934,2,0,0,0,-1.0,-1.0,0
req008058,u1935,1,0,0,0,-1.0,-1.0,0
req006184,u1937,1,0,0,0,-1.0,-1.0,0
req008401,u1937,2,1,0,0,-1.0,-1.0,0
req006333,u1938,1,0,0,0,-1.0,-1.0,0
req007814,u1939,1,0,0,0,-1.0,-1.0,0
req008941,u1939,2,0,0,0,-1.0,-1.0,0
req002095,u1942,1,1,0,0,-1.0,-1.0,0
req003440,u1942,2,1,0,1,1345.0,1345.0,1
req007540,u1943,1,0,0,0,-1.0,-1.0,0
req005104,u1948,1,1,0,0,-1.0,-1.0,0
req007641,u1948,2,1,0,1,2537.0,2537.0,1
req000269,u1949,1,0,0,0,-1.0,-1.0,0
req009291,u1949,2,0,0,0,-1.0,-1.0,0
req001096,u1953,1,0,0,0,-1.0,-1.0,0
req003058,u1953,2,0,0,0,-1.0,-1.0,0
req002555,u1954,1,0,0,0,-1.0,-1.0,0
req003342,u1955,1,0,0,0,-1.0,-1.0,0
req003625,u1955,2,0,0,0,-1.0,-1.0,0
req000449,u1956,1,0,0,0,-1.0,-1.0,0
req008666,u1956,2,0,0,0,-1.0,-1.0,0
req003423,u1957,1,0,0,0,-1.0,-1.0,0
req003439,u1957,2,0,0,0,-1.0,-1.0,0
req005579,u1959,1,0,0,0,-1.0,-1.0,0
req001112,u1960,1,0,0,0,-1.0,-1.0,0
req009571,u1960,2,1,0,0,-1.0,-1.0,0
req000647,u1962,1,0,0,0,-1.0,-1.0,0
req003589,u1963,1,0,0,0,-1.0,-1.0,0
req006005,u1964,1,0,0,0,-1.0,-1.0,0
req007172,u1966,1,0,0,0,-1.0,-1.0,0
req008831,u1966,2,0,0,0,-1.0,-1.0,0
req006642,u1967,1,0,0,0,-1.0,-1.0,0
req007637,u1969,1,0,0,0,-1.0,-1.0,0
req009212,u1970,1,0,0,0,-1.0,-1.0,0
req004604,u1974,1,0,0,0,-1.0,-1.0,0
req001502,u1975,1,0,0,0,-1.0,-1.0,0
req003245,u1976,1,0,0,0,-1.0,-1.0,0
req000354,u1981,1,0,0,0,-1.0,-1.0,0
req005038,u1981,2,0,0,0,-1.0,-1.0,0
req007208,u1981,3,0,0,0,-1.0,-1.0,0
req002213,u1982,1,0,0,0,-1.0,-1.0,0
req003252,u1982,2,0,0,0,-1.0,-1.0,0
req009227,u1982,3,0,0,0,-1.0,-1.0,0
req006816,u1983,1,0,0,0,-1.0,-1.0,0
req008245,u1984,1,0,0,0,-1.0,-1.0,0
req000784,u1985,1,0,0,0,-1.0,-1.0,0
req001455,u1985,2,0,0,0,-1.0,-1.0,0
req002677,u1985,3,0,0,0,-1.0,-1.0,0
req002991,u1985,4,0,0,0,-1.0,-1.0,0
req009221,u1985,5,0,0,0,-1.0,-1.0,0
req009669,u1985,6,0,0,0,-1.0,-1.0,0
req003215,u1986,1,0,0,0,-1.0,-1.0,0
req006206,u1989,1,0,0,0,-1.0,-1.0,0
req006949,u1989,2,1,0,0,-1.0,-1.0,0
req007391,u1990,1,0,0,0,-1.0,-1.0,0
req009045,u1990,2,0,0,0,-1.0,-1.0,0
req003046,u1994,1,0,0,0,-1.0,-1.0,0
req001689,u1995,1,0,0,0,-1.0,-1.0,0
req001706,u1995,2,0,0,0,-1.0,-1.0,0
req002632,u1995,3,0,0,0,-1.0,-1.0,0
req003378,u1995,4,0,0,0,-1.0,-1.0,0
req006980,u1995,5,0,0,0,-1.0,-1.0,0
req004941,u1996,1,0,0,0,-1.0,-1.0,0
req006596,u1996,2,0,0,0,-1.0,-1.0,0
req003661,u1999,1,1,0,0,-1.0,-1.0,0
req006036,u1999,2,1,0,1,2375.0,2375.0,1
req007508,u1999,3,1,0,1,3847.0,3847.0,0
req005927,u2001,1,0,0,0,-1.0,-1.0,0
req007644,u2001,2,0,0,0,-1.0,-1.0,0
req008242,u2001,3,0,0,0,-1.0,-1.0,0
req003203,u2002,1,0,0,0,-1.0,-1.0,0
req003931,u2003,1,0,0,0,-1.0,-1.0,0
req009750,u2004,1,0,0,0,-1.0,-1.0,0
req003633,u2006,1,0,0,0,-1.0,-1.0,0
req000348,u2008,1,0,0,0,-1.0,-1.0,0
req005163,u2009,1,0,0,0,-1.0,-1.0,0
req001557,u2011,1,0,0,0,-1.0,-1.0,0
req005232,u2011,2,0,0,0,-1.0,-1.0,0
req005664,u2011,3,0,0,0,-1.0,-1.0,0
req009105,u2011,4,0,0,0,-1.0,-1.0,0
req002455,u2012,1,0,0,0,-1.0,-1.0,0
req004518,u2012,2,0,0,0,-1.0,-1.0,0
req006493,u2013,1,0,0,0,-1.0,-1.0,0
req008670,u2014,1,0,0,0,-1.0,-1.0,0
req000446,u2015,1,1,0,0,-1.0,-1.0,0
req009987,u2015,2,1,0,1,9541.0,9541.0,0
req000736,u2016,1,0,0,0,-1.0,-1.0,0
req000754,u2016,2,0,0,0,-1.0,-1.0,0
req004755,u2016,3,0,0,0,-1.0,-1.0,0
req003370,u2017,1,0,0,0,-1.0,-1.0,0
req006205,u2017,2,0,0,0,-1.0,-1.0,0
req007132,u2017,3,0,0,0,-1.0,-1.0,0
req008000,u2017,4,0,0,0,-1.0,-1.0,0
req002172,u2018,1,0,0,0,-1.0,-1.0,0
req003730,u2018,2,0,0,0,-1.0,-1.0,0
req004550,u2021,1,0,0,0,-1.0,-1.0,0
req008398,u2021,2,0,0,0,-1.0,-1.0,0
req000702,u2022,1,1,0,0,-1.0,-1.0,0
req006272,u2022,2,1,0,1,5570.0,5570.0,0
req006053,u2023,1,0,0,0,-1.0,-1.0,0
req002493,u2024,1,0,0,0,-1.0,-1.0,0
req007105,u2024,2,0,0,0,-1.0,-1.0,0
req002765,u2025,1,0,0,0,-1.0,-1.0,0
req009831,u2025,2,0,0,0,-1.0,-1.0,0
req004580,u2028,1,0,0,0,-1.0,-1.0,0
req005177,u2028,2,0,0,0,-1.0,-1.0,0
req005916,u2031,1,0,0,0,-1.0,-1.0,0
req008135,u2032,1,0,0,0,-1.0,-1.0,0
req006245,u2034,1,0,0,0,-1.0,-1.0,0
req000993,u2035,1,0,0,0,-1.0,-1.0,0
req003237,u2035,2,0,0,0,-1.0,-1.0,0
req002815,u2036,1,0,0,0,-1.0,-1.0,0
req007356,u2036,2,0,0,0,-1.0,-1.0,0
req006413,u2037,1,1,0,0,-1.0,-1.0,0
req000162,u2038,1,0,0,0,-1.0,-1.0,0
req000879,u2038,2,0,0,0,-1.0,-1.0,0
req009962,u2039,1,0,0,0,-1.0,-1.0,0
req001839,u2040,1,1,0,0,-1.0,-1.0,0
req002104,u2040,2,1,0,1,265.0,265.0,1
req000835,u2041,1,1,1,0,-1.0,-1.0,0
req005730,u2042,1,0,0,0,-1.0,-1.0,0
req006130,u2042,2,0,0,0,-1.0,-1.0,0
req005140,u2044,1,0,0,0,-1.0,-1.0,0
req000318,u2045,1,0,0,0,-1.0,-1.0,0
req005152,u2045,2,0,0,0,-1.0,-1.0,0
req006019,u2045,3,0,0,0,-1.0,-1.0,0
req005754,u2046,1,0,0,0,-1.0,-1.0,0
req005254,u2047,1,0,0,0,-1.0,-1.0,0
req003082,u2049,1,0,0,0,-1.0,-1.0,0
req009729,u2049,2,0,0,0,-1.0,-1.0,0
req005409,u2050,1,0,0,0,-1.0,-1.0,0
req006761,u2051,1,1,0,0,-1.0,-1.0,0
req003284,u2052,1,0,0,0,-1.0,-1.0,0
req004800,u2052,2,0,0,0,-1.0,-1.0,0
req000496,u2053,1,0,0,0,-1.0,-1.0,0
req006781,u2053,2,0,0,0,-1.0,-1.0,0
req009380,u2054,1,0,0,0,-1.0,-1.0,0
req005801,u2058,1,0,0,0,-1.0,-1.0,0
req008414,u2058,2,0,0,0,-1.0,-1.0,0
req002589,u2059,1,0,0,0,-1.0,-1.0,0
req004594,u2059,2,0,0,0,-1.0,-1.0,0
req004664,u2061,1,1,1,0,-1.0,-1.0,0
req007048,u2061,2,2,1,1,2384.0,2384.0,1
req003914,u2062,1,0,0,0,-1.0,-1.0,0
req009542,u2062,2,0,0,0,-1.0,-1.0,0
req007460,u2063,1,0,0,0,-1.0,-1.0,0
req001726,u2064,1,0,0,0,-1.0,-1.0,0
req009972,u2064,2,1,1,0,-1.0,-1.0,0
req005693,u2065,1,0,0,0,-1.0,-1.0,0
req006502,u2065,2,0,0,0,-1.0,-1.0,0
req000838,u2066,1,0,0,0,-1.0,-1.0,0
req006568,u2066,2,0,0,0,-1.0,-1.0,0
req006613,u2066,3,0,0,0,-1.0,-1.0,0
req000774,u2067,1,1,0,0,-1.0,-1.0,0
req005622,u2067,2,1,0,1,4848.0,4848.0,0
req002342,u2068,1,1,0,0,-1.0,-1.0,0
req008972,u2068,2,1,0,1,6630.0,6630.0,0
req003756,u2070,1,1,0,0,-1.0,-1.0,0
req003292,u2071,1,0,0,0,-1.0,-1.0,0
req002487,u2073,1,0,0,0,-1.0,-1.0,0
req002614,u2073,2,0,0,0,-1.0,-1.0,0
req003359,u2073,3,0,0,0,-1.0,-1.0,0
req004883,u2073,4,0,0,0,-1.0,-1.0,0
req006846,u2073,5,0,0,0,-1.0,-1.0,0
req000870,u2074,1,1,0,0,-1.0,-1.0,0
req002715,u2076,1,0,0,0,-1.0,-1.0,0
req005192,u2076,2,0,0,0,-1.0,-1.0,0
req006072,u2081,1,0,0,0,-1.0,-1.0,0
req007312,u2081,2,0,0,0,-1.0,-1.0,0
req005501,u2085,1,1,0,0,-1.0,-1.0,0
req006193,u2085,2,1,0,1,692.0,692.0,1
req006675,u2085,3,1,0,1,1174.0,1174.0,1
req001151,u2086,1,0,0,0,-1.0,-1.0,0
req002546,u2086,2,0,0,0,-1.0,-1.0,0
req006509,u2086,3,0,0,0,-1.0,-1.0,0
req005965,u2087,1,1,1,0,-1.0,-1.0,0
req006814,u2087,2,1,1,1,849.0,849.0,1
req008328,u2087,3,1,1,1,2363.0,2363.0,1
req004803,u2088,1,0,0,0,-1.0,-1.0,0
req004516,u2089,1,0,0,0,-1.0,-1.0,0
req005162,u2090,1,0,0,0,-1.0,-1.0,0
req005499,u2090,2,0,0,0,-1.0,-1.0,0
req002156,u2091,1,0,0,0,-1.0,-1.0,0
req000251,u2093,1,0,0,0,-1.0,-1.0,0
req000391,u2093,2,0,0,0,-1.0,-1.0,0
req000882,u2093,3,0,0,0,-1.0,-1.0,0
req003881,u2093,4,0,0,0,-1.0,-1.0,0
req003227,u2095,1,0,0,0,-1.0,-1.0,0
req007185,u2095,2,0,0,0,-1.0,-1.0,0
req007969,u2095,3,0,0,0,-1.0,-1.0,0
req004764,u2096,1,0,0,0,-1.0,-1.0,0
req008792,u2098,1,0,0,0,-1.0,-1.0,0
req002743,u2099,1,0,0,0,-1.0,-1.0,0
req009253,u2099,2,0,0,0,-1.0,-1.0,0
req001833,u2100,1,0,0,0,-1.0,-1.0,0
req005401,u2101,1,0,0,0,-1.0,-1.0,0
req008274,u2101,2,1,0,0,-1.0,-1.0,0
req000466,u2103,1,1,0,0,-1.0,-1.0,0
req008599,u2103,2,1,0,1,8133.0,8133.0,0
req008634,u2103,3,1,0,1,8168.0,8168.0,0
req008781,u2103,4,1,0,1,8315.0,8315.0,0
req000763,u2104,1,0,0,0,-1.0,-1.0,0
req003432,u2105,1,0,0,0,-1.0,-1.0,0
req004855,u2105,2,0,0,0,-1.0,-1.0,0
req006934,u2105,3,0,0,0,-1.0,-1.0,0
req007556,u2105,4,0,0,0,-1.0,-1.0,0
req000767,u2106,1,0,0,0,-1.0,-1.0,0
req004669,u2106,2,0,0,0,-1.0,-1.0,0
req006753,u2106,3,0,0,0,-1.0,-1.0,0
req009335,u2106,4,0,0,0,-1.0,-1.0,0
req002787,u2108,1,0,0,0,-1.0,-1.0,0
req005495,u2108,2,0,0,0,-1.0,-1.0,0
req000791,u2109,1,0,0,0,-1.0,-1.0,0
req003607,u2109,2,0,0,0,-1.0,-1.0,0
req001365,u2111,1,0,0,0,-1.0,-1.0,0
req007178,u2111,2,0,0,0,-1.0,-1.0,0
req006124,u2112,1,0,0,0,-1.0,-1.0,0
req008404,u2113,1,0,0,0,-1.0,-1.0,0
req000574,u2114,1,0,0,0,-1.0,-1.0,0
req007276,u2114,2,0,0,0,-1.0,-1.0,0
req000841,u2115,1,0,0,0,-1.0,-1.0,0
req010000,u2115,2,0,0,0,-1.0,-1.0,0
req009445,u2118,1,0,0,0,-1.0,-1.0,0
req008627,u2120,1,0,0,0,-1.0,-1.0,0
req003192,u2121,1,0,0,0,-1.0,-1.0,0
req003655,u2122,1,1,1,0,-1.0,-1.0,0
req004285,u2123,1,0,0,0,-1.0,-1.0,0
req005781,u2124,1,0,0,0,-1.0,-1.0,0
req004990,u2125,1,0,0,0,-1.0,-1.0,0
req007716,u2125,2,0,0,0,-1.0,-1.0,0
req006843,u2126,1,0,0,0,-1.0,-1.0,0
req002242,u2128,1,0,0,0,-1.0,-1.0,0
req004869,u2129,1,0,0,0,-1.0,-1.0,0
req002879,u2130,1,0,0,0,-1.0,-1.0,0
req009866,u2130,2,0,0,0,-1.0,-1.0,0
req001374,u2131,1,0,0,0,-1.0,-1.0,0
req003812,u2131,2,0,0,0,-1.0,-1.0,0
req009902,u2132,1,0,0,0,-1.0,-1.0,0
req001948,u2133,1,0,0,0,-1.0,-1.0,0
req005055,u2133,2,0,0,0,-1.0,-1.0,0
req003026,u2134,1,0,0,0,-1.0,-1.0,0
req006770,u2134,2,0,0,0,-1.0,-1.0,0
req004791,u2136,1,1,0,0,-1.0,-1.0,0
req006394,u2136,2,1,0,1,1603.0,1603.0,1
req007020,u2136,3,1,0,1,2229.0,2229.0,1
req009907,u2137,1,0,0,0,-1.0,-1.0,0
req002300,u2139,1,1,0,0,-1.0,-1.0,0
req007254,u2140,1,0,0,0,-1.0,-1.0,0
req009294,u2141,1,0,0,0,-1.0,-1.0,0
req005138,u2142,1,0,0,0,-1.0,-1.0,0
req008263,u2142,2,0,0,0,-1.0,-1.0,0
req009712,u2142,3,0,0,0,-1.0,-1.0,0
req009652,u2143,1,0,0,0,-1.0,-1.0,0
req005782,u2144,1,0,0,0,-1.0,-1.0,0
req009101,u2144,2,0,0,0,-1.0,-1.0,0
req009834,u2145,1,0,0,0,-1.0,-1.0,0
req002800,u2146,1,0,0,0,-1.0,-1.0,0
req003310,u2147,1,0,0,0,-1.0,-1.0,0
req007836,u2149,1,0,0,0,-1.0,-1.0,0
req006284,u2151,1,0,0,0,-1.0,-1.0,0
req006928,u2151,2,0,0,0,-1.0,-1.0,0
req009249,u2151,3,0,0,0,-1.0,-1.0,0
req000664,u2152,1,0,0,0,-1.0,-1.0,0
req001098,u2152,2,0,0,0,-1.0,-1.0,0
req001398,u2152,3,0,0,0,-1.0,-1.0,0
req009216,u2152,4,1,0,0,-1.0,-1.0,0
req003908,u2154,1,0,0,0,-1.0,-1.0,0
req002592,u2155,1,0,0,0,-1.0,-1.0,0
req000219,u2156,1,1,0,0,-1.0,-1.0,0
req008390,u2156,2,1,0,1,8171.0,8171.0,0
req008597,u2158,1,0,0,0,-1.0,-1.0,0
req004213,u2159,1,0,0,0,-1.0,-1.0,0
req008675,u2159,2,0,0,0,-1.0,-1.0,0
req000508,u2160,1,0,0,0,-1.0,-1.0,0
req004563,u2160,2,0,0,0,-1.0,-1.0,0
req005174,u2160,3,0,0,0,-1.0,-1.0,0
req007966,u2161,1,0,0,0,-1.0,-1.0,0
req003588,u2162,1,0,0,0,-1.0,-1.0,0
req002069,u2163,1,0,0,0,-1.0,-1.0,0
req002284,u2163,2,0,0,0,-1.0,-1.0,0
req005726,u2163,3,0,0,0,-1.0,-1.0,0
req007724,u2163,4,1,0,0,-1.0,-1.0,0
req000940,u2164,1,0,0,0,-1.0,-1.0,0
req008641,u2164,2,0,0,0,-1.0,-1.0,0
req009066,u2167,1,0,0,0,-1.0,-1.0,0
req003341,u2168,1,0,0,0,-1.0,-1.0,0
req008326,u2168,2,1,0,0,-1.0,-1.0,0
req009427,u2169,1,0,0,0,-1.0,-1.0,0
req007320,u2171,1,0,0,0,-1.0,-1.0,0
req007380,u2171,2,0,0,0,-1.0,-1.0,0
req004024,u2173,1,0,0,0,-1.0,-1.0,0
req001099,u2174,1,0,0,0,-1.0,-1.0,0
req000858,u2175,1,0,0,0,-1.0,-1.0,0
req001659,u2175,2,0,0,0,-1.0,-1.0,0
req002761,u2175,3,0,0,0,-1.0,-1.0,0
req005578,u2175,4,1,1,0,-1.0,-1.0,0
req000298,u2176,1,0,0,0,-1.0,-1.0,0
req005060,u2176,2,0,0,0,-1.0,-1.0,0
req008063,u2176,3,0,0,0,-1.0,-1.0,0
req000545,u2177,1,0,0,0,-1.0,-1.0,0
req007264,u2177,2,0,0,0,-1.0,-1.0,0
req007611,u2178,1,0,0,0,-1.0,-1.0,0
req008648,u2178,2,0,0,0,-1.0,-1.0,0
req006575,u2179,1,0,0,0,-1.0,-1.0,0
req007740,u2180,1,0,0,0,-1.0,-1.0,0
req000552,u2181,1,0,0,0,-1.0,-1.0,0
req006716,u2181,2,0,0,0,-1.0,-1.0,0
req003933,u2182,1,0,0,0,-1.0,-1.0,0
req001804,u2185,1,0,0,0,-1.0,-1.0,0
req005359,u2185,2,0,0,0,-1.0,-1.0,0
req005538,u2186,1,0,0,0,-1.0,-1.0,0
req006057,u2189,1,0,0,0,-1.0,-1.0,0
req009301,u2190,1,0,0,0,-1.0,-1.0,0
req000469,u2191,1,1,0,0,-1.0,-1.0,0
req009068,u2191,2,1,0,1,8599.0,8599.0,0
req008749,u2192,1,0,0,0,-1.0,-1.0,0
req002341,u2195,1,0,0,0,-1.0,-1.0,0
req003900,u2195,2,0,0,0,-1.0,-1.0,0
req005214,u2196,1,0,0,0,-1.0,-1.0,0
req009613,u2196,2,0,0,0,-1.0,-1.0,0
req002064,u2197,1,0,0,0,-1.0,-1.0,0
req002985,u2197,2,0,0,0,-1.0,-1.0,0
req003323,u2197,3,0,0,0,-1.0,-1.0,0
req009321,u2197,4,0,0,0,-1.0,-1.0,0
req005424,u2199,1,1,0,0,-1.0,-1.0,0
req006474,u2199,2,1,0,1,1050.0,1050.0,1
req005255,u2200,1,0,0,0,-1.0,-1.0,0
req005275,u2200,2,0,0,0,-1.0,-1.0,0
req008904,u2202,1,0,0,0,-1.0,-1.0,0
req004350,u2204,1,0,0,0,-1.0,-1.0,0
req005003,u2205,1,0,0,0,-1.0,-1.0,0
req009653,u2205,2,0,0,0,-1.0,-1.0,0
req003741,u2207,1,0,0,0,-1.0,-1.0,0
req004826,u2207,2,1,0,0,-1.0,-1.0,0
req009999,u2207,3,1,0,1,5173.0,5173.0,0
req004219,u2210,1,0,0,0,-1.0,-1.0,0
req008095,u2210,2,0,0,0,-1.0,-1.0,0
req006158,u2212,1,0,0,0,-1.0,-1.0,0
req007297,u2212,2,0,0,0,-1.0,-1.0,0
req007970,u2212,3,0,0,0,-1.0,-1.0,0
req008651,u2213,1,0,0,0,-1.0,-1.0,0
req009239,u2213,2,0,0,0,-1.0,-1.0,0
req001314,u2214,1,0,0,0,-1.0,-1.0,0
req007270,u2214,2,0,0,0,-1.0,-1.0,0
req004970,u2215,1,0,0,0,-1.0,-1.0,0
req000205,u2216,1,0,0,0,-1.0,-1.0,0
req009167,u2216,2,0,0,0,-1.0,-1.0,0
req005079,u2217,1,0,0,0,-1.0,-1.0,0
req002121,u2218,1,0,0,0,-1.0,-1.0,0
req000327,u2221,1,0,0,0,-1.0,-1.0,0
req001264,u2221,2,0,0,0,-1.0,-1.0,0
req003159,u2221,3,0,0,0,-1.0,-1.0,0
req005672,u2222,1,0,0,0,-1.0,-1.0,0
req000867,u2225,1,0,0,0,-1.0,-1.0,0
req003749,u2225,2,0,0,0,-1.0,-1.0,0
req002177,u2227,1,0,0,0,-1.0,-1.0,0
req003077,u2227,2,0,0,0,-1.0,-1.0,0
req000341,u2228,1,0,0,0,-1.0,-1.0,0
req007999,u2228,2,0,0,0,-1.0,-1.0,0
req000460,u2229,1,0,0,0,-1.0,-1.0,0
req002030,u2231,1,1,0,0,-1.0,-1.0,0
req008800,u2232,1,0,0,0,-1.0,-1.0,0
req007443,u2233,1,0,0,0,-1.0,-1.0,0
req003054,u2235,1,0,0,0,-1.0,-1.0,0
req007733,u2235,2,0,0,0,-1.0,-1.0,0
req007742,u2235,3,0,0,0,-1.0,-1.0,0
req008697,u2235,4,0,0,0,-1.0,-1.0,0
req006323,u2237,1,0,0,0,-1.0,-1.0,0
req007111,u2239,1,1,0,0,-1.0,-1.0,0
req003950,u2240,1,0,0,0,-1.0,-1.0,0
req009368,u2240,2,0,0,0,-1.0,-1.0,0
req008358,u2241,1,0,0,0,-1.0,-1.0,0
req000498,u2242,1,0,0,0,-1.0,-1.0,0
req003246,u2242,2,0,0,0,-1.0,-1.0,0
req004404,u2247,1,1,0,0,-1.0,-1.0,0
req005573,u2247,2,1,0,1,1169.0,1169.0,1
req006196,u2247,3,1,0,1,1792.0,1792.0,1
req007518,u2247,4,1,0,1,3114.0,3114.0,1
req002656,u2248,1,0,0,0,-1.0,-1.0,0
req000461,u2249,1,0,0,0,-1.0,-1.0,0
req004097,u2250,1,0,0,0,-1.0,-1.0,0
req000978,u2251,1,0,0,0,-1.0,-1.0,0
req003204,u2252,1,0,0,0,-1.0,-1.0,0
req008845,u2252,2,0,0,0,-1.0,-1.0,0
req000980,u2254,1,0,0,0,-1.0,-1.0,0
req004912,u2254,2,0,0,0,-1.0,-1.0,0
req006595,u2254,3,0,0,0,-1.0,-1.0,0
req003012,u2255,1,0,0,0,-1.0,-1.0,0
req004921,u2256,1,0,0,0,-1.0,-1.0,0
req005485,u2256,2,0,0,0,-1.0,-1.0,0
req005987,u2256,3,0,0,0,-1.0,-1.0,0
req002336,u2257,1,0,0,0,-1.0,-1.0,0
req003774,u2257,2,0,0,0,-1.0,-1.0,0
req004314,u2257,3,0,0,0,-1.0,-1.0,0
req007871,u2258,1,0,0,0,-1.0,-1.0,0
req000857,u2259,1,0,0,0,-1.0,-1.0,0
req005706,u2260,1,0,0,0,-1.0,-1.0,0
req007019,u2262,1,0,0,0,-1.0,-1.0,0
req000665,u2263,1,0,0,0,-1.0,-1.0,0
req005783,u2263,2,0,0,0,-1.0,-1.0,0
req006340,u2265,1,0,0,0,-1.0,-1.0,0
req003609,u2267,1,0,0,0,-1.0,-1.0,0
req004503,u2267,2,0,0,0,-1.0,-1.0,0
req003216,u2268,1,0,0,0,-1.0,-1.0,0
req005837,u2272,1,0,0,0,-1.0,-1.0,0
req005321,u2274,1,0,0,0,-1.0,-1.0,0
req007125,u2274,2,0,0,0,-1.0,-1.0,0
req000962,u2276,1,1,0,0,-1.0,-1.0,0
req001558,u2276,2,1,0,1,596.0,596.0,1
req004140,u2278,1,0,0,0,-1.0,-1.0,0
req000539,u2280,1,0,0,0,-1.0,-1.0,0
req004701,u2280,2,1,0,0,-1.0,-1.0,0
req004898,u2280,3,1,0,1,197.0,197.0,1
req000798,u2281,1,0,0,0,-1.0,-1.0,0
req006164,u2281,2,0,0,0,-1.0,-1.0,0
req007334,u2281,3,0,0,0,-1.0,-1.0,0
req008514,u2282,1,1,0,0,-1.0,-1.0,0
req001622,u2283,1,0,0,0,-1.0,-1.0,0
req003584,u2283,2,1,0,0,-1.0,-1.0,0
req003580,u2284,1,0,0,0,-1.0,-1.0,0
req008806,u2286,1,0,0,0,-1.0,-1.0,0
req003743,u2289,1,0,0,0,-1.0,-1.0,0
req002296,u2290,1,0,0,0,-1.0,-1.0,0
req007715,u2290,2,0,0,0,-1.0,-1.0,0
req001870,u2291,1,0,0,0,-1.0,-1.0,0
req006137,u2291,2,0,0,0,-1.0,-1.0,0
req000394,u2293,1,0,0,0,-1.0,-1.0,0
req001784,u2293,2,1,0,0,-1.0,-1.0,0
req002790,u2294,1,0,0,0,-1.0,-1.0,0
req007015,u2296,1,0,0,0,-1.0,-1.0,0
req008045,u2297,1,0,0,0,-1.0,-1.0,0
req005671,u2298,1,0,0,0,-1.0,-1.0,0
req002698,u2299,1,0,0,0,-1.0,-1.0,0
req003701,u2299,2,0,0,0,-1.0,-1.0,0
req004887,u2299,3,0,0,0,-1.0,-1.0,0
req004888,u2299,4,0,0,0,-1.0,-1.0,0
req003406,u2301,1,0,0,0,-1.0,-1.0,0
req004324,u2302,1,0,0,0,-1.0,-1.0,0
req000876,u2303,1,0,0,0,-1.0,-1.0,0
req001255,u2303,2,0,0,0,-1.0,-1.0,0
req001268,u2303,3,0,0,0,-1.0,-1.0,0
req002448,u2303,4,0,0,0,-1.0,-1.0,0
req005384,u2303,5,0,0,0,-1.0,-1.0,0
req000922,u2304,1,0,0,0,-1.0,-1.0,0
req004949,u2304,2,0,0,0,-1.0,-1.0,0
req005556,u2304,3,0,0,0,-1.0,-1.0,0
req006700,u2307,1,0,0,0,-1.0,-1.0,0
req007283,u2307,2,0,0,0,-1.0,-1.0,0
req003226,u2310,1,0,0,0,-1.0,-1.0,0
req006018,u2310,2,0,0,0,-1.0,-1.0,0
req004925,u2313,1,0,0,0,-1.0,-1.0,0
req000390,u2314,1,0,0,0,-1.0,-1.0,0
req000823,u2315,1,0,0,0,-1.0,-1.0,0
req003965,u2316,1,0,0,0,-1.0,-1.0,0
req009569,u2317,1,0,0,0,-1.0,-1.0,0
req008235,u2319,1,0,0,0,-1.0,-1.0,0
req000426,u2320,1,0,0,0,-1.0,-1.0,0
req000059,u2321,1,1,0,0,-1.0,-1.0,0
req005496,u2321,2,1,0,1,5437.0,5437.0,0
req007888,u2321,3,2,0,1,7829.0,7829.0,0
req000884,u2322,1,0,0,0,-1.0,-1.0,0
req004253,u2324,1,0,0,0,-1.0,-1.0,0
req008936,u2324,2,1,1,0,-1.0,-1.0,0
req002768,u2325,1,0,0,0,-1.0,-1.0,0
req003424,u2325,2,0,0,0,-1.0,-1.0,0
req004179,u2325,3,0,0,0,-1.0,-1.0,0
req002294,u2328,1,0,0,0,-1.0,-1.0,0
req002869,u2328,2,0,0,0,-1.0,-1.0,0
req006131,u2330,1,0,0,0,-1.0,-1.0,0
req008346,u2330,2,0,0,0,-1.0,-1.0,0
req009711,u2331,1,0,0,0,-1.0,-1.0,0
req005353,u2332,1,0,0,0,-1.0,-1.0,0
req007964,u2333,1,0,0,0,-1.0,-1.0,0
req000588,u2334,1,0,0,0,-1.0,-1.0,0
req009498,u2336,1,0,0,0,-1.0,-1.0,0
req004352,u2338,1,0,0,0,-1.0,-1.0,0
req001408,u2339,1,0,0,0,-1.0,-1.0,0
req004203,u2339,2,0,0,0,-1.0,-1.0,0
req003540,u2341,1,0,0,0,-1.0,-1.0,0
req008259,u2342,1,0,0,0,-1.0,-1.0,0
req006290,u2343,1,1,0,0,-1.0,-1.0,0
req009264,u2343,2,1,0,1,2974.0,2974.0,1
req002536,u2344,1,0,0,0,-1.0,-1.0,0
req004787,u2344,2,0,0,0,-1.0,-1.0,0
req005386,u2344,3,0,0,0,-1.0,-1.0,0
req002819,u2348,1,0,0,0,-1.0,-1.0,0
req003144,u2349,1,1,1,0,-1.0,-1.0,0
req003513,u2349,2,1,1,1,369.0,369.0,1
req000996,u2350,1,0,0,0,-1.0,-1.0,0
req006764,u2350,2,0,0,0,-1.0,-1.0,0
req004988,u2353,1,0,0,0,-1.0,-1.0,0
req007689,u2353,2,0,0,0,-1.0,-1.0,0
req008153,u2355,1,0,0,0,-1.0,-1.0,0
req002489,u2356,1,0,0,0,-1.0,-1.0,0
req005368,u2356,2,0,0,0,-1.0,-1.0,0
req007398,u2356,3,0,0,0,-1.0,-1.0,0
req009369,u2357,1,0,0,0,-1.0,-1.0,0
req006967,u2358,1,1,0,0,-1.0,-1.0,0
req000147,u2359,1,0,0,0,-1.0,-1.0,0
req004063,u2359,2,0,0,0,-1.0,-1.0,0
req003757,u2360,1,0,0,0,-1.0,-1.0,0
req004149,u2360,2,0,0,0,-1.0,-1.0,0
req009414,u2361,1,0,0,0,-1.0,-1.0,0
req004139,u2362,1,0,0,0,-1.0,-1.0,0
req004344,u2362,2,1,0,0,-1.0,-1.0,0
req005752,u2363,1,0,0,0,-1.0,-1.0,0
req003236,u2364,1,1,0,0,-1.0,-1.0,0
req007744,u2364,2,1,0,1,4508.0,4508.0,0
req008635,u2364,3,1,0,1,5399.0,5399.0,0
req005091,u2365,1,0,0,0,-1.0,-1.0,0
req004031,u2366,1,0,0,0,-1.0,-1.0,0
req006884,u2366,2,0,0,0,-1.0,-1.0,0
req001854,u2368,1,0,0,0,-1.0,-1.0,0
req001937,u2368,2,1,0,0,-1.0,-1.0,0
req009659,u2368,3,1,0,1,7722.0,7722.0,0
req008375,u2369,1,1,0,0,-1.0,-1.0,0
req004029,u2371,1,0,0,0,-1.0,-1.0,0
req001225,u2372,1,0,0,0,-1.0,-1.0,0
req001341,u2372,2,0,0,0,-1.0,-1.0,0
req002195,u2372,3,0,0,0,-1.0,-1.0,0
req009600,u2372,4,0,0,0,-1.0,-1.0,0
req005751,u2373,1,0,0,0,-1.0,-1.0,0
req009779,u2373,2,0,0,0,-1.0,-1.0,0
req003729,u2374,1,0,0,0,-1.0,-1.0,0
req009931,u2376,1,1,0,0,-1.0,-1.0,0
req001496,u2377,1,0,0,0,-1.0,-1.0,0
req008313,u2378,1,0,0,0,-1.0,-1.0,0
req001918,u2380,1,0,0,0,-1.0,-1.0,0
req003773,u2380,2,1,0,0,-1.0,-1.0,0
req006577,u2380,3,1,0,1,2804.0,2804.0,1
req008812,u2380,4,1,0,1,5039.0,5039.0,0
req007403,u2381,1,0,0,0,-1.0,-1.0,0
req001586,u2382,1,0,0,0,-1.0,-1.0,0
req001582,u2389,1,1,0,0,-1.0,-1.0,0
req003142,u2390,1,0,0,0,-1.0,-1.0,0
req003330,u2390,2,1,0,0,-1.0,-1.0,0
req003639,u2391,1,0,0,0,-1.0,-1.0,0
req007922,u2393,1,0,0,0,-1.0,-1.0,0
req003167,u2394,1,0,0,0,-1.0,-1.0,0
req009397,u2394,2,0,0,0,-1.0,-1.0,0
req005426,u2395,1,0,0,0,-1.0,-1.0,0
req008885,u2395,2,0,0,0,-1.0,-1.0,0
req006733,u2397,1,0,0,0,-1.0,-1.0,0
req004583,u2398,1,0,0,0,-1.0,-1.0,0
req004278,u2399,1,0,0,0,-1.0,-1.0,0
req004671,u2399,2,0,0,0,-1.0,-1.0,0
req005300,u2399,3,0,0,0,-1.0,-1.0,0
req000207,u2401,1,0,0,0,-1.0,-1.0,0
req005100,u2401,2,0,0,0,-1.0,-1.0,0
req008118,u2401,3,0,0,0,-1.0,-1.0,0
req009490,u2403,1,0,0,0,-1.0,-1.0,0
req003599,u2405,1,0,0,0,-1.0,-1.0,0
req001481,u2406,1,0,0,0,-1.0,-1.0,0
req007758,u2406,2,0,0,0,-1.0,-1.0,0
req009347,u2406,3,0,0,0,-1.0,-1.0,0
req008034,u2412,1,0,0,0,-1.0,-1.0,0
req002315,u2414,1,0,0,0,-1.0,-1.0,0
req006646,u2414,2,0,0,0,-1.0,-1.0,0
req000284,u2415,1,0,0,0,-1.0,-1.0,0
req004180,u2415,2,0,0,0,-1.0,-1.0,0
req008609,u2415,3,0,0,0,-1.0,-1.0,0
req002103,u2416,1,0,0,0,-1.0,-1.0,0
req000499,u2417,1,0,0,0,-1.0,-1.0,0
req002090,u2419,1,0,0,0,-1.0,-1.0,0
req001607,u2420,1,0,0,0,-1.0,-1.0,0
req004119,u2422,1,0,0,0,-1.0,-1.0,0
req006198,u2422,2,1,1,0,-1.0,-1.0,0
req007924,u2422,3,1,1,1,1726.0,1726.0,1
req001104,u2423,1,0,0,0,-1.0,-1.0,0
req001800,u2423,2,0,0,0,-1.0,-1.0,0
req005526,u2425,1,0,0,0,-1.0,-1.0,0
req009308,u2426,1,0,0,0,-1.0,-1.0,0
req002662,u2427,1,0,0,0,-1.0,-1.0,0
req008974,u2427,2,0,0,0,-1.0,-1.0,0
req002007,u2428,1,0,0,0,-1.0,-1.0,0
req003207,u2430,1,0,0,0,-1.0,-1.0,0
req005299,u2430,2,0,0,0,-1.0,-1.0,0
req002054,u2431,1,1,0,0,-1.0,-1.0,0
req006701,u2431,2,1,0,1,4647.0,4647.0,0
req009194,u2433,1,0,0,0,-1.0,-1.0,0
req006371,u2435,1,0,0,0,-1.0,-1.0,0
req001242,u2436,1,0,0,0,-1.0,-1.0,0
req009298,u2436,2,0,0,0,-1.0,-1.0,0
req004955,u2438,1,0,0,0,-1.0,-1.0,0
req009062,u2438,2,0,0,0,-1.0,-1.0,0
req000083,u2442,1,0,0,0,-1.0,-1.0,0
req000360,u2443,1,0,0,0,-1.0,-1.0,0
req004699,u2443,2,0,0,0,-1.0,-1.0,0
req005871,u2443,3,0,0,0,-1.0,-1.0,0
req002135,u2444,1,1,0,0,-1.0,-1.0,0
req003846,u2444,2,1,0,1,1711.0,1711.0,1
req006449,u2445,1,0,0,0,-1.0,-1.0,0
req000559,u2448,1,0,0,0,-1.0,-1.0,0
req002235,u2448,2,0,0,0,-1.0,-1.0,0
req002773,u2448,3,0,0,0,-1.0,-1.0,0
req008726,u2448,4,0,0,0,-1.0,-1.0,0
req000512,u2450,1,0,0,0,-1.0,-1.0,0
req003193,u2452,1,0,0,0,-1.0,-1.0,0
req009820,u2452,2,0,0,0,-1.0,-1.0,0
req000282,u2453,1,0,0,0,-1.0,-1.0,0
req007288,u2453,2,0,0,0,-1.0,-1.0,0
req001598,u2454,1,0,0,0,-1.0,-1.0,0
req007688,u2455,1,1,0,0,-1.0,-1.0,0
req004542,u2457,1,0,0,0,-1.0,-1.0,0
req003415,u2458,1,0,0,0,-1.0,-1.0,0
req001198,u2461,1,0,0,0,-1.0,-1.0,0
req002201,u2462,1,0,0,0,-1.0,-1.0,0
req009053,u2462,2,0,0,0,-1.0,-1.0,0
req000755,u2463,1,0,0,0,-1.0,-1.0,0
req000495,u2464,1,0,0,0,-1.0,-1.0,0
req008534,u2468,1,0,0,0,-1.0,-1.0,0
req005961,u2470,1,0,0,0,-1.0,-1.0,0
req007680,u2470,2,0,0,0,-1.0,-1.0,0
req007956,u2470,3,0,0,0,-1.0,-1.0,0
req008264,u2470,4,0,0,0,-1.0,-1.0,0
req009472,u2471,1,0,0,0,-1.0,-1.0,0
req000273,u2472,1,1,0,0,-1.0,-1.0,0
req005787,u2472,2,1,0,1,5514.0,5514.0,0
req005792,u2473,1,0,0,0,-1.0,-1.0,0
req000807,u2475,1,0,0,0,-1.0,-1.0,0
req005393,u2475,2,0,0,0,-1.0,-1.0,0
req003683,u2476,1,0,0,0,-1.0,-1.0,0
req006210,u2476,2,0,0,0,-1.0,-1.0,0
req003820,u2477,1,0,0,0,-1.0,-1.0,0
req005714,u2477,2,1,0,0,-1.0,-1.0,0
req001243,u2479,1,1,0,0,-1.0,-1.0,0
req008048,u2482,1,0,0,0,-1.0,-1.0,0
req004649,u2483,1,0,0,0,-1.0,-1.0,0
req001059,u2485,1,0,0,0,-1.0,-1.0,0
req009871,u2485,2,0,0,0,-1.0,-1.0,0
req004861,u2487,1,0,0,0,-1.0,-1.0,0
req008339,u2489,1,0,0,0,-1.0,-1.0,0
req009070,u2490,1,1,0,0,-1.0,-1.0,0
req008097,u2491,1,0,0,0,-1.0,-1.0,0
req008003,u2492,1,0,0,0,-1.0,-1.0,0
req000942,u2493,1,0,0,0,-1.0,-1.0,0
req005799,u2493,2,0,0,0,-1.0,-1.0,0
req008628,u2493,3,0,0,0,-1.0,-1.0,0
req006822,u2495,1,0,0,0,-1.0,-1.0,0
req006058,u2496,1,0,0,0,-1.0,-1.0,0
req009550,u2496,2,1,0,0,-1.0,-1.0,0
req005880,u2498,1,0,0,0,-1.0,-1.0,0
req006299,u2498,2,0,0,0,-1.0,-1.0,0
req009727,u2498,3,0,0,0,-1.0,-1.0,0
req000103,u2499,1,0,0,0,-1.0,-1.0,0
req000803,u2500,1,0,0,0,-1.0,-1.0,0
req000843,u2500,2,0,0,0,-1.0,-1.0,0
req007386,u2501,1,0,0,0,-1.0,-1.0,0
req008913,u2501,2,0,0,0,-1.0,-1.0,0
req000694,u2502,1,0,0,0,-1.0,-1.0,0
req006839,u2502,2,0,0,0,-1.0,-1.0,0
req001880,u2503,1,0,0,0,-1.0,-1.0,0
req001590,u2504,1,0,0,0,-1.0,-1.0,0
req001258,u2505,1,0,0,0,-1.0,-1.0,0
req007560,u2505,2,0,0,0,-1.0,-1.0,0
req004540,u2508,1,0,0,0,-1.0,-1.0,0
req009094,u2509,1,1,1,0,-1.0,-1.0,0
req005102,u2511,1,0,0,0,-1.0,-1.0,0
req005447,u2511,2,0,0,0,-1.0,-1.0,0
req008843,u2511,3,0,0,0,-1.0,-1.0,0
req001700,u2512,1,0,0,0,-1.0,-1.0,0
req000833,u2513,1,0,0,0,-1.0,-1.0,0
req004094,u2513,2,0,0,0,-1.0,-1.0,0
req007138,u2517,1,0,0,0,-1.0,-1.0,0
req002914,u2518,1,0,0,0,-1.0,-1.0,0
req000778,u2519,1,0,0,0,-1.0,-1.0,0
req003815,u2519,2,0,0,0,-1.0,-1.0,0
req005985,u2519,3,0,0,0,-1.0,-1.0,0
req002837,u2520,1,0,0,0,-1.0,-1.0,0
req008196,u2520,2,0,0,0,-1.0,-1.0,0
req009875,u2522,1,1,0,0,-1.0,-1.0,0
req002758,u2523,1,0,0,0,-1.0,-1.0,0
req008751,u2523,2,0,0,0,-1.0,-1.0,0
req002688,u2524,1,0,0,0,-1.0,-1.0,0
req005883,u2524,2,0,0,0,-1.0,-1.0,0
req001584,u2525,1,0,0,0,-1.0,-1.0,0
req006981,u2525,2,1,0,0,-1.0,-1.0,0
req004221,u2526,1,0,0,0,-1.0,-1.0,0
req005872,u2526,2,0,0,0,-1.0,-1.0,0
req003269,u2527,1,0,0,0,-1.0,-1.0,0
req005904,u2527,2,1,0,0,-1.0,-1.0,0
req009746,u2529,1,0,0,0,-1.0,-1.0,0
req002612,u2530,1,1,0,0,-1.0,-1.0,0
req004840,u2532,1,0,0,0,-1.0,-1.0,0
req005035,u2532,2,0,0,0,-1.0,-1.0,0
req003945,u2533,1,1,0,0,-1.0,-1.0,0
req004117,u2533,2,1,0,1,172.0,172.0,1
req005000,u2533,3,1,0,1,1055.0,1055.0,1
req006090,u2535,1,0,0,0,-1.0,-1.0,0
req005828,u2536,1,0,0,0,-1.0,-1.0,0
req002852,u2538,1,0,0,0,-1.0,-1.0,0
req005002,u2539,1,0,0,0,-1.0,-1.0,0
req005089,u2539,2,0,0,0,-1.0,-1.0,0
req001448,u2541,1,0,0,0,-1.0,-1.0,0
req003118,u2542,1,0,0,0,-1.0,-1.0,0
req008240,u2542,2,0,0,0,-1.0,-1.0,0
req006308,u2543,1,0,0,0,-1.0,-1.0,0
req006705,u2544,1,0,0,0,-1.0,-1.0,0
req009005,u2545,1,0,0,0,-1.0,-1.0,0
req004287,u2548,1,0,0,0,-1.0,-1.0,0
req001656,u2549,1,0,0,0,-1.0,-1.0,0
req005407,u2549,2,0,0,0,-1.0,-1.0,0
req009266,u2550,1,0,0,0,-1.0,-1.0,0
req009497,u2550,2,1,1,0,-1.0,-1.0,0
req009822,u2550,3,1,1,1,325.0,325.0,1
req003264,u2551,1,0,0,0,-1.0,-1.0,0
req008654,u2551,2,0,0,0,-1.0,-1.0,0
req007365,u2552,1,0,0,0,-1.0,-1.0,0
req000672,u2555,1,1,0,0,-1.0,-1.0,0
req003214,u2558,1,0,0,0,-1.0,-1.0,0
req000698,u2560,1,0,0,0,-1.0,-1.0,0
req001741,u2560,2,0,0,0,-1.0,-1.0,0
req004725,u2561,1,0,0,0,-1.0,-1.0,0
req007509,u2561,2,0,0,0,-1.0,-1.0,0
req000359,u2564,1,0,0,0,-1.0,-1.0,0
req004745,u2564,2,0,0,0,-1.0,-1.0,0
req006314,u2564,3,0,0,0,-1.0,-1.0,0
req007591,u2564,4,0,0,0,-1.0,-1.0,0
req005382,u2565,1,0,0,0,-1.0,-1.0,0
req008277,u2565,2,0,0,0,-1.0,-1.0,0
req003397,u2569,1,0,0,0,-1.0,-1.0,0
req005657,u2570,1,0,0,0,-1.0,-1.0,0
req001122,u2571,1,0,0,0,-1.0,-1.0,0
req004730,u2571,2,0,0,0,-1.0,-1.0,0
req008528,u2571,3,0,0,0,-1.0,-1.0,0
req003105,u2572,1,0,0,0,-1.0,-1.0,0
req001734,u2574,1,0,0,0,-1.0,-1.0,0
req003066,u2574,2,0,0,0,-1.0,-1.0,0
req000593,u2577,1,0,0,0,-1.0,-1.0,0
req002061,u2578,1,1,0,0,-1.0,-1.0,0
req002992,u2579,1,0,0,0,-1.0,-1.0,0
req000070,u2580,1,0,0,0,-1.0,-1.0,0
req002530,u2580,2,0,0,0,-1.0,-1.0,0
req009150,u2580,3,0,0,0,-1.0,-1.0,0
req000691,u2581,1,0,0,0,-1.0,-1.0,0
req001205,u2582,1,0,0,0,-1.0,-1.0,0
req002673,u2583,1,0,0,0,-1.0,-1.0,0
req003691,u2583,2,0,0,0,-1.0,-1.0,0
req002474,u2584,1,0,0,0,-1.0,-1.0,0
req000725,u2585,1,0,0,0,-1.0,-1.0,0
req006788,u2586,1,0,0,0,-1.0,-1.0,0
req001665,u2587,1,0,0,0,-1.0,-1.0,0
req005246,u2587,2,0,0,0,-1.0,-1.0,0
req000305,u2588,1,0,0,0,-1.0,-1.0,0
req005092,u2588,2,0,0,0,-1.0,-1.0,0
req007103,u2588,3,0,0,0,-1.0,-1.0,0
req005940,u2589,1,0,0,0,-1.0,-1.0,0
req005298,u2591,1,0,0,0,-1.0,-1.0,0
req005937,u2592,1,0,0,0,-1.0,-1.0,0
req008493,u2592,2,0,0,0,-1.0,-1.0,0
req000366,u2593,1,0,0,0,-1.0,-1.0,0
req005690,u2593,2,0,0,0,-1.0,-1.0,0
req000472,u2594,1,0,0,0,-1.0,-1.0,0
req000560,u2595,1,0,0,0,-1.0,-1.0,0
req004289,u2595,2,0,0,0,-1.0,-1.0,0
req008565,u2595,3,0,0,0,-1.0,-1.0,0
req000874,u2597,1,0,0,0,-1.0,-1.0,0
req002397,u2597,2,0,0,0,-1.0,-1.0,0
req007760,u2597,3,1,1,0,-1.0,-1.0,0
req009673,u2597,4,1,1,1,1913.0,1913.0,1
req005239,u2599,1,0,0,0,-1.0,-1.0,0
req002119,u2600,1,1,0,0,-1.0,-1.0,0
req002124,u2600,2,1,0,1,5.0,5.0,1
req005182,u2600,3,1,0,1,3063.0,3063.0,1
req002477,u2601,1,0,0,0,-1.0,-1.0,0
req004214,u2601,2,0,0,0,-1.0,-1.0,0
req001805,u2603,1,0,0,0,-1.0,-1.0,0
req002582,u2603,2,1,0,0,-1.0,-1.0,0
req002945,u2606,1,0,0,0,-1.0,-1.0,0
req005479,u2607,1,0,0,0,-1.0,-1.0,0
req007240,u2607,2,0,0,0,-1.0,-1.0,0
req006270,u2608,1,0,0,0,-1.0,-1.0,0
req007339,u2612,1,0,0,0,-1.0,-1.0,0
req008239,u2612,2,0,0,0,-1.0,-1.0,0
req002005,u2613,1,0,0,0,-1.0,-1.0,0
req006942,u2613,2,0,0,0,-1.0,-1.0,0
req001544,u2615,1,0,0,0,-1.0,-1.0,0
req004176,u2615,2,0,0,0,-1.0,-1.0,0
req009945,u2615,3,0,0,0,-1.0,-1.0,0
req009990,u2617,1,0,0,0,-1.0,-1.0,0
req006599,u2620,1,0,0,0,-1.0,-1.0,0
req003059,u2622,1,0,0,0,-1.0,-1.0,0
req007469,u2622,2,0,0,0,-1.0,-1.0,0
req003526,u2623,1,0,0,0,-1.0,-1.0,0
req009011,u2623,2,0,0,0,-1.0,-1.0,0
req004751,u2624,1,1,0,0,-1.0,-1.0,0
req008081,u2624,2,1,0,1,3330.0,3330.0,1
req008157,u2624,3,1,0,1,3406.0,3406.0,1
req003382,u2629,1,0,0,0,-1.0,-1.0,0
req000959,u2630,1,0,0,0,-1.0,-1.0,0
req009182,u2630,2,1,0,0,-1.0,-1.0,0
req009543,u2630,3,1,0,1,361.0,361.0,1
req004291,u2631,1,0,0,0,-1.0,-1.0,0
req005644,u2631,2,0,0,0,-1.0,-1.0,0
req002335,u2633,1,0,0,0,-1.0,-1.0,0
req007248,u2633,2,1,0,0,-1.0,-1.0,0
req007577,u2633,3,2,0,1,329.0,329.0,1
req008089,u2634,1,0,0,0,-1.0,-1.0,0
req001971,u2635,1,0,0,0,-1.0,-1.0,0
req001580,u2636,1,0,0,0,-1.0,-1.0,0
req006040,u2636,2,0,0,0,-1.0,-1.0,0
req006302,u2636,3,1,0,0,-1.0,-1.0,0
req008854,u2639,1,0,0,0,-1.0,-1.0,0
req006088,u2641,1,0,0,0,-1.0,-1.0,0
req001707,u2642,1,0,0,0,-1.0,-1.0,0
req004440,u2642,2,1,0,0,-1.0,-1.0,0
req009143,u2642,3,1,0,1,4703.0,4703.0,0
req003122,u2643,1,1,0,0,-1.0,-1.0,0
req004017,u2643,2,1,0,1,895.0,895.0,1
req003324,u2644,1,0,0,0,-1.0,-1.0,0
req006101,u2645,1,1,0,0,-1.0,-1.0,0
req006904,u2649,1,0,0,0,-1.0,-1.0,0
req006619,u2650,1,1,0,0,-1.0,-1.0,0
req004265,u2652,1,0,0,0,-1.0,-1.0,0
req005745,u2654,1,0,0,0,-1.0,-1.0,0
req006681,u2654,2,0,0,0,-1.0,-1.0,0
req001529,u2655,1,0,0,0,-1.0,-1.0,0
req003865,u2656,1,0,0,0,-1.0,-1.0,0
req000378,u2658,1,0,0,0,-1.0,-1.0,0
req005474,u2658,2,1,0,0,-1.0,-1.0,0
req006294,u2658,3,1,0,1,820.0,820.0,1
req002543,u2659,1,0,0,0,-1.0,-1.0,0
req007796,u2659,2,0,0,0,-1.0,-1.0,0
req004938,u2660,1,0,0,0,-1.0,-1.0,0
req006025,u2660,2,0,0,0,-1.0,-1.0,0
req006720,u2660,3,0,0,0,-1.0,-1.0,0
req008013,u2661,1,0,0,0,-1.0,-1.0,0
req001895,u2662,1,0,0,0,-1.0,-1.0,0
req009097,u2663,1,0,0,0,-1.0,-1.0,0
req009837,u2665,1,0,0,0,-1.0,-1.0,0
req002856,u2666,1,0,0,0,-1.0,-1.0,0
req004842,u2667,1,0,0,0,-1.0,-1.0,0
req008504,u2667,2,0,0,0,-1.0,-1.0,0
req009558,u2667,3,0,0,0,-1.0,-1.0,0
req003693,u2668,1,0,0,0,-1.0,-1.0,0
req007148,u2668,2,0,0,0,-1.0,-1.0,0
req004380,u2669,1,0,0,0,-1.0,-1.0,0
req009628,u2669,2,0,0,0,-1.0,-1.0,0
req005025,u2670,1,0,0,0,-1.0,-1.0,0
req006837,u2673,1,0,0,0,-1.0,-1.0,0
req006076,u2674,1,0,0,0,-1.0,-1.0,0
req006956,u2674,2,0,0,0,-1.0,-1.0,0
req008445,u2674,3,0,0,0,-1.0,-1.0,0
req001844,u2675,1,0,0,0,-1.0,-1.0,0
req004376,u2675,2,0,0,0,-1.0,-1.0,0
req005885,u2675,3,0,0,0,-1.0,-1.0,0
req005348,u2676,1,0,0,0,-1.0,-1.0,0
req007009,u2676,2,0,0,0,-1.0,-1.0,0
req001613,u2680,1,0,0,0,-1.0,-1.0,0
req004308,u2680,2,0,0,0,-1.0,-1.0,0
req002583,u2681,1,0,0,0,-1.0,-1.0,0
req006146,u2681,2,0,0,0,-1.0,-1.0,0
req004454,u2683,1,1,0,0,-1.0,-1.0,0
req002759,u2684,1,0,0,0,-1.0,-1.0,0
req000906,u2685,1,0,0,0,-1.0,-1.0,0
req009362,u2685,2,1,0,0,-1.0,-1.0,0
req009451,u2685,3,1,0,1,89.0,89.0,1
req009505,u2686,1,0,0,0,-1.0,-1.0,0
req001335,u2687,1,0,0,0,-1.0,-1.0,0
req008687,u2688,1,1,0,0,-1.0,-1.0,0
req001321,u2689,1,0,0,0,-1.0,-1.0,0
req006951,u2689,2,0,0,0,-1.0,-1.0,0
req008815,u2689,3,0,0,0,-1.0,-1.0,0
req001270,u2691,1,0,0,0,-1.0,-1.0,0
req009220,u2691,2,0,0,0,-1.0,-1.0,0
req008102,u2692,1,0,0,0,-1.0,-1.0,0
req009847,u2692,2,0,0,0,-1.0,-1.0,0
req005701,u2693,1,0,0,0,-1.0,-1.0,0
req003041,u2694,1,0,0,0,-1.0,-1.0,0
req003344,u2694,2,0,0,0,-1.0,-1.0,0
req009123,u2694,3,0,0,0,-1.0,-1.0,0
req006844,u2697,1,0,0,0,-1.0,-1.0,0
req009084,u2697,2,1,0,0,-1.0,-1.0,0
req000431,u2699,1,0,0,0,-1.0,-1.0,0
req002495,u2699,2,1,0,0,-1.0,-1.0,0
req007362,u2699,3,1,0,1,4867.0,4867.0,0
req000981,u2701,1,0,0,0,-1.0,-1.0,0
req008661,u2702,1,0,0,0,-1.0,-1.0,0
req008760,u2702,2,0,0,0,-1.0,-1.0,0
req009077,u2702,3,0,0,0,-1.0,-1.0,0
req000396,u2703,1,0,0,0,-1.0,-1.0,0
req003557,u2703,2,0,0,0,-1.0,-1.0,0
req007693,u2703,3,0,0,0,-1.0,-1.0,0
req000589,u2705,1,0,0,0,-1.0,-1.0,0
req003483,u2706,1,0,0,0,-1.0,-1.0,0
req006073,u2707,1,0,0,0,-1.0,-1.0,0
req001288,u2710,1,0,0,0,-1.0,-1.0,0
req003426,u2710,2,0,0,0,-1.0,-1.0,0
req005385,u2710,3,1,0,0,-1.0,-1.0,0
req007856,u2712,1,0,0,0,-1.0,-1.0,0
req008367,u2713,1,0,0,0,-1.0,-1.0,0
req009010,u2713,2,1,0,0,-1.0,-1.0,0
req001846,u2715,1,0,0,0,-1.0,-1.0,0
req004963,u2715,2,1,0,0,-1.0,-1.0,0
req006292,u2715,3,2,0,1,1329.0,1329.0,1
req008782,u2715,4,2,0,2,3154.5,2490.0,1
req006867,u2716,1,1,0,0,-1.0,-1.0,0
req003061,u2718,1,1,0,0,-1.0,-1.0,0
req006282,u2718,2,1,0,1,3221.0,3221.0,1
req009517,u2719,1,0,0,0,-1.0,-1.0,0
req003098,u2721,1,0,0,0,-1.0,-1.0,0
req002942,u2722,1,0,0,0,-1.0,-1.0,0
req008551,u2722,2,0,0,0,-1.0,-1.0,0
req005220,u2723,1,0,0,0,-1.0,-1.0,0
req001853,u2725,1,0,0,0,-1.0,-1.0,0
req005833,u2728,1,0,0,0,-1.0,-1.0,0
req003671,u2729,1,0,0,0,-1.0,-1.0,0
req006165,u2729,2,0,0,0,-1.0,-1.0,0
req004845,u2730,1,0,0,0,-1.0,-1.0,0
req005460,u2734,1,0,0,0,-1.0,-1.0,0
req008123,u2735,1,0,0,0,-1.0,-1.0,0
req005358,u2736,1,0,0,0,-1.0,-1.0,0
req005632,u2736,2,0,0,0,-1.0,-1.0,0
req001612,u2738,1,0,0,0,-1.0,-1.0,0
req002794,u2739,1,0,0,0,-1.0,-1.0,0
req003705,u2740,1,0,0,0,-1.0,-1.0,0
req000304,u2742,1,0,0,0,-1.0,-1.0,0
req005468,u2743,1,0,0,0,-1.0,-1.0,0
req001075,u2747,1,0,0,0,-1.0,-1.0,0
req000526,u2749,1,0,0,0,-1.0,-1.0,0
req006902,u2750,1,0,0,0,-1.0,-1.0,0
req002764,u2751,1,0,0,0,-1.0,-1.0,0
req003195,u2752,1,0,0,0,-1.0,-1.0,0
req005223,u2753,1,0,0,0,-1.0,-1.0,0
req003180,u2754,1,0,0,0,-1.0,-1.0,0
req003892,u2754,2,0,0,0,-1.0,-1.0,0
req004098,u2754,3,1,0,0,-1.0,-1.0,0
req004115,u2754,4,1,0,1,17.0,17.0,1
req009162,u2755,1,0,0,0,-1.0,-1.0,0
req006887,u2756,1,0,0,0,-1.0,-1.0,0
req003241,u2757,1,1,1,0,-1.0,-1.0,0
req003161,u2758,1,0,0,0,-1.0,-1.0,0
req004685,u2758,2,0,0,0,-1.0,-1.0,0
req005832,u2758,3,0,0,0,-1.0,-1.0,0
req009739,u2758,4,0,0,0,-1.0,-1.0,0
req001323,u2760,1,0,0,0,-1.0,-1.0,0
req003268,u2760,2,0,0,0,-1.0,-1.0,0
req003399,u2761,1,0,0,0,-1.0,-1.0,0
req003544,u2761,2,0,0,0,-1.0,-1.0,0
req008947,u2761,3,0,0,0,-1.0,-1.0,0
req002466,u2762,1,0,0,0,-1.0,-1.0,0
req009973,u2763,1,0,0,0,-1.0,-1.0,0
req007024,u2764,1,0,0,0,-1.0,-1.0,0
req001067,u2765,1,0,0,0,-1.0,-1.0,0
req000961,u2767,1,0,0,0,-1.0,-1.0,0
req001614,u2769,1,0,0,0,-1.0,-1.0,0
req004421,u2769,2,0,0,0,-1.0,-1.0,0
req001263,u2770,1,0,0,0,-1.0,-1.0,0
req001400,u2771,1,0,0,0,-1.0,-1.0,0
req007954,u2772,1,0,0,0,-1.0,-1.0,0
req003644,u2773,1,0,0,0,-1.0,-1.0,0
req005082,u2773,2,0,0,0,-1.0,-1.0,0
req003577,u2775,1,1,1,0,-1.0,-1.0,0
req008664,u2776,1,0,0,0,-1.0,-1.0,0
req004874,u2777,1,0,0,0,-1.0,-1.0,0
req007239,u2777,2,0,0,0,-1.0,-1.0,0
req000951,u2778,1,0,0,0,-1.0,-1.0,0
req008713,u2778,2,0,0,0,-1.0,-1.0,0
req009579,u2779,1,0,0,0,-1.0,-1.0,0
req008450,u2780,1,0,0,0,-1.0,-1.0,0
req005344,u2781,1,0,0,0,-1.0,-1.0,0
req007215,u2781,2,1,0,0,-1.0,-1.0,0
req008490,u2786,1,0,0,0,-1.0,-1.0,0
req001475,u2787,1,0,0,0,-1.0,-1.0,0
req001546,u2787,2,0,0,0,-1.0,-1.0,0
req001978,u2787,3,0,0,0,-1.0,-1.0,0
req004494,u2787,4,0,0,0,-1.0,-1.0,0
req000384,u2788,1,0,0,0,-1.0,-1.0,0
req002686,u2788,2,0,0,0,-1.0,-1.0,0
req000109,u2789,1,1,0,0,-1.0,-1.0,0
req004810,u2789,2,1,0,1,4701.0,4701.0,0
req004847,u2789,3,1,0,1,4738.0,4738.0,0
req007650,u2789,4,1,0,1,7541.0,7541.0,0
req004737,u2790,1,0,0,0,-1.0,-1.0,0
req005435,u2790,2,0,0,0,-1.0,-1.0,0
req005822,u2790,3,0,0,0,-1.0,-1.0,0
req001153,u2791,1,0,0,0,-1.0,-1.0,0
req004036,u2793,1,0,0,0,-1.0,-1.0,0
req006128,u2793,2,0,0,0,-1.0,-1.0,0
req002560,u2795,1,0,0,0,-1.0,-1.0,0
req002868,u2795,2,0,0,0,-1.0,-1.0,0
req000024,u2796,1,0,0,0,-1.0,-1.0,0
req005396,u2796,2,0,0,0,-1.0,-1.0,0
req001624,u2797,1,0,0,0,-1.0,-1.0,0
req006737,u2798,1,0,0,0,-1.0,-1.0,0
req008656,u2798,2,0,0,0,-1.0,-1.0,0
req009439,u2799,1,0,0,0,-1.0,-1.0,0
req006631,u2800,1,0,0,0,-1.0,-1.0,0
req001272,u2802,1,0,0,0,-1.0,-1.0,0
req002044,u2802,2,0,0,0,-1.0,-1.0,0
req003578,u2803,1,1,0,0,-1.0,-1.0,0
req008541,u2804,1,0,0,0,-1.0,-1.0,0
req008698,u2804,2,0,0,0,-1.0,-1.0,0
req009547,u2804,3,0,0,0,-1.0,-1.0,0
req001192,u2805,1,0,0,0,-1.0,-1.0,0
req007354,u2805,2,0,0,0,-1.0,-1.0,0
req007404,u2805,3,0,0,0,-1.0,-1.0,0
req000085,u2806,1,1,0,0,-1.0,-1.0,0
req006932,u2807,1,0,0,0,-1.0,-1.0,0
req003818,u2808,1,0,0,0,-1.0,-1.0,0
req003593,u2809,1,0,0,0,-1.0,-1.0,0
req005318,u2809,2,0,0,0,-1.0,-1.0,0
req000771,u2810,1,1,0,0,-1.0,-1.0,0
req002192,u2810,2,1,0,1,1421.0,1421.0,1
req000062,u2812,1,0,0,0,-1.0,-1.0,0
req000188,u2812,2,0,0,0,-1.0,-1.0,0
req002833,u2813,1,0,0,0,-1.0,-1.0,0
req000478,u2815,1,0,0,0,-1.0,-1.0,0
req003273,u2815,2,0,0,0,-1.0,-1.0,0
req009434,u2815,3,0,0,0,-1.0,-1.0,0
req004218,u2816,1,0,0,0,-1.0,-1.0,0
req007065,u2816,2,0,0,0,-1.0,-1.0,0
req007706,u2816,3,0,0,0,-1.0,-1.0,0
req004453,u2817,1,0,0,0,-1.0,-1.0,0
req005007,u2817,2,0,0,0,-1.0,-1.0,0
req000137,u2818,1,0,0,0,-1.0,-1.0,0
req005421,u2818,2,0,0,0,-1.0,-1.0,0
req001302,u2819,1,0,0,0,-1.0,-1.0,0
req007998,u2821,1,0,0,0,-1.0,-1.0,0
req000326,u2822,1,0,0,0,-1.0,-1.0,0
req002531,u2822,2,0,0,0,-1.0,-1.0,0
req002611,u2823,1,0,0,0,-1.0,-1.0,0
req006925,u2825,1,0,0,0,-1.0,-1.0,0
req007828,u2826,1,0,0,0,-1.0,-1.0,0
req003030,u2829,1,0,0,0,-1.0,-1.0,0
req007352,u2829,2,1,0,0,-1.0,-1.0,0
req006740,u2831,1,0,0,0,-1.0,-1.0,0
req008729,u2831,2,1,0,0,-1.0,-1.0,0
req005247,u2832,1,0,0,0,-1.0,-1.0,0
req009366,u2832,2,0,0,0,-1.0,-1.0,0
req003926,u2833,1,1,0,0,-1.0,-1.0,0
req008416,u2838,1,1,0,0,-1.0,-1.0,0
req009106,u2838,2,1,0,1,690.0,690.0,1
req009277,u2841,1,0,0,0,-1.0,-1.0,0
req000477,u2843,1,0,0,0,-1.0,-1.0,0
req008151,u2844,1,0,0,0,-1.0,-1.0,0
req008333,u2844,2,0,0,0,-1.0,-1.0,0
req006068,u2845,1,0,0,0,-1.0,-1.0,0
req009674,u2845,2,0,0,0,-1.0,-1.0,0
req001553,u2846,1,0,0,0,-1.0,-1.0,0
req002932,u2847,1,1,0,0,-1.0,-1.0,0
req000853,u2848,1,0,0,0,-1.0,-1.0,0
req002899,u2848,2,0,0,0,-1.0,-1.0,0
req005456,u2850,1,1,0,0,-1.0,-1.0,0
req002286,u2851,1,0,0,0,-1.0,-1.0,0
req008918,u2853,1,0,0,0,-1.0,-1.0,0
req004777,u2854,1,0,0,0,-1.0,-1.0,0
req004135,u2855,1,0,0,0,-1.0,-1.0,0
req008796,u2856,1,0,0,0,-1.0,-1.0,0
req004735,u2857,1,1,0,0,-1.0,-1.0,0
req005121,u2859,1,0,0,0,-1.0,-1.0,0
req007231,u2859,2,0,0,0,-1.0,-1.0,0
req000316,u2860,1,1,0,0,-1.0,-1.0,0
req003247,u2860,2,1,0,1,2931.0,2931.0,1
req008271,u2860,3,1,0,1,7955.0,7955.0,0
req006533,u2861,1,0,0,0,-1.0,-1.0,0
req004102,u2865,1,0,0,0,-1.0,-1.0,0
req007140,u2866,1,0,0,0,-1.0,-1.0,0
req000047,u2867,1,0,0,0,-1.0,-1.0,0
req001618,u2867,2,0,0,0,-1.0,-1.0,0
req007482,u2868,1,0,0,0,-1.0,-1.0,0
req009536,u2868,2,0,0,0,-1.0,-1.0,0
req006560,u2870,1,0,0,0,-1.0,-1.0,0
req000572,u2872,1,0,0,0,-1.0,-1.0,0
req003799,u2873,1,0,0,0,-1.0,-1.0,0
req009280,u2874,1,0,0,0,-1.0,-1.0,0
req002214,u2875,1,0,0,0,-1.0,-1.0,0
req000319,u2876,1,1,0,0,-1.0,-1.0,0
req000452,u2876,2,1,0,1,133.0,133.0,1
req001915,u2876,3,1,0,1,1596.0,1596.0,1
req004458,u2876,4,1,0,1,4139.0,4139.0,0
req007646,u2878,1,0,0,0,-1.0,-1.0,0
req001716,u2884,1,0,0,0,-1.0,-1.0,0
req003477,u2884,2,0,0,0,-1.0,-1.0,0
req000817,u2885,1,0,0,0,-1.0,-1.0,0
req004950,u2885,2,1,0,0,-1.0,-1.0,0
req003943,u2886,1,0,0,0,-1.0,-1.0,0
req003880,u2888,1,0,0,0,-1.0,-1.0,0
req005047,u2888,2,0,0,0,-1.0,-1.0,0
req003840,u2890,1,0,0,0,-1.0,-1.0,0
req006179,u2890,2,1,1,0,-1.0,-1.0,0
req005977,u2891,1,0,0,0,-1.0,-1.0,0
req005010,u2892,1,1,0,0,-1.0,-1.0,0
req007986,u2893,1,0,0,0,-1.0,-1.0,0
req001955,u2896,1,0,0,0,-1.0,-1.0,0
req007531,u2896,2,0,0,0,-1.0,-1.0,0
req001687,u2897,1,0,0,0,-1.0,-1.0,0
req001917,u2897,2,0,0,0,-1.0,-1.0,0
req000107,u2898,1,0,0,0,-1.0,-1.0,0
req000634,u2898,2,0,0,0,-1.0,-1.0,0
req002078,u2898,3,1,1,0,-1.0,-1.0,0
req003497,u2898,4,1,1,1,1419.0,1419.0,1
req007472,u2901,1,0,0,0,-1.0,-1.0,0
req005228,u2902,1,0,0,0,-1.0,-1.0,0
req000077,u2904,1,0,0,0,-1.0,-1.0,0
req002601,u2905,1,0,0,0,-1.0,-1.0,0
req007668,u2905,2,0,0,0,-1.0,-1.0,0
req008195,u2905,3,0,0,0,-1.0,-1.0,0
req001121,u2906,1,0,0,0,-1.0,-1.0,0
req003367,u2907,1,0,0,0,-1.0,-1.0,0
req005029,u2908,1,0,0,0,-1.0,-1.0,0
req005705,u2908,2,1,0,0,-1.0,-1.0,0
req007381,u2908,3,1,0,1,1676.0,1676.0,1
req000243,u2909,1,1,0,0,-1.0,-1.0,0
req003427,u2909,2,1,0,1,3184.0,3184.0,1
req003619,u2911,1,0,0,0,-1.0,-1.0,0
req003229,u2912,1,0,0,0,-1.0,-1.0,0
req000632,u2913,1,0,0,0,-1.0,-1.0,0
req000711,u2913,2,0,0,0,-1.0,-1.0,0
req007271,u2914,1,1,0,0,-1.0,-1.0,0
req003713,u2915,1,0,0,0,-1.0,-1.0,0
req003873,u2918,1,0,0,0,-1.0,-1.0,0
req009786,u2918,2,0,0,0,-1.0,-1.0,0
req004620,u2919,1,0,0,0,-1.0,-1.0,0
req000979,u2920,1,0,0,0,-1.0,-1.0,0
req000097,u2921,1,0,0,0,-1.0,-1.0,0
req002940,u2921,2,0,0,0,-1.0,-1.0,0
req005077,u2921,3,0,0,0,-1.0,-1.0,0
req003420,u2923,1,0,0,0,-1.0,-1.0,0
req006690,u2923,2,0,0,0,-1.0,-1.0,0
req003078,u2924,1,1,0,0,-1.0,-1.0,0
req005493,u2926,1,0,0,0,-1.0,-1.0,0
req005567,u2927,1,0,0,0,-1.0,-1.0,0
req004258,u2928,1,0,0,0,-1.0,-1.0,0
req005554,u2928,2,0,0,0,-1.0,-1.0,0
req008601,u2929,1,1,0,0,-1.0,-1.0,0
req001760,u2931,1,0,0,0,-1.0,-1.0,0
req005272,u2932,1,0,0,0,-1.0,-1.0,0
req008387,u2935,1,0,0,0,-1.0,-1.0,0
req009085,u2935,2,1,0,0,-1.0,-1.0,0
req002037,u2936,1,0,0,0,-1.0,-1.0,0
req006061,u2936,2,0,0,0,-1.0,-1.0,0
req001005,u2937,1,0,0,0,-1.0,-1.0,0
req009430,u2937,2,0,0,0,-1.0,-1.0,0
req002499,u2939,1,1,0,0,-1.0,-1.0,0
req006853,u2939,2,1,0,1,4354.0,4354.0,0
req008182,u2940,1,0,0,0,-1.0,-1.0,0
req008483,u2940,2,1,0,0,-1.0,-1.0,0
req004373,u2948,1,0,0,0,-1.0,-1.0,0
req002593,u2949,1,0,0,0,-1.0,-1.0,0
req005784,u2949,2,0,0,0,-1.0,-1.0,0
req006621,u2949,3,0,0,0,-1.0,-1.0,0
req006644,u2951,1,0,0,0,-1.0,-1.0,0
req002263,u2952,1,0,0,0,-1.0,-1.0,0
req001007,u2953,1,0,0,0,-1.0,-1.0,0
req002598,u2953,2,1,0,0,-1.0,-1.0,0
req008835,u2953,3,1,0,1,6237.0,6237.0,0
req004596,u2954,1,0,0,0,-1.0,-1.0,0
req005763,u2954,2,0,0,0,-1.0,-1.0,0
req008262,u2954,3,1,0,0,-1.0,-1.0,0
req000071,u2955,1,0,0,0,-1.0,-1.0,0
req007505,u2955,2,0,0,0,-1.0,-1.0,0
req000215,u2956,1,0,0,0,-1.0,-1.0,0
req003575,u2956,2,0,0,0,-1.0,-1.0,0
req002220,u2957,1,0,0,0,-1.0,-1.0,0
req002775,u2959,1,0,0,0,-1.0,-1.0,0
req002872,u2960,1,0,0,0,-1.0,-1.0,0
req007905,u2961,1,0,0,0,-1.0,-1.0,0
req008980,u2961,2,0,0,0,-1.0,-1.0,0
req000143,u2963,1,0,0,0,-1.0,-1.0,0
req005314,u2964,1,0,0,0,-1.0,-1.0,0
req009426,u2964,2,0,0,0,-1.0,-1.0,0
req002411,u2965,1,0,0,0,-1.0,-1.0,0
req005659,u2966,1,0,0,0,-1.0,-1.0,0
req005924,u2967,1,0,0,0,-1.0,-1.0,0
req001847,u2969,1,0,0,0,-1.0,-1.0,0
req002707,u2969,2,0,0,0,-1.0,-1.0,0
req003519,u2970,1,0,0,0,-1.0,-1.0,0
req006767,u2970,2,1,0,0,-1.0,-1.0,0
req001571,u2972,1,0,0,0,-1.0,-1.0,0
req002980,u2972,2,0,0,0,-1.0,-1.0,0
req008090,u2972,3,0,0,0,-1.0,-1.0,0
req002902,u2973,1,0,0,0,-1.0,-1.0,0
req001602,u2975,1,0,0,0,-1.0,-1.0,0
req003481,u2976,1,0,0,0,-1.0,-1.0,0
req006755,u2977,1,0,0,0,-1.0,-1.0,0
req009079,u2977,2,1,0,0,-1.0,-1.0,0
req009489,u2977,3,1,0,1,410.0,410.0,1
req006824,u2978,1,0,0,0,-1.0,-1.0,0
req003280,u2980,1,0,0,0,-1.0,-1.0,0
req005075,u2982,1,0,0,0,-1.0,-1.0,0
req009629,u2982,2,0,0,0,-1.0,-1.0,0
req001565,u2983,1,0,0,0,-1.0,-1.0,0
req009885,u2983,2,0,0,0,-1.0,-1.0,0
req008603,u2984,1,0,0,0,-1.0,-1.0,0
req001525,u2985,1,0,0,0,-1.0,-1.0,0
req001537,u2985,2,0,0,0,-1.0,-1.0,0
req003754,u2985,3,0,0,0,-1.0,-1.0,0
req006483,u2989,1,0,0,0,-1.0,-1.0,0
req005235,u2991,1,0,0,0,-1.0,-1.0,0
req004406,u2992,1,0,0,0,-1.0,-1.0,0
req004882,u2992,2,0,0,0,-1.0,-1.0,0
req008645,u2992,3,1,0,0,-1.0,-1.0,0
req000060,u2993,1,0,0,0,-1.0,-1.0,0
req009923,u2993,2,0,0,0,-1.0,-1.0,0
req000037,u2995,1,0,0,0,-1.0,-1.0,0
req006578,u2995,2,0,0,0,-1.0,-1.0,0
req006817,u2995,3,0,0,0,-1.0,-1.0,0
req006252,u2996,1,0,0,0,-1.0,-1.0,0
req006768,u2999,1,0,0,0,-1.0,-1.0,0
req007538,u2999,2,0,0,0,-1.0,-1.0,0
req007985,u2999,3,0,0,0,-1.0,-1.0,0
req001604,u3001,1,0,0,0,-1.0,-1.0,0
req007112,u3001,2,0,0,0,-1.0,-1.0,0
req007790,u3001,3,0,0,0,-1.0,-1.0,0
req003275,u3003,1,0,0,0,-1.0,-1.0,0
req001216,u3004,1,0,0,0,-1.0,-1.0,0
req004822,u3004,2,0,0,0,-1.0,-1.0,0
req004131,u3005,1,0,0,0,-1.0,-1.0,0
req006604,u3005,2,0,0,0,-1.0,-1.0,0
req001897,u3007,1,0,0,0,-1.0,-1.0,0
req003672,u3007,2,0,0,0,-1.0,-1.0,0
req006444,u3007,3,0,0,0,-1.0,-1.0,0
req007521,u3007,4,0,0,0,-1.0,-1.0,0
req000780,u3008,1,0,0,0,-1.0,-1.0,0
req006849,u3008,2,0,0,0,-1.0,-1.0,0
req007064,u3009,1,0,0,0,-1.0,-1.0,0
req001456,u3011,1,0,0,0,-1.0,-1.0,0
req004558,u3011,2,0,0,0,-1.0,-1.0,0
req008890,u3011,3,0,0,0,-1.0,-1.0,0
req006686,u3012,1,0,0,0,-1.0,-1.0,0
req008026,u3012,2,0,0,0,-1.0,-1.0,0
req001116,u3013,1,0,0,0,-1.0,-1.0,0
req000130,u3017,1,1,0,0,-1.0,-1.0,0
req000263,u3017,2,1,0,1,133.0,133.0,1
req006834,u3018,1,0,0,0,-1.0,-1.0,0
req003702,u3020,1,0,0,0,-1.0,-1.0,0
req004704,u3020,2,0,0,0,-1.0,-1.0,0
req005428,u3020,3,0,0,0,-1.0,-1.0,0
req000330,u3021,1,0,0,0,-1.0,-1.0,0
req003235,u3021,2,0,0,0,-1.0,-1.0,0
req004559,u3022,1,0,0,0,-1.0,-1.0,0
req007625,u3022,2,0,0,0,-1.0,-1.0,0
req006283,u3026,1,0,0,0,-1.0,-1.0,0
req008202,u3026,2,0,0,0,-1.0,-1.0,0
req009303,u3026,3,0,0,0,-1.0,-1.0,0
req002228,u3027,1,0,0,0,-1.0,-1.0,0
req003964,u3027,2,0,0,0,-1.0,-1.0,0
req000963,u3029,1,0,0,0,-1.0,-1.0,0
req001547,u3029,2,1,0,0,-1.0,-1.0,0
req001737,u3029,3,1,0,1,190.0,190.0,1
req001310,u3030,1,0,0,0,-1.0,-1.0,0
req005892,u3032,1,0,0,0,-1.0,-1.0,0
req000119,u3033,1,1,0,0,-1.0,-1.0,0
req001214,u3035,1,0,0,0,-1.0,-1.0,0
req004424,u3035,2,0,0,0,-1.0,-1.0,0
req003500,u3036,1,0,0,0,-1.0,-1.0,0
req007923,u3036,2,0,0,0,-1.0,-1.0,0
req003960,u3037,1,0,0,0,-1.0,-1.0,0
req004844,u3037,2,0,0,0,-1.0,-1.0,0
req007853,u3037,3,0,0,0,-1.0,-1.0,0
req006786,u3038,1,0,0,0,-1.0,-1.0,0
req007932,u3039,1,0,0,0,-1.0,-1.0,0
req002895,u3040,1,0,0,0,-1.0,-1.0,0
req004275,u3040,2,0,0,0,-1.0,-1.0,0
req005028,u3042,1,0,0,0,-1.0,-1.0,0
req000973,u3043,1,1,0,0,-1.0,-1.0,0
req004430,u3043,2,1,0,1,3457.0,3457.0,1
req002173,u3044,1,0,0,0,-1.0,-1.0,0
req006181,u3044,2,0,0,0,-1.0,-1.0,0
req000057,u3046,1,0,0,0,-1.0,-1.0,0
req008192,u3047,1,0,0,0,-1.0,-1.0,0
req009210,u3047,2,0,0,0,-1.0,-1.0,0
req000710,u3048,1,1,0,0,-1.0,-1.0,0
req007037,u3048,2,1,0,1,6327.0,6327.0,0
req008444,u3050,1,0,0,0,-1.0,-1.0,0
req000936,u3052,1,0,0,0,-1.0,-1.0,0
req009259,u3054,1,0,0,0,-1.0,-1.0,0
req004201,u3056,1,0,0,0,-1.0,-1.0,0
req005477,u3056,2,0,0,0,-1.0,-1.0,0
req006541,u3057,1,0,0,0,-1.0,-1.0,0
req009689,u3058,1,0,0,0,-1.0,-1.0,0
req007718,u3062,1,0,0,0,-1.0,-1.0,0
req007471,u3063,1,0,0,0,-1.0,-1.0,0
req008149,u3064,1,0,0,0,-1.0,-1.0,0
req002716,u3065,1,0,0,0,-1.0,-1.0,0
req004154,u3065,2,0,0,0,-1.0,-1.0,0
req000218,u3068,1,0,0,0,-1.0,-1.0,0
req001649,u3068,2,0,0,0,-1.0,-1.0,0
req001266,u3069,1,0,0,0,-1.0,-1.0,0
req000913,u3070,1,0,0,0,-1.0,-1.0,0
req003023,u3070,2,0,0,0,-1.0,-1.0,0
req008553,u3070,3,0,0,0,-1.0,-1.0,0
req004286,u3071,1,0,0,0,-1.0,-1.0,0
req000671,u3072,1,1,0,0,-1.0,-1.0,0
req004386,u3072,2,1,0,1,3715.0,3715.0,0
req005461,u3075,1,0,0,0,-1.0,-1.0,0
req008574,u3076,1,0,0,0,-1.0,-1.0,0
req000627,u3081,1,0,0,0,-1.0,-1.0,0
req006212,u3081,2,1,0,0,-1.0,-1.0,0
req006408,u3081,3,1,0,1,196.0,196.0,1
req006782,u3082,1,0,0,0,-1.0,-1.0,0
req001560,u3083,1,0,0,0,-1.0,-1.0,0
req002045,u3083,2,0,0,0,-1.0,-1.0,0
req003862,u3083,3,1,0,0,-1.0,-1.0,0
req000332,u3087,1,1,0,0,-1.0,-1.0,0
req004335,u3087,2,1,0,1,4003.0,4003.0,0
req000239,u3088,1,0,0,0,-1.0,-1.0,0
req003181,u3088,2,0,0,0,-1.0,-1.0,0
req007618,u3089,1,0,0,0,-1.0,-1.0,0
req001352,u3090,1,0,0,0,-1.0,-1.0,0
req001441,u3090,2,0,0,0,-1.0,-1.0,0
req005834,u3090,3,0,0,0,-1.0,-1.0,0
req003213,u3091,1,0,0,0,-1.0,-1.0,0
req003911,u3092,1,0,0,0,-1.0,-1.0,0
req002687,u3093,1,0,0,0,-1.0,-1.0,0
req009745,u3093,2,0,0,0,-1.0,-1.0,0
req006625,u3094,1,0,0,0,-1.0,-1.0,0
req008668,u3095,1,0,0,0,-1.0,-1.0,0
req001522,u3096,1,0,0,0,-1.0,-1.0,0
req002323,u3096,2,0,0,0,-1.0,-1.0,0
req001315,u3097,1,0,0,0,-1.0,-1.0,0
req004873,u3097,2,0,0,0,-1.0,-1.0,0
req005457,u3097,3,0,0,0,-1.0,-1.0,0
req004146,u3098,1,0,0,0,-1.0,-1.0,0
req005932,u3099,1,0,0,0,-1.0,-1.0,0
req008280,u3100,1,0,0,0,-1.0,-1.0,0
req009927,u3102,1,1,0,0,-1.0,-1.0,0
req007268,u3103,1,0,0,0,-1.0,-1.0,0
req007588,u3103,2,0,0,0,-1.0,-1.0,0
req009696,u3103,3,0,0,0,-1.0,-1.0,0
req004195,u3105,1,0,0,0,-1.0,-1.0,0
req006379,u3107,1,0,0,0,-1.0,-1.0,0
req002359,u3108,1,0,0,0,-1.0,-1.0,0
req004182,u3108,2,0,0,0,-1.0,-1.0,0
req002241,u3109,1,0,0,0,-1.0,-1.0,0
req002844,u3110,1,0,0,0,-1.0,-1.0,0
req002576,u3111,1,0,0,0,-1.0,-1.0,0
req004506,u3114,1,1,0,0,-1.0,-1.0,0
req009759,u3114,2,1,0,1,5253.0,5253.0,0
req002752,u3115,1,0,0,0,-1.0,-1.0,0
req008870,u3117,1,1,1,0,-1.0,-1.0,0
req006383,u3119,1,0,0,0,-1.0,-1.0,0
req004636,u3120,1,0,0,0,-1.0,-1.0,0
req008841,u3120,2,0,0,0,-1.0,-1.0,0
req007098,u3121,1,0,0,0,-1.0,-1.0,0
req006506,u3123,1,0,0,0,-1.0,-1.0,0
req002505,u3125,1,0,0,0,-1.0,-1.0,0
req007144,u3127,1,0,0,0,-1.0,-1.0,0
req008508,u3128,1,1,0,0,-1.0,-1.0,0
req000054,u3129,1,0,0,0,-1.0,-1.0,0
req001162,u3129,2,0,0,0,-1.0,-1.0,0
req001710,u3129,3,0,0,0,-1.0,-1.0,0
req009704,u3130,1,1,0,0,-1.0,-1.0,0
req002660,u3131,1,0,0,0,-1.0,-1.0,0
req002906,u3131,2,0,0,0,-1.0,-1.0,0
req004913,u3131,3,0,0,0,-1.0,-1.0,0
req009155,u3131,4,0,0,0,-1.0,-1.0,0
req004541,u3132,1,0,0,0,-1.0,-1.0,0
req001403,u3134,1,0,0,0,-1.0,-1.0,0
req001998,u3134,2,0,0,0,-1.0,-1.0,0
req003018,u3134,3,1,0,0,-1.0,-1.0,0
req009398,u3134,4,1,0,1,6380.0,6380.0,0
req006405,u3135,1,0,0,0,-1.0,-1.0,0
req003088,u3136,1,1,0,0,-1.0,-1.0,0
req005230,u3136,2,1,0,1,2142.0,2142.0,1
req000877,u3137,1,0,0,0,-1.0,-1.0,0
req006611,u3138,1,0,0,0,-1.0,-1.0,0
req006847,u3138,2,0,0,0,-1.0,-1.0,0
req001670,u3139,1,0,0,0,-1.0,-1.0,0
req002620,u3139,2,0,0,0,-1.0,-1.0,0
req009698,u3139,3,0,0,0,-1.0,-1.0,0
req009067,u3140,1,0,0,0,-1.0,-1.0,0
req000004,u3141,1,0,0,0,-1.0,-1.0,0
req001647,u3143,1,1,0,0,-1.0,-1.0,0
req000614,u3145,1,1,0,0,-1.0,-1.0,0
req007698,u3145,2,1,0,1,7084.0,7084.0,0
req002866,u3146,1,0,0,0,-1.0,-1.0,0
req009590,u3147,1,0,0,0,-1.0,-1.0,0
req002460,u3148,1,0,0,0,-1.0,-1.0,0
req004400,u3148,2,1,0,0,-1.0,-1.0,0
req005638,u3148,3,1,0,1,1238.0,1238.0,1
req006173,u3148,4,1,0,1,1773.0,1773.0,1
req004397,u3150,1,0,0,0,-1.0,-1.0,0
req001810,u3152,1,0,0,0,-1.0,-1.0,0
req005181,u3153,1,0,0,0,-1.0,-1.0,0
req006664,u3153,2,0,0,0,-1.0,-1.0,0
req003697,u3156,1,0,0,0,-1.0,-1.0,0
req005785,u3156,2,0,0,0,-1.0,-1.0,0
req008307,u3156,3,1,0,0,-1.0,-1.0,0
req000724,u3158,1,0,0,0,-1.0,-1.0,0
req003339,u3159,1,0,0,0,-1.0,-1.0,0
req007332,u3159,2,0,0,0,-1.0,-1.0,0
req000503,u3160,1,0,0,0,-1.0,-1.0,0
req006725,u3163,1,0,0,0,-1.0,-1.0,0
req009801,u3164,1,0,0,0,-1.0,-1.0,0
req009933,u3164,2,0,0,0,-1.0,-1.0,0
req003673,u3165,1,0,0,0,-1.0,-1.0,0
req007620,u3165,2,0,0,0,-1.0,-1.0,0
req002175,u3166,1,0,0,0,-1.0,-1.0,0
req003610,u3166,2,0,0,0,-1.0,-1.0,0
req006075,u3166,3,0,0,0,-1.0,-1.0,0
req004147,u3167,1,0,0,0,-1.0,-1.0,0
req004584,u3168,1,0,0,0,-1.0,-1.0,0
req006134,u3168,2,0,0,0,-1.0,-1.0,0
req007564,u3171,1,0,0,0,-1.0,-1.0,0
req000213,u3172,1,0,0,0,-1.0,-1.0,0
req000712,u3173,1,0,0,0,-1.0,-1.0,0
req000507,u3175,1,0,0,0,-1.0,-1.0,0
req008082,u3175,2,0,0,0,-1.0,-1.0,0
req009470,u3177,1,0,0,0,-1.0,-1.0,0
req005528,u3178,1,0,0,0,-1.0,-1.0,0
req008361,u3178,2,0,0,0,-1.0,-1.0,0
req002252,u3180,1,0,0,0,-1.0,-1.0,0
req007054,u3180,2,0,0,0,-1.0,-1.0,0
req006985,u3182,1,0,0,0,-1.0,-1.0,0
req000400,u3183,1,1,0,0,-1.0,-1.0,0
req005340,u3183,2,1,0,1,4940.0,4940.0,0
req006532,u3183,3,1,0,1,6132.0,6132.0,0
req006389,u3184,1,0,0,0,-1.0,-1.0,0
req007193,u3184,2,0,0,0,-1.0,-1.0,0
req001521,u3185,1,1,0,0,-1.0,-1.0,0
req003679,u3185,2,1,0,1,2158.0,2158.0,1
req000091,u3187,1,0,0,0,-1.0,-1.0,0
req007869,u3187,2,0,0,0,-1.0,-1.0,0
req009463,u3187,3,0,0,0,-1.0,-1.0,0
req008382,u3188,1,0,0,0,-1.0,-1.0,0
req008557,u3188,2,0,0,0,-1.0,-1.0,0
req005497,u3189,1,1,1,0,-1.0,-1.0,0
req007126,u3189,2,1,1,1,1629.0,1629.0,1
req007810,u3191,1,0,0,0,-1.0,-1.0,0
req008459,u3191,2,0,0,0,-1.0,-1.0,0
req007269,u3192,1,0,0,0,-1.0,-1.0,0
req000494,u3193,1,0,0,0,-1.0,-1.0,0
req004846,u3194,1,1,0,0,-1.0,-1.0,0
req004879,u3194,2,1,0,1,33.0,33.0,1
req002585,u3195,1,0,0,0,-1.0,-1.0,0
req002850,u3195,2,0,0,0,-1.0,-1.0,0
req005935,u3195,3,0,0,0,-1.0,-1.0,0
req000801,u3196,1,0,0,0,-1.0,-1.0,0
req001200,u3196,2,0,0,0,-1.0,-1.0,0
req004837,u3196,3,0,0,0,-1.0,-1.0,0
req008218,u3196,4,0,0,0,-1.0,-1.0,0
req000490,u3197,1,1,0,0,-1.0,-1.0,0
req007868,u3198,1,0,0,0,-1.0,-1.0,0
req008688,u3200,1,0,0,0,-1.0,-1.0,0
req000583,u3201,1,0,0,0,-1.0,-1.0,0
req006257,u3201,2,0,0,0,-1.0,-1.0,0
req001240,u3202,1,0,0,0,-1.0,-1.0,0
req003000,u3202,2,0,0,0,-1.0,-1.0,0
req003710,u3202,3,0,0,0,-1.0,-1.0,0
req005686,u3202,4,1,0,0,-1.0,-1.0,0
req004317,u3203,1,0,0,0,-1.0,-1.0,0
req004521,u3203,2,0,0,0,-1.0,-1.0,0
req004796,u3203,3,0,0,0,-1.0,-1.0,0
req007473,u3206,1,0,0,0,-1.0,-1.0,0
req005761,u3207,1,0,0,0,-1.0,-1.0,0
req006828,u3207,2,1,0,0,-1.0,-1.0,0
req004992,u3208,1,0,0,0,-1.0,-1.0,0
req008453,u3208,2,0,0,0,-1.0,-1.0,0
req008826,u3209,1,0,0,0,-1.0,-1.0,0
req008914,u3211,1,0,0,0,-1.0,-1.0,0
req009700,u3211,2,0,0,0,-1.0,-1.0,0
req005502,u3212,1,0,0,0,-1.0,-1.0,0
req006922,u3212,2,0,0,0,-1.0,-1.0,0
req009615,u3213,1,0,0,0,-1.0,-1.0,0
req000931,u3214,1,0,0,0,-1.0,-1.0,0
req003956,u3214,2,0,0,0,-1.0,-1.0,0
req008772,u3214,3,0,0,0,-1.0,-1.0,0
req008823,u3215,1,0,0,0,-1.0,-1.0,0
req009901,u3215,2,0,0,0,-1.0,-1.0,0
req006395,u3216,1,0,0,0,-1.0,-1.0,0
req009884,u3218,1,1,0,0,-1.0,-1.0,0
req004805,u3219,1,0,0,0,-1.0,-1.0,0
req001567,u3224,1,0,0,0,-1.0,-1.0,0
req005165,u3226,1,0,0,0,-1.0,-1.0,0
req007428,u3227,1,0,0,0,-1.0,-1.0,0
req008736,u3227,2,0,0,0,-1.0,-1.0,0
req007486,u3228,1,0,0,0,-1.0,-1.0,0
req000180,u3229,1,0,0,0,-1.0,-1.0,0
req004012,u3230,1,0,0,0,-1.0,-1.0,0
req003208,u3231,1,0,0,0,-1.0,-1.0,0
req003753,u3231,2,0,0,0,-1.0,-1.0,0
req008744,u3231,3,0,0,0,-1.0,-1.0,0
req004393,u3232,1,0,0,0,-1.0,-1.0,0
req005276,u3233,1,0,0,0,-1.0,-1.0,0
req003678,u3234,1,0,0,0,-1.0,-1.0,0
req005215,u3234,2,0,0,0,-1.0,-1.0,0
req005805,u3234,3,0,0,0,-1.0,-1.0,0
req001690,u3235,1,1,0,0,-1.0,-1.0,0
req006156,u3235,2,1,0,1,4466.0,4466.0,0
req001549,u3236,1,0,0,0,-1.0,-1.0,0
req002332,u3238,1,0,0,0,-1.0,-1.0,0
req003486,u3239,1,1,0,0,-1.0,-1.0,0
req006118,u3239,2,1,0,1,2632.0,2632.0,1
req007623,u3240,1,0,0,0,-1.0,-1.0,0
req005531,u3241,1,1,0,0,-1.0,-1.0,0
req006855,u3241,2,1,0,1,1324.0,1324.0,1
req003912,u3242,1,0,0,0,-1.0,-1.0,0
req006021,u3243,1,0,0,0,-1.0,-1.0,0
req004839,u3245,1,0,0,0,-1.0,-1.0,0
req001480,u3246,1,0,0,0,-1.0,-1.0,0
req001628,u3247,1,0,0,0,-1.0,-1.0,0
req009812,u3247,2,0,0,0,-1.0,-1.0,0
req000025,u3249,1,0,0,0,-1.0,-1.0,0
req000138,u3249,2,0,0,0,-1.0,-1.0,0
req003101,u3249,3,0,0,0,-1.0,-1.0,0
req004044,u3250,1,0,0,0,-1.0,-1.0,0
req006558,u3251,1,0,0,0,-1.0,-1.0,0
req000312,u3252,1,0,0,0,-1.0,-1.0,0
req001579,u3252,2,0,0,0,-1.0,-1.0,0
req006730,u3253,1,0,0,0,-1.0,-1.0,0
req008559,u3253,2,0,0,0,-1.0,-1.0,0
req007447,u3257,1,0,0,0,-1.0,-1.0,0
req002831,u3258,1,0,0,0,-1.0,-1.0,0
req000910,u3259,1,0,0,0,-1.0,-1.0,0
req005677,u3260,1,1,1,0,-1.0,-1.0,0
req007632,u3260,2,1,1,1,1955.0,1955.0,1
req009533,u3260,3,1,1,1,3856.0,3856.0,0
req005422,u3261,1,0,0,0,-1.0,-1.0,0
req006143,u3261,2,0,0,0,-1.0,-1.0,0
req008106,u3261,3,0,0,0,-1.0,-1.0,0
req002193,u3265,1,0,0,0,-1.0,-1.0,0
req005210,u3265,2,0,0,0,-1.0,-1.0,0
req005909,u3265,3,0,0,0,-1.0,-1.0,0
req000397,u3266,1,0,0,0,-1.0,-1.0,0
req001753,u3266,2,0,0,0,-1.0,-1.0,0
req003188,u3267,1,0,0,0,-1.0,-1.0,0
req003995,u3267,2,0,0,0,-1.0,-1.0,0
req008250,u3268,1,0,0,0,-1.0,-1.0,0
req003988,u3270,1,0,0,0,-1.0,-1.0,0
req006513,u3270,2,0,0,0,-1.0,-1.0,0
req008932,u3270,3,0,0,0,-1.0,-1.0,0
req008970,u3270,4,0,0,0,-1.0,-1.0,0
req008199,u3272,1,0,0,0,-1.0,-1.0,0
req008420,u3272,2,0,0,0,-1.0,-1.0,0
req007575,u3274,1,0,0,0,-1.0,-1.0,0
req004144,u3275,1,1,0,0,-1.0,-1.0,0
req007643,u3276,1,0,0,0,-1.0,-1.0,0
req002778,u3277,1,0,0,0,-1.0,-1.0,0
req007342,u3278,1,0,0,0,-1.0,-1.0,0
req008298,u3278,2,0,0,0,-1.0,-1.0,0
req006760,u3279,1,1,0,0,-1.0,-1.0,0
req004752,u3280,1,0,0,0,-1.0,-1.0,0
req006155,u3281,1,0,0,0,-1.0,-1.0,0
req003707,u3282,1,0,0,0,-1.0,-1.0,0
req004679,u3283,1,0,0,0,-1.0,-1.0,0
req006297,u3283,2,0,0,0,-1.0,-1.0,0
req007347,u3283,3,0,0,0,-1.0,-1.0,0
req008295,u3283,4,0,0,0,-1.0,-1.0,0
req005863,u3285,1,0,0,0,-1.0,-1.0,0
req007658,u3285,2,0,0,0,-1.0,-1.0,0
req004316,u3287,1,0,0,0,-1.0,-1.0,0
req000966,u3288,1,0,0,0,-1.0,-1.0,0
req002962,u3288,2,0,0,0,-1.0,-1.0,0
req008057,u3288,3,0,0,0,-1.0,-1.0,0
req009616,u3288,4,0,0,0,-1.0,-1.0,0
req009049,u3292,1,0,0,0,-1.0,-1.0,0
req008618,u3293,1,0,0,0,-1.0,-1.0,0
req001793,u3295,1,0,0,0,-1.0,-1.0,0
req008692,u3295,2,0,0,0,-1.0,-1.0,0
req004576,u3296,1,0,0,0,-1.0,-1.0,0
req001277,u3297,1,0,0,0,-1.0,-1.0,0
req000789,u3298,1,0,0,0,-1.0,-1.0,0
req008120,u3298,2,0,0,0,-1.0,-1.0,0
req009170,u3299,1,1,0,0,-1.0,-1.0,0
req007152,u3300,1,0,0,0,-1.0,-1.0,0
req002682,u3301,1,0,0,0,-1.0,-1.0,0
req005243,u3301,2,0,0,0,-1.0,-1.0,0
req005739,u3302,1,0,0,0,-1.0,-1.0,0
req006639,u3302,2,0,0,0,-1.0,-1.0,0
req007210,u3302,3,1,0,0,-1.0,-1.0,0
req008868,u3302,4,1,0,1,1658.0,1658.0,1
req005425,u3303,1,0,0,0,-1.0,-1.0,0
req001814,u3304,1,0,0,0,-1.0,-1.0,0
req007501,u3304,2,0,0,0,-1.0,-1.0,0
req000733,u3305,1,0,0,0,-1.0,-1.0,0
req003561,u3305,2,0,0,0,-1.0,-1.0,0
req004801,u3305,3,0,0,0,-1.0,-1.0,0
req006102,u3305,4,1,0,0,-1.0,-1.0,0
req003443,u3306,1,0,0,0,-1.0,-1.0,0
req003785,u3306,2,0,0,0,-1.0,-1.0,0
req006468,u3306,3,0,0,0,-1.0,-1.0,0
req007452,u3306,4,0,0,0,-1.0,-1.0,0
req007930,u3306,5,0,0,0,-1.0,-1.0,0
req009008,u3306,6,0,0,0,-1.0,-1.0,0
req006043,u3307,1,0,0,0,-1.0,-1.0,0
req004072,u3308,1,0,0,0,-1.0,-1.0,0
req007216,u3308,2,0,0,0,-1.0,-1.0,0
req001691,u3309,1,0,0,0,-1.0,-1.0,0
req001236,u3310,1,0,0,0,-1.0,-1.0,0
req003854,u3310,2,0,0,0,-1.0,-1.0,0
req009605,u3310,3,0,0,0,-1.0,-1.0,0
req002553,u3312,1,0,0,0,-1.0,-1.0,0
req004409,u3312,2,0,0,0,-1.0,-1.0,0
req008002,u3313,1,0,0,0,-1.0,-1.0,0
req006047,u3314,1,0,0,0,-1.0,-1.0,0
req006312,u3314,2,0,0,0,-1.0,-1.0,0
req002855,u3317,1,0,0,0,-1.0,-1.0,0
req009060,u3317,2,0,0,0,-1.0,-1.0,0
req001698,u3318,1,0,0,0,-1.0,-1.0,0
req002892,u3318,2,0,0,0,-1.0,-1.0,0
req006439,u3319,1,0,0,0,-1.0,-1.0,0
req004396,u3320,1,0,0,0,-1.0,-1.0,0
req004792,u3321,1,0,0,0,-1.0,-1.0,0
req008267,u3321,2,0,0,0,-1.0,-1.0,0
req008360,u3321,3,0,0,0,-1.0,-1.0,0
req000776,u3322,1,0,0,0,-1.0,-1.0,0
req002006,u3322,2,0,0,0,-1.0,-1.0,0
req002821,u3322,3,0,0,0,-1.0,-1.0,0
req003205,u3322,4,1,0,0,-1.0,-1.0,0
req005540,u3323,1,0,0,0,-1.0,-1.0,0
req001589,u3325,1,0,0,0,-1.0,-1.0,0
req002256,u3326,1,1,0,0,-1.0,-1.0,0
req007799,u3326,2,1,0,1,5543.0,5543.0,0
req004034,u3330,1,0,0,0,-1.0,-1.0,0
req002159,u3331,1,0,0,0,-1.0,-1.0,0
req002607,u3331,2,0,0,0,-1.0,-1.0,0
req001660,u3332,1,0,0,0,-1.0,-1.0,0
req008816,u3333,1,0,0,0,-1.0,-1.0,0
req007769,u3335,1,0,0,0,-1.0,-1.0,0
req007817,u3335,2,0,0,0,-1.0,-1.0,0
req007586,u3336,1,0,0,0,-1.0,-1.0,0
req009914,u3340,1,1,0,0,-1.0,-1.0,0
req000772,u3342,1,0,0,0,-1.0,-1.0,0
req005263,u3343,1,0,0,0,-1.0,-1.0,0
req008181,u3343,2,1,0,0,-1.0,-1.0,0
req008978,u3343,3,1,0,1,797.0,797.0,1
req000549,u3344,1,0,0,0,-1.0,-1.0,0
req003541,u3344,2,0,0,0,-1.0,-1.0,0
req000087,u3345,1,0,0,0,-1.0,-1.0,0
req003546,u3347,1,0,0,0,-1.0,-1.0,0
req004032,u3348,1,1,0,0,-1.0,-1.0,0
req003973,u3349,1,0,0,0,-1.0,-1.0,0
req008502,u3349,2,0,0,0,-1.0,-1.0,0
req006309,u3350,1,1,0,0,-1.0,-1.0,0
req005564,u3351,1,0,0,0,-1.0,-1.0,0
req006358,u3351,2,0,0,0,-1.0,-1.0,0
req000814,u3352,1,0,0,0,-1.0,-1.0,0
req004382,u3352,2,0,0,0,-1.0,-1.0,0
req008969,u3352,3,0,0,0,-1.0,-1.0,0
req002003,u3353,1,1,0,0,-1.0,-1.0,0
req002557,u3355,1,0,0,0,-1.0,-1.0,0
req002993,u3355,2,0,0,0,-1.0,-1.0,0
req007935,u3355,3,0,0,0,-1.0,-1.0,0
req003357,u3358,1,0,0,0,-1.0,-1.0,0
req000605,u3360,1,0,0,0,-1.0,-1.0,0
req004401,u3362,1,1,0,0,-1.0,-1.0,0
req005618,u3363,1,0,0,0,-1.0,-1.0,0
req000592,u3366,1,0,0,0,-1.0,-1.0,0
req003543,u3366,2,0,0,0,-1.0,-1.0,0
req004598,u3366,3,0,0,0,-1.0,-1.0,0
req005442,u3367,1,0,0,0,-1.0,-1.0,0
req007626,u3367,2,0,0,0,-1.0,-1.0,0
req009588,u3367,3,0,0,0,-1.0,-1.0,0
req001421,u3368,1,0,0,0,-1.0,-1.0,0
req003538,u3371,1,0,0,0,-1.0,-1.0,0
req008415,u3371,2,0,0,0,-1.0,-1.0,0
req009275,u3371,3,0,0,0,-1.0,-1.0,0
req004272,u3372,1,0,0,0,-1.0,-1.0,0
req005019,u3372,2,0,0,0,-1.0,-1.0,0
req007459,u3372,3,0,0,0,-1.0,-1.0,0
req009979,u3372,4,0,0,0,-1.0,-1.0,0
req006195,u3373,1,1,0,0,-1.0,-1.0,0
req006289,u3373,2,1,0,1,94.0,94.0,1
req001055,u3374,1,0,0,0,-1.0,-1.0,0
req009237,u3374,2,0,0,0,-1.0,-1.0,0
req009981,u3374,3,0,0,0,-1.0,-1.0,0
req000018,u3375,1,1,0,0,-1.0,-1.0,0
req001322,u3375,2,1,0,1,1304.0,1304.0,1
req006615,u3375,3,1,0,1,6597.0,6597.0,0
req004528,u3376,1,0,0,0,-1.0,-1.0,0
req009734,u3376,2,0,0,0,-1.0,-1.0,0
req001644,u3377,1,0,0,0,-1.0,-1.0,0
req004103,u3377,2,0,0,0,-1.0,-1.0,0
req007050,u3378,1,0,0,0,-1.0,-1.0,0
req009313,u3378,2,0,0,0,-1.0,-1.0,0
req001050,u3379,1,1,0,0,-1.0,-1.0,0
req002529,u3379,2,2,0,1,1479.0,1479.0,1
req008232,u3379,3,2,0,2,6442.5,5703.0,0
req001212,u3380,1,1,0,0,-1.0,-1.0,0
req005328,u3380,2,1,0,1,4116.0,4116.0,0
req005480,u3380,3,1,0,1,4268.0,4268.0,0
req005831,u3380,4,1,0,1,4619.0,4619.0,0
req006927,u3380,5,1,0,1,5715.0,5715.0,0
req007667,u3382,1,0,0,0,-1.0,-1.0,0
req000663,u3384,1,0,0,0,-1.0,-1.0,0
req001886,u3384,2,0,0,0,-1.0,-1.0,0
req003991,u3384,3,0,0,0,-1.0,-1.0,0
req001736,u3385,1,0,0,0,-1.0,-1.0,0
req002838,u3385,2,0,0,0,-1.0,-1.0,0
req001634,u3386,1,1,0,0,-1.0,-1.0,0
req006455,u3386,2,1,0,1,4821.0,4821.0,0
req006406,u3387,1,0,0,0,-1.0,-1.0,0
req002326,u3388,1,0,0,0,-1.0,-1.0,0
req009118,u3388,2,0,0,0,-1.0,-1.0,0
req009195,u3388,3,0,0,0,-1.0,-1.0,0
req002678,u3389,1,0,0,0,-1.0,-1.0,0
req000743,u3390,1,0,0,0,-1.0,-1.0,0
req006731,u3391,1,0,0,0,-1.0,-1.0,0
req005868,u3392,1,0,0,0,-1.0,-1.0,0
req006346,u3392,2,0,0,0,-1.0,-1.0,0
req000201,u3394,1,0,0,0,-1.0,-1.0,0
req009824,u3396,1,0,0,0,-1.0,-1.0,0
req006387,u3397,1,0,0,0,-1.0,-1.0,0
req009913,u3397,2,0,0,0,-1.0,-1.0,0
req004191,u3398,1,0,0,0,-1.0,-1.0,0
req007777,u3398,2,0,0,0,-1.0,-1.0,0
req008205,u3398,3,0,0,0,-1.0,-1.0,0
req000381,u3399,1,0,0,0,-1.0,-1.0,0
req006682,u3400,1,1,0,0,-1.0,-1.0,0
req006812,u3401,1,0,0,0,-1.0,-1.0,0
req008881,u3402,1,0,0,0,-1.0,-1.0,0
req004076,u3405,1,0,0,0,-1.0,-1.0,0
req000333,u3406,1,0,0,0,-1.0,-1.0,0
req005271,u3406,2,0,0,0,-1.0,-1.0,0
req005587,u3410,1,0,0,0,-1.0,-1.0,0
req006653,u3410,2,0,0,0,-1.0,-1.0,0
req009314,u3410,3,0,0,0,-1.0,-1.0,0
req002863,u3412,1,0,0,0,-1.0,-1.0,0
req002975,u3412,2,0,0,0,-1.0,-1.0,0
req004227,u3412,3,1,0,0,-1.0,-1.0,0
req004459,u3414,1,0,0,0,-1.0,-1.0,0
req006678,u3417,1,0,0,0,-1.0,-1.0,0
req008765,u3417,2,0,0,0,-1.0,-1.0,0
req000022,u3418,1,0,0,0,-1.0,-1.0,0
req007738,u3419,1,0,0,0,-1.0,-1.0,0
req004945,u3421,1,0,0,0,-1.0,-1.0,0
req004946,u3421,2,0,0,0,-1.0,-1.0,0
req000946,u3423,1,0,0,0,-1.0,-1.0,0
req004761,u3423,2,0,0,0,-1.0,-1.0,0
req006054,u3423,3,0,0,0,-1.0,-1.0,0
req003573,u3424,1,0,0,0,-1.0,-1.0,0
req006304,u3424,2,0,0,0,-1.0,-1.0,0
req007432,u3426,1,0,0,0,-1.0,-1.0,0
req008315,u3426,2,0,0,0,-1.0,-1.0,0
req009475,u3427,1,0,0,0,-1.0,-1.0,0
req002702,u3428,1,1,1,0,-1.0,-1.0,0
req004281,u3429,1,0,0,0,-1.0,-1.0,0
req005891,u3430,1,0,0,0,-1.0,-1.0,0
req001509,u3431,1,0,0,0,-1.0,-1.0,0
req000846,u3433,1,0,0,0,-1.0,-1.0,0
req003186,u3433,2,0,0,0,-1.0,-1.0,0
req005225,u3433,3,0,0,0,-1.0,-1.0,0
req002904,u3434,1,0,0,0,-1.0,-1.0,0
req009865,u3434,2,0,0,0,-1.0,-1.0,0
req001890,u3435,1,1,0,0,-1.0,-1.0,0
req005066,u3435,2,1,0,1,3176.0,3176.0,1
req007267,u3435,3,1,0,1,5377.0,5377.0,0
req003535,u3440,1,0,0,0,-1.0,-1.0,0
req004048,u3440,2,0,0,0,-1.0,-1.0,0
req005207,u3441,1,0,0,0,-1.0,-1.0,0
req008571,u3441,2,0,0,0,-1.0,-1.0,0
req009156,u3441,3,0,0,0,-1.0,-1.0,0
req009081,u3442,1,1,1,0,-1.0,-1.0,0
req008432,u3443,1,0,0,0,-1.0,-1.0,0
req008525,u3443,2,0,0,0,-1.0,-1.0,0
req001443,u3444,1,1,0,0,-1.0,-1.0,0
req003065,u3445,1,0,0,0,-1.0,-1.0,0
req004000,u3445,2,0,0,0,-1.0,-1.0,0
req000457,u3449,1,0,0,0,-1.0,-1.0,0
req006916,u3452,1,0,0,0,-1.0,-1.0,0
req007025,u3452,2,0,0,0,-1.0,-1.0,0
req005440,u3453,1,0,0,0,-1.0,-1.0,0
req000152,u3454,1,0,0,0,-1.0,-1.0,0
req001410,u3455,1,0,0,0,-1.0,-1.0,0
req001364,u3456,1,0,0,0,-1.0,-1.0,0
req004013,u3456,2,0,0,0,-1.0,-1.0,0
req004448,u3457,1,0,0,0,-1.0,-1.0,0
req004985,u3458,1,0,0,0,-1.0,-1.0,0
req001490,u3459,1,1,0,0,-1.0,-1.0,0
req005893,u3460,1,0,0,0,-1.0,-1.0,0
req004969,u3462,1,1,0,0,-1.0,-1.0,0
req006368,u3462,2,1,0,1,1399.0,1399.0,1
req000735,u3463,1,0,0,0,-1.0,-1.0,0
req007100,u3464,1,0,0,0,-1.0,-1.0,0
req005755,u3467,1,0,0,0,-1.0,-1.0,0
req001346,u3471,1,0,0,0,-1.0,-1.0,0
req006752,u3471,2,0,0,0,-1.0,-1.0,0
req009415,u3471,3,0,0,0,-1.0,-1.0,0
req005504,u3472,1,0,0,0,-1.0,-1.0,0
req007783,u3472,2,0,0,0,-1.0,-1.0,0
req009325,u3472,3,0,0,0,-1.0,-1.0,0
req007948,u3473,1,0,0,0,-1.0,-1.0,0
req008353,u3473,2,1,0,0,-1.0,-1.0,0
req001477,u3474,1,0,0,0,-1.0,-1.0,0
req006897,u3474,2,0,0,0,-1.0,-1.0,0
req008653,u3476,1,0,0,0,-1.0,-1.0,0
req008759,u3476,2,0,0,0,-1.0,-1.0,0
req003946,u3478,1,0,0,0,-1.0,-1.0,0
req005796,u3478,2,1,0,0,-1.0,-1.0,0
req006235,u3478,3,1,0,1,439.0,439.0,1
req004232,u3479,1,0,0,0,-1.0,-1.0,0
req004422,u3479,2,0,0,0,-1.0,-1.0,0
req007035,u3479,3,0,0,0,-1.0,-1.0,0
req008602,u3479,4,0,0,0,-1.0,-1.0,0
req009309,u3479,5,0,0,0,-1.0,-1.0,0
req002717,u3480,1,0,0,0,-1.0,-1.0,0
req000744,u3482,1,0,0,0,-1.0,-1.0,0
req007877,u3485,1,0,0,0,-1.0,-1.0,0
req008907,u3485,2,0,0,0,-1.0,-1.0,0
req005678,u3486,1,0,0,0,-1.0,-1.0,0
req006466,u3486,2,0,0,0,-1.0,-1.0,0
req000977,u3487,1,0,0,0,-1.0,-1.0,0
req006984,u3488,1,0,0,0,-1.0,-1.0,0
req009867,u3489,1,0,0,0,-1.0,-1.0,0
req004363,u3490,1,0,0,0,-1.0,-1.0,0
req005704,u3490,2,0,0,0,-1.0,-1.0,0
req008569,u3491,1,0,0,0,-1.0,-1.0,0
req004676,u3492,1,0,0,0,-1.0,-1.0,0
req004813,u3492,2,0,0,0,-1.0,-1.0,0
req001220,u3493,1,0,0,0,-1.0,-1.0,0
req002714,u3493,2,0,0,0,-1.0,-1.0,0
req006795,u3493,3,0,0,0,-1.0,-1.0,0
req005776,u3494,1,0,0,0,-1.0,-1.0,0
req008300,u3494,2,0,0,0,-1.0,-1.0,0
req002573,u3495,1,0,0,0,-1.0,-1.0,0
req004332,u3497,1,0,0,0,-1.0,-1.0,0
req006896,u3499,1,0,0,0,-1.0,-1.0,0
req009450,u3501,1,0,0,0,-1.0,-1.0,0
req001766,u3502,1,0,0,0,-1.0,-1.0,0
req001056,u3505,1,1,0,0,-1.0,-1.0,0
req009771,u3509,1,0,0,0,-1.0,-1.0,0
req001002,u3510,1,0,0,0,-1.0,-1.0,0
req002726,u3511,1,1,0,0,-1.0,-1.0,0
req007368,u3512,1,0,0,0,-1.0,-1.0,0
req005562,u3514,1,0,0,0,-1.0,-1.0,0
req009966,u3514,2,0,0,0,-1.0,-1.0,0
req002222,u3515,1,0,0,0,-1.0,-1.0,0
req002720,u3516,1,0,0,0,-1.0,-1.0,0
req003156,u3517,1,0,0,0,-1.0,-1.0,0
req005432,u3518,1,0,0,0,-1.0,-1.0,0
req005597,u3523,1,0,0,0,-1.0,-1.0,0
req003961,u3524,1,1,0,0,-1.0,-1.0,0
req007875,u3527,1,0,0,0,-1.0,-1.0,0
req001928,u3528,1,0,0,0,-1.0,-1.0,0
req009104,u3528,2,0,0,0,-1.0,-1.0,0
req006129,u3529,1,0,0,0,-1.0,-1.0,0
req004301,u3530,1,0,0,0,-1.0,-1.0,0
req008064,u3531,1,0,0,0,-1.0,-1.0,0
req004630,u3532,1,0,0,0,-1.0,-1.0,0
req009202,u3532,2,0,0,0,-1.0,-1.0,0
req005790,u3534,1,0,0,0,-1.0,-1.0,0
req008707,u3537,1,1,0,0,-1.0,-1.0,0
req000388,u3540,1,0,0,0,-1.0,-1.0,0
req006055,u3541,1,0,0,0,-1.0,-1.0,0
req007052,u3541,2,0,0,0,-1.0,-1.0,0
req000001,u3543,1,0,0,0,-1.0,-1.0,0
req006152,u3543,2,0,0,0,-1.0,-1.0,0
req006665,u3543,3,0,0,0,-1.0,-1.0,0
req001819,u3544,1,0,0,0,-1.0,-1.0,0
req004758,u3544,2,0,0,0,-1.0,-1.0,0
req000883,u3548,1,1,1,0,-1.0,-1.0,0
req006218,u3548,2,1,1,1,5335.0,5335.0,0
req006117,u3549,1,0,0,0,-1.0,-1.0,0
req006345,u3550,1,0,0,0,-1.0,-1.0,0
req000930,u3552,1,0,0,0,-1.0,-1.0,0
req000169,u3553,1,0,0,0,-1.0,-1.0,0
req000633,u3553,2,0,0,0,-1.0,-1.0,0
req005968,u3556,1,1,1,0,-1.0,-1.0,0
req007631,u3557,1,0,0,0,-1.0,-1.0,0
req009102,u3558,1,1,0,0,-1.0,-1.0,0
req002727,u3559,1,1,0,0,-1.0,-1.0,0
req005818,u3559,2,1,0,1,3091.0,3091.0,1
req000387,u3560,1,0,0,0,-1.0,-1.0,0
req007819,u3560,2,1,0,0,-1.0,-1.0,0
req002041,u3562,1,1,1,0,-1.0,-1.0,0
req003466,u3562,2,1,1,1,1425.0,1425.0,1
req005076,u3563,1,0,0,0,-1.0,-1.0,0
req007425,u3563,2,0,0,0,-1.0,-1.0,0
req007437,u3564,1,1,1,0,-1.0,-1.0,0
req000167,u3565,1,0,0,0,-1.0,-1.0,0
req006992,u3566,1,0,0,0,-1.0,-1.0,0
req005020,u3568,1,1,1,0,-1.0,-1.0,0
req006071,u3568,2,1,1,1,1051.0,1051.0,1
req007569,u3568,3,1,1,1,2549.0,2549.0,1
req005516,u3569,1,0,0,0,-1.0,-1.0,0
req005683,u3569,2,0,0,0,-1.0,-1.0,0
req007951,u3569,3,0,0,0,-1.0,-1.0,0
req000265,u3570,1,0,0,0,-1.0,-1.0,0
req001461,u3570,2,0,0,0,-1.0,-1.0,0
req002843,u3570,3,0,0,0,-1.0,-1.0,0
req005037,u3570,4,0,0,0,-1.0,-1.0,0
req009963,u3570,5,0,0,0,-1.0,-1.0,0
req008204,u3571,1,0,0,0,-1.0,-1.0,0
req006823,u3573,1,0,0,0,-1.0,-1.0,0
req009404,u3573,2,0,0,0,-1.0,-1.0,0
req003996,u3576,1,0,0,0,-1.0,-1.0,0
req003807,u3577,1,1,0,0,-1.0,-1.0,0
req006918,u3580,1,0,0,0,-1.0,-1.0,0
req008517,u3580,2,1,0,0,-1.0,-1.0,0
req004469,u3582,1,0,0,0,-1.0,-1.0,0
req009149,u3582,2,0,0,0,-1.0,-1.0,0
req006242,u3583,1,0,0,0,-1.0,-1.0,0
req000181,u3584,1,0,0,0,-1.0,-1.0,0
req002908,u3584,2,0,0,0,-1.0,-1.0,0
req008348,u3584,3,1,0,0,-1.0,-1.0,0
req002042,u3585,1,0,0,0,-1.0,-1.0,0
req002710,u3585,2,1,0,0,-1.0,-1.0,0
req009288,u3585,3,1,0,1,6578.0,6578.0,0
req007084,u3586,1,0,0,0,-1.0,-1.0,0
req001564,u3589,1,1,0,0,-1.0,-1.0,0
req004732,u3590,1,0,0,0,-1.0,-1.0,0
req002938,u3591,1,0,0,0,-1.0,-1.0,0
req004515,u3594,1,0,0,0,-1.0,-1.0,0
req005601,u3594,2,0,0,0,-1.0,-1.0,0
req001038,u3596,1,0,0,0,-1.0,-1.0,0
req004007,u3598,1,0,0,0,-1.0,-1.0,0
req002550,u3599,1,0,0,0,-1.0,-1.0,0
req002021,u3601,1,0,0,0,-1.0,-1.0,0
req005492,u3601,2,0,0,0,-1.0,-1.0,0
req006077,u3604,1,0,0,0,-1.0,-1.0,0
req002982,u3605,1,0,0,0,-1.0,-1.0,0
req002637,u3607,1,0,0,0,-1.0,-1.0,0
req001851,u3608,1,0,0,0,-1.0,-1.0,0
req003293,u3608,2,0,0,0,-1.0,-1.0,0
req003410,u3608,3,0,0,0,-1.0,-1.0,0
req004501,u3608,4,0,0,0,-1.0,-1.0,0
req009376,u3608,5,1,0,0,-1.0,-1.0,0
req008886,u3609,1,0,0,0,-1.0,-1.0,0
req007286,u3612,1,0,0,0,-1.0,-1.0,0
req002307,u3613,1,0,0,0,-1.0,-1.0,0
req006910,u3613,2,0,0,0,-1.0,-1.0,0
req003622,u3614,1,0,0,0,-1.0,-1.0,0
req003742,u3614,2,0,0,0,-1.0,-1.0,0
req000895,u3616,1,0,0,0,-1.0,-1.0,0
req001327,u3616,2,0,0,0,-1.0,-1.0,0
req005200,u3616,3,0,0,0,-1.0,-1.0,0
req005355,u3616,4,0,0,0,-1.0,-1.0,0
req007431,u3616,5,0,0,0,-1.0,-1.0,0
req003765,u3618,1,0,0,0,-1.0,-1.0,0
req008694,u3619,1,0,0,0,-1.0,-1.0,0
req000881,u3620,1,1,0,0,-1.0,-1.0,0
req002340,u3621,1,0,0,0,-1.0,-1.0,0
req007462,u3621,2,0,0,0,-1.0,-1.0,0
req008334,u3621,3,0,0,0,-1.0,-1.0,0
req004474,u3622,1,0,0,0,-1.0,-1.0,0
req008930,u3622,2,0,0,0,-1.0,-1.0,0
req000532,u3623,1,0,0,0,-1.0,-1.0,0
req004871,u3623,2,0,0,0,-1.0,-1.0,0
req006742,u3623,3,0,0,0,-1.0,-1.0,0
req007712,u3623,4,0,0,0,-1.0,-1.0,0
req003498,u3624,1,0,0,0,-1.0,-1.0,0
req008619,u3624,2,0,0,0,-1.0,-1.0,0
req004244,u3625,1,0,0,0,-1.0,-1.0,0
req007673,u3628,1,1,0,0,-1.0,-1.0,0
req006713,u3630,1,0,0,0,-1.0,-1.0,0
req008563,u3632,1,0,0,0,-1.0,-1.0,0
req000069,u3634,1,1,0,0,-1.0,-1.0,0
req001842,u3634,2,1,0,1,1773.0,1773.0,1
req006404,u3635,1,0,0,0,-1.0,-1.0,0
req004043,u3636,1,0,0,0,-1.0,-1.0,0
req009238,u3636,2,0,0,0,-1.0,-1.0,0
req009733,u3636,3,0,0,0,-1.0,-1.0,0
req003127,u3637,1,0,0,0,-1.0,-1.0,0
req004266,u3637,2,0,0,0,-1.0,-1.0,0
req008883,u3637,3,1,0,0,-1.0,-1.0,0
req000108,u3640,1,1,0,0,-1.0,-1.0,0
req003050,u3640,2,1,0,1,2942.0,2942.0,1
req003162,u3640,3,1,0,1,3054.0,3054.0,1
req004270,u3642,1,0,0,0,-1.0,-1.0,0
req007346,u3642,2,0,0,0,-1.0,-1.0,0
req004556,u3643,1,0,0,0,-1.0,-1.0,0
req003660,u3646,1,0,0,0,-1.0,-1.0,0
req003243,u3647,1,0,0,0,-1.0,-1.0,0
req005420,u3647,2,0,0,0,-1.0,-1.0,0
req007174,u3647,3,0,0,0,-1.0,-1.0,0
req000999,u3649,1,0,0,0,-1.0,-1.0,0
req008578,u3649,2,0,0,0,-1.0,-1.0,0
req003744,u3650,1,0,0,0,-1.0,-1.0,0
req006211,u3650,2,0,0,0,-1.0,-1.0,0
req009842,u3650,3,1,0,0,-1.0,-1.0,0
req005519,u3653,1,0,0,0,-1.0,-1.0,0
req005216,u3655,1,0,0,0,-1.0,-1.0,0
req009784,u3655,2,0,0,0,-1.0,-1.0,0
req005361,u3656,1,0,0,0,-1.0,-1.0,0
req009273,u3656,2,0,0,0,-1.0,-1.0,0
req002989,u3657,1,0,0,0,-1.0,-1.0,0
req005950,u3657,2,0,0,0,-1.0,-1.0,0
req008703,u3658,1,0,0,0,-1.0,-1.0,0
req009461,u3658,2,0,0,0,-1.0,-1.0,0
req002847,u3660,1,1,0,0,-1.0,-1.0,0
req006944,u3660,2,1,0,1,4097.0,4097.0,0
req007555,u3663,1,0,0,0,-1.0,-1.0,0
req004362,u3664,1,1,0,0,-1.0,-1.0,0
req007066,u3665,1,0,0,0,-1.0,-1.0,0
req007401,u3665,2,0,0,0,-1.0,-1.0,0
req007423,u3665,3,0,0,0,-1.0,-1.0,0
req005376,u3667,1,0,0,0,-1.0,-1.0,0
req008851,u3669,1,0,0,0,-1.0,-1.0,0
req000131,u3671,1,0,0,0,-1.0,-1.0,0
req009448,u3671,2,0,0,0,-1.0,-1.0,0
req002024,u3672,1,0,0,0,-1.0,-1.0,0
req002696,u3673,1,0,0,0,-1.0,-1.0,0
req008911,u3675,1,0,0,0,-1.0,-1.0,0
req006213,u3676,1,0,0,0,-1.0,-1.0,0
req006580,u3676,2,0,0,0,-1.0,-1.0,0
req002981,u3677,1,0,0,0,-1.0,-1.0,0
req002298,u3680,1,0,0,0,-1.0,-1.0,0
req004079,u3680,2,0,0,0,-1.0,-1.0,0
req006169,u3680,3,0,0,0,-1.0,-1.0,0
req004878,u3682,1,0,0,0,-1.0,-1.0,0
req007016,u3682,2,0,0,0,-1.0,-1.0,0
req002389,u3683,1,0,0,0,-1.0,-1.0,0
req005316,u3686,1,0,0,0,-1.0,-1.0,0
req008061,u3686,2,0,0,0,-1.0,-1.0,0
req000127,u3687,1,1,0,0,-1.0,-1.0,0
req003128,u3688,1,0,0,0,-1.0,-1.0,0
req001845,u3689,1,0,0,0,-1.0,-1.0,0
req004593,u3691,1,0,0,0,-1.0,-1.0,0
req002565,u3693,1,0,0,0,-1.0,-1.0,0
req004322,u3694,1,0,0,0,-1.0,-1.0,0
req003975,u3695,1,0,0,0,-1.0,-1.0,0
req005764,u3696,1,0,0,0,-1.0,-1.0,0
req009896,u3697,1,0,0,0,-1.0,-1.0,0
req001250,u3698,1,0,0,0,-1.0,-1.0,0
req002615,u3699,1,0,0,0,-1.0,-1.0,0
req008049,u3699,2,1,0,0,-1.0,-1.0,0
req001555,u3704,1,0,0,0,-1.0,-1.0,0
req001674,u3704,2,0,0,0,-1.0,-1.0,0
req005051,u3705,1,0,0,0,-1.0,-1.0,0
req003841,u3707,1,0,0,0,-1.0,-1.0,0
req006220,u3707,2,0,0,0,-1.0,-1.0,0
req000827,u3708,1,0,0,0,-1.0,-1.0,0
req009029,u3710,1,0,0,0,-1.0,-1.0,0
req006180,u3711,1,0,0,0,-1.0,-1.0,0
req000531,u3712,1,0,0,0,-1.0,-1.0,0
req003242,u3712,2,0,0,0,-1.0,-1.0,0
req006377,u3713,1,0,0,0,-1.0,-1.0,0
req009753,u3713,2,0,0,0,-1.0,-1.0,0
req003437,u3714,1,0,0,0,-1.0,-1.0,0
req004760,u3714,2,0,0,0,-1.0,-1.0,0
req006687,u3718,1,0,0,0,-1.0,-1.0,0
req001711,u3719,1,1,0,0,-1.0,-1.0,0
req000872,u3720,1,0,0,0,-1.0,-1.0,0
req004880,u3721,1,0,0,0,-1.0,-1.0,0
req005103,u3721,2,0,0,0,-1.0,-1.0,0
req007257,u3721,3,0,0,0,-1.0,-1.0,0
req008852,u3721,4,0,0,0,-1.0,-1.0,0
req002970,u3722,1,0,0,0,-1.0,-1.0,0
req005662,u3722,2,1,0,0,-1.0,-1.0,0
req006495,u3722,3,1,0,1,833.0,833.0,1
req008132,u3725,1,0,0,0,-1.0,-1.0,0
req009027,u3725,2,0,0,0,-1.0,-1.0,0
req002532,u3726,1,0,0,0,-1.0,-1.0,0
req009096,u3726,2,0,0,0,-1.0,-1.0,0
req003206,u3727,1,0,0,0,-1.0,-1.0,0
req003248,u3728,1,0,0,0,-1.0,-1.0,0
req007786,u3729,1,1,0,0,-1.0,-1.0,0
req007920,u3730,1,0,0,0,-1.0,-1.0,0
req009738,u3730,2,0,0,0,-1.0,-1.0,0
req001126,u3732,1,0,0,0,-1.0,-1.0,0
req004936,u3733,1,0,0,0,-1.0,-1.0,0
req004127,u3734,1,0,0,0,-1.0,-1.0,0
req004908,u3734,2,0,0,0,-1.0,-1.0,0
req002380,u3737,1,0,0,0,-1.0,-1.0,0
req003979,u3739,1,1,0,0,-1.0,-1.0,0
req007094,u3739,2,1,0,1,3115.0,3115.0,1
req009317,u3741,1,1,0,0,-1.0,-1.0,0
req005835,u3743,1,0,0,0,-1.0,-1.0,0
req003835,u3745,1,0,0,0,-1.0,-1.0,0
req002699,u3748,1,0,0,0,-1.0,-1.0,0
req008237,u3748,2,1,0,0,-1.0,-1.0,0
req007576,u3751,1,0,0,0,-1.0,-1.0,0
req008004,u3751,2,0,0,0,-1.0,-1.0,0
req009476,u3751,3,0,0,0,-1.0,-1.0,0
req008134,u3752,1,0,0,0,-1.0,-1.0,0
req009683,u3752,2,0,0,0,-1.0,-1.0,0
req003907,u3753,1,0,0,0,-1.0,-1.0,0
req003390,u3754,1,0,0,0,-1.0,-1.0,0
req008922,u3757,1,0,0,0,-1.0,-1.0,0
req000686,u3758,1,0,0,0,-1.0,-1.0,0
req007897,u3758,2,0,0,0,-1.0,-1.0,0
req003959,u3759,1,0,0,0,-1.0,-1.0,0
req004858,u3759,2,0,0,0,-1.0,-1.0,0
req001837,u3760,1,0,0,0,-1.0,-1.0,0
req007324,u3760,2,0,0,0,-1.0,-1.0,0
req000770,u3761,1,1,0,0,-1.0,-1.0,0
req000447,u3762,1,1,0,0,-1.0,-1.0,0
req001495,u3764,1,0,0,0,-1.0,-1.0,0
req006721,u3764,2,0,0,0,-1.0,-1.0,0
req003763,u3765,1,0,0,0,-1.0,-1.0,0
req009692,u3765,2,0,0,0,-1.0,-1.0,0
req009541,u3767,1,0,0,0,-1.0,-1.0,0
req001996,u3768,1,0,0,0,-1.0,-1.0,0
req004177,u3769,1,1,0,0,-1.0,-1.0,0
req006658,u3769,2,1,0,1,2481.0,2481.0,1
req000645,u3770,1,0,0,0,-1.0,-1.0,0
req000937,u3770,2,0,0,0,-1.0,-1.0,0
req007840,u3770,3,0,0,0,-1.0,-1.0,0
req008269,u3771,1,0,0,0,-1.0,-1.0,0
req001223,u3772,1,0,0,0,-1.0,-1.0,0
req003795,u3772,2,0,0,0,-1.0,-1.0,0
req005204,u3772,3,0,0,0,-1.0,-1.0,0
req002151,u3773,1,0,0,0,-1.0,-1.0,0
req007674,u3773,2,0,0,0,-1.0,-1.0,0
req000168,u3777,1,0,0,0,-1.0,-1.0,0
req001275,u3777,2,0,0,0,-1.0,-1.0,0
req006803,u3777,3,0,0,0,-1.0,-1.0,0
req008498,u3778,1,0,0,0,-1.0,-1.0,0
req009377,u3780,1,0,0,0,-1.0,-1.0,0
req003163,u3781,1,0,0,0,-1.0,-1.0,0
req009767,u3781,2,0,0,0,-1.0,-1.0,0
req000562,u3785,1,0,0,0,-1.0,-1.0,0
req006704,u3786,1,0,0,0,-1.0,-1.0,0
req000649,u3787,1,0,0,0,-1.0,-1.0,0
req001551,u3787,2,0,0,0,-1.0,-1.0,0
req008265,u3787,3,0,0,0,-1.0,-1.0,0
req001738,u3789,1,0,0,0,-1.0,-1.0,0
req005068,u3790,1,0,0,0,-1.0,-1.0,0
req002182,u3792,1,0,0,0,-1.0,-1.0,0
req005715,u3792,2,0,0,0,-1.0,-1.0,0
req003929,u3793,1,0,0,0,-1.0,-1.0,0
req003511,u3794,1,0,0,0,-1.0,-1.0,0
req004037,u3794,2,0,0,0,-1.0,-1.0,0
req000095,u3795,1,0,0,0,-1.0,-1.0,0
req005377,u3797,1,0,0,0,-1.0,-1.0,0
req009411,u3799,1,0,0,0,-1.0,-1.0,0
req007597,u3801,1,0,0,0,-1.0,-1.0,0
req005971,u3803,1,0,0,0,-1.0,-1.0,0
req009597,u3803,2,0,0,0,-1.0,-1.0,0
req004491,u3807,1,0,0,0,-1.0,-1.0,0
req008690,u3807,2,0,0,0,-1.0,-1.0,0
req004284,u3808,1,0,0,0,-1.0,-1.0,0
req007400,u3808,2,0,0,0,-1.0,-1.0,0
req002461,u3810,1,0,0,0,-1.0,-1.0,0
req005589,u3811,1,0,0,0,-1.0,-1.0,0
req004210,u3812,1,0,0,0,-1.0,-1.0,0
req005198,u3813,1,0,0,0,-1.0,-1.0,0
req004961,u3814,1,0,0,0,-1.0,-1.0,0
req006600,u3814,2,0,0,0,-1.0,-1.0,0
req008469,u3815,1,0,0,0,-1.0,-1.0,0
req005380,u3816,1,0,0,0,-1.0,-1.0,0
req002396,u3817,1,0,0,0,-1.0,-1.0,0
req003138,u3817,2,0,0,0,-1.0,-1.0,0
req007489,u3817,3,0,0,0,-1.0,-1.0,0
req007864,u3817,4,0,0,0,-1.0,-1.0,0
req001578,u3819,1,0,0,0,-1.0,-1.0,0
req001934,u3820,1,0,0,0,-1.0,-1.0,0
req005009,u3820,2,0,0,0,-1.0,-1.0,0
req003994,u3821,1,1,0,0,-1.0,-1.0,0
req009774,u3821,2,1,0,1,5780.0,5780.0,0
req001089,u3823,1,0,0,0,-1.0,-1.0,0
req008895,u3824,1,0,0,0,-1.0,-1.0,0
req004429,u3825,1,0,0,0,-1.0,-1.0,0
req003347,u3826,1,0,0,0,-1.0,-1.0,0
req000276,u3827,1,1,0,0,-1.0,-1.0,0
req004712,u3827,2,1,0,1,4436.0,4436.0,0
req000515,u3828,1,0,0,0,-1.0,-1.0,0
req004952,u3831,1,0,0,0,-1.0,-1.0,0
req002473,u3832,1,0,0,0,-1.0,-1.0,0
req004508,u3832,2,0,0,0,-1.0,-1.0,0
req004678,u3832,3,0,0,0,-1.0,-1.0,0
req001248,u3834,1,0,0,0,-1.0,-1.0,0
req002236,u3834,2,1,0,0,-1.0,-1.0,0
req005124,u3834,3,1,0,1,2888.0,2888.0,1
req008220,u3835,1,0,0,0,-1.0,-1.0,0
req009344,u3835,2,0,0,0,-1.0,-1.0,0
req009601,u3835,3,0,0,0,-1.0,-1.0,0
req002668,u3837,1,0,0,0,-1.0,-1.0,0
req005403,u3837,2,0,0,0,-1.0,-1.0,0
req007795,u3837,3,0,0,0,-1.0,-1.0,0
req008585,u3838,1,0,0,0,-1.0,-1.0,0
req004387,u3839,1,0,0,0,-1.0,-1.0,0
req007252,u3839,2,0,0,0,-1.0,-1.0,0
req007708,u3839,3,0,0,0,-1.0,-1.0,0
req002824,u3840,1,0,0,0,-1.0,-1.0,0
req003479,u3840,2,0,0,0,-1.0,-1.0,0
req003548,u3843,1,0,0,0,-1.0,-1.0,0
req000299,u3844,1,0,0,0,-1.0,-1.0,0
req001136,u3844,2,0,0,0,-1.0,-1.0,0
req003829,u3844,3,0,0,0,-1.0,-1.0,0
req005716,u3845,1,0,0,0,-1.0,-1.0,0
req000159,u3846,1,0,0,0,-1.0,-1.0,0
req005412,u3846,2,0,0,0,-1.0,-1.0,0
req009737,u3846,3,0,0,0,-1.0,-1.0,0
req004899,u3849,1,0,0,0,-1.0,-1.0,0
req003813,u3851,1,0,0,0,-1.0,-1.0,0
req009206,u3852,1,0,0,0,-1.0,-1.0,0
req009599,u3852,2,0,0,0,-1.0,-1.0,0
req002051,u3855,1,0,0,0,-1.0,-1.0,0
req007495,u3855,2,0,0,0,-1.0,-1.0,0
req008825,u3855,3,0,0,0,-1.0,-1.0,0
req006456,u3856,1,0,0,0,-1.0,-1.0,0
req008314,u3857,1,0,0,0,-1.0,-1.0,0
req008388,u3857,2,0,0,0,-1.0,-1.0,0
req000406,u3858,1,0,0,0,-1.0,-1.0,0
req006525,u3858,2,0,0,0,-1.0,-1.0,0
req003393,u3859,1,0,0,0,-1.0,-1.0,0
req003170,u3860,1,0,0,0,-1.0,-1.0,0
req005083,u3861,1,0,0,0,-1.0,-1.0,0
req007979,u3865,1,0,0,0,-1.0,-1.0,0
req004153,u3866,1,0,0,0,-1.0,-1.0,0
req005240,u3866,2,0,0,0,-1.0,-1.0,0
req004808,u3867,1,1,0,0,-1.0,-1.0,0
req005847,u3870,1,0,0,0,-1.0,-1.0,0
req001517,u3871,1,0,0,0,-1.0,-1.0,0
req008055,u3873,1,1,1,0,-1.0,-1.0,0
req001450,u3876,1,1,0,0,-1.0,-1.0,0
req007532,u3876,2,1,0,1,6082.0,6082.0,0
req005274,u3877,1,0,0,0,-1.0,-1.0,0
req000104,u3879,1,0,0,0,-1.0,-1.0,0
req009071,u3879,2,0,0,0,-1.0,-1.0,0
req001476,u3880,1,0,0,0,-1.0,-1.0,0
req001125,u3881,1,0,0,0,-1.0,-1.0,0
req000976,u3882,1,0,0,0,-1.0,-1.0,0
req005178,u3882,2,0,0,0,-1.0,-1.0,0
req000622,u3883,1,0,0,0,-1.0,-1.0,0
req005972,u3883,2,0,0,0,-1.0,-1.0,0
req007092,u3885,1,1,0,0,-1.0,-1.0,0
req004056,u3886,1,0,0,0,-1.0,-1.0,0
req007007,u3887,1,0,0,0,-1.0,-1.0,0
req008887,u3887,2,0,0,0,-1.0,-1.0,0
req001762,u3888,1,0,0,0,-1.0,-1.0,0
req006954,u3888,2,0,0,0,-1.0,-1.0,0
req001639,u3890,1,0,0,0,-1.0,-1.0,0
req003769,u3890,2,0,0,0,-1.0,-1.0,0
req006045,u3890,3,1,0,0,-1.0,-1.0,0
req008475,u3891,1,0,0,0,-1.0,-1.0,0
req000048,u3893,1,1,0,0,-1.0,-1.0,0
req007967,u3893,2,1,0,1,7919.0,7919.0,0
req003153,u3894,1,0,0,0,-1.0,-1.0,0
req000868,u3896,1,0,0,0,-1.0,-1.0,0
req000081,u3897,1,0,0,0,-1.0,-1.0,0
req002793,u3897,2,0,0,0,-1.0,-1.0,0
req005676,u3901,1,0,0,0,-1.0,-1.0,0
req009090,u3901,2,0,0,0,-1.0,-1.0,0
req005252,u3902,1,0,0,0,-1.0,-1.0,0
req002223,u3903,1,1,0,0,-1.0,-1.0,0
req001488,u3905,1,0,0,0,-1.0,-1.0,0
req007929,u3907,1,0,0,0,-1.0,-1.0,0
req003148,u3909,1,0,0,0,-1.0,-1.0,0
req005285,u3911,1,0,0,0,-1.0,-1.0,0
req006739,u3911,2,0,0,0,-1.0,-1.0,0
req000187,u3912,1,0,0,0,-1.0,-1.0,0
req001137,u3912,2,0,0,0,-1.0,-1.0,0
req005768,u3913,1,0,0,0,-1.0,-1.0,0
req008270,u3913,2,0,0,0,-1.0,-1.0,0
req003133,u3914,1,0,0,0,-1.0,-1.0,0
req004718,u3914,2,1,0,0,-1.0,-1.0,0
req007379,u3915,1,0,0,0,-1.0,-1.0,0
req000363,u3916,1,0,0,0,-1.0,-1.0,0
req005876,u3916,2,0,0,0,-1.0,-1.0,0
req001420,u3917,1,0,0,0,-1.0,-1.0,0
req001459,u3918,1,0,0,0,-1.0,-1.0,0
req002507,u3920,1,1,0,0,-1.0,-1.0,0
req001032,u3922,1,0,0,0,-1.0,-1.0,0
req003221,u3924,1,0,0,0,-1.0,-1.0,0
req002002,u3926,1,0,0,0,-1.0,-1.0,0
req004327,u3926,2,0,0,0,-1.0,-1.0,0
req004931,u3926,3,0,0,0,-1.0,-1.0,0
req007032,u3926,4,0,0,0,-1.0,-1.0,0
req003770,u3927,1,0,0,0,-1.0,-1.0,0
req000533,u3928,1,1,0,0,-1.0,-1.0,0
req003675,u3928,2,1,0,1,3142.0,3142.0,1
req001562,u3930,1,0,0,0,-1.0,-1.0,0
req004812,u3933,1,0,0,0,-1.0,-1.0,0
req001596,u3934,1,0,0,0,-1.0,-1.0,0
req002642,u3935,1,0,0,0,-1.0,-1.0,0
req001014,u3936,1,0,0,0,-1.0,-1.0,0
req007416,u3940,1,0,0,0,-1.0,-1.0,0
req008159,u3941,1,0,0,0,-1.0,-1.0,0
req006634,u3942,1,0,0,0,-1.0,-1.0,0
req002301,u3946,1,0,0,0,-1.0,-1.0,0
req008423,u3946,2,0,0,0,-1.0,-1.0,0
req000637,u3947,1,0,0,0,-1.0,-1.0,0
req008961,u3949,1,0,0,0,-1.0,-1.0,0
req009479,u3949,2,0,0,0,-1.0,-1.0,0
req002512,u3952,1,1,0,0,-1.0,-1.0,0
req004011,u3952,2,1,0,1,1499.0,1499.0,1
req008224,u3952,3,1,0,1,5712.0,5712.0,0
req003409,u3953,1,0,0,0,-1.0,-1.0,0
req005013,u3953,2,0,0,0,-1.0,-1.0,0
req003711,u3954,1,0,0,0,-1.0,-1.0,0
req005304,u3954,2,0,0,0,-1.0,-1.0,0
req009042,u3954,3,0,0,0,-1.0,-1.0,0
req000972,u3955,1,0,0,0,-1.0,-1.0,0
req000432,u3956,1,0,0,0,-1.0,-1.0,0
req004545,u3957,1,0,0,0,-1.0,-1.0,0
req004848,u3958,1,0,0,0,-1.0,-1.0,0
req008834,u3958,2,0,0,0,-1.0,-1.0,0
req006241,u3959,1,0,0,0,-1.0,-1.0,0
req008248,u3960,1,0,0,0,-1.0,-1.0,0
req009030,u3964,1,0,0,0,-1.0,-1.0,0
req001438,u3965,1,0,0,0,-1.0,-1.0,0
req007638,u3965,2,0,0,0,-1.0,-1.0,0
req009092,u3967,1,0,0,0,-1.0,-1.0,0
req003852,u3969,1,0,0,0,-1.0,-1.0,0
req000641,u3970,1,1,0,0,-1.0,-1.0,0
req002428,u3971,1,0,0,0,-1.0,-1.0,0
req006845,u3971,2,0,0,0,-1.0,-1.0,0
req003146,u3974,1,0,0,0,-1.0,-1.0,0
req001550,u3976,1,1,0,0,-1.0,-1.0,0
req008737,u3976,2,1,0,1,7187.0,7187.0,0
req003254,u3977,1,0,0,0,-1.0,-1.0,0
req005085,u3977,2,1,0,0,-1.0,-1.0,0
req007906,u3978,1,0,0,0,-1.0,-1.0,0
req009072,u3980,1,0,0,0,-1.0,-1.0,0
req009153,u3980,2,0,0,0,-1.0,-1.0,0
req000149,u3982,1,0,0,0,-1.0,-1.0,0
req000173,u3982,2,0,0,0,-1.0,-1.0,0
req007258,u3982,3,0,0,0,-1.0,-1.0,0
req007337,u3986,1,0,0,0,-1.0,-1.0,0
req005605,u3987,1,0,0,0,-1.0,-1.0,0
req009130,u3987,2,0,0,0,-1.0,-1.0,0
req000309,u3988,1,0,0,0,-1.0,-1.0,0
req000257,u3989,1,0,0,0,-1.0,-1.0,0
req006510,u3989,2,0,0,0,-1.0,-1.0,0
req001801,u3991,1,0,0,0,-1.0,-1.0,0
req003463,u3991,2,0,0,0,-1.0,-1.0,0
req004776,u3991,3,0,0,0,-1.0,-1.0,0
req007767,u3991,4,1,0,0,-1.0,-1.0,0
req005170,u3992,1,0,0,0,-1.0,-1.0,0
req005656,u3992,2,0,0,0,-1.0,-1.0,0
req009765,u3992,3,0,0,0,-1.0,-1.0,0
req005753,u3993,1,0,0,0,-1.0,-1.0,0
req007308,u3993,2,1,0,0,-1.0,-1.0,0
req002098,u3994,1,0,0,0,-1.0,-1.0,0
req006939,u3994,2,1,0,0,-1.0,-1.0,0
req002930,u3996,1,0,0,0,-1.0,-1.0,0
req000043,u3997,1,0,0,0,-1.0,-1.0,0
req001391,u3997,2,0,0,0,-1.0,-1.0,0
req001688,u3997,3,0,0,0,-1.0,-1.0,0
req004473,u3997,4,0,0,0,-1.0,-1.0,0
req007194,u3997,5,0,0,0,-1.0,-1.0,0
req006801,u3998,1,0,0,0,-1.0,-1.0,0
req002910,u3999,1,0,0,0,-1.0,-1.0,0
req003634,u3999,2,0,0,0,-1.0,-1.0,0
req006151,u3999,3,0,0,0,-1.0,-1.0,0
req009862,u3999,4,0,0,0,-1.0,-1.0,0
req003303,u4001,1,0,0,0,-1.0,-1.0,0
req008770,u4001,2,1,0,0,-1.0,-1.0,0
req004481,u4002,1,0,0,0,-1.0,-1.0,0
req006159,u4002,2,1,0,0,-1.0,-1.0,0
req006233,u4003,1,1,0,0,-1.0,-1.0,0
req003876,u4004,1,0,0,0,-1.0,-1.0,0
req002575,u4005,1,0,0,0,-1.0,-1.0,0
req003728,u4008,1,0,0,0,-1.0,-1.0,0
req009918,u4008,2,0,0,0,-1.0,-1.0,0
req001925,u4009,1,0,0,0,-1.0,-1.0,0
req001811,u4010,1,0,0,0,-1.0,-1.0,0
req008611,u4011,1,0,0,0,-1.0,-1.0,0
req001489,u4012,1,1,0,0,-1.0,-1.0,0
req002059,u4012,2,2,1,1,570.0,570.0,1
req009372,u4014,1,0,0,0,-1.0,-1.0,0
req005747,u4015,1,0,0,0,-1.0,-1.0,0
req006011,u4015,2,0,0,0,-1.0,-1.0,0
req009557,u4016,1,0,0,0,-1.0,-1.0,0
req002227,u4017,1,1,0,0,-1.0,-1.0,0
req005855,u4018,1,0,0,0,-1.0,-1.0,0
req009207,u4021,1,0,0,0,-1.0,-1.0,0
req009705,u4021,2,0,0,0,-1.0,-1.0,0
req000314,u4022,1,0,0,0,-1.0,-1.0,0
req003171,u4023,1,1,1,0,-1.0,-1.0,0
req006373,u4026,1,0,0,0,-1.0,-1.0,0
req008545,u4026,2,0,0,0,-1.0,-1.0,0
req003298,u4028,1,0,0,0,-1.0,-1.0,0
req005598,u4028,2,1,0,0,-1.0,-1.0,0
req009284,u4029,1,0,0,0,-1.0,-1.0,0
req006696,u4030,1,0,0,0,-1.0,-1.0,0
req001305,u4031,1,0,0,0,-1.0,-1.0,0
req005150,u4032,1,0,0,0,-1.0,-1.0,0
req008521,u4032,2,0,0,0,-1.0,-1.0,0
req003196,u4033,1,0,0,0,-1.0,-1.0,0
req000136,u4034,1,0,0,0,-1.0,-1.0,0
req004885,u4034,2,0,0,0,-1.0,-1.0,0
req008293,u4034,3,0,0,0,-1.0,-1.0,0
req008319,u4034,4,0,0,0,-1.0,-1.0,0
req003825,u4035,1,0,0,0,-1.0,-1.0,0
req007624,u4040,1,0,0,0,-1.0,-1.0,0
req001940,u4041,1,0,0,0,-1.0,-1.0,0
req005325,u4041,2,0,0,0,-1.0,-1.0,0
req009938,u4042,1,0,0,0,-1.0,-1.0,0
req001047,u4043,1,0,0,0,-1.0,-1.0,0
req006216,u4043,2,0,0,0,-1.0,-1.0,0
req007622,u4043,3,0,0,0,-1.0,-1.0,0
req009157,u4043,4,0,0,0,-1.0,-1.0,0
req009516,u4043,5,0,0,0,-1.0,-1.0,0
req000189,u4044,1,0,0,0,-1.0,-1.0,0
req001723,u4044,2,0,0,0,-1.0,-1.0,0
req007809,u4045,1,0,0,0,-1.0,-1.0,0
req007341,u4047,1,0,0,0,-1.0,-1.0,0
req009410,u4047,2,0,0,0,-1.0,-1.0,0
req004621,u4050,1,0,0,0,-1.0,-1.0,0
req009572,u4050,2,0,0,0,-1.0,-1.0,0
req006777,u4051,1,0,0,0,-1.0,-1.0,0
req006450,u4052,1,0,0,0,-1.0,-1.0,0
req000258,u4053,1,0,0,0,-1.0,-1.0,0
req002464,u4053,2,0,0,0,-1.0,-1.0,0
req006291,u4053,3,0,0,0,-1.0,-1.0,0
req006381,u4054,1,0,0,0,-1.0,-1.0,0
req009714,u4054,2,0,0,0,-1.0,-1.0,0
req009810,u4055,1,0,0,0,-1.0,-1.0,0
req009695,u4056,1,0,0,0,-1.0,-1.0,0
req001573,u4057,1,0,0,0,-1.0,-1.0,0
req002883,u4058,1,0,0,0,-1.0,-1.0,0
req004674,u4059,1,0,0,0,-1.0,-1.0,0
req008977,u4060,1,0,0,0,-1.0,-1.0,0
req002249,u4063,1,0,0,0,-1.0,-1.0,0
req003450,u4063,2,0,0,0,-1.0,-1.0,0
req008722,u4064,1,0,0,0,-1.0,-1.0,0
req003109,u4065,1,0,0,0,-1.0,-1.0,0
req009225,u4065,2,0,0,0,-1.0,-1.0,0
req007683,u4067,1,0,0,0,-1.0,-1.0,0
req009586,u4067,2,0,0,0,-1.0,-1.0,0
req001380,u4068,1,0,0,0,-1.0,-1.0,0
req006763,u4068,2,0,0,0,-1.0,-1.0,0
req004243,u4069,1,0,0,0,-1.0,-1.0,0
req005370,u4069,2,0,0,0,-1.0,-1.0,0
req009850,u4070,1,1,0,0,-1.0,-1.0,0
req003794,u4072,1,0,0,0,-1.0,-1.0,0
req009213,u4072,2,0,0,0,-1.0,-1.0,0
req006234,u4073,1,0,0,0,-1.0,-1.0,0
req008755,u4074,1,0,0,0,-1.0,-1.0,0
req009518,u4076,1,0,0,0,-1.0,-1.0,0
req007372,u4079,1,0,0,0,-1.0,-1.0,0
req002667,u4081,1,0,0,0,-1.0,-1.0,0
req003826,u4082,1,0,0,0,-1.0,-1.0,0
req004078,u4082,2,1,0,0,-1.0,-1.0,0
req004666,u4082,3,1,0,1,588.0,588.0,1
req007657,u4082,4,1,0,1,3579.0,3579.0,1
req000994,u4084,1,0,0,0,-1.0,-1.0,0
req001088,u4084,2,0,0,0,-1.0,-1.0,0
req005211,u4085,1,0,0,0,-1.0,-1.0,0
req009883,u4085,2,1,0,0,-1.0,-1.0,0
req001538,u4086,1,0,0,0,-1.0,-1.0,0
req001638,u4087,1,0,0,0,-1.0,-1.0,0
req005910,u4087,2,0,0,0,-1.0,-1.0,0
req006433,u4087,3,0,0,0,-1.0,-1.0,0
req009120,u4088,1,0,0,0,-1.0,-1.0,0
req000667,u4090,1,0,0,0,-1.0,-1.0,0
req003403,u4090,2,0,0,0,-1.0,-1.0,0
req007424,u4091,1,0,0,0,-1.0,-1.0,0
req006688,u4093,1,0,0,0,-1.0,-1.0,0
req007612,u4093,2,0,0,0,-1.0,-1.0,0
req001516,u4094,1,1,0,0,-1.0,-1.0,0
req004717,u4094,2,1,0,1,3201.0,3201.0,1
req000212,u4095,1,0,0,0,-1.0,-1.0,0
req003779,u4095,2,0,0,0,-1.0,-1.0,0
req007153,u4096,1,0,0,0,-1.0,-1.0,0
req008381,u4097,1,1,0,0,-1.0,-1.0,0
req001774,u4098,1,0,0,0,-1.0,-1.0,0
req006172,u4098,2,0,0,0,-1.0,-1.0,0
req001401,u4100,1,0,0,0,-1.0,-1.0,0
req005206,u4101,1,1,0,0,-1.0,-1.0,0
req008926,u4101,2,1,0,1,3720.0,3720.0,0
req009076,u4101,3,1,0,1,3870.0,3870.0,0
req007359,u4104,1,0,0,0,-1.0,-1.0,0
req007933,u4105,1,0,0,0,-1.0,-1.0,0
req008146,u4106,1,1,0,0,-1.0,-1.0,0
req009169,u4106,2,1,0,1,1023.0,1023.0,1
req002738,u4107,1,0,0,0,-1.0,-1.0,0
req008750,u4108,1,0,0,0,-1.0,-1.0,0
req000954,u4109,1,0,0,0,-1.0,-1.0,0
req004252,u4109,2,0,0,0,-1.0,-1.0,0
req006435,u4109,3,0,0,0,-1.0,-1.0,0
req000538,u4111,1,0,0,0,-1.0,-1.0,0
req002302,u4111,2,0,0,0,-1.0,-1.0,0
req006689,u4111,3,0,0,0,-1.0,-1.0,0
req006950,u4111,4,0,0,0,-1.0,-1.0,0
req009757,u4111,5,0,0,0,-1.0,-1.0,0
req001091,u4113,1,0,0,0,-1.0,-1.0,0
req004187,u4113,2,0,0,0,-1.0,-1.0,0
req005094,u4113,3,1,0,0,-1.0,-1.0,0
req002578,u4114,1,0,0,0,-1.0,-1.0,0
req000380,u4115,1,0,0,0,-1.0,-1.0,0
req001317,u4115,2,0,0,0,-1.0,-1.0,0
req006085,u4115,3,0,0,0,-1.0,-1.0,0
req001066,u4116,1,0,0,0,-1.0,-1.0,0
req003416,u4116,2,0,0,0,-1.0,-1.0,0
req004194,u4119,1,0,0,0,-1.0,-1.0,0
req001641,u4120,1,0,0,0,-1.0,-1.0,0
req005128,u4120,2,0,0,0,-1.0,-1.0,0
req008830,u4120,3,0,0,0,-1.0,-1.0,0
req000325,u4122,1,0,0,0,-1.0,-1.0,0
req008039,u4123,1,0,0,0,-1.0,-1.0,0
req001498,u4125,1,1,0,0,-1.0,-1.0,0
req005293,u4125,2,1,0,1,3795.0,3795.0,0
req003487,u4126,1,0,0,0,-1.0,-1.0,0
req004533,u4127,1,0,0,0,-1.0,-1.0,0
req005053,u4127,2,0,0,0,-1.0,-1.0,0
req007992,u4127,3,0,0,0,-1.0,-1.0,0
req001407,u4128,1,0,0,0,-1.0,-1.0,0
req007121,u4128,2,1,1,0,-1.0,-1.0,0
req008956,u4128,3,1,1,1,1835.0,1835.0,1
req009189,u4130,1,0,0,0,-1.0,-1.0,0
req004200,u4131,1,0,0,0,-1.0,-1.0,0
req005510,u4131,2,0,0,0,-1.0,-1.0,0
req009643,u4132,1,0,0,0,-1.0,-1.0,0
req007524,u4133,1,0,0,0,-1.0,-1.0,0
req005072,u4134,1,0,0,0,-1.0,-1.0,0
req003315,u4136,1,1,0,0,-1.0,-1.0,0
req004495,u4138,1,0,0,0,-1.0,-1.0,0
req008087,u4139,1,0,0,0,-1.0,-1.0,0
req007661,u4140,1,0,0,0,-1.0,-1.0,0
req000375,u4143,1,0,0,0,-1.0,-1.0,0
req002880,u4143,2,0,0,0,-1.0,-1.0,0
req004228,u4143,3,0,0,0,-1.0,-1.0,0
req006135,u4143,4,0,0,0,-1.0,-1.0,0
req001748,u4144,1,0,0,0,-1.0,-1.0,0
req007492,u4144,2,0,0,0,-1.0,-1.0,0
req006064,u4145,1,0,0,0,-1.0,-1.0,0
req009358,u4145,2,0,0,0,-1.0,-1.0,0
req000036,u4147,1,0,0,0,-1.0,-1.0,0
req002877,u4147,2,0,0,0,-1.0,-1.0,0
req007146,u4147,3,0,0,0,-1.0,-1.0,0
req002929,u4148,1,0,0,0,-1.0,-1.0,0
req005125,u4148,2,0,0,0,-1.0,-1.0,0
req006818,u4148,3,1,0,0,-1.0,-1.0,0
req004410,u4150,1,1,1,0,-1.0,-1.0,0
req004530,u4150,2,1,1,1,120.0,120.0,1
req006177,u4152,1,0,0,0,-1.0,-1.0,0
req008643,u4152,2,0,0,0,-1.0,-1.0,0
req006517,u4153,1,0,0,0,-1.0,-1.0,0
req001452,u4154,1,0,0,0,-1.0,-1.0,0
req004143,u4154,2,0,0,0,-1.0,-1.0,0
req008567,u4155,1,0,0,0,-1.0,-1.0,0
req008116,u4157,1,0,0,0,-1.0,-1.0,0
req000128,u4159,1,0,0,0,-1.0,-1.0,0
req005867,u4159,2,0,0,0,-1.0,-1.0,0
req007357,u4159,3,0,0,0,-1.0,-1.0,0
req003305,u4160,1,0,0,0,-1.0,-1.0,0
req004525,u4160,2,0,0,0,-1.0,-1.0,0
req005297,u4160,3,0,0,0,-1.0,-1.0,0
req000850,u4161,1,0,0,0,-1.0,-1.0,0
req007960,u4161,2,0,0,0,-1.0,-1.0,0
req000917,u4162,1,0,0,0,-1.0,-1.0,0
req006494,u4162,2,0,0,0,-1.0,-1.0,0
req008033,u4163,1,0,0,0,-1.0,-1.0,0
req006451,u4164,1,0,0,0,-1.0,-1.0,0
req000564,u4165,1,0,0,0,-1.0,-1.0,0
req001419,u4166,1,0,0,0,-1.0,-1.0,0
req002085,u4166,2,0,0,0,-1.0,-1.0,0
req003312,u4166,3,0,0,0,-1.0,-1.0,0
req000923,u4167,1,0,0,0,-1.0,-1.0,0
req001866,u4167,2,0,0,0,-1.0,-1.0,0
req003110,u4168,1,0,0,0,-1.0,-1.0,0
req007029,u4168,2,0,0,0,-1.0,-1.0,0
req001271,u4171,1,0,0,0,-1.0,-1.0,0
req003735,u4171,2,1,0,0,-1.0,-1.0,0
req003953,u4171,3,1,0,1,218.0,218.0,1
req004625,u4171,4,1,0,1,890.0,890.0,1
req002810,u4173,1,0,0,0,-1.0,-1.0,0
req006864,u4174,1,0,0,0,-1.0,-1.0,0
req002133,u4175,1,0,0,0,-1.0,-1.0,0
req005378,u4177,1,0,0,0,-1.0,-1.0,0
req008104,u4177,2,0,0,0,-1.0,-1.0,0
req002504,u4178,1,0,0,0,-1.0,-1.0,0
req002351,u4179,1,0,0,0,-1.0,-1.0,0
req008251,u4179,2,0,0,0,-1.0,-1.0,0
req002828,u4180,1,1,0,0,-1.0,-1.0,0
req004622,u4181,1,0,0,0,-1.0,-1.0,0
req009129,u4182,1,0,0,0,-1.0,-1.0,0
req002106,u4183,1,0,0,0,-1.0,-1.0,0
req002231,u4184,1,0,0,0,-1.0,-1.0,0
req006866,u4184,2,0,0,0,-1.0,-1.0,0
req009980,u4184,3,0,0,0,-1.0,-1.0,0
req006098,u4186,1,0,0,0,-1.0,-1.0,0
req005218,u4187,1,0,0,0,-1.0,-1.0,0
req008481,u4187,2,0,0,0,-1.0,-1.0,0
req001195,u4189,1,0,0,0,-1.0,-1.0,0
req001345,u4189,2,0,0,0,-1.0,-1.0,0
req001383,u4189,3,0,0,0,-1.0,-1.0,0
req001563,u4189,4,0,0,0,-1.0,-1.0,0
req003495,u4189,5,0,0,0,-1.0,-1.0,0
req003653,u4189,6,0,0,0,-1.0,-1.0,0
req007849,u4189,7,0,0,0,-1.0,-1.0,0
req005881,u4190,1,0,0,0,-1.0,-1.0,0
req007095,u4194,1,0,0,0,-1.0,-1.0,0
req003258,u4196,1,0,0,0,-1.0,-1.0,0
req004544,u4196,2,0,0,0,-1.0,-1.0,0
req001183,u4197,1,0,0,0,-1.0,-1.0,0
req001888,u4197,2,0,0,0,-1.0,-1.0,0
req002025,u4199,1,0,0,0,-1.0,-1.0,0
req009385,u4199,2,0,0,0,-1.0,-1.0,0
req002197,u4201,1,0,0,0,-1.0,-1.0,0
req008325,u4202,1,0,0,0,-1.0,-1.0,0
req005666,u4203,1,0,0,0,-1.0,-1.0,0
req006647,u4204,1,1,0,0,-1.0,-1.0,0
req007222,u4204,2,1,0,1,575.0,575.0,1
req003618,u4206,1,0,0,0,-1.0,-1.0,0
req002046,u4207,1,1,0,0,-1.0,-1.0,0
req004096,u4209,1,1,0,0,-1.0,-1.0,0
req004856,u4211,1,0,0,0,-1.0,-1.0,0
req004333,u4212,1,0,0,0,-1.0,-1.0,0
req008092,u4213,1,0,0,0,-1.0,-1.0,0
req006914,u4215,1,0,0,0,-1.0,-1.0,0
req000020,u4216,1,0,0,0,-1.0,-1.0,0
req008143,u4217,1,1,0,0,-1.0,-1.0,0
req006663,u4218,1,0,0,0,-1.0,-1.0,0
req003123,u4220,1,1,0,0,-1.0,-1.0,0
req007163,u4220,2,1,0,1,4040.0,4040.0,0
req005132,u4221,1,0,0,0,-1.0,-1.0,0
req002204,u4224,1,0,0,0,-1.0,-1.0,0
req006909,u4224,2,0,0,0,-1.0,-1.0,0
req009595,u4224,3,0,0,0,-1.0,-1.0,0
req001293,u4226,1,0,0,0,-1.0,-1.0,0
req004589,u4226,2,0,0,0,-1.0,-1.0,0
req006457,u4227,1,0,0,0,-1.0,-1.0,0
req002438,u4228,1,0,0,0,-1.0,-1.0,0
req003590,u4229,1,0,0,0,-1.0,-1.0,0
req004944,u4229,2,0,0,0,-1.0,-1.0,0
req006540,u4229,3,0,0,0,-1.0,-1.0,0
req003175,u4230,1,0,0,0,-1.0,-1.0,0
req004208,u4230,2,0,0,0,-1.0,-1.0,0
req007553,u4230,3,1,0,0,-1.0,-1.0,0
req001758,u4231,1,0,0,0,-1.0,-1.0,0
req001835,u4231,2,0,0,0,-1.0,-1.0,0
req003627,u4231,3,0,0,0,-1.0,-1.0,0
req008059,u4231,4,1,1,0,-1.0,-1.0,0
req003700,u4232,1,0,0,0,-1.0,-1.0,0
req002566,u4233,1,0,0,0,-1.0,-1.0,0
req003470,u4237,1,0,0,0,-1.0,-1.0,0
req001679,u4238,1,0,0,0,-1.0,-1.0,0
req002905,u4238,2,0,0,0,-1.0,-1.0,0
req004706,u4238,3,0,0,0,-1.0,-1.0,0
req002318,u4239,1,0,0,0,-1.0,-1.0,0
req008137,u4240,1,1,0,0,-1.0,-1.0,0
req009657,u4240,2,2,0,1,1520.0,1520.0,1
req009545,u4242,1,0,0,0,-1.0,-1.0,0
req003583,u4243,1,1,0,0,-1.0,-1.0,0
req003861,u4244,1,1,0,0,-1.0,-1.0,0
req006656,u4244,2,1,0,1,2795.0,2795.0,1
req009641,u4245,1,0,0,0,-1.0,-1.0,0
req008718,u4248,1,0,0,0,-1.0,-1.0,0
req002603,u4249,1,0,0,0,-1.0,-1.0,0
req006127,u4249,2,0,0,0,-1.0,-1.0,0
req008435,u4251,1,0,0,0,-1.0,-1.0,0
req007139,u4252,1,0,0,0,-1.0,-1.0,0
req002205,u4254,1,0,0,0,-1.0,-1.0,0
req009760,u4256,1,0,0,0,-1.0,-1.0,0
req003210,u4257,1,0,0,0,-1.0,-1.0,0
req007778,u4257,2,0,0,0,-1.0,-1.0,0
req007196,u4258,1,0,0,0,-1.0,-1.0,0
req009477,u4258,2,0,0,0,-1.0,-1.0,0
req006530,u4259,1,0,0,0,-1.0,-1.0,0
req007701,u4259,2,0,0,0,-1.0,-1.0,0
req000082,u4261,1,0,0,0,-1.0,-1.0,0
req007944,u4261,2,0,0,0,-1.0,-1.0,0
req009560,u4261,3,0,0,0,-1.0,-1.0,0
req004242,u4262,1,1,0,0,-1.0,-1.0,0
req007582,u4262,2,1,0,1,3340.0,3340.0,1
req009603,u4262,3,1,0,1,5361.0,5361.0,0
req006693,u4263,1,0,0,0,-1.0,-1.0,0
req007080,u4263,2,0,0,0,-1.0,-1.0,0
req007234,u4263,3,0,0,0,-1.0,-1.0,0
req009656,u4263,4,0,0,0,-1.0,-1.0,0
req002092,u4264,1,0,0,0,-1.0,-1.0,0
req006237,u4264,2,0,0,0,-1.0,-1.0,0
req008022,u4267,1,0,0,0,-1.0,-1.0,0
req008454,u4267,2,0,0,0,-1.0,-1.0,0
req001193,u4268,1,0,0,0,-1.0,-1.0,0
req007349,u4269,1,0,0,0,-1.0,-1.0,0
req001039,u4270,1,0,0,0,-1.0,-1.0,0
req007300,u4270,2,0,0,0,-1.0,-1.0,0
req004562,u4274,1,0,0,0,-1.0,-1.0,0
req002663,u4275,1,0,0,0,-1.0,-1.0,0
req004437,u4275,2,0,0,0,-1.0,-1.0,0
req008100,u4277,1,0,0,0,-1.0,-1.0,0
req009251,u4277,2,0,0,0,-1.0,-1.0,0
req004360,u4278,1,0,0,0,-1.0,-1.0,0
req007382,u4278,2,0,0,0,-1.0,-1.0,0
req009312,u4278,3,0,0,0,-1.0,-1.0,0
req006521,u4283,1,0,0,0,-1.0,-1.0,0
req006583,u4284,1,0,0,0,-1.0,-1.0,0
req007709,u4284,2,0,0,0,-1.0,-1.0,0
req004709,u4288,1,0,0,0,-1.0,-1.0,0
req004534,u4289,1,0,0,0,-1.0,-1.0,0
req000548,u4290,1,0,0,0,-1.0,-1.0,0
req001932,u4290,2,0,0,0,-1.0,-1.0,0
req009428,u4290,3,0,0,0,-1.0,-1.0,0
req007815,u4291,1,0,0,0,-1.0,-1.0,0
req002128,u4292,1,0,0,0,-1.0,-1.0,0
req002224,u4295,1,0,0,0,-1.0,-1.0,0
req002973,u4295,2,0,0,0,-1.0,-1.0,0
req004313,u4295,3,0,0,0,-1.0,-1.0,0
req007444,u4295,4,0,0,0,-1.0,-1.0,0
req002125,u4296,1,0,0,0,-1.0,-1.0,0
req004254,u4296,2,0,0,0,-1.0,-1.0,0
req003150,u4297,1,0,0,0,-1.0,-1.0,0
req007108,u4298,1,0,0,0,-1.0,-1.0,0
req002933,u4300,1,0,0,0,-1.0,-1.0,0
req004209,u4302,1,1,0,0,-1.0,-1.0,0
req008019,u4303,1,0,0,0,-1.0,-1.0,0
req007870,u4304,1,0,0,0,-1.0,-1.0,0
req007953,u4305,1,0,0,0,-1.0,-1.0,0
req008337,u4306,1,0,0,0,-1.0,-1.0,0
req003659,u4307,1,1,0,0,-1.0,-1.0,0
req004920,u4307,2,1,0,1,1261.0,1261.0,1
req005829,u4308,1,0,0,0,-1.0,-1.0,0
req009594,u4309,1,0,0,0,-1.0,-1.0,0
req000373,u4311,1,0,0,0,-1.0,-1.0,0
req001309,u4311,2,0,0,0,-1.0,-1.0,0
req001672,u4311,3,0,0,0,-1.0,-1.0,0
req002871,u4311,4,0,0,0,-1.0,-1.0,0
req005529,u4311,5,0,0,0,-1.0,-1.0,0
req009845,u4311,6,0,0,0,-1.0,-1.0,0
req006912,u4312,1,0,0,0,-1.0,-1.0,0
req002171,u4313,1,0,0,0,-1.0,-1.0,0
req005568,u4314,1,1,0,0,-1.0,-1.0,0
req008169,u4314,2,2,0,1,2601.0,2601.0,1
req008786,u4314,3,3,0,2,1917.5,617.0,2
req002476,u4316,1,0,0,0,-1.0,-1.0,0
req001867,u4317,1,0,0,0,-1.0,-1.0,0
req002600,u4318,1,0,0,0,-1.0,-1.0,0
req005242,u4319,1,0,0,0,-1.0,-1.0,0
req000945,u4320,1,0,0,0,-1.0,-1.0,0
req005981,u4320,2,0,0,0,-1.0,-1.0,0
req000845,u4321,1,0,0,0,-1.0,-1.0,0
req001995,u4321,2,0,0,0,-1.0,-1.0,0
req005185,u4321,3,0,0,0,-1.0,-1.0,0
req000865,u4322,1,0,0,0,-1.0,-1.0,0
req002664,u4322,2,0,0,0,-1.0,-1.0,0
req004085,u4322,3,0,0,0,-1.0,-1.0,0
req009468,u4322,4,0,0,0,-1.0,-1.0,0
req007772,u4323,1,0,0,0,-1.0,-1.0,0
req009255,u4323,2,0,0,0,-1.0,-1.0,0
req009608,u4323,3,1,0,0,-1.0,-1.0,0
req005322,u4324,1,0,0,0,-1.0,-1.0,0
req006441,u4324,2,0,0,0,-1.0,-1.0,0
req008405,u4324,3,0,0,0,-1.0,-1.0,0
req008984,u4324,4,0,0,0,-1.0,-1.0,0
req005983,u4326,1,0,0,0,-1.0,-1.0,0
req005438,u4331,1,0,0,0,-1.0,-1.0,0
req002915,u4332,1,0,0,0,-1.0,-1.0,0
req002549,u4333,1,0,0,0,-1.0,-1.0,0
req005888,u4335,1,0,0,0,-1.0,-1.0,0
req002071,u4336,1,0,0,0,-1.0,-1.0,0
req008310,u4336,2,0,0,0,-1.0,-1.0,0
req001993,u4337,1,0,0,0,-1.0,-1.0,0
req002666,u4337,2,1,0,0,-1.0,-1.0,0
req002952,u4337,3,1,0,1,286.0,286.0,1
req006810,u4337,4,1,0,1,4144.0,4144.0,0
req008544,u4337,5,1,0,1,5878.0,5878.0,0
req007812,u4339,1,0,0,0,-1.0,-1.0,0
req009442,u4339,2,0,0,0,-1.0,-1.0,0
req003664,u4340,1,0,0,0,-1.0,-1.0,0
req009743,u4340,2,1,1,0,-1.0,-1.0,0
req001010,u4341,1,0,0,0,-1.0,-1.0,0
req007081,u4341,2,0,0,0,-1.0,-1.0,0
req005584,u4342,1,1,0,0,-1.0,-1.0,0
req009911,u4342,2,2,0,1,4327.0,4327.0,0
req006835,u4343,1,1,0,0,-1.0,-1.0,0
req008025,u4343,2,2,0,1,1190.0,1190.0,1
req003512,u4344,1,0,0,0,-1.0,-1.0,0
req004081,u4345,1,0,0,0,-1.0,-1.0,0
req002219,u4346,1,0,0,0,-1.0,-1.0,0
req008449,u4346,2,0,0,0,-1.0,-1.0,0
req003126,u4347,1,0,0,0,-1.0,-1.0,0
req006590,u4347,2,0,0,0,-1.0,-1.0,0
req005366,u4349,1,0,0,0,-1.0,-1.0,0
req007168,u4350,1,0,0,0,-1.0,-1.0,0
req001645,u4351,1,0,0,0,-1.0,-1.0,0
req001379,u4352,1,0,0,0,-1.0,-1.0,0
req005610,u4352,2,0,0,0,-1.0,-1.0,0
req009660,u4352,3,0,0,0,-1.0,-1.0,0
req000410,u4353,1,0,0,0,-1.0,-1.0,0
req001968,u4357,1,0,0,0,-1.0,-1.0,0
req006014,u4358,1,0,0,0,-1.0,-1.0,0
req007557,u4358,2,0,0,0,-1.0,-1.0,0
req003425,u4359,1,0,0,0,-1.0,-1.0,0
req000334,u4360,1,0,0,0,-1.0,-1.0,0
req000225,u4361,1,0,0,0,-1.0,-1.0,0
req004613,u4361,2,0,0,0,-1.0,-1.0,0
req002818,u4362,1,0,0,0,-1.0,-1.0,0
req006421,u4362,2,0,0,0,-1.0,-1.0,0
req003013,u4363,1,0,0,0,-1.0,-1.0,0
req002780,u4365,1,0,0,0,-1.0,-1.0,0
req005315,u4367,1,1,0,0,-1.0,-1.0,0
req006732,u4367,2,1,0,1,1417.0,1417.0,1
req007664,u4367,3,1,0,1,2349.0,2349.0,1
req009423,u4367,4,1,0,1,4108.0,4108.0,0
req003787,u4368,1,0,0,0,-1.0,-1.0,0
req006938,u4370,1,0,0,0,-1.0,-1.0,0
req006669,u4371,1,0,0,0,-1.0,-1.0,0
req002756,u4372,1,0,0,0,-1.0,-1.0,0
req004132,u4372,2,0,0,0,-1.0,-1.0,0
req000202,u4376,1,0,0,0,-1.0,-1.0,0
req009640,u4376,2,0,0,0,-1.0,-1.0,0
req008715,u4377,1,0,0,0,-1.0,-1.0,0
req001942,u4378,1,0,0,0,-1.0,-1.0,0
req006628,u4380,1,0,0,0,-1.0,-1.0,0
req001194,u4384,1,0,0,0,-1.0,-1.0,0
req004632,u4384,2,1,0,0,-1.0,-1.0,0
req000967,u4385,1,0,0,0,-1.0,-1.0,0
req000991,u4385,2,0,0,0,-1.0,-1.0,0
req007889,u4385,3,0,0,0,-1.0,-1.0,0
req002289,u4386,1,0,0,0,-1.0,-1.0,0
req003352,u4387,1,0,0,0,-1.0,-1.0,0
req000889,u4388,1,0,0,0,-1.0,-1.0,0
req004282,u4388,2,0,0,0,-1.0,-1.0,0
req004618,u4390,1,1,0,0,-1.0,-1.0,0
req006301,u4390,2,2,0,1,1683.0,1683.0,1
req001064,u4393,1,0,0,0,-1.0,-1.0,0
req003631,u4393,2,0,0,0,-1.0,-1.0,0
req008723,u4394,1,0,0,0,-1.0,-1.0,0
req002321,u4395,1,0,0,0,-1.0,-1.0,0
req006930,u4397,1,1,0,0,-1.0,-1.0,0
req001222,u4400,1,0,0,0,-1.0,-1.0,0
req002969,u4401,1,0,0,0,-1.0,-1.0,0
req004185,u4401,2,0,0,0,-1.0,-1.0,0
req006288,u4402,1,0,0,0,-1.0,-1.0,0
req002360,u4403,1,0,0,0,-1.0,-1.0,0
req009565,u4403,2,0,0,0,-1.0,-1.0,0
req001224,u4408,1,0,0,0,-1.0,-1.0,0
req006007,u4409,1,0,0,0,-1.0,-1.0,0
req008442,u4410,1,1,0,0,-1.0,-1.0,0
req006538,u4411,1,0,0,0,-1.0,-1.0,0
req000568,u4414,1,1,0,0,-1.0,-1.0,0
req001751,u4414,2,2,0,1,1183.0,1183.0,1
req006121,u4414,3,2,0,2,4961.5,4370.0,0
req004372,u4416,1,0,0,0,-1.0,-1.0,0
req004388,u4418,1,0,0,0,-1.0,-1.0,0
req006010,u4418,2,0,0,0,-1.0,-1.0,0
req007294,u4418,3,0,0,0,-1.0,-1.0,0
req000805,u4420,1,0,0,0,-1.0,-1.0,0
req002364,u4420,2,0,0,0,-1.0,-1.0,0
req006227,u4420,3,0,0,0,-1.0,-1.0,0
req006342,u4421,1,0,0,0,-1.0,-1.0,0
req005836,u4422,1,0,0,0,-1.0,-1.0,0
req005268,u4423,1,1,0,0,-1.0,-1.0,0
req001617,u4424,1,0,0,0,-1.0,-1.0,0
req004914,u4424,2,1,0,0,-1.0,-1.0,0
req000628,u4429,1,0,0,0,-1.0,-1.0,0
req001759,u4430,1,0,0,0,-1.0,-1.0,0
req006536,u4430,2,0,0,0,-1.0,-1.0,0
req008789,u4432,1,0,0,0,-1.0,-1.0,0
req009006,u4432,2,1,0,0,-1.0,-1.0,0
req005596,u4433,1,0,0,0,-1.0,-1.0,0
req007596,u4435,1,0,0,0,-1.0,-1.0,0
req009338,u4437,1,0,0,0,-1.0,-1.0,0
req006707,u4438,1,0,0,0,-1.0,-1.0,0
req001282,u4439,1,0,0,0,-1.0,-1.0,0
req006382,u4440,1,1,0,0,-1.0,-1.0,0
req004999,u4441,1,0,0,0,-1.0,-1.0,0
req007164,u4441,2,0,0,0,-1.0,-1.0,0
req000675,u4444,1,0,0,0,-1.0,-1.0,0
req007535,u4445,1,0,0,0,-1.0,-1.0,0
req007825,u4445,2,0,0,0,-1.0,-1.0,0
req004860,u4447,1,0,0,0,-1.0,-1.0,0
req004823,u4448,1,0,0,0,-1.0,-1.0,0
req003574,u4449,1,0,0,0,-1.0,-1.0,0
req001884,u4451,1,0,0,0,-1.0,-1.0,0
req009598,u4451,2,0,0,0,-1.0,-1.0,0
req001803,u4453,1,0,0,0,-1.0,-1.0,0
req006349,u4454,1,0,0,0,-1.0,-1.0,0
req008311,u4454,2,0,0,0,-1.0,-1.0,0
req009730,u4455,1,0,0,0,-1.0,-1.0,0
req007118,u4456,1,0,0,0,-1.0,-1.0,0
req008990,u4457,1,0,0,0,-1.0,-1.0,0
req000953,u4458,1,0,0,0,-1.0,-1.0,0
req000974,u4461,1,0,0,0,-1.0,-1.0,0
req008540,u4461,2,0,0,0,-1.0,-1.0,0
req006031,u4465,1,0,0,0,-1.0,-1.0,0
req006281,u4466,1,0,0,0,-1.0,-1.0,0
req007376,u4467,1,0,0,0,-1.0,-1.0,0
req004377,u4468,1,1,0,0,-1.0,-1.0,0
req005524,u4468,2,1,0,1,1147.0,1147.0,1
req008424,u4470,1,0,0,0,-1.0,-1.0,0
req009262,u4470,2,0,0,0,-1.0,-1.0,0
req009778,u4471,1,0,0,0,-1.0,-1.0,0
req003978,u4472,1,0,0,0,-1.0,-1.0,0
req007684,u4472,2,0,0,0,-1.0,-1.0,0
req009740,u4473,1,0,0,0,-1.0,-1.0,0
req005387,u4475,1,0,0,0,-1.0,-1.0,0
req007309,u4475,2,1,0,0,-1.0,-1.0,0
req003076,u4476,1,0,0,0,-1.0,-1.0,0
req006972,u4476,2,0,0,0,-1.0,-1.0,0
req009050,u4477,1,0,0,0,-1.0,-1.0,0
req000886,u4478,1,0,0,0,-1.0,-1.0,0
req002629,u4478,2,0,0,0,-1.0,-1.0,0
req006367,u4479,1,1,0,0,-1.0,-1.0,0
req003200,u4480,1,0,0,0,-1.0,-1.0,0
req009322,u4481,1,0,0,0,-1.0,-1.0,0
req002659,u4482,1,0,0,0,-1.0,-1.0,0
req009093,u4482,2,0,0,0,-1.0,-1.0,0
req009662,u4482,3,0,0,0,-1.0,-1.0,0
req000232,u4483,1,1,0,0,-1.0,-1.0,0
req001908,u4483,2,1,0,1,1676.0,1676.0,1
req009359,u4483,3,1,0,1,9127.0,9127.0,0
req004261,u4484,1,0,0,0,-1.0,-1.0,0
req005511,u4487,1,1,0,0,-1.0,-1.0,0
req002113,u4488,1,0,0,0,-1.0,-1.0,0
req003984,u4489,1,0,0,0,-1.0,-1.0,0
req002299,u4490,1,0,0,0,-1.0,-1.0,0
req007494,u4491,1,1,0,0,-1.0,-1.0,0
req003828,u4492,1,0,0,0,-1.0,-1.0,0
req004084,u4493,1,0,0,0,-1.0,-1.0,0
req000989,u4494,1,0,0,0,-1.0,-1.0,0
req002901,u4495,1,0,0,0,-1.0,-1.0,0
req002525,u4497,1,0,0,0,-1.0,-1.0,0
req000955,u4498,1,0,0,0,-1.0,-1.0,0
req001164,u4499,1,1,0,0,-1.0,-1.0,0
req005619,u4500,1,0,0,0,-1.0,-1.0,0
req007804,u4501,1,0,0,0,-1.0,-1.0,0
req009524,u4503,1,0,0,0,-1.0,-1.0,0
req005487,u4504,1,0,0,0,-1.0,-1.0,0
req008261,u4506,1,1,1,0,-1.0,-1.0,0
req001127,u4507,1,0,0,0,-1.0,-1.0,0
req007479,u4507,2,0,0,0,-1.0,-1.0,0
req004021,u4508,1,0,0,0,-1.0,-1.0,0
req004347,u4508,2,0,0,0,-1.0,-1.0,0
req004626,u4508,3,0,0,0,-1.0,-1.0,0
req005147,u4509,1,0,0,0,-1.0,-1.0,0
req002189,u4510,1,1,0,0,-1.0,-1.0,0
req004394,u4511,1,0,0,0,-1.0,-1.0,0
req008946,u4512,1,0,0,0,-1.0,-1.0,0
req001142,u4513,1,0,0,0,-1.0,-1.0,0
req005760,u4513,2,0,0,0,-1.0,-1.0,0
req007221,u4514,1,0,0,0,-1.0,-1.0,0
req003085,u4515,1,0,0,0,-1.0,-1.0,0
req008983,u4515,2,0,0,0,-1.0,-1.0,0
req002967,u4516,1,0,0,0,-1.0,-1.0,0
req007089,u4516,2,0,0,0,-1.0,-1.0,0
req000625,u4517,1,0,0,0,-1.0,-1.0,0
req001964,u4517,2,0,0,0,-1.0,-1.0,0
req004318,u4517,3,0,0,0,-1.0,-1.0,0
req008564,u4517,4,0,0,0,-1.0,-1.0,0
req003894,u4518,1,0,0,0,-1.0,-1.0,0
req005484,u4520,1,1,0,0,-1.0,-1.0,0
req003731,u4522,1,0,0,0,-1.0,-1.0,0
req001182,u4523,1,0,0,0,-1.0,-1.0,0
req005301,u4524,1,0,0,0,-1.0,-1.0,0
req006870,u4524,2,0,0,0,-1.0,-1.0,0
req005419,u4525,1,0,0,0,-1.0,-1.0,0
req005931,u4525,2,0,0,0,-1.0,-1.0,0
req000425,u4526,1,0,0,0,-1.0,-1.0,0
req000012,u4527,1,0,0,0,-1.0,-1.0,0
req003775,u4528,1,0,0,0,-1.0,-1.0,0
req000200,u4530,1,0,0,0,-1.0,-1.0,0
req002157,u4530,2,0,0,0,-1.0,-1.0,0
req004101,u4532,1,0,0,0,-1.0,-1.0,0
req000693,u4534,1,1,0,0,-1.0,-1.0,0
req001950,u4535,1,0,0,0,-1.0,-1.0,0
req008910,u4537,1,0,0,0,-1.0,-1.0,0
req000985,u4539,1,0,0,0,-1.0,-1.0,0
req002439,u4542,1,0,0,0,-1.0,-1.0,0
req008960,u4543,1,0,0,0,-1.0,-1.0,0
req007247,u4546,1,0,0,0,-1.0,-1.0,0
req001342,u4548,1,0,0,0,-1.0,-1.0,0
req002900,u4548,2,0,0,0,-1.0,-1.0,0
req003395,u4549,1,0,0,0,-1.0,-1.0,0
req000342,u4552,1,0,0,0,-1.0,-1.0,0
req004010,u4552,2,0,0,0,-1.0,-1.0,0
req004933,u4553,1,0,0,0,-1.0,-1.0,0
req009446,u4554,1,0,0,0,-1.0,-1.0,0
req002443,u4556,1,0,0,0,-1.0,-1.0,0
req008761,u4556,2,0,0,0,-1.0,-1.0,0
req002825,u4559,1,0,0,0,-1.0,-1.0,0
req001566,u4560,1,0,0,0,-1.0,-1.0,0
req005586,u4562,1,0,0,0,-1.0,-1.0,0
req008336,u4564,1,0,0,0,-1.0,-1.0,0
req009744,u4564,2,0,0,0,-1.0,-1.0,0
req000121,u4566,1,0,0,0,-1.0,-1.0,0
req000437,u4566,2,0,0,0,-1.0,-1.0,0
req006796,u4568,1,0,0,0,-1.0,-1.0,0
req001092,u4569,1,1,1,0,-1.0,-1.0,0
req005750,u4570,1,0,0,0,-1.0,-1.0,0
req008917,u4570,2,0,0,0,-1.0,-1.0,0
req005090,u4571,1,1,0,0,-1.0,-1.0,0
req009611,u4572,1,1,0,0,-1.0,-1.0,0
req002510,u4573,1,0,0,0,-1.0,-1.0,0
req007129,u4573,2,0,0,0,-1.0,-1.0,0
req003524,u4575,1,0,0,0,-1.0,-1.0,0
req004703,u4575,2,0,0,0,-1.0,-1.0,0
req004881,u4575,3,0,0,0,-1.0,-1.0,0
req008184,u4576,1,0,0,0,-1.0,-1.0,0
req008650,u4578,1,1,0,0,-1.0,-1.0,0
req006307,u4579,1,0,0,0,-1.0,-1.0,0
req006757,u4581,1,0,0,0,-1.0,-1.0,0
req000800,u4584,1,0,0,0,-1.0,-1.0,0
req007943,u4584,2,0,0,0,-1.0,-1.0,0
req001280,u4586,1,0,0,0,-1.0,-1.0,0
req002528,u4586,2,0,0,0,-1.0,-1.0,0
req002723,u4586,3,1,0,0,-1.0,-1.0,0
req004090,u4586,4,1,0,1,1367.0,1367.0,1
req008714,u4586,5,1,0,1,5991.0,5991.0,0
req000704,u4587,1,0,0,0,-1.0,-1.0,0
req000990,u4587,2,0,0,0,-1.0,-1.0,0
req004026,u4587,3,1,0,0,-1.0,-1.0,0
req005434,u4587,4,1,0,1,1408.0,1408.0,1
req000140,u4588,1,0,0,0,-1.0,-1.0,0
req000473,u4588,2,0,0,0,-1.0,-1.0,0
req005074,u4588,3,0,0,0,-1.0,-1.0,0
req003684,u4589,1,1,0,0,-1.0,-1.0,0
req009649,u4589,2,1,0,1,5965.0,5965.0,0
req000404,u4590,1,0,0,0,-1.0,-1.0,0
req007143,u4590,2,0,0,0,-1.0,-1.0,0
req002243,u4591,1,0,0,0,-1.0,-1.0,0
req006726,u4591,2,0,0,0,-1.0,-1.0,0
req007710,u4591,3,0,0,0,-1.0,-1.0,0
req000567,u4592,1,0,0,0,-1.0,-1.0,0
req004004,u4592,2,0,0,0,-1.0,-1.0,0
req005326,u4592,3,0,0,0,-1.0,-1.0,0
req005997,u4592,4,0,0,0,-1.0,-1.0,0
req001328,u4595,1,1,0,0,-1.0,-1.0,0
req002558,u4595,2,1,0,1,1230.0,1230.0,1
req009356,u4596,1,1,0,0,-1.0,-1.0,0
req001822,u4597,1,0,0,0,-1.0,-1.0,0
req004716,u4597,2,0,0,0,-1.0,-1.0,0
req007468,u4599,1,0,0,0,-1.0,-1.0,0
req006273,u4600,1,0,0,0,-1.0,-1.0,0
req001526,u4603,1,0,0,0,-1.0,-1.0,0
req002419,u4606,1,0,0,0,-1.0,-1.0,0
req008362,u4606,2,0,0,0,-1.0,-1.0,0
req003185,u4607,1,0,0,0,-1.0,-1.0,0
req006462,u4607,2,0,0,0,-1.0,-1.0,0
req006612,u4608,1,0,0,0,-1.0,-1.0,0
req004050,u4610,1,1,0,0,-1.0,-1.0,0
req007272,u4611,1,0,0,0,-1.0,-1.0,0
req007517,u4611,2,0,0,0,-1.0,-1.0,0
req007574,u4613,1,1,0,0,-1.0,-1.0,0
req007757,u4613,2,1,0,1,183.0,183.0,1
req007397,u4614,1,0,0,0,-1.0,-1.0,0
req007003,u4615,1,0,0,0,-1.0,-1.0,0
req009670,u4615,2,0,0,0,-1.0,-1.0,0
req000703,u4616,1,0,0,0,-1.0,-1.0,0
req001172,u4616,2,0,0,0,-1.0,-1.0,0
req007022,u4616,3,1,0,0,-1.0,-1.0,0
req001446,u4618,1,0,0,0,-1.0,-1.0,0
req008824,u4621,1,1,0,0,-1.0,-1.0,0
req002076,u4622,1,0,0,0,-1.0,-1.0,0
req008840,u4624,1,1,0,0,-1.0,-1.0,0
req007739,u4629,1,0,0,0,-1.0,-1.0,0
req003533,u4630,1,0,0,0,-1.0,-1.0,0
req004862,u4630,2,0,0,0,-1.0,-1.0,0
req008378,u4630,3,0,0,0,-1.0,-1.0,0
req004264,u4631,1,1,1,0,-1.0,-1.0,0
req006217,u4631,2,2,1,1,1953.0,1953.0,1
req007821,u4631,3,2,1,2,2580.5,1604.0,2
req007801,u4632,1,0,0,0,-1.0,-1.0,0
req006225,u4633,1,0,0,0,-1.0,-1.0,0
req009859,u4633,2,0,0,0,-1.0,-1.0,0
req003692,u4634,1,1,0,0,-1.0,-1.0,0
req008394,u4636,1,0,0,0,-1.0,-1.0,0
req003864,u4637,1,0,0,0,-1.0,-1.0,0
req007304,u4637,2,0,0,0,-1.0,-1.0,0
req008848,u4637,3,0,0,0,-1.0,-1.0,0
req004343,u4639,1,0,0,0,-1.0,-1.0,0
req005161,u4639,2,1,0,0,-1.0,-1.0,0
req009310,u4640,1,0,0,0,-1.0,-1.0,0
req009732,u4640,2,1,0,0,-1.0,-1.0,0
req005707,u4642,1,0,0,0,-1.0,-1.0,0
req003182,u4645,1,0,0,0,-1.0,-1.0,0
req004074,u4645,2,0,0,0,-1.0,-1.0,0
req008320,u4645,3,0,0,0,-1.0,-1.0,0
req008787,u4645,4,1,0,0,-1.0,-1.0,0
req001862,u4646,1,0,0,0,-1.0,-1.0,0
req003020,u4647,1,0,0,0,-1.0,-1.0,0
req008278,u4648,1,0,0,0,-1.0,-1.0,0
req001860,u4649,1,0,0,0,-1.0,-1.0,0
req001744,u4650,1,0,0,0,-1.0,-1.0,0
req002339,u4650,2,0,0,0,-1.0,-1.0,0
req009785,u4650,3,0,0,0,-1.0,-1.0,0
req001469,u4651,1,1,0,0,-1.0,-1.0,0
req000014,u4652,1,0,0,0,-1.0,-1.0,0
req006802,u4653,1,0,0,0,-1.0,-1.0,0
req008303,u4653,2,0,0,0,-1.0,-1.0,0
req004121,u4655,1,1,1,0,-1.0,-1.0,0
req006285,u4655,2,2,1,1,2164.0,2164.0,1
req005257,u4657,1,0,0,0,-1.0,-1.0,0
req000607,u4658,1,0,0,0,-1.0,-1.0,0
req001951,u4659,1,0,0,0,-1.0,-1.0,0
req008216,u4659,2,0,0,0,-1.0,-1.0,0
req003972,u4661,1,0,0,0,-1.0,-1.0,0
req004357,u4661,2,0,0,0,-1.0,-1.0,0
req007678,u4661,3,0,0,0,-1.0,-1.0,0
req008719,u4663,1,0,0,0,-1.0,-1.0,0
req001588,u4664,1,1,0,0,-1.0,-1.0,0
req003980,u4664,2,1,0,1,2392.0,2392.0,1
req002009,u4665,1,0,0,0,-1.0,-1.0,0
req009947,u4665,2,0,0,0,-1.0,-1.0,0
req006412,u4667,1,0,0,0,-1.0,-1.0,0
req006548,u4667,2,0,0,0,-1.0,-1.0,0
req008283,u4668,1,1,0,0,-1.0,-1.0,0
req007725,u4669,1,1,1,0,-1.0,-1.0,0
req001204,u4671,1,0,0,0,-1.0,-1.0,0
req008467,u4673,1,0,0,0,-1.0,-1.0,0
req001554,u4675,1,0,0,0,-1.0,-1.0,0
req003494,u4675,2,0,0,0,-1.0,-1.0,0
req005313,u4676,1,0,0,0,-1.0,-1.0,0
req007321,u4676,2,0,0,0,-1.0,-1.0,0
req001444,u4677,1,0,0,0,-1.0,-1.0,0
req008380,u4677,2,0,0,0,-1.0,-1.0,0
req009111,u4679,1,0,0,0,-1.0,-1.0,0
req008359,u4680,1,0,0,0,-1.0,-1.0,0
req002624,u4681,1,0,0,0,-1.0,-1.0,0
req004886,u4682,1,0,0,0,-1.0,-1.0,0
req009589,u4684,1,1,0,0,-1.0,-1.0,0
req002909,u4687,1,1,0,0,-1.0,-1.0,0
req000377,u4688,1,0,0,0,-1.0,-1.0,0
req006188,u4688,2,0,0,0,-1.0,-1.0,0
req007330,u4688,3,0,0,0,-1.0,-1.0,0
req006103,u4690,1,0,0,0,-1.0,-1.0,0
req001747,u4691,1,0,0,0,-1.0,-1.0,0
req007837,u4693,1,0,0,0,-1.0,-1.0,0
req001924,u4694,1,0,0,0,-1.0,-1.0,0
req000749,u4697,1,0,0,0,-1.0,-1.0,0
req005112,u4699,1,0,0,0,-1.0,-1.0,0
req002280,u4700,1,0,0,0,-1.0,-1.0,0
req002567,u4700,2,0,0,0,-1.0,-1.0,0
req007461,u4705,1,0,0,0,-1.0,-1.0,0
req009136,u4707,1,0,0,0,-1.0,-1.0,0
req005146,u4708,1,0,0,0,-1.0,-1.0,0
req000250,u4709,1,0,0,0,-1.0,-1.0,0
req004039,u4709,2,0,0,0,-1.0,-1.0,0
req004123,u4711,1,0,0,0,-1.0,-1.0,0
req008555,u4711,2,1,0,0,-1.0,-1.0,0
req009949,u4711,3,1,0,1,1394.0,1394.0,1
req001929,u4712,1,0,0,0,-1.0,-1.0,0
req005590,u4715,1,0,0,0,-1.0,-1.0,0
req001252,u4716,1,0,0,0,-1.0,-1.0,0
req008377,u4716,2,0,0,0,-1.0,-1.0,0
req009158,u4716,3,0,0,0,-1.0,-1.0,0
req005948,u4717,1,0,0,0,-1.0,-1.0,0
req005996,u4718,1,0,0,0,-1.0,-1.0,0
req008024,u4719,1,0,0,0,-1.0,-1.0,0
req000862,u4722,1,0,0,0,-1.0,-1.0,0
req000900,u4722,2,0,0,0,-1.0,-1.0,0
req007090,u4722,3,0,0,0,-1.0,-1.0,0
req000960,u4723,1,0,0,0,-1.0,-1.0,0
req000063,u4724,1,0,0,0,-1.0,-1.0,0
req000584,u4724,2,0,0,0,-1.0,-1.0,0
req001197,u4724,3,0,0,0,-1.0,-1.0,0
req004513,u4724,4,0,0,0,-1.0,-1.0,0
req003287,u4725,1,0,0,0,-1.0,-1.0,0
req005731,u4726,1,0,0,0,-1.0,-1.0,0
req006032,u4726,2,0,0,0,-1.0,-1.0,0
req006486,u4726,3,0,0,0,-1.0,-1.0,0
req008373,u4726,4,0,0,0,-1.0,-1.0,0
req002651,u4727,1,0,0,0,-1.0,-1.0,0
req003778,u4727,2,0,0,0,-1.0,-1.0,0
req009908,u4727,3,0,0,0,-1.0,-1.0,0
req008621,u4729,1,0,0,0,-1.0,-1.0,0
req004398,u4730,1,0,0,0,-1.0,-1.0,0
req004897,u4730,2,0,0,0,-1.0,-1.0,0
req002278,u4732,1,1,0,0,-1.0,-1.0,0
req003296,u4732,2,2,0,1,1018.0,1018.0,1
req004047,u4733,1,0,0,0,-1.0,-1.0,0
req002304,u4735,1,0,0,0,-1.0,-1.0,0
req009798,u4735,2,0,0,0,-1.0,-1.0,0
req007255,u4736,1,0,0,0,-1.0,-1.0,0
req007891,u4736,2,1,0,0,-1.0,-1.0,0
req000808,u4737,1,0,0,0,-1.0,-1.0,0
req003585,u4737,2,0,0,0,-1.0,-1.0,0
req004334,u4738,1,0,0,0,-1.0,-1.0,0
req003400,u4739,1,0,0,0,-1.0,-1.0,0
req001666,u4740,1,0,0,0,-1.0,-1.0,0
req002187,u4740,2,0,0,0,-1.0,-1.0,0
req005515,u4740,3,0,0,0,-1.0,-1.0,0
req000323,u4741,1,0,0,0,-1.0,-1.0,0
req004171,u4741,2,0,0,0,-1.0,-1.0,0
req004151,u4743,1,0,0,0,-1.0,-1.0,0
req007957,u4743,2,0,0,0,-1.0,-1.0,0
req002200,u4745,1,0,0,0,-1.0,-1.0,0
req000301,u4747,1,0,0,0,-1.0,-1.0,0
req002312,u4748,1,0,0,0,-1.0,-1.0,0
req006262,u4748,2,0,0,0,-1.0,-1.0,0
req000643,u4749,1,0,0,0,-1.0,-1.0,0
req006966,u4749,2,0,0,0,-1.0,-1.0,0
req005842,u4751,1,0,0,0,-1.0,-1.0,0
req005390,u4752,1,0,0,0,-1.0,-1.0,0
req009928,u4752,2,0,0,0,-1.0,-1.0,0
req000320,u4753,1,1,0,0,-1.0,-1.0,0
req000362,u4753,2,1,0,1,42.0,42.0,1
req003490,u4753,3,2,0,1,3170.0,3170.0,1
req000116,u4754,1,0,0,0,-1.0,-1.0,0
req005758,u4754,2,0,0,0,-1.0,-1.0,0
req007605,u4754,3,0,0,0,-1.0,-1.0,0
req002861,u4755,1,0,0,0,-1.0,-1.0,0
req008652,u4755,2,0,0,0,-1.0,-1.0,0
req002420,u4757,1,0,0,0,-1.0,-1.0,0
req005688,u4757,2,0,0,0,-1.0,-1.0,0
req009809,u4757,3,0,0,0,-1.0,-1.0,0
req000666,u4759,1,0,0,0,-1.0,-1.0,0
req005555,u4759,2,0,0,0,-1.0,-1.0,0
req003304,u4761,1,0,0,0,-1.0,-1.0,0
req005107,u4761,2,0,0,0,-1.0,-1.0,0
req005056,u4762,1,0,0,0,-1.0,-1.0,0
req007630,u4763,1,0,0,0,-1.0,-1.0,0
req007169,u4764,1,1,0,0,-1.0,-1.0,0
req002161,u4767,1,0,0,0,-1.0,-1.0,0
req009625,u4767,2,0,0,0,-1.0,-1.0,0
req004122,u4768,1,0,0,0,-1.0,-1.0,0
req004904,u4768,2,0,0,0,-1.0,-1.0,0
req005064,u4769,1,0,0,0,-1.0,-1.0,0
req000023,u4770,1,0,0,0,-1.0,-1.0,0
req006508,u4770,2,0,0,0,-1.0,-1.0,0
req007975,u4770,3,0,0,0,-1.0,-1.0,0
req002965,u4772,1,0,0,0,-1.0,-1.0,0
req000489,u4773,1,0,0,0,-1.0,-1.0,0
req009748,u4773,2,0,0,0,-1.0,-1.0,0
req004162,u4774,1,0,0,0,-1.0,-1.0,0
req002616,u4776,1,0,0,0,-1.0,-1.0,0
req004057,u4776,2,0,0,0,-1.0,-1.0,0
req007580,u4778,1,0,0,0,-1.0,-1.0,0
req001510,u4781,1,0,0,0,-1.0,-1.0,0
req001297,u4782,1,0,0,0,-1.0,-1.0,0
req001494,u4783,1,0,0,0,-1.0,-1.0,0
req003158,u4783,2,0,0,0,-1.0,-1.0,0
req005040,u4783,3,1,0,0,-1.0,-1.0,0
req009793,u4784,1,0,0,0,-1.0,-1.0,0
req009826,u4784,2,0,0,0,-1.0,-1.0,0
req004080,u4786,1,0,0,0,-1.0,-1.0,0
req002445,u4789,1,1,0,0,-1.0,-1.0,0
req009057,u4791,1,1,0,0,-1.0,-1.0,0
req009108,u4791,2,1,0,1,51.0,51.0,1
req005741,u4792,1,0,0,0,-1.0,-1.0,0
req008994,u4793,1,1,0,0,-1.0,-1.0,0
req009821,u4793,2,1,0,1,827.0,827.0,1
req006470,u4794,1,0,0,0,-1.0,-1.0,0
req000541,u4795,1,0,0,0,-1.0,-1.0,0
req002016,u4795,2,0,0,0,-1.0,-1.0,0
req009349,u4796,1,0,0,0,-1.0,-1.0,0
req009897,u4796,2,0,0,0,-1.0,-1.0,0
req000005,u4797,1,0,0,0,-1.0,-1.0,0
req004095,u4798,1,0,0,0,-1.0,-1.0,0
req007898,u4799,1,0,0,0,-1.0,-1.0,0
req003845,u4800,1,1,0,0,-1.0,-1.0,0
req004833,u4800,2,2,0,1,988.0,988.0,1
req007572,u4800,3,2,0,2,3233.0,2739.0,1
req008145,u4800,4,2,0,2,3806.0,3312.0,1
req002853,u4802,1,1,1,0,-1.0,-1.0,0
req004389,u4802,2,1,1,1,1536.0,1536.0,1
req004694,u4803,1,0,0,0,-1.0,-1.0,0
req002374,u4804,1,0,0,0,-1.0,-1.0,0
req003885,u4806,1,1,0,0,-1.0,-1.0,0
req004124,u4806,2,1,0,1,239.0,239.0,1
req007315,u4806,3,1,0,1,3430.0,3430.0,1
req002409,u4807,1,0,0,0,-1.0,-1.0,0
req009009,u4807,2,0,0,0,-1.0,-1.0,0
req006016,u4808,1,0,0,0,-1.0,-1.0,0
req006576,u4808,2,0,0,0,-1.0,-1.0,0
req008875,u4810,1,1,0,0,-1.0,-1.0,0
req006089,u4811,1,0,0,0,-1.0,-1.0,0
req002518,u4812,1,0,0,0,-1.0,-1.0,0
req006901,u4812,2,0,0,0,-1.0,-1.0,0
req005939,u4814,1,0,0,0,-1.0,-1.0,0
req006425,u4815,1,0,0,0,-1.0,-1.0,0
req006869,u4815,2,0,0,0,-1.0,-1.0,0
req007051,u4815,3,0,0,0,-1.0,-1.0,0
req007723,u4815,4,0,0,0,-1.0,-1.0,0
req000160,u4816,1,0,0,0,-1.0,-1.0,0
req004696,u4816,2,0,0,0,-1.0,-1.0,0
req001285,u4817,1,0,0,0,-1.0,-1.0,0
req004141,u4817,2,0,0,0,-1.0,-1.0,0
req005130,u4818,1,0,0,0,-1.0,-1.0,0
req007145,u4819,1,0,0,0,-1.0,-1.0,0
req002262,u4821,1,0,0,0,-1.0,-1.0,0
req003402,u4821,2,0,0,0,-1.0,-1.0,0
req005990,u4821,3,0,0,0,-1.0,-1.0,0
req003668,u4822,1,0,0,0,-1.0,-1.0,0
req004981,u4823,1,1,1,0,-1.0,-1.0,0
req001575,u4824,1,0,0,0,-1.0,-1.0,0
req002400,u4824,2,1,0,0,-1.0,-1.0,0
req002684,u4827,1,0,0,0,-1.0,-1.0,0
req002749,u4827,2,0,0,0,-1.0,-1.0,0
req001472,u4828,1,0,0,0,-1.0,-1.0,0
req005483,u4828,2,0,0,0,-1.0,-1.0,0
req002350,u4829,1,1,0,0,-1.0,-1.0,0
req002848,u4830,1,0,0,0,-1.0,-1.0,0
req000448,u4831,1,0,0,0,-1.0,-1.0,0
req006948,u4833,1,0,0,0,-1.0,-1.0,0
req009530,u4833,2,1,0,0,-1.0,-1.0,0
req001170,u4834,1,0,0,0,-1.0,-1.0,0
req003354,u4834,2,0,0,0,-1.0,-1.0,0
req004996,u4834,3,0,0,0,-1.0,-1.0,0
req003177,u4835,1,0,0,0,-1.0,-1.0,0
req006673,u4835,2,0,0,0,-1.0,-1.0,0
req008335,u4837,1,0,0,0,-1.0,-1.0,0
req006996,u4839,1,0,0,0,-1.0,-1.0,0
req001209,u4840,1,0,0,0,-1.0,-1.0,0
req001395,u4842,1,1,0,0,-1.0,-1.0,0
req004434,u4842,2,1,0,1,3039.0,3039.0,1
req004504,u4842,3,1,0,1,3109.0,3109.0,1
req006800,u4842,4,1,0,1,5405.0,5405.0,0
req007161,u4842,5,1,0,1,5766.0,5766.0,0
req009838,u4843,1,0,0,0,-1.0,-1.0,0
req006637,u4844,1,0,0,0,-1.0,-1.0,0
req006555,u4845,1,0,0,0,-1.0,-1.0,0
req007344,u4845,2,1,1,0,-1.0,-1.0,0
req007773,u4845,3,1,1,1,429.0,429.0,1
req008156,u4846,1,0,0,0,-1.0,-1.0,0
req000894,u4848,1,0,0,0,-1.0,-1.0,0
req003091,u4848,2,0,0,0,-1.0,-1.0,0
req000739,u4849,1,0,0,0,-1.0,-1.0,0
req007627,u4849,2,0,0,0,-1.0,-1.0,0
req008518,u4849,3,0,0,0,-1.0,-1.0,0
req009681,u4849,4,0,0,0,-1.0,-1.0,0
req000943,u4851,1,0,0,0,-1.0,-1.0,0
req000952,u4853,1,0,0,0,-1.0,-1.0,0
req008968,u4853,2,0,0,0,-1.0,-1.0,0
req006873,u4856,1,0,0,0,-1.0,-1.0,0
req007980,u4858,1,0,0,0,-1.0,-1.0,0
req004599,u4859,1,0,0,0,-1.0,-1.0,0
req005327,u4859,2,0,0,0,-1.0,-1.0,0
req000280,u4860,1,0,0,0,-1.0,-1.0,0
req000196,u4861,1,0,0,0,-1.0,-1.0,0
req006895,u4861,2,0,0,0,-1.0,-1.0,0
req002997,u4862,1,0,0,0,-1.0,-1.0,0
req008042,u4863,1,0,0,0,-1.0,-1.0,0
req002779,u4864,1,0,0,0,-1.0,-1.0,0
req003005,u4867,1,0,0,0,-1.0,-1.0,0
req004006,u4867,2,0,0,0,-1.0,-1.0,0
req004875,u4869,1,0,0,0,-1.0,-1.0,0
req009038,u4869,2,0,0,0,-1.0,-1.0,0
req001009,u4870,1,1,0,0,-1.0,-1.0,0
req009804,u4870,2,1,0,1,8795.0,8795.0,0
req009676,u4871,1,0,0,0,-1.0,-1.0,0
req009694,u4871,2,1,0,0,-1.0,-1.0,0
req008620,u4873,1,0,0,0,-1.0,-1.0,0
req004663,u4874,1,0,0,0,-1.0,-1.0,0
req008587,u4874,2,0,0,0,-1.0,-1.0,0
req001813,u4876,1,0,0,0,-1.0,-1.0,0
req008866,u4876,2,0,0,0,-1.0,-1.0,0
req000924,u4877,1,0,0,0,-1.0,-1.0,0
req006630,u4877,2,0,0,0,-1.0,-1.0,0
req007414,u4877,3,0,0,0,-1.0,-1.0,0
req009381,u4877,4,1,0,0,-1.0,-1.0,0
req007945,u4878,1,0,0,0,-1.0,-1.0,0
req000230,u4879,1,1,0,0,-1.0,-1.0,0
req001497,u4879,2,1,0,1,1267.0,1267.0,1
req000554,u4880,1,0,0,0,-1.0,-1.0,0
req009351,u4880,2,0,0,0,-1.0,-1.0,0
req006627,u4881,1,0,0,0,-1.0,-1.0,0
req003386,u4882,1,0,0,0,-1.0,-1.0,0
req002832,u4883,1,0,0,0,-1.0,-1.0,0
req007451,u4883,2,0,0,0,-1.0,-1.0,0
req009715,u4884,1,0,0,0,-1.0,-1.0,0
req004211,u4885,1,1,0,0,-1.0,-1.0,0
req009285,u4886,1,0,0,0,-1.0,-1.0,0
req004643,u4888,1,0,0,0,-1.0,-1.0,0
req006079,u4890,1,0,0,0,-1.0,-1.0,0
req008247,u4891,1,0,0,0,-1.0,-1.0,0
req006626,u4892,1,0,0,0,-1.0,-1.0,0
req009501,u4896,1,0,0,0,-1.0,-1.0,0
req007603,u4897,1,1,0,0,-1.0,-1.0,0
req009267,u4900,1,0,0,0,-1.0,-1.0,0
req003939,u4901,1,0,0,0,-1.0,-1.0,0
req004427,u4901,2,0,0,0,-1.0,-1.0,0
req004273,u4902,1,1,0,0,-1.0,-1.0,0
req008366,u4902,2,2,1,1,4093.0,4093.0,0
req000193,u4904,1,0,0,0,-1.0,-1.0,0
req004321,u4905,1,0,0,0,-1.0,-1.0,0
req006937,u4906,1,1,0,0,-1.0,-1.0,0
req003898,u4908,1,0,0,0,-1.0,-1.0,0
req002229,u4909,1,0,0,0,-1.0,-1.0,0
req003958,u4911,1,0,0,0,-1.0,-1.0,0
req005947,u4912,1,0,0,0,-1.0,-1.0,0
req005369,u4913,1,0,0,0,-1.0,-1.0,0
req009614,u4913,2,0,0,0,-1.0,-1.0,0
req002077,u4915,1,0,0,0,-1.0,-1.0,0
req009889,u4915,2,0,0,0,-1.0,-1.0,0
req000662,u4919,1,0,0,0,-1.0,-1.0,0
req002232,u4920,1,0,0,0,-1.0,-1.0,0
req008209,u4920,2,0,0,0,-1.0,-1.0,0
req009218,u4920,3,0,0,0,-1.0,-1.0,0
req005534,u4921,1,0,0,0,-1.0,-1.0,0
req003290,u4922,1,0,0,0,-1.0,-1.0,0
req007225,u4924,1,1,0,0,-1.0,-1.0,0
req000820,u4925,1,0,0,0,-1.0,-1.0,0
req002432,u4926,1,0,0,0,-1.0,-1.0,0
req007200,u4926,2,0,0,0,-1.0,-1.0,0
req003952,u4927,1,0,0,0,-1.0,-1.0,0
req000408,u4929,1,0,0,0,-1.0,-1.0,0
req008368,u4929,2,1,0,0,-1.0,-1.0,0
req000528,u4931,1,0,0,0,-1.0,-1.0,0
req003602,u4931,2,1,0,0,-1.0,-1.0,0
req002367,u4933,1,0,0,0,-1.0,-1.0,0
req000885,u4934,1,0,0,0,-1.0,-1.0,0
req004617,u4935,1,0,0,0,-1.0,-1.0,0
req008254,u4935,2,0,0,0,-1.0,-1.0,0
req000144,u4936,1,0,0,0,-1.0,-1.0,0
req000787,u4937,1,0,0,0,-1.0,-1.0,0
req009455,u4937,2,0,0,0,-1.0,-1.0,0
req003140,u4938,1,0,0,0,-1.0,-1.0,0
req006092,u4941,1,0,0,0,-1.0,-1.0,0
req006699,u4941,2,0,0,0,-1.0,-1.0,0
req003266,u4942,1,0,0,0,-1.0,-1.0,0
req003962,u4945,1,0,0,0,-1.0,-1.0,0
req009375,u4945,2,0,0,0,-1.0,-1.0,0
req006348,u4946,1,0,0,0,-1.0,-1.0,0
req009844,u4947,1,0,0,0,-1.0,-1.0,0
req004370,u4948,1,0,0,0,-1.0,-1.0,0
req004307,u4949,1,0,0,0,-1.0,-1.0,0
req009685,u4950,1,0,0,0,-1.0,-1.0,0
req008349,u4951,1,0,0,0,-1.0,-1.0,0
req006250,u4953,1,0,0,0,-1.0,-1.0,0
req006556,u4953,2,0,0,0,-1.0,-1.0,0
req009261,u4955,1,0,0,0,-1.0,-1.0,0
req003438,u4956,1,0,0,0,-1.0,-1.0,0
req005014,u4956,2,0,0,0,-1.0,-1.0,0
req001610,u4957,1,0,0,0,-1.0,-1.0,0
req006347,u4958,1,0,0,0,-1.0,-1.0,0
req001085,u4959,1,0,0,0,-1.0,-1.0,0
req003761,u4960,1,0,0,0,-1.0,-1.0,0
req000812,u4961,1,0,0,0,-1.0,-1.0,0
req006964,u4961,2,0,0,0,-1.0,-1.0,0
req009788,u4961,3,0,0,0,-1.0,-1.0,0
req004648,u4963,1,0,0,0,-1.0,-1.0,0
req004960,u4963,2,0,0,0,-1.0,-1.0,0
req006667,u4966,1,0,0,0,-1.0,-1.0,0
req008273,u4966,2,0,0,0,-1.0,-1.0,0
req002987,u4967,1,0,0,0,-1.0,-1.0,0
req006067,u4967,2,0,0,0,-1.0,-1.0,0
req007659,u4968,1,0,0,0,-1.0,-1.0,0
req001351,u4970,1,0,0,0,-1.0,-1.0,0
req002203,u4970,2,0,0,0,-1.0,-1.0,0
req009343,u4970,3,0,0,0,-1.0,-1.0,0
req002217,u4971,1,0,0,0,-1.0,-1.0,0
req009644,u4971,2,0,0,0,-1.0,-1.0,0
req003047,u4973,1,0,0,0,-1.0,-1.0,0
req003428,u4973,2,0,0,0,-1.0,-1.0,0
req004204,u4973,3,0,0,0,-1.0,-1.0,0
req007789,u4973,4,0,0,0,-1.0,-1.0,0
req002297,u4974,1,0,0,0,-1.0,-1.0,0
req008282,u4974,2,1,0,0,-1.0,-1.0,0
req004137,u4977,1,1,0,0,-1.0,-1.0,0
req007116,u4977,2,1,0,1,2979.0,2979.0,1
req008479,u4978,1,0,0,0,-1.0,-1.0,0
req009747,u4979,1,0,0,0,-1.0,-1.0,0
req007162,u4982,1,0,0,0,-1.0,-1.0,0
req004487,u4984,1,0,0,0,-1.0,-1.0,0
req009173,u4984,2,0,0,0,-1.0,-1.0,0
req000235,u4986,1,0,0,0,-1.0,-1.0,0
req001396,u4986,2,0,0,0,-1.0,-1.0,0
req009671,u4986,3,0,0,0,-1.0,-1.0,0
req008020,u4989,1,0,0,0,-1.0,-1.0,0
req001347,u4990,1,0,0,0,-1.0,-1.0,0
req009020,u4990,2,0,0,0,-1.0,-1.0,0
req001909,u4991,1,0,0,0,-1.0,-1.0,0
req001787,u4992,1,0,0,0,-1.0,-1.0,0
req003029,u4992,2,0,0,0,-1.0,-1.0,0
req007232,u4993,1,0,0,0,-1.0,-1.0,0
req007768,u4993,2,0,0,0,-1.0,-1.0,0
req001743,u4994,1,0,0,0,-1.0,-1.0,0
req002153,u4994,2,0,0,0,-1.0,-1.0,0
req007074,u4994,3,0,0,0,-1.0,-1.0,0
req009534,u4994,4,1,0,0,-1.0,-1.0,0
req006804,u4995,1,0,0,0,-1.0,-1.0,0
req007729,u4995,2,0,0,0,-1.0,-1.0,0
req003086,u4997,1,0,0,0,-1.0,-1.0,0
req007589,u4997,2,0,0,0,-1.0,-1.0,0
req007722,u4997,3,0,0,0,-1.0,-1.0,0
req000433,u4999,1,0,0,0,-1.0,-1.0,0
req000964,u4999,2,0,0,0,-1.0,-1.0,0
req009814,u5000,1,0,0,0,-1.0,-1.0,0
req002070,u5001,1,0,0,0,-1.0,-1.0,0
req006000,u5002,1,0,0,0,-1.0,-1.0,0
req008222,u5002,2,0,0,0,-1.0,-1.0,0
req007159,u5003,1,0,0,0,-1.0,-1.0,0
req003197,u5004,1,0,0,0,-1.0,-1.0,0
req008289,u5004,2,0,0,0,-1.0,-1.0,0
req008457,u5004,3,0,0,0,-1.0,-1.0,0
req009059,u5004,4,0,0,0,-1.0,-1.0,0
req004907,u5005,1,0,0,0,-1.0,-1.0,0
req009329,u5005,2,1,0,0,-1.0,-1.0,0
req001852,u5008,1,0,0,0,-1.0,-1.0,0
req003063,u5008,2,0,0,0,-1.0,-1.0,0
req008511,u5008,3,0,0,0,-1.0,-1.0,0
req001561,u5009,1,1,1,0,-1.0,-1.0,0
req003567,u5009,2,2,1,1,2006.0,2006.0,1
req008889,u5009,3,2,1,2,6325.0,5322.0,0
req004190,u5011,1,0,0,0,-1.0,-1.0,0
req006142,u5011,2,0,0,0,-1.0,-1.0,0
req004003,u5013,1,0,0,0,-1.0,-1.0,0
req009687,u5014,1,0,0,0,-1.0,-1.0,0
req008249,u5015,1,0,0,0,-1.0,-1.0,0
req004257,u5016,1,0,0,0,-1.0,-1.0,0
req001330,u5017,1,0,0,0,-1.0,-1.0,0
req003855,u5017,2,0,0,0,-1.0,-1.0,0
req008330,u5018,1,0,0,0,-1.0,-1.0,0
req003903,u5019,1,0,0,0,-1.0,-1.0,0
req003373,u5020,1,0,0,0,-1.0,-1.0,0
req004705,u5020,2,0,0,0,-1.0,-1.0,0
req006724,u5020,3,0,0,0,-1.0,-1.0,0
req002572,u5022,1,0,0,0,-1.0,-1.0,0
req009795,u5023,1,0,0,0,-1.0,-1.0,0
req009529,u5024,1,0,0,0,-1.0,-1.0,0
req000819,u5026,1,0,0,0,-1.0,-1.0,0
req002390,u5026,2,0,0,0,-1.0,-1.0,0
req000271,u5028,1,0,0,0,-1.0,-1.0,0
req002290,u5028,2,0,0,0,-1.0,-1.0,0
req001457,u5029,1,0,0,0,-1.0,-1.0,0
req006331,u5029,2,0,0,0,-1.0,-1.0,0
req007005,u5031,1,0,0,0,-1.0,-1.0,0
req009424,u5031,2,0,0,0,-1.0,-1.0,0
req004546,u5032,1,0,0,0,-1.0,-1.0,0
req009609,u5032,2,0,0,0,-1.0,-1.0,0
req005877,u5033,1,0,0,0,-1.0,-1.0,0
req009024,u5034,1,0,0,0,-1.0,-1.0,0
req003261,u5035,1,0,0,0,-1.0,-1.0,0
req008874,u5035,2,0,0,0,-1.0,-1.0,0
req002344,u5036,1,0,0,0,-1.0,-1.0,0
req008706,u5036,2,0,0,0,-1.0,-1.0,0
req000799,u5037,1,0,0,0,-1.0,-1.0,0
req007154,u5037,2,0,0,0,-1.0,-1.0,0
req001078,u5038,1,1,0,0,-1.0,-1.0,0
req004641,u5038,2,1,0,1,3563.0,3563.0,1
req006050,u5038,3,2,0,1,4972.0,4972.0,0
req008041,u5039,1,0,0,0,-1.0,-1.0,0
req001600,u5043,1,0,0,0,-1.0,-1.0,0
req005226,u5044,1,0,0,0,-1.0,-1.0,0
req008399,u5044,2,0,0,0,-1.0,-1.0,0
req007099,u5045,1,0,0,0,-1.0,-1.0,0
req003649,u5046,1,0,0,0,-1.0,-1.0,0
req008821,u5046,2,0,0,0,-1.0,-1.0,0
req000558,u5047,1,1,0,0,-1.0,-1.0,0
req004499,u5049,1,0,0,0,-1.0,-1.0,0
req001952,u5051,1,0,0,0,-1.0,-1.0,0
req009393,u5051,2,1,0,0,-1.0,-1.0,0
req004002,u5053,1,0,0,0,-1.0,-1.0,0
req006792,u5053,2,0,0,0,-1.0,-1.0,0
req003758,u5055,1,0,0,0,-1.0,-1.0,0
req005655,u5057,1,0,0,0,-1.0,-1.0,0
req006051,u5058,1,0,0,0,-1.0,-1.0,0
req000013,u5059,1,0,0,0,-1.0,-1.0,0
req001316,u5059,2,0,0,0,-1.0,-1.0,0
req007902,u5059,3,0,0,0,-1.0,-1.0,0
req008989,u5060,1,0,0,0,-1.0,-1.0,0
req003755,u5063,1,0,0,0,-1.0,-1.0,0
req005288,u5063,2,0,0,0,-1.0,-1.0,0
req001673,u5064,1,0,0,0,-1.0,-1.0,0
req005942,u5064,2,0,0,0,-1.0,-1.0,0
req000392,u5065,1,0,0,0,-1.0,-1.0,0
req001016,u5065,2,0,0,0,-1.0,-1.0,0
req003916,u5065,3,0,0,0,-1.0,-1.0,0
req006343,u5065,4,0,0,0,-1.0,-1.0,0
req009833,u5066,1,0,0,0,-1.0,-1.0,0
req007617,u5069,1,0,0,0,-1.0,-1.0,0
req000194,u5070,1,0,0,0,-1.0,-1.0,0
req002086,u5070,2,0,0,0,-1.0,-1.0,0
req003514,u5070,3,0,0,0,-1.0,-1.0,0
req004707,u5070,4,0,0,0,-1.0,-1.0,0
req007775,u5070,5,0,0,0,-1.0,-1.0,0
req006306,u5071,1,0,0,0,-1.0,-1.0,0
req008133,u5073,1,1,0,0,-1.0,-1.0,0
req004439,u5078,1,0,0,0,-1.0,-1.0,0
req005465,u5078,2,0,0,0,-1.0,-1.0,0
req008331,u5078,3,0,0,0,-1.0,-1.0,0
req007329,u5080,1,0,0,0,-1.0,-1.0,0
req006111,u5083,1,0,0,0,-1.0,-1.0,0
req007266,u5083,2,0,0,0,-1.0,-1.0,0
req008600,u5083,3,0,0,0,-1.0,-1.0,0
req009019,u5085,1,1,0,0,-1.0,-1.0,0
req000613,u5089,1,0,0,0,-1.0,-1.0,0
req002885,u5089,2,0,0,0,-1.0,-1.0,0
req008294,u5089,3,1,0,0,-1.0,-1.0,0
req008785,u5089,4,1,0,1,491.0,491.0,1
req006830,u5091,1,0,0,0,-1.0,-1.0,0
req005116,u5093,1,0,0,0,-1.0,-1.0,0
req006209,u5093,2,0,0,0,-1.0,-1.0,0
req000463,u5094,1,0,0,0,-1.0,-1.0,0
req002208,u5094,2,0,0,0,-1.0,-1.0,0
req003349,u5094,3,0,0,0,-1.0,-1.0,0
req005375,u5094,4,0,0,0,-1.0,-1.0,0
req006531,u5094,5,0,0,0,-1.0,-1.0,0
req006723,u5094,6,0,0,0,-1.0,-1.0,0
req004587,u5097,1,1,0,0,-1.0,-1.0,0
req005187,u5098,1,0,0,0,-1.0,-1.0,0
req003725,u5099,1,0,0,0,-1.0,-1.0,0
req002458,u5102,1,1,0,0,-1.0,-1.0,0
req006961,u5102,2,1,0,1,4503.0,4503.0,0
req000445,u5103,1,0,0,0,-1.0,-1.0,0
req001336,u5103,2,1,0,0,-1.0,-1.0,0
req009131,u5105,1,0,0,0,-1.0,-1.0,0
req005722,u5106,1,0,0,0,-1.0,-1.0,0
req007097,u5106,2,0,0,0,-1.0,-1.0,0
req001181,u5108,1,0,0,0,-1.0,-1.0,0
req007493,u5108,2,0,0,0,-1.0,-1.0,0
req006445,u5110,1,0,0,0,-1.0,-1.0,0
req005553,u5111,1,0,0,0,-1.0,-1.0,0
req001790,u5113,1,0,0,0,-1.0,-1.0,0
req002641,u5113,2,0,0,0,-1.0,-1.0,0
req007827,u5114,1,0,0,0,-1.0,-1.0,0
req006150,u5115,1,0,0,0,-1.0,-1.0,0
req007616,u5117,1,0,0,0,-1.0,-1.0,0
req009198,u5117,2,0,0,0,-1.0,-1.0,0
req007705,u5118,1,0,0,0,-1.0,-1.0,0
req002857,u5120,1,0,0,0,-1.0,-1.0,0
req005190,u5120,2,0,0,0,-1.0,-1.0,0
req006913,u5120,3,0,0,0,-1.0,-1.0,0
req006923,u5122,1,0,0,0,-1.0,-1.0,0
req007137,u5123,1,0,0,0,-1.0,-1.0,0
req000604,u5124,1,0,0,0,-1.0,-1.0,0
req000680,u5124,2,0,0,0,-1.0,-1.0,0
req002446,u5125,1,0,0,0,-1.0,-1.0,0
req006017,u5125,2,0,0,0,-1.0,-1.0,0
req008522,u5125,3,0,0,0,-1.0,-1.0,0
req003971,u5129,1,0,0,0,-1.0,-1.0,0
req006277,u5129,2,1,0,0,-1.0,-1.0,0
req007076,u5129,3,1,0,1,799.0,799.0,1
req008818,u5129,4,1,0,1,2541.0,2541.0,1
req002427,u5130,1,0,0,0,-1.0,-1.0,0
req004224,u5130,2,0,0,0,-1.0,-1.0,0
req009179,u5130,3,0,0,0,-1.0,-1.0,0
req001081,u5131,1,0,0,0,-1.0,-1.0,0
req003097,u5131,2,0,0,0,-1.0,-1.0,0
req003121,u5131,3,0,0,0,-1.0,-1.0,0
req001416,u5132,1,0,0,0,-1.0,-1.0,0
req005816,u5132,2,0,0,0,-1.0,-1.0,0
req007496,u5132,3,0,0,0,-1.0,-1.0,0
req002257,u5133,1,1,0,0,-1.0,-1.0,0
req004105,u5133,2,1,0,1,1848.0,1848.0,1
req004744,u5133,3,1,0,1,2487.0,2487.0,1
req007018,u5133,4,1,0,1,4761.0,4761.0,0
req008901,u5134,1,0,0,0,-1.0,-1.0,0
req002721,u5135,1,0,0,0,-1.0,-1.0,0
req003977,u5136,1,0,0,0,-1.0,-1.0,0
req007610,u5136,2,0,0,0,-1.0,-1.0,0
req007916,u5137,1,0,0,0,-1.0,-1.0,0
req007914,u5138,1,0,0,0,-1.0,-1.0,0
req005439,u5140,1,0,0,0,-1.0,-1.0,0
req006894,u5140,2,0,0,0,-1.0,-1.0,0
req007287,u5141,1,0,0,0,-1.0,-1.0,0
req008731,u5141,2,0,0,0,-1.0,-1.0,0
req000434,u5143,1,0,0,0,-1.0,-1.0,0
req006586,u5143,2,0,0,0,-1.0,-1.0,0
req005282,u5144,1,0,0,0,-1.0,-1.0,0
req000486,u5145,1,0,0,0,-1.0,-1.0,0
req003805,u5145,2,1,0,0,-1.0,-1.0,0
req002149,u5146,1,0,0,0,-1.0,-1.0,0
req006116,u5154,1,0,0,0,-1.0,-1.0,0
req006208,u5154,2,1,0,0,-1.0,-1.0,0
req006784,u5154,3,2,0,1,576.0,576.0,1
req000806,u5155,1,0,0,0,-1.0,-1.0,0
req002388,u5156,1,0,0,0,-1.0,-1.0,0
req004082,u5157,1,0,0,0,-1.0,-1.0,0
req005105,u5157,2,0,0,0,-1.0,-1.0,0
req005733,u5160,1,0,0,0,-1.0,-1.0,0
req007816,u5160,2,0,0,0,-1.0,-1.0,0
req002395,u5161,1,1,0,0,-1.0,-1.0,0
req005352,u5162,1,0,0,0,-1.0,-1.0,0
req006643,u5164,1,0,0,0,-1.0,-1.0,0
req007228,u5164,2,0,0,0,-1.0,-1.0,0
req005795,u5166,1,0,0,0,-1.0,-1.0,0
req007811,u5166,2,1,0,0,-1.0,-1.0,0
req000927,u5168,1,0,0,0,-1.0,-1.0,0
req006754,u5169,1,1,0,0,-1.0,-1.0,0
req001540,u5172,1,1,0,0,-1.0,-1.0,0
req007823,u5172,2,1,0,1,6283.0,6283.0,0
req006780,u5173,1,0,0,0,-1.0,-1.0,0
req006148,u5175,1,1,0,0,-1.0,-1.0,0
req002755,u5176,1,0,0,0,-1.0,-1.0,0
req009416,u5176,2,0,0,0,-1.0,-1.0,0
req000436,u5177,1,0,0,0,-1.0,-1.0,0
req002039,u5180,1,0,0,0,-1.0,-1.0,0
req002048,u5180,2,0,0,0,-1.0,-1.0,0
req004864,u5181,1,0,0,0,-1.0,-1.0,0
req000487,u5182,1,0,0,0,-1.0,-1.0,0
req000793,u5182,2,0,0,0,-1.0,-1.0,0
req009620,u5182,3,0,0,0,-1.0,-1.0,0
req002047,u5184,1,0,0,0,-1.0,-1.0,0
req001776,u5185,1,0,0,0,-1.0,-1.0,0
req006249,u5186,1,0,0,0,-1.0,-1.0,0
req008257,u5187,1,1,0,0,-1.0,-1.0,0
req009307,u5187,2,1,0,1,1050.0,1050.0,1
req009849,u5187,3,1,0,1,1592.0,1592.0,1
req000935,u5188,1,0,0,0,-1.0,-1.0,0
req001054,u5188,2,0,0,0,-1.0,-1.0,0
req008720,u5188,3,0,0,0,-1.0,-1.0,0
req009279,u5188,4,0,0,0,-1.0,-1.0,0
req001704,u5189,1,0,0,0,-1.0,-1.0,0
req002976,u5189,2,0,0,0,-1.0,-1.0,0
req000078,u5190,1,0,0,0,-1.0,-1.0,0
req006326,u5190,2,1,0,0,-1.0,-1.0,0
req003276,u5191,1,0,0,0,-1.0,-1.0,0
req007292,u5192,1,0,0,0,-1.0,-1.0,0
req009069,u5193,1,0,0,0,-1.0,-1.0,0
req009080,u5193,2,0,0,0,-1.0,-1.0,0
req008639,u5195,1,0,0,0,-1.0,-1.0,0
req001262,u5196,1,0,0,0,-1.0,-1.0,0
req005202,u5196,2,0,0,0,-1.0,-1.0,0
req000032,u5201,1,1,0,0,-1.0,-1.0,0
req006729,u5203,1,0,0,0,-1.0,-1.0,0
req003531,u5204,1,0,0,0,-1.0,-1.0,0
req000435,u5206,1,1,0,0,-1.0,-1.0,0
req001123,u5207,1,0,0,0,-1.0,-1.0,0
req008985,u5208,1,0,0,0,-1.0,-1.0,0
req008341,u5209,1,1,0,0,-1.0,-1.0,0
req002485,u5210,1,0,0,0,-1.0,-1.0,0
req001786,u5211,1,0,0,0,-1.0,-1.0,0
req006603,u5211,2,1,0,0,-1.0,-1.0,0
req002693,u5213,1,0,0,0,-1.0,-1.0,0
req000707,u5214,1,0,0,0,-1.0,-1.0,0
req001210,u5216,1,0,0,0,-1.0,-1.0,0
req004894,u5220,1,1,0,0,-1.0,-1.0,0
req002453,u5221,1,0,0,0,-1.0,-1.0,0
req008646,u5221,2,0,0,0,-1.0,-1.0,0
req008847,u5221,3,0,0,0,-1.0,-1.0,0
req009596,u5221,4,0,0,0,-1.0,-1.0,0
req004720,u5223,1,0,0,0,-1.0,-1.0,0
req008299,u5223,2,0,0,0,-1.0,-1.0,0
req000247,u5224,1,0,0,0,-1.0,-1.0,0
req000295,u5225,1,0,0,0,-1.0,-1.0,0
req005890,u5225,2,0,0,0,-1.0,-1.0,0
req000287,u5227,1,1,0,0,-1.0,-1.0,0
req004426,u5228,1,0,0,0,-1.0,-1.0,0
req008547,u5228,2,0,0,0,-1.0,-1.0,0
req007727,u5229,1,0,0,0,-1.0,-1.0,0
req000687,u5230,1,0,0,0,-1.0,-1.0,0
req001775,u5230,2,0,0,0,-1.0,-1.0,0
req005982,u5230,3,0,0,0,-1.0,-1.0,0
req002798,u5232,1,1,0,0,-1.0,-1.0,0
req003506,u5233,1,0,0,0,-1.0,-1.0,0
req007936,u5233,2,0,0,0,-1.0,-1.0,0
req000093,u5234,1,0,0,0,-1.0,-1.0,0
req003383,u5235,1,0,0,0,-1.0,-1.0,0
req004325,u5235,2,0,0,0,-1.0,-1.0,0
req004407,u5235,3,0,0,0,-1.0,-1.0,0
req007038,u5235,4,0,0,0,-1.0,-1.0,0
req002115,u5236,1,0,0,0,-1.0,-1.0,0
req008801,u5236,2,0,0,0,-1.0,-1.0,0
req005652,u5238,1,0,0,0,-1.0,-1.0,0
req001770,u5239,1,0,0,0,-1.0,-1.0,0
req009818,u5239,2,0,0,0,-1.0,-1.0,0
req002031,u5240,1,0,0,0,-1.0,-1.0,0
req002471,u5241,1,0,0,0,-1.0,-1.0,0
req005441,u5241,2,0,0,0,-1.0,-1.0,0
req005613,u5241,3,0,0,0,-1.0,-1.0,0
req009457,u5241,4,0,0,0,-1.0,-1.0,0
req006203,u5243,1,0,0,0,-1.0,-1.0,0
req008877,u5243,2,0,0,0,-1.0,-1.0,0
req004998,u5244,1,0,0,0,-1.0,-1.0,0
req000941,u5247,1,0,0,0,-1.0,-1.0,0
req009055,u5247,2,0,0,0,-1.0,-1.0,0
req005544,u5250,1,0,0,0,-1.0,-1.0,0
req007752,u5250,2,0,0,0,-1.0,-1.0,0
req004341,u5251,1,0,0,0,-1.0,-1.0,0
req000796,u5253,1,0,0,0,-1.0,-1.0,0
req003717,u5258,1,0,0,0,-1.0,-1.0,0
req008520,u5258,2,0,0,0,-1.0,-1.0,0
req003010,u5259,1,0,0,0,-1.0,-1.0,0
req007044,u5259,2,0,0,0,-1.0,-1.0,0
req001358,u5260,1,0,0,0,-1.0,-1.0,0
req002494,u5261,1,1,0,0,-1.0,-1.0,0
req006677,u5262,1,0,0,0,-1.0,-1.0,0
req009078,u5262,2,0,0,0,-1.0,-1.0,0
req000310,u5263,1,0,0,0,-1.0,-1.0,0
req005238,u5263,2,0,0,0,-1.0,-1.0,0
req002732,u5266,1,0,0,0,-1.0,-1.0,0
req004138,u5266,2,0,0,0,-1.0,-1.0,0
req005574,u5267,1,1,0,0,-1.0,-1.0,0
req007120,u5267,2,1,0,1,1546.0,1546.0,1
req000393,u5268,1,0,0,0,-1.0,-1.0,0
req003811,u5268,2,0,0,0,-1.0,-1.0,0
req001093,u5269,1,1,0,0,-1.0,-1.0,0
req003374,u5269,2,1,0,1,2281.0,2281.0,1
req001412,u5272,1,0,0,0,-1.0,-1.0,0
req009145,u5273,1,0,0,0,-1.0,-1.0,0
req004686,u5274,1,0,0,0,-1.0,-1.0,0
req003572,u5275,1,0,0,0,-1.0,-1.0,0
req007908,u5275,2,0,0,0,-1.0,-1.0,0
req003698,u5277,1,0,0,0,-1.0,-1.0,0
req001036,u5280,1,0,0,0,-1.0,-1.0,0
req004443,u5280,2,0,0,0,-1.0,-1.0,0
req004368,u5281,1,1,0,0,-1.0,-1.0,0
req007872,u5283,1,0,0,0,-1.0,-1.0,0
req008588,u5283,2,0,0,0,-1.0,-1.0,0
req008124,u5285,1,0,0,0,-1.0,-1.0,0
req008693,u5285,2,0,0,0,-1.0,-1.0,0
req007436,u5286,1,0,0,0,-1.0,-1.0,0
req009879,u5287,1,0,0,0,-1.0,-1.0,0
req004052,u5288,1,0,0,0,-1.0,-1.0,0
req006898,u5289,1,0,0,0,-1.0,-1.0,0
req007388,u5289,2,0,0,0,-1.0,-1.0,0
req001714,u5290,1,0,0,0,-1.0,-1.0,0
req002230,u5290,2,0,0,0,-1.0,-1.0,0
req001435,u5293,1,0,0,0,-1.0,-1.0,0
req001894,u5293,2,1,0,0,-1.0,-1.0,0
req002144,u5293,3,1,0,1,250.0,250.0,1
req002465,u5293,4,1,0,1,571.0,571.0,1
req003069,u5294,1,0,0,0,-1.0,-1.0,0
req005527,u5294,2,0,0,0,-1.0,-1.0,0
req005839,u5294,3,0,0,0,-1.0,-1.0,0
req009998,u5294,4,0,0,0,-1.0,-1.0,0
req000920,u5295,1,0,0,0,-1.0,-1.0,0
req003387,u5295,2,0,0,0,-1.0,-1.0,0
req003680,u5295,3,0,0,0,-1.0,-1.0,0
req000444,u5296,1,0,0,0,-1.0,-1.0,0
req000094,u5298,1,0,0,0,-1.0,-1.0,0
req001631,u5298,2,0,0,0,-1.0,-1.0,0
req002053,u5301,1,0,0,0,-1.0,-1.0,0
req004926,u5305,1,0,0,0,-1.0,-1.0,0
req008513,u5305,2,1,0,0,-1.0,-1.0,0
req009304,u5305,3,1,0,1,791.0,791.0,1
req007131,u5306,1,0,0,0,-1.0,-1.0,0
req008125,u5306,2,0,0,0,-1.0,-1.0,0
req000335,u5307,1,0,0,0,-1.0,-1.0,0
req003024,u5307,2,0,0,0,-1.0,-1.0,0
req003476,u5310,1,0,0,0,-1.0,-1.0,0
req001283,u5311,1,0,0,0,-1.0,-1.0,0
req002164,u5311,2,0,0,0,-1.0,-1.0,0
req000061,u5313,1,0,0,0,-1.0,-1.0,0
req003472,u5314,1,0,0,0,-1.0,-1.0,0
req008807,u5315,1,1,0,0,-1.0,-1.0,0
req006769,u5317,1,0,0,0,-1.0,-1.0,0
req008953,u5317,2,0,0,0,-1.0,-1.0,0
req009587,u5317,3,0,0,0,-1.0,-1.0,0
req001057,u5319,1,0,0,0,-1.0,-1.0,0
req009622,u5319,2,0,0,0,-1.0,-1.0,0
req008044,u5321,1,0,0,0,-1.0,-1.0,0
req007805,u5322,1,1,0,0,-1.0,-1.0,0
req002277,u5323,1,0,0,0,-1.0,-1.0,0
req003209,u5323,2,0,0,0,-1.0,-1.0,0
req000150,u5324,1,0,0,0,-1.0,-1.0,0
req004507,u5324,2,0,0,0,-1.0,-1.0,0
req002406,u5325,1,0,0,0,-1.0,-1.0,0
req008859,u5325,2,0,0,0,-1.0,-1.0,0
req006829,u5326,1,0,0,0,-1.0,-1.0,0
req001307,u5327,1,0,0,0,-1.0,-1.0,0
req005156,u5329,1,0,0,0,-1.0,-1.0,0
req006200,u5329,2,0,0,0,-1.0,-1.0,0
req007955,u5329,3,0,0,0,-1.0,-1.0,0
req002352,u5331,1,0,0,0,-1.0,-1.0,0
req008005,u5333,1,0,0,0,-1.0,-1.0,0
req009716,u5333,2,0,0,0,-1.0,-1.0,0
req000100,u5335,1,0,0,0,-1.0,-1.0,0
req000153,u5335,2,0,0,0,-1.0,-1.0,0
req001881,u5335,3,0,0,0,-1.0,-1.0,0
req000580,u5338,1,0,0,0,-1.0,-1.0,0
req006133,u5338,2,0,0,0,-1.0,-1.0,0
req009593,u5338,3,0,0,0,-1.0,-1.0,0
req008925,u5339,1,0,0,0,-1.0,-1.0,0
req009899,u5342,1,0,0,0,-1.0,-1.0,0
req000644,u5343,1,0,0,0,-1.0,-1.0,0
req007500,u5344,1,0,0,0,-1.0,-1.0,0
req003896,u5346,1,0,0,0,-1.0,-1.0,0
req005054,u5347,1,0,0,0,-1.0,-1.0,0
req009942,u5348,1,0,0,0,-1.0,-1.0,0
req002542,u5349,1,1,0,0,-1.0,-1.0,0
req000648,u5350,1,0,0,0,-1.0,-1.0,0
req004762,u5350,2,0,0,0,-1.0,-1.0,0
req003617,u5351,1,0,0,0,-1.0,-1.0,0
req002385,u5352,1,0,0,0,-1.0,-1.0,0
req004697,u5352,2,0,0,0,-1.0,-1.0,0
req009787,u5352,3,0,0,0,-1.0,-1.0,0
req000709,u5354,1,0,0,0,-1.0,-1.0,0
req001008,u5357,1,0,0,0,-1.0,-1.0,0
req005491,u5357,2,1,0,0,-1.0,-1.0,0
req003624,u5358,1,0,0,0,-1.0,-1.0,0
req005470,u5361,1,0,0,0,-1.0,-1.0,0
req007939,u5362,1,0,0,0,-1.0,-1.0,0
req002399,u5366,1,0,0,0,-1.0,-1.0,0
req005021,u5366,2,0,0,0,-1.0,-1.0,0
req004831,u5367,1,0,0,0,-1.0,-1.0,0
req008768,u5367,2,0,0,0,-1.0,-1.0,0
req004843,u5368,1,0,0,0,-1.0,-1.0,0
req002052,u5369,1,0,0,0,-1.0,-1.0,0
req004722,u5372,1,0,0,0,-1.0,-1.0,0
req007677,u5373,1,0,0,0,-1.0,-1.0,0
req009873,u5373,2,0,0,0,-1.0,-1.0,0
req003733,u5374,1,0,0,0,-1.0,-1.0,0
req005723,u5374,2,0,0,0,-1.0,-1.0,0
req002783,u5379,1,0,0,0,-1.0,-1.0,0
req000294,u5380,1,0,0,0,-1.0,-1.0,0
req001524,u5380,2,0,0,0,-1.0,-1.0,0
req004255,u5380,3,0,0,0,-1.0,-1.0,0
req008150,u5380,4,0,0,0,-1.0,-1.0,0
req009688,u5380,5,0,0,0,-1.0,-1.0,0
req006354,u5382,1,0,0,0,-1.0,-1.0,0
req006858,u5382,2,0,0,0,-1.0,-1.0,0
req000484,u5385,1,0,0,0,-1.0,-1.0,0
req007762,u5385,2,0,0,0,-1.0,-1.0,0
req005533,u5386,1,0,0,0,-1.0,-1.0,0
req009387,u5386,2,0,0,0,-1.0,-1.0,0
req006274,u5387,1,0,0,0,-1.0,-1.0,0
req002118,u5389,1,0,0,0,-1.0,-1.0,0
req005850,u5389,2,0,0,0,-1.0,-1.0,0
req008981,u5389,3,0,0,0,-1.0,-1.0,0
req001111,u5392,1,0,0,0,-1.0,-1.0,0
req001696,u5392,2,0,0,0,-1.0,-1.0,0
req000002,u5393,1,0,0,0,-1.0,-1.0,0
req003480,u5394,1,0,0,0,-1.0,-1.0,0
req004668,u5395,1,0,0,0,-1.0,-1.0,0
req000418,u5397,1,0,0,0,-1.0,-1.0,0
req002594,u5397,2,0,0,0,-1.0,-1.0,0
req002618,u5398,1,0,0,0,-1.0,-1.0,0
req004532,u5398,2,0,0,0,-1.0,-1.0,0
req008617,u5399,1,0,0,0,-1.0,-1.0,0
req004656,u5400,1,0,0,0,-1.0,-1.0,0
req002165,u5402,1,0,0,0,-1.0,-1.0,0
req001581,u5403,1,0,0,0,-1.0,-1.0,0
req002373,u5403,2,0,0,0,-1.0,-1.0,0
req004715,u5403,3,0,0,0,-1.0,-1.0,0
req008486,u5403,4,0,0,0,-1.0,-1.0,0
req007017,u5405,1,0,0,0,-1.0,-1.0,0
req008189,u5406,1,0,0,0,-1.0,-1.0,0
req006024,u5407,1,0,0,0,-1.0,-1.0,0
req001491,u5408,1,0,0,0,-1.0,-1.0,0
req000285,u5411,1,0,0,0,-1.0,-1.0,0
req003015,u5415,1,0,0,0,-1.0,-1.0,0
req006185,u5415,2,0,0,0,-1.0,-1.0,0
req003886,u5417,1,0,0,0,-1.0,-1.0,0
req004067,u5417,2,0,0,0,-1.0,-1.0,0
req003628,u5419,1,0,0,0,-1.0,-1.0,0
req008704,u5420,1,0,0,0,-1.0,-1.0,0
req009555,u5420,2,1,0,0,-1.0,-1.0,0
req001809,u5421,1,1,0,0,-1.0,-1.0,0
req000223,u5422,1,0,0,0,-1.0,-1.0,0
req001344,u5423,1,0,0,0,-1.0,-1.0,0
req003853,u5423,2,1,0,0,-1.0,-1.0,0
req008931,u5423,3,1,0,1,5078.0,5078.0,0
req001281,u5425,1,0,0,0,-1.0,-1.0,0
req003317,u5425,2,0,0,0,-1.0,-1.0,0
req007218,u5425,3,0,0,0,-1.0,-1.0,0
req008046,u5425,4,0,0,0,-1.0,-1.0,0
req007316,u5428,1,0,0,0,-1.0,-1.0,0
req009915,u5428,2,0,0,0,-1.0,-1.0,0
req001326,u5429,1,0,0,0,-1.0,-1.0,0
req001799,u5429,2,0,0,0,-1.0,-1.0,0
req004919,u5429,3,0,0,0,-1.0,-1.0,0
req007238,u5429,4,0,0,0,-1.0,-1.0,0
req006783,u5430,1,0,0,0,-1.0,-1.0,0
req008957,u5430,2,0,0,0,-1.0,-1.0,0
req002218,u5431,1,1,0,0,-1.0,-1.0,0
req005469,u5431,2,1,0,1,3251.0,3251.0,1
req001273,u5433,1,0,0,0,-1.0,-1.0,0
req001745,u5433,2,0,0,0,-1.0,-1.0,0
req003517,u5435,1,0,0,0,-1.0,-1.0,0
req005408,u5437,1,0,0,0,-1.0,-1.0,0
req002057,u5438,1,1,0,0,-1.0,-1.0,0
req004574,u5438,2,1,0,1,2517.0,2517.0,1
req000762,u5440,1,0,0,0,-1.0,-1.0,0
req001663,u5440,2,1,0,0,-1.0,-1.0,0
req007893,u5440,3,1,0,1,6230.0,6230.0,0
req001334,u5441,1,0,0,0,-1.0,-1.0,0
req004609,u5441,2,0,0,0,-1.0,-1.0,0
req007213,u5441,3,1,0,0,-1.0,-1.0,0
req001079,u5442,1,0,0,0,-1.0,-1.0,0
req003838,u5442,2,0,0,0,-1.0,-1.0,0
req000616,u5443,1,0,0,0,-1.0,-1.0,0
req006475,u5443,2,0,0,0,-1.0,-1.0,0
req003802,u5444,1,1,1,0,-1.0,-1.0,0
req001145,u5445,1,1,0,0,-1.0,-1.0,0
req006547,u5446,1,0,0,0,-1.0,-1.0,0
req008500,u5447,1,0,0,0,-1.0,-1.0,0
req007748,u5449,1,0,0,0,-1.0,-1.0,0
req009258,u5449,2,1,0,0,-1.0,-1.0,0
req004947,u5450,1,0,0,0,-1.0,-1.0,0
req003823,u5451,1,0,0,0,-1.0,-1.0,0
req008794,u5451,2,0,0,0,-1.0,-1.0,0
req001043,u5453,1,0,0,0,-1.0,-1.0,0
req002322,u5453,2,0,0,0,-1.0,-1.0,0
req006145,u5453,3,0,0,0,-1.0,-1.0,0
req006458,u5453,4,0,0,0,-1.0,-1.0,0
req003453,u5454,1,0,0,0,-1.0,-1.0,0
req003830,u5457,1,0,0,0,-1.0,-1.0,0
req004023,u5458,1,0,0,0,-1.0,-1.0,0
req009465,u5458,2,0,0,0,-1.0,-1.0,0
req009165,u5459,1,0,0,0,-1.0,-1.0,0
req004269,u5462,1,0,0,0,-1.0,-1.0,0
req000915,u5464,1,0,0,0,-1.0,-1.0,0
req000501,u5465,1,0,0,0,-1.0,-1.0,0
req001460,u5465,2,0,0,0,-1.0,-1.0,0
req004592,u5465,3,0,0,0,-1.0,-1.0,0
req000267,u5467,1,0,0,0,-1.0,-1.0,0
req002577,u5467,2,0,0,0,-1.0,-1.0,0
req003219,u5468,1,0,0,0,-1.0,-1.0,0
req008937,u5469,1,0,0,0,-1.0,-1.0,0
req005265,u5471,1,0,0,0,-1.0,-1.0,0
req005800,u5472,1,0,0,0,-1.0,-1.0,0
req006422,u5474,1,0,0,0,-1.0,-1.0,0
req001076,u5475,1,0,0,0,-1.0,-1.0,0
req003043,u5476,1,0,0,0,-1.0,-1.0,0
req003629,u5476,2,1,0,0,-1.0,-1.0,0
req004339,u5476,3,1,0,1,710.0,710.0,1
req005643,u5476,4,1,0,1,2014.0,2014.0,1
req008802,u5476,5,1,0,1,5173.0,5173.0,0
req001045,u5478,1,0,0,0,-1.0,-1.0,0
req004070,u5478,2,0,0,0,-1.0,-1.0,0
req004728,u5478,3,0,0,0,-1.0,-1.0,0
req005086,u5478,4,0,0,0,-1.0,-1.0,0
req007156,u5478,5,0,0,0,-1.0,-1.0,0
req000372,u5479,1,0,0,0,-1.0,-1.0,0
req001037,u5479,2,0,0,0,-1.0,-1.0,0
req005175,u5479,3,0,0,0,-1.0,-1.0,0
req007002,u5479,4,0,0,0,-1.0,-1.0,0
req009523,u5479,5,0,0,0,-1.0,-1.0,0
req003990,u5480,1,0,0,0,-1.0,-1.0,0
req006278,u5481,1,0,0,0,-1.0,-1.0,0
req004395,u5482,1,0,0,0,-1.0,-1.0,0
req009196,u5483,1,0,0,0,-1.0,-1.0,0
req004667,u5484,1,0,0,0,-1.0,-1.0,0
req000422,u5486,1,0,0,0,-1.0,-1.0,0
req008999,u5487,1,0,0,0,-1.0,-1.0,0
req002978,u5488,1,0,0,0,-1.0,-1.0,0
req006330,u5488,2,0,0,0,-1.0,-1.0,0
req000576,u5490,1,0,0,0,-1.0,-1.0,0
req004827,u5490,2,0,0,0,-1.0,-1.0,0
req005603,u5490,3,0,0,0,-1.0,-1.0,0
req009402,u5490,4,0,0,0,-1.0,-1.0,0
req001543,u5491,1,0,0,0,-1.0,-1.0,0
req005308,u5491,2,0,0,0,-1.0,-1.0,0
req007615,u5491,3,0,0,0,-1.0,-1.0,0
req007190,u5492,1,0,0,0,-1.0,-1.0,0
req006741,u5493,1,1,1,0,-1.0,-1.0,0
req008088,u5493,2,2,1,1,1347.0,1347.0,1
req009823,u5493,3,2,1,2,2408.5,1735.0,2
req005208,u5495,1,0,0,0,-1.0,-1.0,0
req005018,u5497,1,1,0,0,-1.0,-1.0,0
req002331,u5498,1,0,0,0,-1.0,-1.0,0
req003632,u5498,2,0,0,0,-1.0,-1.0,0
req009724,u5499,1,0,0,0,-1.0,-1.0,0
req004408,u5500,1,0,0,0,-1.0,-1.0,0
req002538,u5501,1,0,0,0,-1.0,-1.0,0
req004811,u5502,1,0,0,0,-1.0,-1.0,0
req006163,u5502,2,0,0,0,-1.0,-1.0,0
req001178,u5505,1,0,0,0,-1.0,-1.0,0
req004830,u5505,2,0,0,0,-1.0,-1.0,0
req002834,u5506,1,0,0,0,-1.0,-1.0,0
req009453,u5508,1,0,0,0,-1.0,-1.0,0
req005713,u5509,1,0,0,0,-1.0,-1.0,0
req006679,u5512,1,0,0,0,-1.0,-1.0,0
req000364,u5513,1,0,0,0,-1.0,-1.0,0
req000734,u5513,2,0,0,0,-1.0,-1.0,0
req005663,u5513,3,0,0,0,-1.0,-1.0,0
req006579,u5513,4,0,0,0,-1.0,-1.0,0
req004064,u5515,1,1,0,0,-1.0,-1.0,0
req005118,u5515,2,1,0,1,1054.0,1054.0,1
req005188,u5515,3,1,0,1,1124.0,1124.0,1
req006482,u5515,4,1,0,1,2418.0,2418.0,1
req008767,u5515,5,1,0,1,4703.0,4703.0,0
req003877,u5516,1,0,0,0,-1.0,-1.0,0
req006727,u5516,2,0,0,0,-1.0,-1.0,0
req004567,u5517,1,1,1,0,-1.0,-1.0,0
req003271,u5519,1,0,0,0,-1.0,-1.0,0
req006140,u5519,2,1,0,0,-1.0,-1.0,0
req006041,u5520,1,0,0,0,-1.0,-1.0,0
req002956,u5521,1,0,0,0,-1.0,-1.0,0
req006351,u5522,1,0,0,0,-1.0,-1.0,0
req002694,u5523,1,0,0,0,-1.0,-1.0,0
req006973,u5524,1,0,0,0,-1.0,-1.0,0
req001616,u5527,1,0,0,0,-1.0,-1.0,0
req005951,u5527,2,1,0,0,-1.0,-1.0,0
req002570,u5529,1,0,0,0,-1.0,-1.0,0
req005827,u5530,1,0,0,0,-1.0,-1.0,0
req002508,u5531,1,0,0,0,-1.0,-1.0,0
req007465,u5534,1,0,0,0,-1.0,-1.0,0
req004910,u5536,1,0,0,0,-1.0,-1.0,0
req007122,u5539,1,0,0,0,-1.0,-1.0,0
req000485,u5540,1,0,0,0,-1.0,-1.0,0
req001083,u5541,1,1,0,0,-1.0,-1.0,0
req002178,u5542,1,1,1,0,-1.0,-1.0,0
req002533,u5542,2,1,1,1,355.0,355.0,1
req008306,u5542,3,1,1,1,6128.0,6128.0,0
req004721,u5544,1,0,0,0,-1.0,-1.0,0
req002941,u5545,1,0,0,0,-1.0,-1.0,0
req001508,u5550,1,0,0,0,-1.0,-1.0,0
req002281,u5550,2,0,0,0,-1.0,-1.0,0
req004479,u5550,3,0,0,0,-1.0,-1.0,0
req007513,u5550,4,0,0,0,-1.0,-1.0,0
req007205,u5552,1,0,0,0,-1.0,-1.0,0
req000669,u5553,1,0,0,0,-1.0,-1.0,0
req008849,u5553,2,0,0,0,-1.0,-1.0,0
req003967,u5554,1,0,0,0,-1.0,-1.0,0
req005689,u5555,1,0,0,0,-1.0,-1.0,0
req007079,u5557,1,0,0,0,-1.0,-1.0,0
req001824,u5558,1,0,0,0,-1.0,-1.0,0
req009943,u5558,2,1,0,0,-1.0,-1.0,0
req009464,u5560,1,0,0,0,-1.0,-1.0,0
req004315,u5562,1,1,0,0,-1.0,-1.0,0
req006056,u5562,2,1,0,1,1741.0,1741.0,1
req009300,u5562,3,1,0,1,4985.0,4985.0,0
req004665,u5563,1,1,0,0,-1.0,-1.0,0
req007039,u5563,2,1,0,1,2374.0,2374.0,1
req007433,u5563,3,2,0,1,2768.0,2768.0,1
req008753,u5563,4,2,0,2,2704.0,1320.0,1
req000030,u5564,1,1,0,0,-1.0,-1.0,0
req000750,u5569,1,0,0,0,-1.0,-1.0,0
req008909,u5569,2,0,0,0,-1.0,-1.0,0
req000540,u5570,1,0,0,0,-1.0,-1.0,0
req005008,u5571,1,0,0,0,-1.0,-1.0,0
req008838,u5571,2,1,0,0,-1.0,-1.0,0
req003791,u5573,1,0,0,0,-1.0,-1.0,0
req008284,u5573,2,0,0,0,-1.0,-1.0,0
req003989,u5575,1,0,0,0,-1.0,-1.0,0
req003404,u5576,1,0,0,0,-1.0,-1.0,0
req001536,u5577,1,0,0,0,-1.0,-1.0,0
req001033,u5578,1,0,0,0,-1.0,-1.0,0
req009895,u5578,2,0,0,0,-1.0,-1.0,0
req002488,u5580,1,0,0,0,-1.0,-1.0,0
req004982,u5580,2,0,0,0,-1.0,-1.0,0
req008343,u5582,1,0,0,0,-1.0,-1.0,0
req005450,u5583,1,0,0,0,-1.0,-1.0,0
req001796,u5587,1,0,0,0,-1.0,-1.0,0
req004035,u5587,2,0,0,0,-1.0,-1.0,0
req006231,u5587,3,0,0,0,-1.0,-1.0,0
req001295,u5588,1,0,0,0,-1.0,-1.0,0
req004460,u5592,1,0,0,0,-1.0,-1.0,0
req000368,u5594,1,0,0,0,-1.0,-1.0,0
req001404,u5595,1,0,0,0,-1.0,-1.0,0
req002617,u5595,2,0,0,0,-1.0,-1.0,0
req009935,u5596,1,0,0,0,-1.0,-1.0,0
req001926,u5598,1,0,0,0,-1.0,-1.0,0
req000830,u5599,1,0,0,0,-1.0,-1.0,0
req003388,u5599,2,0,0,0,-1.0,-1.0,0
req005999,u5601,1,0,0,0,-1.0,-1.0,0
req004930,u5605,1,0,0,0,-1.0,-1.0,0
req009015,u5606,1,0,0,0,-1.0,-1.0,0
req002163,u5608,1,0,0,0,-1.0,-1.0,0
req001234,u5609,1,0,0,0,-1.0,-1.0,0
req002922,u5611,1,0,0,0,-1.0,-1.0,0
req009791,u5611,2,0,0,0,-1.0,-1.0,0
req002404,u5612,1,0,0,0,-1.0,-1.0,0
req004300,u5612,2,0,0,0,-1.0,-1.0,0
req008814,u5612,3,0,0,0,-1.0,-1.0,0
req008127,u5613,1,0,0,0,-1.0,-1.0,0
req007593,u5614,1,0,0,0,-1.0,-1.0,0
req005746,u5615,1,0,0,0,-1.0,-1.0,0
req004239,u5617,1,0,0,0,-1.0,-1.0,0
req002887,u5618,1,0,0,0,-1.0,-1.0,0
req003920,u5618,2,0,0,0,-1.0,-1.0,0
req002961,u5619,1,0,0,0,-1.0,-1.0,0
req007808,u5619,2,0,0,0,-1.0,-1.0,0
req009852,u5619,3,0,0,0,-1.0,-1.0,0
req005917,u5620,1,0,0,0,-1.0,-1.0,0
req002628,u5621,1,0,0,0,-1.0,-1.0,0
req005217,u5621,2,0,0,0,-1.0,-1.0,0
req008997,u5621,3,0,0,0,-1.0,-1.0,0
req000828,u5622,1,0,0,0,-1.0,-1.0,0
req003503,u5623,1,1,0,0,-1.0,-1.0,0
req001849,u5625,1,1,0,0,-1.0,-1.0,0
req007263,u5625,2,1,0,1,5414.0,5414.0,0
req009473,u5626,1,1,0,0,-1.0,-1.0,0
req002384,u5628,1,0,0,0,-1.0,-1.0,0
req005197,u5629,1,0,0,0,-1.0,-1.0,0
req005535,u5630,1,0,0,0,-1.0,-1.0,0
req000227,u5631,1,0,0,0,-1.0,-1.0,0
req005665,u5631,2,0,0,0,-1.0,-1.0,0
req001363,u5632,1,0,0,0,-1.0,-1.0,0
req001965,u5632,2,0,0,0,-1.0,-1.0,0
req001259,u5633,1,0,0,0,-1.0,-1.0,0
req006711,u5633,2,0,0,0,-1.0,-1.0,0
req006920,u5633,3,0,0,0,-1.0,-1.0,0
req006202,u5637,1,0,0,0,-1.0,-1.0,0
req007990,u5637,2,0,0,0,-1.0,-1.0,0
req008524,u5637,3,0,0,0,-1.0,-1.0,0
req001572,u5638,1,1,0,0,-1.0,-1.0,0
req001997,u5638,2,1,0,1,425.0,425.0,1
req002310,u5638,3,1,0,1,738.0,738.0,1
req006773,u5638,4,1,0,1,5201.0,5201.0,0
req007179,u5638,5,1,0,1,5607.0,5607.0,0
req001727,u5639,1,0,0,0,-1.0,-1.0,0
req005984,u5639,2,0,0,0,-1.0,-1.0,0
req009159,u5639,3,0,0,0,-1.0,-1.0,0
req000683,u5640,1,0,0,0,-1.0,-1.0,0
req005606,u5640,2,0,0,0,-1.0,-1.0,0
req000074,u5642,1,0,0,0,-1.0,-1.0,0
req001931,u5642,2,0,0,0,-1.0,-1.0,0
req006318,u5643,1,0,0,0,-1.0,-1.0,0
req000175,u5644,1,0,0,0,-1.0,-1.0,0
req003727,u5644,2,0,0,0,-1.0,-1.0,0
req001034,u5648,1,0,0,0,-1.0,-1.0,0
req008701,u5648,2,0,0,0,-1.0,-1.0,0
req005866,u5649,1,0,0,0,-1.0,-1.0,0
req005973,u5649,2,0,0,0,-1.0,-1.0,0
req006762,u5649,3,0,0,0,-1.0,-1.0,0
req004167,u5650,1,0,0,0,-1.0,-1.0,0
req000003,u5652,1,0,0,0,-1.0,-1.0,0
req005911,u5652,2,0,0,0,-1.0,-1.0,0
req008406,u5653,1,1,1,0,-1.0,-1.0,0
req002130,u5654,1,0,0,0,-1.0,-1.0,0
req004069,u5654,2,1,0,0,-1.0,-1.0,0
req001155,u5656,1,0,0,0,-1.0,-1.0,0
req006865,u5656,2,0,0,0,-1.0,-1.0,0
req001451,u5657,1,0,0,0,-1.0,-1.0,0
req003265,u5657,2,1,0,0,-1.0,-1.0,0
req006398,u5657,3,1,0,1,3133.0,3133.0,1
req006002,u5659,1,0,0,0,-1.0,-1.0,0
req001944,u5660,1,0,0,0,-1.0,-1.0,0
req008198,u5661,1,0,0,0,-1.0,-1.0,0
req000052,u5663,1,0,0,0,-1.0,-1.0,0
req009991,u5663,2,1,1,0,-1.0,-1.0,0
req006620,u5664,1,0,0,0,-1.0,-1.0,0
req006940,u5664,2,0,0,0,-1.0,-1.0,0
req007127,u5666,1,0,0,0,-1.0,-1.0,0
req000179,u5667,1,0,0,0,-1.0,-1.0,0
req000480,u5667,2,0,0,0,-1.0,-1.0,0
req000871,u5667,3,0,0,0,-1.0,-1.0,0
req001807,u5667,4,1,0,0,-1.0,-1.0,0
req004566,u5667,5,1,0,1,2759.0,2759.0,1
req003036,u5669,1,0,0,0,-1.0,-1.0,0
req007567,u5669,2,0,0,0,-1.0,-1.0,0
req001832,u5670,1,0,0,0,-1.0,-1.0,0
req003346,u5670,2,0,0,0,-1.0,-1.0,0
req006499,u5671,1,0,0,0,-1.0,-1.0,0
req008766,u5671,2,0,0,0,-1.0,-1.0,0
req008783,u5672,1,0,0,0,-1.0,-1.0,0
req001299,u5678,1,0,0,0,-1.0,-1.0,0
req002921,u5679,1,0,0,0,-1.0,-1.0,0
req003922,u5680,1,0,0,0,-1.0,-1.0,0
req006175,u5680,2,0,0,0,-1.0,-1.0,0
req001879,u5681,1,0,0,0,-1.0,-1.0,0
req003992,u5681,2,0,0,0,-1.0,-1.0,0
req008327,u5682,1,0,0,0,-1.0,-1.0,0
req001415,u5684,1,0,0,0,-1.0,-1.0,0
req007307,u5684,2,0,0,0,-1.0,-1.0,0
req001360,u5685,1,0,0,0,-1.0,-1.0,0
req002711,u5685,2,0,0,0,-1.0,-1.0,0
req007093,u5686,1,0,0,0,-1.0,-1.0,0
req008075,u5689,1,1,0,0,-1.0,-1.0,0
req007714,u5692,1,0,0,0,-1.0,-1.0,0
req004346,u5693,1,0,0,0,-1.0,-1.0,0
req007753,u5693,2,0,0,0,-1.0,-1.0,0
req002676,u5694,1,0,0,0,-1.0,-1.0,0
req003998,u5694,2,0,0,0,-1.0,-1.0,0
req006255,u5694,3,0,0,0,-1.0,-1.0,0
req009222,u5695,1,0,0,0,-1.0,-1.0,0
req003822,u5696,1,0,0,0,-1.0,-1.0,0
req006253,u5696,2,0,0,0,-1.0,-1.0,0
req001437,u5699,1,0,0,0,-1.0,-1.0,0
req006983,u5699,2,0,0,0,-1.0,-1.0,0
req009870,u5699,3,0,0,0,-1.0,-1.0,0
req005639,u5700,1,0,0,0,-1.0,-1.0,0
req009954,u5701,1,0,0,0,-1.0,-1.0,0
req002467,u5702,1,0,0,0,-1.0,-1.0,0
req004817,u5702,2,1,0,0,-1.0,-1.0,0
req009916,u5704,1,0,0,0,-1.0,-1.0,0
req007649,u5706,1,0,0,0,-1.0,-1.0,0
req000543,u5707,1,0,0,0,-1.0,-1.0,0
req008623,u5707,2,0,0,0,-1.0,-1.0,0
req003783,u5708,1,0,0,0,-1.0,-1.0,0
req001552,u5710,1,0,0,0,-1.0,-1.0,0
req009678,u5712,1,0,0,0,-1.0,-1.0,0
req001148,u5714,1,1,0,0,-1.0,-1.0,0
req004510,u5714,2,1,0,1,3362.0,3362.0,1
req005341,u5714,3,1,0,1,4193.0,4193.0,0
req000697,u5715,1,1,0,0,-1.0,-1.0,0
req000302,u5716,1,1,0,0,-1.0,-1.0,0
req006247,u5716,2,2,0,1,5945.0,5945.0,0
req008684,u5716,3,2,0,2,5409.5,2437.0,1
req009449,u5716,4,2,0,2,6174.5,3202.0,1
req001430,u5717,1,0,0,0,-1.0,-1.0,0
req008680,u5717,2,0,0,0,-1.0,-1.0,0
req003784,u5718,1,0,0,0,-1.0,-1.0,0
req005762,u5721,1,0,0,0,-1.0,-1.0,0
req009133,u5721,2,0,0,0,-1.0,-1.0,0
req005303,u5724,1,0,0,0,-1.0,-1.0,0
req008117,u5726,1,0,0,0,-1.0,-1.0,0
req003944,u5727,1,0,0,0,-1.0,-1.0,0
req001141,u5730,1,0,0,0,-1.0,-1.0,0
req001202,u5730,2,0,0,0,-1.0,-1.0,0
req007547,u5732,1,0,0,0,-1.0,-1.0,0
req001694,u5733,1,0,0,0,-1.0,-1.0,0
req004033,u5734,1,0,0,0,-1.0,-1.0,0
req007430,u5735,1,0,0,0,-1.0,-1.0,0
req002854,u5736,1,0,0,0,-1.0,-1.0,0
req006965,u5736,2,1,0,0,-1.0,-1.0,0
req009752,u5740,1,0,0,0,-1.0,-1.0,0
req009292,u5741,1,1,0,0,-1.0,-1.0,0
req008017,u5745,1,1,0,0,-1.0,-1.0,0
req001947,u5746,1,0,0,0,-1.0,-1.0,0
req005865,u5746,2,0,0,0,-1.0,-1.0,0
req000356,u5747,1,0,0,0,-1.0,-1.0,0
req003667,u5749,1,0,0,0,-1.0,-1.0,0
req003796,u5749,2,1,0,0,-1.0,-1.0,0
req004197,u5749,3,1,0,1,401.0,401.0,1
req008577,u5749,4,1,0,1,4781.0,4781.0,0
req002986,u5753,1,0,0,0,-1.0,-1.0,0
req002636,u5754,1,0,0,0,-1.0,-1.0,0
req005810,u5755,1,0,0,0,-1.0,-1.0,0
req009642,u5755,2,0,0,0,-1.0,-1.0,0
req000389,u5756,1,0,0,0,-1.0,-1.0,0
req000934,u5757,1,0,0,0,-1.0,-1.0,0
req001239,u5757,2,0,0,0,-1.0,-1.0,0
req001720,u5758,1,0,0,0,-1.0,-1.0,0
req002722,u5758,2,0,0,0,-1.0,-1.0,0
req003080,u5758,3,1,1,0,-1.0,-1.0,0
req005284,u5760,1,0,0,0,-1.0,-1.0,0
req000654,u5761,1,0,0,0,-1.0,-1.0,0
req002371,u5761,2,0,0,0,-1.0,-1.0,0
req008291,u5761,3,0,0,0,-1.0,-1.0,0
req005153,u5762,1,0,0,0,-1.0,-1.0,0
req009955,u5762,2,0,0,0,-1.0,-1.0,0
req002137,u5763,1,0,0,0,-1.0,-1.0,0
req000382,u5764,1,0,0,0,-1.0,-1.0,0
req005311,u5764,2,0,0,0,-1.0,-1.0,0
req005669,u5765,1,0,0,0,-1.0,-1.0,0
req007764,u5765,2,0,0,0,-1.0,-1.0,0
req004483,u5766,1,0,0,0,-1.0,-1.0,0
req009217,u5766,2,0,0,0,-1.0,-1.0,0
req001196,u5767,1,0,0,0,-1.0,-1.0,0
req006070,u5767,2,0,0,0,-1.0,-1.0,0
req008677,u5769,1,1,0,0,-1.0,-1.0,0
req000690,u5770,1,0,0,0,-1.0,-1.0,0
req000653,u5771,1,0,0,0,-1.0,-1.0,0
req000764,u5771,2,0,0,0,-1.0,-1.0,0
req001105,u5773,1,0,0,0,-1.0,-1.0,0
req004854,u5773,2,0,0,0,-1.0,-1.0,0
req002801,u5774,1,0,0,0,-1.0,-1.0,0
req004710,u5775,1,1,0,0,-1.0,-1.0,0
req007217,u5776,1,0,0,0,-1.0,-1.0,0
req008372,u5777,1,0,0,0,-1.0,-1.0,0
req002435,u5778,1,0,0,0,-1.0,-1.0,0
req004399,u5779,1,0,0,0,-1.0,-1.0,0
req006328,u5779,2,0,0,0,-1.0,-1.0,0
req006891,u5780,1,0,0,0,-1.0,-1.0,0
req002333,u5781,1,0,0,0,-1.0,-1.0,0
req005330,u5781,2,0,0,0,-1.0,-1.0,0
req009735,u5781,3,0,0,0,-1.0,-1.0,0
req006702,u5782,1,0,0,0,-1.0,-1.0,0
req004451,u5783,1,0,0,0,-1.0,-1.0,0
req006551,u5783,2,0,0,0,-1.0,-1.0,0
req007813,u5785,1,0,0,0,-1.0,-1.0,0
req003131,u5789,1,1,0,0,-1.0,-1.0,0
req001623,u5790,1,0,0,0,-1.0,-1.0,0
req004815,u5790,2,0,0,0,-1.0,-1.0,0
req006500,u5790,3,0,0,0,-1.0,-1.0,0
req009742,u5790,4,0,0,0,-1.0,-1.0,0
req004924,u5794,1,1,0,0,-1.0,-1.0,0
req003938,u5798,1,0,0,0,-1.0,-1.0,0
req005334,u5798,2,0,0,0,-1.0,-1.0,0
req009363,u5800,1,0,0,0,-1.0,-1.0,0
req007202,u5801,1,1,0,0,-1.0,-1.0,0
req005825,u5804,1,0,0,0,-1.0,-1.0,0
req007874,u5804,2,0,0,0,-1.0,-1.0,0
req001599,u5805,1,1,0,0,-1.0,-1.0,0
req006480,u5805,2,2,0,1,4881.0,4881.0,0
req002823,u5807,1,0,0,0,-1.0,-1.0,0
req004223,u5807,2,0,0,0,-1.0,-1.0,0
req000395,u5809,1,0,0,0,-1.0,-1.0,0
req006566,u5809,2,0,0,0,-1.0,-1.0,0
req006166,u5810,1,0,0,0,-1.0,-1.0,0
req003516,u5812,1,0,0,0,-1.0,-1.0,0
req005960,u5812,2,0,0,0,-1.0,-1.0,0
req007209,u5812,3,0,0,0,-1.0,-1.0,0
req006618,u5813,1,1,0,0,-1.0,-1.0,0
req000367,u5815,1,1,0,0,-1.0,-1.0,0
req001808,u5815,2,1,0,1,1441.0,1441.0,1
req005595,u5815,3,1,0,1,5228.0,5228.0,0
req007305,u5815,4,1,0,1,6938.0,6938.0,0
req000272,u5818,1,0,0,0,-1.0,-1.0,0
req008685,u5822,1,0,0,0,-1.0,-1.0,0
req000184,u5823,1,0,0,0,-1.0,-1.0,0
req004488,u5824,1,0,0,0,-1.0,-1.0,0
req003033,u5825,1,0,0,0,-1.0,-1.0,0
req008638,u5825,2,0,0,0,-1.0,-1.0,0
req007682,u5829,1,0,0,0,-1.0,-1.0,0
req000050,u5830,1,0,0,0,-1.0,-1.0,0
req004489,u5831,1,1,1,0,-1.0,-1.0,0
req002931,u5832,1,0,0,0,-1.0,-1.0,0
req006035,u5832,2,0,0,0,-1.0,-1.0,0
req006100,u5832,3,0,0,0,-1.0,-1.0,0
req002183,u5834,1,0,0,0,-1.0,-1.0,0
req005017,u5834,2,0,0,0,-1.0,-1.0,0
req001873,u5838,1,0,0,0,-1.0,-1.0,0
req001865,u5839,1,0,0,0,-1.0,-1.0,0
req008276,u5839,2,0,0,0,-1.0,-1.0,0
req007666,u5841,1,0,0,0,-1.0,-1.0,0
req003879,u5842,1,0,0,0,-1.0,-1.0,0
req000575,u5843,1,0,0,0,-1.0,-1.0,0
req000026,u5844,1,1,0,0,-1.0,-1.0,0
req007448,u5844,2,1,0,1,7422.0,7422.0,0
req005244,u5845,1,0,0,0,-1.0,-1.0,0
req003288,u5847,1,0,0,0,-1.0,-1.0,0
req001818,u5848,1,0,0,0,-1.0,-1.0,0
req006240,u5849,1,0,0,0,-1.0,-1.0,0
req008921,u5850,1,0,0,0,-1.0,-1.0,0
req005253,u5851,1,0,0,0,-1.0,-1.0,0
req007439,u5851,2,0,0,0,-1.0,-1.0,0
req001449,u5852,1,0,0,0,-1.0,-1.0,0
req008963,u5853,1,0,0,0,-1.0,-1.0,0
req001463,u5854,1,0,0,0,-1.0,-1.0,0
req007892,u5854,2,1,0,0,-1.0,-1.0,0
req009976,u5854,3,1,0,1,2084.0,2084.0,1
req003792,u5855,1,0,0,0,-1.0,-1.0,0
req008536,u5856,1,0,0,0,-1.0,-1.0,0
req006593,u5857,1,0,0,0,-1.0,-1.0,0
req002117,u5858,1,0,0,0,-1.0,-1.0,0
req007581,u5858,2,0,0,0,-1.0,-1.0,0
req009936,u5858,3,0,0,0,-1.0,-1.0,0
req005729,u5859,1,0,0,0,-1.0,-1.0,0
req001791,u5860,1,0,0,0,-1.0,-1.0,0
req002681,u5860,2,0,0,0,-1.0,-1.0,0
req009378,u5860,3,0,0,0,-1.0,-1.0,0
req000905,u5862,1,0,0,0,-1.0,-1.0,0
req007389,u5862,2,0,0,0,-1.0,-1.0,0
req007546,u5862,3,0,0,0,-1.0,-1.0,0
req006030,u5863,1,0,0,0,-1.0,-1.0,0
req009348,u5864,1,0,0,0,-1.0,-1.0,0
req002893,u5866,1,1,0,0,-1.0,-1.0,0
req004624,u5867,1,0,0,0,-1.0,-1.0,0
req006221,u5867,2,0,0,0,-1.0,-1.0,0
req001595,u5868,1,0,0,0,-1.0,-1.0,0
req009648,u5868,2,0,0,0,-1.0,-1.0,0
req009835,u5870,1,1,1,0,-1.0,-1.0,0
req000670,u5871,1,0,0,0,-1.0,-1.0,0
req002925,u5871,2,0,0,0,-1.0,-1.0,0
req009323,u5871,3,0,0,0,-1.0,-1.0,0
req004477,u5872,1,0,0,0,-1.0,-1.0,0
req005337,u5872,2,0,0,0,-1.0,-1.0,0
req001184,u5873,1,0,0,0,-1.0,-1.0,0
req009460,u5873,2,0,0,0,-1.0,-1.0,0
req000065,u5874,1,0,0,0,-1.0,-1.0,0
req006650,u5874,2,0,0,0,-1.0,-1.0,0
req009107,u5874,3,0,0,0,-1.0,-1.0,0
req003380,u5875,1,1,0,0,-1.0,-1.0,0
req007464,u5876,1,0,0,0,-1.0,-1.0,0
req009172,u5876,2,0,0,0,-1.0,-1.0,0
req001750,u5878,1,0,0,0,-1.0,-1.0,0
req008949,u5878,2,0,0,0,-1.0,-1.0,0
req009208,u5879,1,0,0,0,-1.0,-1.0,0
req007369,u5883,1,0,0,0,-1.0,-1.0,0
req006811,u5884,1,0,0,0,-1.0,-1.0,0
req009623,u5884,2,0,0,0,-1.0,-1.0,0
req009736,u5885,1,0,0,0,-1.0,-1.0,0
req000525,u5888,1,0,0,0,-1.0,-1.0,0
req002541,u5889,1,0,0,0,-1.0,-1.0,0
req007563,u5889,2,0,0,0,-1.0,-1.0,0
req005227,u5890,1,0,0,0,-1.0,-1.0,0
req005258,u5891,1,0,0,0,-1.0,-1.0,0
req003445,u5895,1,0,0,0,-1.0,-1.0,0
req005702,u5895,2,0,0,0,-1.0,-1.0,0
req000854,u5897,1,0,0,0,-1.0,-1.0,0
req000921,u5897,2,0,0,0,-1.0,-1.0,0
req003084,u5898,1,0,0,0,-1.0,-1.0,0
req003384,u5901,1,0,0,0,-1.0,-1.0,0
req006215,u5901,2,0,0,0,-1.0,-1.0,0
req002674,u5902,1,0,0,0,-1.0,-1.0,0
req009064,u5902,2,0,0,0,-1.0,-1.0,0
req002939,u5904,1,0,0,0,-1.0,-1.0,0
req003737,u5905,1,0,0,0,-1.0,-1.0,0
req003745,u5905,2,1,1,0,-1.0,-1.0,0
req007695,u5905,3,1,1,1,3950.0,3950.0,0
req007890,u5905,4,1,1,1,4145.0,4145.0,0
req002639,u5907,1,1,0,0,-1.0,-1.0,0
req007824,u5907,2,1,0,1,5185.0,5185.0,0
req008443,u5907,3,1,0,1,5804.0,5804.0,0
req000676,u5909,1,1,0,0,-1.0,-1.0,0
req007096,u5909,2,1,0,1,6420.0,6420.0,0
req008396,u5909,3,1,0,1,7720.0,7720.0,0
req001523,u5911,1,0,0,0,-1.0,-1.0,0
req006882,u5911,2,0,0,0,-1.0,-1.0,0
req007965,u5911,3,0,0,0,-1.0,-1.0,0
req008897,u5911,4,0,0,0,-1.0,-1.0,0
req002437,u5912,1,0,0,0,-1.0,-1.0,0
req006132,u5913,1,0,0,0,-1.0,-1.0,0
req009184,u5913,2,0,0,0,-1.0,-1.0,0
req000513,u5915,1,0,0,0,-1.0,-1.0,0
req002152,u5916,1,0,0,0,-1.0,-1.0,0
req008711,u5916,2,0,0,0,-1.0,-1.0,0
req003034,u5917,1,0,0,0,-1.0,-1.0,0
req005453,u5919,1,0,0,0,-1.0,-1.0,0
req007327,u5923,1,0,0,0,-1.0,-1.0,0
req006361,u5924,1,0,0,0,-1.0,-1.0,0
req003872,u5925,1,1,0,0,-1.0,-1.0,0
req009993,u5927,1,1,0,0,-1.0,-1.0,0
req000864,u5928,1,0,0,0,-1.0,-1.0,0
req001792,u5928,2,0,0,0,-1.0,-1.0,0
req003748,u5928,3,0,0,0,-1.0,-1.0,0
req001140,u5929,1,0,0,0,-1.0,-1.0,0
req009164,u5929,2,0,0,0,-1.0,-1.0,0
req007192,u5931,1,0,0,0,-1.0,-1.0,0
req005289,u5932,1,0,0,0,-1.0,-1.0,0
req001732,u5933,1,0,0,0,-1.0,-1.0,0
req001060,u5934,1,0,0,0,-1.0,-1.0,0
req003299,u5934,2,1,0,0,-1.0,-1.0,0
req002062,u5935,1,1,0,0,-1.0,-1.0,0
req004863,u5938,1,0,0,0,-1.0,-1.0,0
req008458,u5938,2,1,0,0,-1.0,-1.0,0
req001982,u5940,1,1,0,0,-1.0,-1.0,0
req008029,u5941,1,0,0,0,-1.0,-1.0,0
req001626,u5942,1,0,0,0,-1.0,-1.0,0
req004741,u5942,2,0,0,0,-1.0,-1.0,0
req009346,u5942,3,0,0,0,-1.0,-1.0,0
req009792,u5942,4,0,0,0,-1.0,-1.0,0
req006109,u5943,1,0,0,0,-1.0,-1.0,0
req008660,u5943,2,0,0,0,-1.0,-1.0,0
req004428,u5944,1,0,0,0,-1.0,-1.0,0
req008631,u5946,1,0,0,0,-1.0,-1.0,0
req004727,u5947,1,0,0,0,-1.0,-1.0,0
req005694,u5948,1,0,0,0,-1.0,-1.0,0
req004403,u5949,1,0,0,0,-1.0,-1.0,0
req004467,u5949,2,0,0,0,-1.0,-1.0,0
req005687,u5953,1,0,0,0,-1.0,-1.0,0
req009602,u5953,2,0,0,0,-1.0,-1.0,0
req009706,u5954,1,0,0,0,-1.0,-1.0,0
req004297,u5955,1,0,0,0,-1.0,-1.0,0
req002816,u5957,1,0,0,0,-1.0,-1.0,0
req005114,u5957,2,0,0,0,-1.0,-1.0,0
req005233,u5958,1,0,0,0,-1.0,-1.0,0
req006162,u5958,2,0,0,0,-1.0,-1.0,0
req003240,u5960,1,0,0,0,-1.0,-1.0,0
req005154,u5961,1,0,0,0,-1.0,-1.0,0
req007396,u5962,1,0,0,0,-1.0,-1.0,0
req005838,u5963,1,0,0,0,-1.0,-1.0,0
req008550,u5963,2,0,0,0,-1.0,-1.0,0
req002670,u5964,1,0,0,0,-1.0,-1.0,0
req003274,u5964,2,0,0,0,-1.0,-1.0,0
req000124,u5965,1,0,0,0,-1.0,-1.0,0
req007427,u5968,1,0,0,0,-1.0,-1.0,0
req009394,u5969,1,0,0,0,-1.0,-1.0,0
req009408,u5969,2,0,0,0,-1.0,-1.0,0
req004595,u5970,1,0,0,0,-1.0,-1.0,0
req007866,u5970,2,0,0,0,-1.0,-1.0,0
req001253,u5971,1,0,0,0,-1.0,-1.0,0
req004781,u5971,2,1,0,0,-1.0,-1.0,0
req007994,u5971,3,1,0,1,3213.0,3213.0,1
req000811,u5975,1,0,0,0,-1.0,-1.0,0
req005565,u5975,2,0,0,0,-1.0,-1.0,0
req005780,u5976,1,0,0,0,-1.0,-1.0,0
req008425,u5976,2,0,0,0,-1.0,-1.0,0
req001445,u5977,1,0,0,0,-1.0,-1.0,0
req002958,u5977,2,0,0,0,-1.0,-1.0,0
req005372,u5977,3,0,0,0,-1.0,-1.0,0
req006871,u5979,1,0,0,0,-1.0,-1.0,0
req008185,u5982,1,0,0,0,-1.0,-1.0,0
req001828,u5983,1,0,0,0,-1.0,-1.0,0
req005658,u5983,2,0,0,0,-1.0,-1.0,0
req003405,u5984,1,0,0,0,-1.0,-1.0,0
req009247,u5985,1,0,0,0,-1.0,-1.0,0
req009281,u5985,2,0,0,0,-1.0,-1.0,0
req008201,u5987,1,0,0,0,-1.0,-1.0,0
req008624,u5989,1,0,0,0,-1.0,-1.0,0
req006228,u5990,1,0,0,0,-1.0,-1.0,0
req001603,u5991,1,0,0,0,-1.0,-1.0,0
req004684,u5991,2,0,0,0,-1.0,-1.0,0
req004005,u5992,1,0,0,0,-1.0,-1.0,0
req007155,u5992,2,0,0,0,-1.0,-1.0,0
req007573,u5995,1,0,0,0,-1.0,-1.0,0
req009638,u5996,1,0,0,0,-1.0,-1.0,0
req007407,u5997,1,0,0,0,-1.0,-1.0,0
req004134,u5998,1,0,0,0,-1.0,-1.0,0
req001425,u5999,1,0,0,0,-1.0,-1.0,0
req003143,u6000,1,0,0,0,-1.0,-1.0,0
req004022,u6000,2,0,0,0,-1.0,-1.0,0
req004184,u6000,3,0,0,0,-1.0,-1.0,0
req002631,u6003,1,0,0,0,-1.0,-1.0,0
req005631,u6005,1,0,0,0,-1.0,-1.0,0
req003385,u6008,1,0,0,0,-1.0,-1.0,0
req009384,u6008,2,0,0,0,-1.0,-1.0,0
req005626,u6009,1,0,0,0,-1.0,-1.0,0
req000111,u6010,1,0,0,0,-1.0,-1.0,0
req001106,u6011,1,0,0,0,-1.0,-1.0,0
req001990,u6011,2,0,0,0,-1.0,-1.0,0
req004071,u6012,1,0,0,0,-1.0,-1.0,0
req002276,u6013,1,0,0,0,-1.0,-1.0,0
req004251,u6014,1,0,0,0,-1.0,-1.0,0
req006463,u6014,2,0,0,0,-1.0,-1.0,0
req002913,u6016,1,0,0,0,-1.0,-1.0,0
req005653,u6016,2,0,0,0,-1.0,-1.0,0
req007467,u6020,1,0,0,0,-1.0,-1.0,0
req002661,u6024,1,1,0,0,-1.0,-1.0,0
req009126,u6024,2,1,0,1,6465.0,6465.0,0
req003917,u6025,1,1,0,0,-1.0,-1.0,0
req006640,u6026,1,0,0,0,-1.0,-1.0,0
req003630,u6027,1,0,0,0,-1.0,-1.0,0
req007559,u6030,1,0,0,0,-1.0,-1.0,0
req005518,u6031,1,0,0,0,-1.0,-1.0,0
req007595,u6031,2,0,0,0,-1.0,-1.0,0
req007822,u6031,3,0,0,0,-1.0,-1.0,0
req007541,u6032,1,0,0,0,-1.0,-1.0,0
req006789,u6034,1,0,0,0,-1.0,-1.0,0
req009960,u6035,1,0,0,0,-1.0,-1.0,0
req002099,u6039,1,0,0,0,-1.0,-1.0,0
req005547,u6039,2,0,0,0,-1.0,-1.0,0
req003306,u6044,1,0,0,0,-1.0,-1.0,0
req000908,u6046,1,0,0,0,-1.0,-1.0,0
req005998,u6047,1,0,0,0,-1.0,-1.0,0
req006222,u6049,1,0,0,0,-1.0,-1.0,0
req007831,u6050,1,0,0,0,-1.0,-1.0,0
req000112,u6051,1,0,0,0,-1.0,-1.0,0
req000527,u6051,2,0,0,0,-1.0,-1.0,0
req005724,u6051,3,0,0,0,-1.0,-1.0,0
req008392,u6051,4,1,0,0,-1.0,-1.0,0
req007282,u6054,1,0,0,0,-1.0,-1.0,0
req004340,u6056,1,0,0,0,-1.0,-1.0,0
req005229,u6056,2,0,0,0,-1.0,-1.0,0
req005914,u6057,1,0,0,0,-1.0,-1.0,0
req006842,u6057,2,0,0,0,-1.0,-1.0,0
req009841,u6057,3,0,0,0,-1.0,-1.0,0
req001505,u6059,1,0,0,0,-1.0,-1.0,0
req008047,u6059,2,0,0,0,-1.0,-1.0,0
req004549,u6060,1,0,0,0,-1.0,-1.0,0
req000440,u6061,1,0,0,0,-1.0,-1.0,0
req006473,u6061,2,0,0,0,-1.0,-1.0,0
req008811,u6061,3,0,0,0,-1.0,-1.0,0
req008369,u6063,1,0,0,0,-1.0,-1.0,0
req004217,u6064,1,0,0,0,-1.0,-1.0,0
req007301,u6064,2,0,0,0,-1.0,-1.0,0
req000689,u6066,1,0,0,0,-1.0,-1.0,0
req009832,u6067,1,0,0,0,-1.0,-1.0,0
req001974,u6068,1,0,0,0,-1.0,-1.0,0
req003930,u6068,2,1,0,0,-1.0,-1.0,0
req008531,u6068,3,1,0,1,4601.0,4601.0,0
req008640,u6069,1,0,0,0,-1.0,-1.0,0
req001675,u6070,1,0,0,0,-1.0,-1.0,0
req000453,u6072,1,1,0,0,-1.0,-1.0,0
req007850,u6072,2,2,0,1,7397.0,7397.0,0
req002260,u6073,1,1,0,0,-1.0,-1.0,0
req003874,u6076,1,0,0,0,-1.0,-1.0,0
req005169,u6076,2,0,0,0,-1.0,-1.0,0
req001905,u6078,1,0,0,0,-1.0,-1.0,0
req003824,u6078,2,0,0,0,-1.0,-1.0,0
req004311,u6078,3,0,0,0,-1.0,-1.0,0
req004906,u6078,4,0,0,0,-1.0,-1.0,0
req007387,u6078,5,0,0,0,-1.0,-1.0,0
req008738,u6078,6,1,0,0,-1.0,-1.0,0
req002457,u6079,1,0,0,0,-1.0,-1.0,0
req002240,u6080,1,0,0,0,-1.0,-1.0,0
req007982,u6080,2,0,0,0,-1.0,-1.0,0
req009830,u6080,3,0,0,0,-1.0,-1.0,0
req002675,u6081,1,0,0,0,-1.0,-1.0,0
req000066,u6082,1,0,0,0,-1.0,-1.0,0
req003685,u6083,1,0,0,0,-1.0,-1.0,0
req003834,u6083,2,0,0,0,-1.0,-1.0,0
req004784,u6083,3,1,0,0,-1.0,-1.0,0
req004793,u6085,1,0,0,0,-1.0,-1.0,0
req009103,u6086,1,1,0,0,-1.0,-1.0,0
req000075,u6087,1,0,0,0,-1.0,-1.0,0
req000045,u6088,1,0,0,0,-1.0,-1.0,0
req005661,u6088,2,0,0,0,-1.0,-1.0,0
req001662,u6090,1,0,0,0,-1.0,-1.0,0
req007378,u6090,2,0,0,0,-1.0,-1.0,0
req004890,u6092,1,0,0,0,-1.0,-1.0,0
req009995,u6092,2,1,0,0,-1.0,-1.0,0
req006355,u6093,1,0,0,0,-1.0,-1.0,0
req004268,u6095,1,0,0,0,-1.0,-1.0,0
req007527,u6096,1,0,0,0,-1.0,-1.0,0
req008418,u6096,2,0,0,0,-1.0,-1.0,0
req004884,u6097,1,0,0,0,-1.0,-1.0,0
req001930,u6098,1,0,0,0,-1.0,-1.0,0
req004433,u6098,2,0,0,0,-1.0,-1.0,0
req001303,u6099,1,0,0,0,-1.0,-1.0,0
req008773,u6101,1,0,0,0,-1.0,-1.0,0
req003072,u6103,1,0,0,0,-1.0,-1.0,0
req000878,u6104,1,0,0,0,-1.0,-1.0,0
req005803,u6105,1,0,0,0,-1.0,-1.0,0
req008625,u6105,2,0,0,0,-1.0,-1.0,0
req004068,u6106,1,0,0,0,-1.0,-1.0,0
req006138,u6106,2,1,0,0,-1.0,-1.0,0
req001980,u6107,1,0,0,0,-1.0,-1.0,0
req008122,u6108,1,0,0,0,-1.0,-1.0,0
req002657,u6109,1,0,0,0,-1.0,-1.0,0
req008793,u6110,1,0,0,0,-1.0,-1.0,0
req002998,u6111,1,0,0,0,-1.0,-1.0,0
req006877,u6111,2,0,0,0,-1.0,-1.0,0
req003155,u6112,1,0,0,0,-1.0,-1.0,0
req008566,u6112,2,1,0,0,-1.0,-1.0,0
req004765,u6113,1,0,0,0,-1.0,-1.0,0
req000684,u6114,1,0,0,0,-1.0,-1.0,0
req002498,u6115,1,0,0,0,-1.0,-1.0,0
req008070,u6115,2,0,0,0,-1.0,-1.0,0
req000011,u6116,1,0,0,0,-1.0,-1.0,0
req005312,u6116,2,1,0,0,-1.0,-1.0,0
req008371,u6116,3,1,0,1,3059.0,3059.0,1
req009041,u6116,4,1,0,1,3729.0,3729.0,0
req002977,u6117,1,0,0,0,-1.0,-1.0,0
req006409,u6118,1,0,0,0,-1.0,-1.0,0
req006472,u6118,2,0,0,0,-1.0,-1.0,0
req002343,u6119,1,1,0,0,-1.0,-1.0,0
req008780,u6120,1,0,0,0,-1.0,-1.0,0
req006110,u6123,1,1,0,0,-1.0,-1.0,0
req003638,u6124,1,0,0,0,-1.0,-1.0,0
req004174,u6124,2,0,0,0,-1.0,-1.0,0
req009668,u6125,1,1,1,0,-1.0,-1.0,0
req005926,u6126,1,0,0,0,-1.0,-1.0,0
req007602,u6126,2,0,0,0,-1.0,-1.0,0
req005221,u6127,1,0,0,0,-1.0,-1.0,0
req003555,u6128,1,0,0,0,-1.0,-1.0,0
req004514,u6129,1,0,0,0,-1.0,-1.0,0
req006758,u6129,2,0,0,0,-1.0,-1.0,0
req002701,u6130,1,0,0,0,-1.0,-1.0,0
req009044,u6131,1,0,0,0,-1.0,-1.0,0
req009436,u6133,1,0,0,0,-1.0,-1.0,0
req002957,u6134,1,1,1,0,-1.0,-1.0,0
req007963,u6134,2,1,1,1,5006.0,5006.0,0
req003650,u6135,1,0,0,0,-1.0,-1.0,0
req004484,u6135,2,0,0,0,-1.0,-1.0,0
req007004,u6135,3,0,0,0,-1.0,-1.0,0
req005305,u6136,1,0,0,0,-1.0,-1.0,0
req005059,u6137,1,0,0,0,-1.0,-1.0,0
req001742,u6138,1,1,0,0,-1.0,-1.0,0
req000571,u6139,1,0,0,0,-1.0,-1.0,0
req003646,u6141,1,0,0,0,-1.0,-1.0,0
req003703,u6145,1,1,0,0,-1.0,-1.0,0
req007373,u6145,2,1,0,1,3670.0,3670.0,0
req008858,u6145,3,1,0,1,5155.0,5155.0,0
req004903,u6146,1,1,0,0,-1.0,-1.0,0
req000165,u6150,1,0,0,0,-1.0,-1.0,0
req000178,u6150,2,1,0,0,-1.0,-1.0,0
req002142,u6152,1,0,0,0,-1.0,-1.0,0
req002984,u6152,2,0,0,0,-1.0,-1.0,0
req006341,u6153,1,0,0,0,-1.0,-1.0,0
req001569,u6155,1,0,0,0,-1.0,-1.0,0
req003377,u6155,2,0,0,0,-1.0,-1.0,0
req009420,u6155,3,0,0,0,-1.0,-1.0,0
req009458,u6155,4,1,0,0,-1.0,-1.0,0
req001474,u6158,1,0,0,0,-1.0,-1.0,0
req000795,u6160,1,0,0,0,-1.0,-1.0,0
req002634,u6161,1,0,0,0,-1.0,-1.0,0
req000751,u6162,1,0,0,0,-1.0,-1.0,0
req000948,u6165,1,0,0,0,-1.0,-1.0,0
req005507,u6165,2,0,0,0,-1.0,-1.0,0
req005551,u6166,1,0,0,0,-1.0,-1.0,0
req009948,u6166,2,0,0,0,-1.0,-1.0,0
req001651,u6167,1,0,0,0,-1.0,-1.0,0
req003165,u6167,2,1,1,0,-1.0,-1.0,0
req009017,u6167,3,1,1,1,5852.0,5852.0,0
req009232,u6167,4,1,1,1,6067.0,6067.0,0
req001902,u6168,1,0,0,0,-1.0,-1.0,0
req001936,u6170,1,0,0,0,-1.0,-1.0,0
req008708,u6170,2,0,0,0,-1.0,-1.0,0
req002580,u6171,1,0,0,0,-1.0,-1.0,0
req002689,u6171,2,0,0,0,-1.0,-1.0,0
req002650,u6174,1,0,0,0,-1.0,-1.0,0
req002602,u6175,1,0,0,0,-1.0,-1.0,0
req008529,u6175,2,0,0,0,-1.0,-1.0,0
req000488,u6176,1,0,0,0,-1.0,-1.0,0
req008586,u6176,2,0,0,0,-1.0,-1.0,0
req005494,u6178,1,0,0,0,-1.0,-1.0,0
req005645,u6178,2,0,0,0,-1.0,-1.0,0
req004364,u6179,1,0,0,0,-1.0,-1.0,0
req001158,u6180,1,0,0,0,-1.0,-1.0,0
req007441,u6180,2,0,0,0,-1.0,-1.0,0
req001467,u6185,1,1,0,0,-1.0,-1.0,0
req007072,u6186,1,0,0,0,-1.0,-1.0,0
req003120,u6187,1,0,0,0,-1.0,-1.0,0
req006562,u6187,2,0,0,0,-1.0,-1.0,0
req009268,u6188,1,0,0,0,-1.0,-1.0,0
req006819,u6190,1,0,0,0,-1.0,-1.0,0
req001576,u6192,1,0,0,0,-1.0,-1.0,0
req007333,u6192,2,0,0,0,-1.0,-1.0,0
req007958,u6192,3,1,0,0,-1.0,-1.0,0
req008630,u6192,4,2,0,1,672.0,672.0,1
req007843,u6193,1,0,0,0,-1.0,-1.0,0
req009223,u6194,1,0,0,0,-1.0,-1.0,0
req008472,u6196,1,0,0,0,-1.0,-1.0,0
req007456,u6197,1,0,0,0,-1.0,-1.0,0
req001294,u6199,1,0,0,0,-1.0,-1.0,0
req007340,u6199,2,0,0,0,-1.0,-1.0,0
req005742,u6200,1,0,0,0,-1.0,-1.0,0
req003509,u6201,1,1,0,0,-1.0,-1.0,0
req004995,u6202,1,0,0,0,-1.0,-1.0,0
req003372,u6203,1,0,0,0,-1.0,-1.0,0
req005848,u6203,2,0,0,0,-1.0,-1.0,0
req007259,u6203,3,0,0,0,-1.0,-1.0,0
req001482,u6204,1,0,0,0,-1.0,-1.0,0
req006207,u6205,1,0,0,0,-1.0,-1.0,0
req001011,u6206,1,0,0,0,-1.0,-1.0,0
req001533,u6206,2,0,0,0,-1.0,-1.0,0
req003282,u6211,1,0,0,0,-1.0,-1.0,0
req000600,u6212,1,0,0,0,-1.0,-1.0,0
req005637,u6213,1,0,0,0,-1.0,-1.0,0
req000566,u6216,1,0,0,0,-1.0,-1.0,0
req003545,u6221,1,0,0,0,-1.0,-1.0,0
req005354,u6221,2,1,0,0,-1.0,-1.0,0
req002920,u6224,1,0,0,0,-1.0,-1.0,0
req003407,u6224,2,0,0,0,-1.0,-1.0,0
req000563,u6226,1,0,0,0,-1.0,-1.0,0
req009083,u6226,2,0,0,0,-1.0,-1.0,0
req005172,u6228,1,1,0,0,-1.0,-1.0,0
req006236,u6228,2,1,0,1,1064.0,1064.0,1
req007696,u6228,3,1,0,1,2524.0,2524.0,1
req009429,u6229,1,0,0,0,-1.0,-1.0,0
req001708,u6230,1,0,0,0,-1.0,-1.0,0
req004586,u6230,2,0,0,0,-1.0,-1.0,0
req009353,u6230,3,0,0,0,-1.0,-1.0,0
req007978,u6231,1,0,0,0,-1.0,-1.0,0
req000928,u6232,1,0,0,0,-1.0,-1.0,0
req009116,u6232,2,0,0,0,-1.0,-1.0,0
req003985,u6234,1,0,0,0,-1.0,-1.0,0
req003444,u6235,1,0,0,0,-1.0,-1.0,0
req002912,u6236,1,0,0,0,-1.0,-1.0,0
req000177,u6237,1,0,0,0,-1.0,-1.0,0
req001705,u6237,2,0,0,0,-1.0,-1.0,0
req001868,u6238,1,0,0,0,-1.0,-1.0,0
req005309,u6238,2,0,0,0,-1.0,-1.0,0
req006888,u6239,1,0,0,0,-1.0,-1.0,0
req001219,u6240,1,0,0,0,-1.0,-1.0,0
req004188,u6240,2,0,0,0,-1.0,-1.0,0
req003860,u6241,1,0,0,0,-1.0,-1.0,0
req006608,u6241,2,0,0,0,-1.0,-1.0,0
req007700,u6243,1,0,0,0,-1.0,-1.0,0
req000775,u6245,1,0,0,0,-1.0,-1.0,0
req001797,u6245,2,0,0,0,-1.0,-1.0,0
req008290,u6246,1,0,0,0,-1.0,-1.0,0
req000300,u6248,1,0,0,0,-1.0,-1.0,0
req005817,u6248,2,0,0,0,-1.0,-1.0,0
req001188,u6250,1,0,0,0,-1.0,-1.0,0
req001356,u6253,1,0,0,0,-1.0,-1.0,0
req006232,u6253,2,0,0,0,-1.0,-1.0,0
req007071,u6253,3,0,0,0,-1.0,-1.0,0
req007370,u6254,1,0,0,0,-1.0,-1.0,0
req001825,u6255,1,0,0,0,-1.0,-1.0,0
req006411,u6256,1,0,0,0,-1.0,-1.0,0
req009144,u6257,1,0,0,0,-1.0,-1.0,0
req006514,u6258,1,1,0,0,-1.0,-1.0,0
req006995,u6261,1,0,0,0,-1.0,-1.0,0
req001671,u6262,1,0,0,0,-1.0,-1.0,0
req000376,u6263,1,0,0,0,-1.0,-1.0,0
req004383,u6264,1,1,0,0,-1.0,-1.0,0
req000183,u6265,1,0,0,0,-1.0,-1.0,0
req001417,u6266,1,0,0,0,-1.0,-1.0,0
req003750,u6267,1,0,0,0,-1.0,-1.0,0
req002534,u6268,1,0,0,0,-1.0,-1.0,0
req003230,u6268,2,1,0,0,-1.0,-1.0,0
req005363,u6268,3,1,0,1,2133.0,2133.0,1
req006512,u6268,4,1,0,1,3282.0,3282.0,1
req005044,u6269,1,0,0,0,-1.0,-1.0,0
req006774,u6269,2,0,0,0,-1.0,-1.0,0
req008709,u6269,3,0,0,0,-1.0,-1.0,0
req009484,u6270,1,0,0,0,-1.0,-1.0,0
req002225,u6271,1,0,0,0,-1.0,-1.0,0
req003360,u6273,1,0,0,0,-1.0,-1.0,0
req007284,u6273,2,0,0,0,-1.0,-1.0,0
req008210,u6276,1,0,0,0,-1.0,-1.0,0
req000051,u6278,1,0,0,0,-1.0,-1.0,0
req003837,u6279,1,0,0,0,-1.0,-1.0,0
req005115,u6279,2,0,0,0,-1.0,-1.0,0
req002491,u6280,1,0,0,0,-1.0,-1.0,0
req002174,u6281,1,0,0,0,-1.0,-1.0,0
req003081,u6281,2,0,0,0,-1.0,-1.0,0
req005592,u6281,3,1,0,0,-1.0,-1.0,0
req007328,u6281,4,1,0,1,1736.0,1736.0,1
req008177,u6281,5,1,0,1,2585.0,2585.0,1
req008775,u6283,1,0,0,0,-1.0,-1.0,0
req008138,u6284,1,0,0,0,-1.0,-1.0,0
req000761,u6285,1,0,0,0,-1.0,-1.0,0
req004579,u6285,2,0,0,0,-1.0,-1.0,0
req002238,u6287,1,1,0,0,-1.0,-1.0,0
req003238,u6289,1,0,0,0,-1.0,-1.0,0
req004711,u6289,2,0,0,0,-1.0,-1.0,0
req006260,u6289,3,0,0,0,-1.0,-1.0,0
req002279,u6290,1,0,0,0,-1.0,-1.0,0
req004207,u6290,2,0,0,0,-1.0,-1.0,0
req002927,u6291,1,0,0,0,-1.0,-1.0,0
req007458,u6292,1,0,0,0,-1.0,-1.0,0
req008211,u6293,1,0,0,0,-1.0,-1.0,0
req001156,u6294,1,0,0,0,-1.0,-1.0,0
req006176,u6294,2,0,0,0,-1.0,-1.0,0
req000329,u6296,1,0,0,0,-1.0,-1.0,0
req005670,u6297,1,0,0,0,-1.0,-1.0,0
req003527,u6299,1,0,0,0,-1.0,-1.0,0
req007183,u6299,2,0,0,0,-1.0,-1.0,0
req001601,u6303,1,0,0,0,-1.0,-1.0,0
req007862,u6303,2,0,0,0,-1.0,-1.0,0
req000933,u6304,1,0,0,0,-1.0,-1.0,0
req008752,u6304,2,0,0,0,-1.0,-1.0,0
req000414,u6306,1,0,0,0,-1.0,-1.0,0
req004623,u6307,1,0,0,0,-1.0,-1.0,0
req009502,u6307,2,0,0,0,-1.0,-1.0,0
req005452,u6309,1,0,0,0,-1.0,-1.0,0
req009095,u6310,1,0,0,0,-1.0,-1.0,0
req000598,u6311,1,0,0,0,-1.0,-1.0,0
req000849,u6312,1,0,0,0,-1.0,-1.0,0
req005884,u6312,2,0,0,0,-1.0,-1.0,0
req001084,u6314,1,0,0,0,-1.0,-1.0,0
req004680,u6315,1,0,0,0,-1.0,-1.0,0
req009109,u6317,1,0,0,0,-1.0,-1.0,0
req000652,u6318,1,0,0,0,-1.0,-1.0,0
req000756,u6320,1,0,0,0,-1.0,-1.0,0
req000306,u6322,1,0,0,0,-1.0,-1.0,0
req009585,u6322,2,0,0,0,-1.0,-1.0,0
req000419,u6325,1,0,0,0,-1.0,-1.0,0
req000006,u6326,1,0,0,0,-1.0,-1.0,0
req006905,u6329,1,0,0,0,-1.0,-1.0,0
req009811,u6329,2,0,0,0,-1.0,-1.0,0
req000674,u6330,1,0,0,0,-1.0,-1.0,0
req008526,u6330,2,1,0,0,-1.0,-1.0,0
req003184,u6331,1,0,0,0,-1.0,-1.0,0
req006607,u6331,2,0,0,0,-1.0,-1.0,0
req007599,u6331,3,0,0,0,-1.0,-1.0,0
req003940,u6334,1,0,0,0,-1.0,-1.0,0
req008820,u6334,2,0,0,0,-1.0,-1.0,0
req008832,u6334,3,0,0,0,-1.0,-1.0,0
req009775,u6334,4,0,0,0,-1.0,-1.0,0
req005117,u6336,1,0,0,0,-1.0,-1.0,0
req000256,u6337,1,0,0,0,-1.0,-1.0,0
req006311,u6338,1,0,0,0,-1.0,-1.0,0
req008243,u6339,1,0,0,0,-1.0,-1.0,0
req000102,u6340,1,0,0,0,-1.0,-1.0,0
req000536,u6340,2,0,0,0,-1.0,-1.0,0
req000721,u6340,3,0,0,0,-1.0,-1.0,0
req004463,u6341,1,0,0,0,-1.0,-1.0,0
req008533,u6341,2,0,0,0,-1.0,-1.0,0
req000802,u6343,1,0,0,0,-1.0,-1.0,0
req009664,u6344,1,0,0,0,-1.0,-1.0,0
req002472,u6346,1,0,0,0,-1.0,-1.0,0
req005095,u6346,2,0,0,0,-1.0,-1.0,0
req007173,u6346,3,0,0,0,-1.0,-1.0,0
req007170,u6348,1,0,0,0,-1.0,-1.0,0
req005771,u6349,1,1,0,0,-1.0,-1.0,0
req005878,u6349,2,1,0,1,107.0,107.0,1
req001512,u6351,1,0,0,0,-1.0,-1.0,0
req009559,u6351,2,0,0,0,-1.0,-1.0,0
req007147,u6352,1,0,0,0,-1.0,-1.0,0
req003924,u6353,1,0,0,0,-1.0,-1.0,0
req008110,u6354,1,0,0,0,-1.0,-1.0,0
req002501,u6355,1,0,0,0,-1.0,-1.0,0
req004320,u6358,1,0,0,0,-1.0,-1.0,0
req006651,u6360,1,0,0,0,-1.0,-1.0,0
req009140,u6360,2,0,0,0,-1.0,-1.0,0
req009447,u6360,3,0,0,0,-1.0,-1.0,0
req003376,u6361,1,0,0,0,-1.0,-1.0,0
req008147,u6361,2,0,0,0,-1.0,-1.0,0
req003187,u6362,1,1,0,0,-1.0,-1.0,0
req002261,u6363,1,0,0,0,-1.0,-1.0,0
req007731,u6363,2,0,0,0,-1.0,-1.0,0
req000336,u6364,1,0,0,0,-1.0,-1.0,0
req003038,u6367,1,0,0,0,-1.0,-1.0,0
req005743,u6367,2,1,0,0,-1.0,-1.0,0
req009576,u6367,3,1,0,1,3833.0,3833.0,0
req008940,u6368,1,0,0,0,-1.0,-1.0,0
req000880,u6371,1,0,0,0,-1.0,-1.0,0
req002129,u6371,2,0,0,0,-1.0,-1.0,0
req004736,u6371,3,0,0,0,-1.0,-1.0,0
req005902,u6372,1,0,0,0,-1.0,-1.0,0
req000405,u6373,1,0,0,0,-1.0,-1.0,0
req003040,u6375,1,0,0,0,-1.0,-1.0,0
req001969,u6377,1,0,0,0,-1.0,-1.0,0
req002089,u6377,2,0,0,0,-1.0,-1.0,0
req004731,u6378,1,0,0,0,-1.0,-1.0,0
req005624,u6378,2,0,0,0,-1.0,-1.0,0
req008803,u6378,3,0,0,0,-1.0,-1.0,0
req002804,u6382,1,0,0,0,-1.0,-1.0,0
req000307,u6383,1,0,0,0,-1.0,-1.0,0
req001592,u6384,1,0,0,0,-1.0,-1.0,0
req003493,u6384,2,0,0,0,-1.0,-1.0,0
req007149,u6384,3,0,0,0,-1.0,-1.0,0
req007392,u6387,1,0,0,0,-1.0,-1.0,0
req000441,u6388,1,0,0,0,-1.0,-1.0,0
req001422,u6389,1,0,0,0,-1.0,-1.0,0
req003666,u6389,2,0,0,0,-1.0,-1.0,0
req009997,u6389,3,0,0,0,-1.0,-1.0,0
req002771,u6390,1,1,0,0,-1.0,-1.0,0
req008376,u6390,2,1,0,1,5605.0,5605.0,0
req007697,u6392,1,0,0,0,-1.0,-1.0,0
req008594,u6392,2,0,0,0,-1.0,-1.0,0
req002215,u6394,1,0,0,0,-1.0,-1.0,0
req005854,u6394,2,0,0,0,-1.0,-1.0,0
req004772,u6395,1,0,0,0,-1.0,-1.0,0
req008461,u6397,1,0,0,0,-1.0,-1.0,0
req000738,u6398,1,0,0,0,-1.0,-1.0,0
req001877,u6398,2,0,0,0,-1.0,-1.0,0
req009454,u6398,3,0,0,0,-1.0,-1.0,0
req003499,u6401,1,0,0,0,-1.0,-1.0,0
req006982,u6402,1,0,0,0,-1.0,-1.0,0
req002876,u6403,1,0,0,0,-1.0,-1.0,0
req008194,u6403,2,0,0,0,-1.0,-1.0,0
req008745,u6403,3,0,0,0,-1.0,-1.0,0
req000455,u6404,1,1,0,0,-1.0,-1.0,0
req004100,u6405,1,0,0,0,-1.0,-1.0,0
req001485,u6406,1,0,0,0,-1.0,-1.0,0
req003586,u6406,2,0,0,0,-1.0,-1.0,0
req002334,u6408,1,0,0,0,-1.0,-1.0,0
req003048,u6408,2,0,0,0,-1.0,-1.0,0
req000569,u6409,1,0,0,0,-1.0,-1.0,0
req003800,u6410,1,0,0,0,-1.0,-1.0,0
req004015,u6411,1,0,0,0,-1.0,-1.0,0
req009710,u6411,2,0,0,0,-1.0,-1.0,0
req009566,u6412,1,0,0,0,-1.0,-1.0,0
req000430,u6413,1,0,0,0,-1.0,-1.0,0
req009549,u6414,1,0,0,0,-1.0,-1.0,0
req009561,u6414,2,0,0,0,-1.0,-1.0,0
req005907,u6415,1,0,0,0,-1.0,-1.0,0
req003321,u6416,1,0,0,0,-1.0,-1.0,0
req006338,u6419,1,0,0,0,-1.0,-1.0,0
req007780,u6419,2,0,0,0,-1.0,-1.0,0
req009754,u6420,1,0,0,0,-1.0,-1.0,0
req003028,u6421,1,0,0,0,-1.0,-1.0,0
req005680,u6421,2,0,0,0,-1.0,-1.0,0
req005203,u6422,1,0,0,0,-1.0,-1.0,0
req000146,u6423,1,0,0,0,-1.0,-1.0,0
req004997,u6423,2,0,0,0,-1.0,-1.0,0
req009606,u6423,3,0,0,0,-1.0,-1.0,0
req008060,u6424,1,0,0,0,-1.0,-1.0,0
req003451,u6425,1,0,0,0,-1.0,-1.0,0
req009087,u6425,2,0,0,0,-1.0,-1.0,0
req001434,u6426,1,0,0,0,-1.0,-1.0,0
req005139,u6426,2,0,0,0,-1.0,-1.0,0
req005779,u6426,3,0,0,0,-1.0,-1.0,0
req002894,u6427,1,0,0,0,-1.0,-1.0,0
req005049,u6428,1,0,0,0,-1.0,-1.0,0
req006139,u6430,1,0,0,0,-1.0,-1.0,0
req003251,u6431,1,1,0,0,-1.0,-1.0,0
req008942,u6431,2,1,0,1,5691.0,5691.0,0
req001324,u6432,1,0,0,0,-1.0,-1.0,0
req009400,u6432,2,0,0,0,-1.0,-1.0,0
req001217,u6434,1,0,0,0,-1.0,-1.0,0
req003797,u6435,1,0,0,0,-1.0,-1.0,0
req007244,u6435,2,0,0,0,-1.0,-1.0,0
req000497,u6436,1,0,0,0,-1.0,-1.0,0
req000660,u6436,2,0,0,0,-1.0,-1.0,0
req000254,u6439,1,0,0,0,-1.0,-1.0,0
req004178,u6439,2,0,0,0,-1.0,-1.0,0
req005649,u6439,3,0,0,0,-1.0,-1.0,0
req004482,u6440,1,0,0,0,-1.0,-1.0,0
req004797,u6443,1,0,0,0,-1.0,-1.0,0
req007545,u6443,2,0,0,0,-1.0,-1.0,0
req001721,u6444,1,0,0,0,-1.0,-1.0,0
req008489,u6444,2,0,0,0,-1.0,-1.0,0
req007058,u6448,1,0,0,0,-1.0,-1.0,0
req003220,u6449,1,1,0,0,-1.0,-1.0,0
req006791,u6449,2,1,0,1,3571.0,3571.0,1
req001300,u6453,1,0,0,0,-1.0,-1.0,0
req002625,u6453,2,0,0,0,-1.0,-1.0,0
req006099,u6454,1,0,0,0,-1.0,-1.0,0
req000818,u6457,1,0,0,0,-1.0,-1.0,0
req004682,u6458,1,0,0,0,-1.0,-1.0,0
req004226,u6459,1,0,0,0,-1.0,-1.0,0
req007123,u6459,2,0,0,0,-1.0,-1.0,0
req008512,u6461,1,0,0,0,-1.0,-1.0,0
req002210,u6462,1,0,0,0,-1.0,-1.0,0
req003042,u6463,1,0,0,0,-1.0,-1.0,0
req005566,u6464,1,0,0,0,-1.0,-1.0,0
req008397,u6464,2,0,0,0,-1.0,-1.0,0
req000245,u6465,1,0,0,0,-1.0,-1.0,0
req009920,u6465,2,0,0,0,-1.0,-1.0,0
req000249,u6466,1,0,0,0,-1.0,-1.0,0
req001370,u6468,1,0,0,0,-1.0,-1.0,0
req005193,u6468,2,1,0,0,-1.0,-1.0,0
req004312,u6473,1,0,0,0,-1.0,-1.0,0
req003458,u6476,1,0,0,0,-1.0,-1.0,0
req004977,u6476,2,0,0,0,-1.0,-1.0,0
req007184,u6476,3,1,0,0,-1.0,-1.0,0
req007987,u6476,4,1,0,1,803.0,803.0,1
req001409,u6477,1,0,0,0,-1.0,-1.0,0
req000308,u6478,1,0,0,0,-1.0,-1.0,0
req006280,u6478,2,0,0,0,-1.0,-1.0,0
req006416,u6478,3,0,0,0,-1.0,-1.0,0
req006889,u6478,4,0,0,0,-1.0,-1.0,0
req005994,u6481,1,1,0,0,-1.0,-1.0,0
req007671,u6482,1,0,0,0,-1.0,-1.0,0
req001134,u6484,1,0,0,0,-1.0,-1.0,0
req001966,u6485,1,0,0,0,-1.0,-1.0,0
req003637,u6486,1,0,0,0,-1.0,-1.0,0
req008647,u6487,1,0,0,0,-1.0,-1.0,0
req005757,u6488,1,0,0,0,-1.0,-1.0,0
req001815,u6489,1,0,0,0,-1.0,-1.0,0
req005759,u6489,2,0,0,0,-1.0,-1.0,0
req002519,u6492,1,0,0,0,-1.0,-1.0,0
req004133,u6492,2,0,0,0,-1.0,-1.0,0
req004662,u6492,3,0,0,0,-1.0,-1.0,0
req005793,u6493,1,0,0,0,-1.0,-1.0,0
req007551,u6493,2,0,0,0,-1.0,-1.0,0
req005594,u6494,1,0,0,0,-1.0,-1.0,0
req005821,u6495,1,0,0,0,-1.0,-1.0,0
req008379,u6495,2,0,0,0,-1.0,-1.0,0
req002924,u6496,1,0,0,0,-1.0,-1.0,0
req005756,u6496,2,0,0,0,-1.0,-1.0,0
req008286,u6496,3,0,0,0,-1.0,-1.0,0
req002434,u6497,1,0,0,0,-1.0,-1.0,0
req003709,u6498,1,0,0,0,-1.0,-1.0,0
req003295,u6499,1,1,0,0,-1.0,-1.0,0
req006507,u6499,2,1,0,1,3212.0,3212.0,1
req009864,u6499,3,1,0,1,6569.0,6569.0,0
req001068,u6502,1,0,0,0,-1.0,-1.0,0
req005612,u6502,2,1,0,0,-1.0,-1.0,0
req005048,u6504,1,0,0,0,-1.0,-1.0,0
req009236,u6506,1,0,0,0,-1.0,-1.0,0
req001337,u6508,1,0,0,0,-1.0,-1.0,0
req007449,u6508,2,0,0,0,-1.0,-1.0,0
req005923,u6509,1,1,0,0,-1.0,-1.0,0
req004681,u6510,1,0,0,0,-1.0,-1.0,0
req001841,u6511,1,0,0,0,-1.0,-1.0,0
req001229,u6512,1,0,0,0,-1.0,-1.0,0
req006452,u6513,1,0,0,0,-1.0,-1.0,0
req008683,u6513,2,0,0,0,-1.0,-1.0,0
req008347,u6514,1,0,0,0,-1.0,-1.0,0
req001471,u6515,1,0,0,0,-1.0,-1.0,0
req002012,u6515,2,1,0,0,-1.0,-1.0,0
req002166,u6515,3,1,0,1,154.0,154.0,1
req004661,u6515,4,1,0,1,2649.0,2649.0,1
req004834,u6515,5,1,0,1,2822.0,2822.0,1
req004390,u6516,1,0,0,0,-1.0,-1.0,0
req004129,u6517,1,0,0,0,-1.0,-1.0,0
req009493,u6517,2,0,0,0,-1.0,-1.0,0
req002517,u6521,1,1,0,0,-1.0,-1.0,0
req002386,u6522,1,0,0,0,-1.0,-1.0,0
req006009,u6523,1,0,0,0,-1.0,-1.0,0
req003408,u6524,1,0,0,0,-1.0,-1.0,0
req005918,u6524,2,1,0,0,-1.0,-1.0,0
req001190,u6525,1,0,0,0,-1.0,-1.0,0
req007656,u6525,2,0,0,0,-1.0,-1.0,0
req007832,u6526,1,0,0,0,-1.0,-1.0,0
req008839,u6526,2,1,0,0,-1.0,-1.0,0
req004519,u6528,1,0,0,0,-1.0,-1.0,0
req006775,u6528,2,0,0,0,-1.0,-1.0,0
req000914,u6529,1,0,0,0,-1.0,-1.0,0
req004415,u6529,2,0,0,0,-1.0,-1.0,0
req003308,u6531,1,0,0,0,-1.0,-1.0,0
req004872,u6531,2,1,0,0,-1.0,-1.0,0
req001189,u6537,1,0,0,0,-1.0,-1.0,0
req009929,u6537,2,0,0,0,-1.0,-1.0,0
req001771,u6538,1,0,0,0,-1.0,-1.0,0
req007383,u6539,1,1,1,0,-1.0,-1.0,0
req006269,u6540,1,0,0,0,-1.0,-1.0,0
req009762,u6540,2,0,0,0,-1.0,-1.0,0
req009125,u6542,1,0,0,0,-1.0,-1.0,0
req002162,u6543,1,0,0,0,-1.0,-1.0,0
req008955,u6543,2,0,0,0,-1.0,-1.0,0
req007851,u6545,1,0,0,0,-1.0,-1.0,0
req008434,u6545,2,0,0,0,-1.0,-1.0,0
req004553,u6546,1,0,0,0,-1.0,-1.0,0
req006747,u6547,1,0,0,0,-1.0,-1.0,0
req000288,u6549,1,0,0,0,-1.0,-1.0,0
req005581,u6549,2,0,0,0,-1.0,-1.0,0
req005975,u6549,3,0,0,0,-1.0,-1.0,0
req006534,u6549,4,0,0,0,-1.0,-1.0,0
req007544,u6549,5,1,0,0,-1.0,-1.0,0
req006481,u6550,1,0,0,0,-1.0,-1.0,0
req004551,u6551,1,0,0,0,-1.0,-1.0,0
req007060,u6551,2,0,0,0,-1.0,-1.0,0
req004220,u6553,1,0,0,0,-1.0,-1.0,0
req002647,u6554,1,0,0,0,-1.0,-1.0,0
req006048,u6554,2,0,0,0,-1.0,-1.0,0
req002807,u6557,1,0,0,0,-1.0,-1.0,0
req007360,u6557,2,0,0,0,-1.0,-1.0,0
req001357,u6558,1,0,0,0,-1.0,-1.0,0
req002049,u6559,1,0,0,0,-1.0,-1.0,0
req003291,u6559,2,0,0,0,-1.0,-1.0,0
req000869,u6560,1,0,0,0,-1.0,-1.0,0
req001128,u6560,2,1,0,0,-1.0,-1.0,0
req001587,u6561,1,0,0,0,-1.0,-1.0,0
req007176,u6563,1,0,0,0,-1.0,-1.0,0
req007794,u6563,2,0,0,0,-1.0,-1.0,0
req009639,u6563,3,0,0,0,-1.0,-1.0,0
req006978,u6565,1,0,0,0,-1.0,-1.0,0
req007946,u6565,2,0,0,0,-1.0,-1.0,0
req006390,u6571,1,0,0,0,-1.0,-1.0,0
req002513,u6572,1,0,0,0,-1.0,-1.0,0
req005936,u6572,2,0,0,0,-1.0,-1.0,0
req008256,u6572,3,0,0,0,-1.0,-1.0,0
req001885,u6573,1,0,0,0,-1.0,-1.0,0
req002066,u6573,2,0,0,0,-1.0,-1.0,0
req002084,u6573,3,1,0,0,-1.0,-1.0,0
req001912,u6575,1,1,0,0,-1.0,-1.0,0
req004093,u6575,2,1,0,1,2181.0,2181.0,1
req005530,u6575,3,1,0,1,3618.0,3618.0,0
req001082,u6576,1,0,0,0,-1.0,-1.0,0
req004614,u6578,1,0,0,0,-1.0,-1.0,0
req003867,u6579,1,0,0,0,-1.0,-1.0,0
req007290,u6580,1,0,0,0,-1.0,-1.0,0
req008069,u6580,2,0,0,0,-1.0,-1.0,0
req001778,u6581,1,0,0,0,-1.0,-1.0,0
req009269,u6581,2,0,0,0,-1.0,-1.0,0
req001765,u6584,1,0,0,0,-1.0,-1.0,0
req003113,u6586,1,0,0,0,-1.0,-1.0,0
req007399,u6586,2,0,0,0,-1.0,-1.0,0
req007410,u6586,3,0,0,0,-1.0,-1.0,0
req000939,u6588,1,0,0,0,-1.0,-1.0,0
req001826,u6588,2,0,0,0,-1.0,-1.0,0
req004608,u6588,3,0,0,0,-1.0,-1.0,0
req008998,u6589,1,0,0,0,-1.0,-1.0,0
req003612,u6591,1,0,0,0,-1.0,-1.0,0
req004789,u6591,2,0,0,0,-1.0,-1.0,0
req005978,u6591,3,0,0,0,-1.0,-1.0,0
req008351,u6592,1,0,0,0,-1.0,-1.0,0
req000510,u6594,1,0,0,0,-1.0,-1.0,0
req005106,u6594,2,0,0,0,-1.0,-1.0,0
req001730,u6595,1,0,0,0,-1.0,-1.0,0
req007477,u6595,2,0,0,0,-1.0,-1.0,0
req006945,u6596,1,0,0,0,-1.0,-1.0,0
req008494,u6596,2,0,0,0,-1.0,-1.0,0
req002376,u6597,1,0,0,0,-1.0,-1.0,0
req006880,u6597,2,0,0,0,-1.0,-1.0,0
req002959,u6600,1,0,0,0,-1.0,-1.0,0
req000118,u6601,1,0,0,0,-1.0,-1.0,0
req002169,u6602,1,1,0,0,-1.0,-1.0,0
req004905,u6604,1,0,0,0,-1.0,-1.0,0
req006074,u6606,1,0,0,0,-1.0,-1.0,0
req007187,u6606,2,0,0,0,-1.0,-1.0,0
req006943,u6607,1,0,0,0,-1.0,-1.0,0
req007988,u6607,2,0,0,0,-1.0,-1.0,0
req001712,u6610,1,1,0,0,-1.0,-1.0,0
req002658,u6611,1,0,0,0,-1.0,-1.0,0
req009909,u6611,2,0,0,0,-1.0,-1.0,0
req004877,u6612,1,1,0,0,-1.0,-1.0,0
req002319,u6613,1,0,0,0,-1.0,-1.0,0
req006147,u6613,2,1,0,0,-1.0,-1.0,0
req002753,u6614,1,1,0,0,-1.0,-1.0,0
req003569,u6615,1,0,0,0,-1.0,-1.0,0
req005991,u6615,2,0,0,0,-1.0,-1.0,0
req006261,u6616,1,0,0,0,-1.0,-1.0,0
req009355,u6616,2,0,0,0,-1.0,-1.0,0
req007592,u6618,1,0,0,0,-1.0,-1.0,0
req008105,u6621,1,0,0,0,-1.0,-1.0,0
req008342,u6624,1,0,0,0,-1.0,-1.0,0
req009459,u6624,2,0,0,0,-1.0,-1.0,0
req007928,u6625,1,0,0,0,-1.0,-1.0,0
req002328,u6626,1,0,0,0,-1.0,-1.0,0
req005852,u6626,2,1,0,0,-1.0,-1.0,0
req000353,u6627,1,0,0,0,-1.0,-1.0,0
req007119,u6628,1,0,0,0,-1.0,-1.0,0
req000822,u6629,1,0,0,0,-1.0,-1.0,0
req003244,u6629,2,0,0,0,-1.0,-1.0,0
req004066,u6629,3,0,0,0,-1.0,-1.0,0
req003919,u6630,1,0,0,0,-1.0,-1.0,0
req003396,u6633,1,0,0,0,-1.0,-1.0,0
req004821,u6633,2,0,0,0,-1.0,-1.0,0
req002586,u6635,1,1,1,0,-1.0,-1.0,0
req004753,u6635,2,1,1,1,2167.0,2167.0,1
req006251,u6635,3,1,1,1,3665.0,3665.0,0
req005134,u6637,1,0,0,0,-1.0,-1.0,0
req003615,u6639,1,0,0,0,-1.0,-1.0,0
req005073,u6640,1,0,0,0,-1.0,-1.0,0
req008142,u6640,2,1,0,0,-1.0,-1.0,0
req009388,u6641,1,0,0,0,-1.0,-1.0,0
req009930,u6641,2,0,0,0,-1.0,-1.0,0
req001040,u6642,1,0,0,0,-1.0,-1.0,0
req009190,u6642,2,0,0,0,-1.0,-1.0,0
req007609,u6643,1,0,0,0,-1.0,-1.0,0
req009063,u6643,2,0,0,0,-1.0,-1.0,0
req003520,u6644,1,0,0,0,-1.0,-1.0,0
req005069,u6644,2,0,0,0,-1.0,-1.0,0
req008734,u6644,3,0,0,0,-1.0,-1.0,0
req001094,u6645,1,0,0,0,-1.0,-1.0,0
req001693,u6646,1,0,0,0,-1.0,-1.0,0
req001938,u6646,2,0,0,0,-1.0,-1.0,0
req002456,u6647,1,0,0,0,-1.0,-1.0,0
req002791,u6647,2,1,0,0,-1.0,-1.0,0
req004687,u6649,1,0,0,0,-1.0,-1.0,0
req006543,u6650,1,0,0,0,-1.0,-1.0,0
req008964,u6650,2,0,0,0,-1.0,-1.0,0
req009334,u6650,3,0,0,0,-1.0,-1.0,0
req003172,u6651,1,0,0,0,-1.0,-1.0,0
req005184,u6654,1,0,0,0,-1.0,-1.0,0
req008850,u6655,1,0,0,0,-1.0,-1.0,0
req006034,u6656,1,0,0,0,-1.0,-1.0,0
req002972,u6657,1,0,0,0,-1.0,-1.0,0
req008872,u6657,2,0,0,0,-1.0,-1.0,0
req006574,u6658,1,0,0,0,-1.0,-1.0,0
req009492,u6658,2,0,0,0,-1.0,-1.0,0
req004452,u6661,1,0,0,0,-1.0,-1.0,0
req001788,u6663,1,0,0,0,-1.0,-1.0,0
req009467,u6665,1,0,0,0,-1.0,-1.0,0
req002994,u6667,1,0,0,0,-1.0,-1.0,0
req004610,u6667,2,0,0,0,-1.0,-1.0,0
req007073,u6667,3,0,0,0,-1.0,-1.0,0
req009132,u6669,1,0,0,0,-1.0,-1.0,0
req004328,u6670,1,0,0,0,-1.0,-1.0,0
req002347,u6671,1,0,0,0,-1.0,-1.0,0
req009592,u6671,2,0,0,0,-1.0,-1.0,0
req009499,u6673,1,0,0,0,-1.0,-1.0,0
req000678,u6674,1,1,0,0,-1.0,-1.0,0
req004106,u6674,2,1,0,1,3428.0,3428.0,1
req005861,u6674,3,1,0,1,5183.0,5183.0,0
req008217,u6675,1,0,0,0,-1.0,-1.0,0
req003160,u6676,1,0,0,0,-1.0,-1.0,0
req002479,u6678,1,0,0,0,-1.0,-1.0,0
req003576,u6679,1,0,0,0,-1.0,-1.0,0
req004850,u6679,2,1,0,0,-1.0,-1.0,0
req005857,u6679,3,1,0,1,1007.0,1007.0,1
req008412,u6681,1,0,0,0,-1.0,-1.0,0
req004799,u6682,1,0,0,0,-1.0,-1.0,0
req004911,u6682,2,1,0,0,-1.0,-1.0,0
req008152,u6682,3,1,0,1,3241.0,3241.0,1
req000573,u6684,1,0,0,0,-1.0,-1.0,0
req007925,u6684,2,0,0,0,-1.0,-1.0,0
req003114,u6685,1,0,0,0,-1.0,-1.0,0
req007422,u6685,2,0,0,0,-1.0,-1.0,0
req008686,u6686,1,0,0,0,-1.0,-1.0,0
req009204,u6686,2,0,0,0,-1.0,-1.0,0
req003928,u6688,1,0,0,0,-1.0,-1.0,0
req007056,u6689,1,0,0,0,-1.0,-1.0,0
req006926,u6690,1,0,0,0,-1.0,-1.0,0
req000839,u6694,1,0,0,0,-1.0,-1.0,0
req000058,u6695,1,0,0,0,-1.0,-1.0,0
req001843,u6697,1,0,0,0,-1.0,-1.0,0
req000957,u6698,1,0,0,0,-1.0,-1.0,0
req001615,u6698,2,0,0,0,-1.0,-1.0,0
req007515,u6698,3,0,0,0,-1.0,-1.0,0
req000220,u6700,1,1,0,0,-1.0,-1.0,0
req001632,u6700,2,1,0,1,1412.0,1412.0,1
req003223,u6701,1,0,0,0,-1.0,-1.0,0
req002459,u6702,1,0,0,0,-1.0,-1.0,0
req002545,u6702,2,0,0,0,-1.0,-1.0,0
req004582,u6702,3,1,0,0,-1.0,-1.0,0
req008354,u6702,4,1,0,1,3772.0,3772.0,0
req001668,u6704,1,0,0,0,-1.0,-1.0,0
req007512,u6704,2,0,0,0,-1.0,-1.0,0
req002387,u6707,1,0,0,0,-1.0,-1.0,0
req002403,u6707,2,0,0,0,-1.0,-1.0,0
req001871,u6708,1,0,0,0,-1.0,-1.0,0
req005455,u6711,1,0,0,0,-1.0,-1.0,0
req007917,u6711,2,1,0,0,-1.0,-1.0,0
req007746,u6712,1,0,0,0,-1.0,-1.0,0
req008180,u6715,1,0,0,0,-1.0,-1.0,0
req003353,u6716,1,0,0,0,-1.0,-1.0,0
req007921,u6717,1,0,0,0,-1.0,-1.0,0
req007886,u6718,1,0,0,0,-1.0,-1.0,0
req000491,u6719,1,0,0,0,-1.0,-1.0,0
req002881,u6720,1,0,0,0,-1.0,-1.0,0
req007299,u6722,1,0,0,0,-1.0,-1.0,0
req003286,u6723,1,0,0,0,-1.0,-1.0,0
req008570,u6723,2,0,0,0,-1.0,-1.0,0
req008934,u6723,3,0,0,0,-1.0,-1.0,0
req004770,u6724,1,0,0,0,-1.0,-1.0,0
req006279,u6724,2,0,0,0,-1.0,-1.0,0
req002132,u6725,1,0,0,0,-1.0,-1.0,0
req004065,u6726,1,0,0,0,-1.0,-1.0,0
req006353,u6726,2,0,0,0,-1.0,-1.0,0
req005180,u6729,1,0,0,0,-1.0,-1.0,0
req006706,u6729,2,0,0,0,-1.0,-1.0,0
req006266,u6731,1,1,0,0,-1.0,-1.0,0
req007186,u6734,1,0,0,0,-1.0,-1.0,0
req000681,u6735,1,1,0,0,-1.0,-1.0,0
req000766,u6736,1,0,0,0,-1.0,-1.0,0
req006827,u6736,2,0,0,0,-1.0,-1.0,0
req003212,u6737,1,0,0,0,-1.0,-1.0,0
req004975,u6737,2,0,0,0,-1.0,-1.0,0
req003327,u6738,1,0,0,0,-1.0,-1.0,0
req002731,u6739,1,0,0,0,-1.0,-1.0,0
req007293,u6739,2,0,0,0,-1.0,-1.0,0
req001114,u6740,1,0,0,0,-1.0,-1.0,0
req002762,u6741,1,0,0,0,-1.0,-1.0,0
req009367,u6741,2,0,0,0,-1.0,-1.0,0
req007587,u6742,1,0,0,0,-1.0,-1.0,0
req005160,u6743,1,0,0,0,-1.0,-1.0,0
req009797,u6743,2,0,0,0,-1.0,-1.0,0
req009645,u6744,1,0,0,0,-1.0,-1.0,0
req000324,u6746,1,1,0,0,-1.0,-1.0,0
req001132,u6746,2,1,0,1,808.0,808.0,1
req002079,u6746,3,1,0,1,1755.0,1755.0,1
req006657,u6746,4,1,0,1,6333.0,6333.0,0
req001653,u6747,1,1,1,0,-1.0,-1.0,0
req000385,u6749,1,0,0,0,-1.0,-1.0,0
req007409,u6750,1,1,0,0,-1.0,-1.0,0
req008507,u6750,2,1,0,1,1098.0,1098.0,1
req000947,u6752,1,0,0,0,-1.0,-1.0,0
req009684,u6753,1,0,0,0,-1.0,-1.0,0
req006424,u6754,1,0,0,0,-1.0,-1.0,0
req005976,u6755,1,0,0,0,-1.0,-1.0,0
req006511,u6755,2,0,0,0,-1.0,-1.0,0
req008345,u6755,3,0,0,0,-1.0,-1.0,0
req009575,u6756,1,0,0,0,-1.0,-1.0,0
req005509,u6757,1,0,0,0,-1.0,-1.0,0
req007861,u6761,1,0,0,0,-1.0,-1.0,0
req008674,u6761,2,0,0,0,-1.0,-1.0,0
req008717,u6762,1,1,0,0,-1.0,-1.0,0
req003751,u6763,1,0,0,0,-1.0,-1.0,0
req001135,u6765,1,0,0,0,-1.0,-1.0,0
req002928,u6765,2,0,0,0,-1.0,-1.0,0
req006063,u6766,1,0,0,0,-1.0,-1.0,0
req007091,u6766,2,0,0,0,-1.0,-1.0,0
req009719,u6766,3,0,0,0,-1.0,-1.0,0
req009877,u6766,4,0,0,0,-1.0,-1.0,0
req004110,u6767,1,0,0,0,-1.0,-1.0,0
req002206,u6768,1,0,0,0,-1.0,-1.0,0
req007642,u6769,1,0,0,0,-1.0,-1.0,0
req009799,u6769,2,0,0,0,-1.0,-1.0,0
req007507,u6770,1,0,0,0,-1.0,-1.0,0
req000331,u6773,1,0,0,0,-1.0,-1.0,0
req002179,u6776,1,0,0,0,-1.0,-1.0,0
req003103,u6776,2,0,0,0,-1.0,-1.0,0
req007747,u6776,3,0,0,0,-1.0,-1.0,0
req008474,u6776,4,0,0,0,-1.0,-1.0,0
req002035,u6777,1,0,0,0,-1.0,-1.0,0
req002718,u6779,1,0,0,0,-1.0,-1.0,0
req000088,u6781,1,0,0,0,-1.0,-1.0,0
req006683,u6782,1,0,0,0,-1.0,-1.0,0
req004087,u6783,1,0,0,0,-1.0,-1.0,0
req002748,u6788,1,0,0,0,-1.0,-1.0,0
req009941,u6788,2,0,0,0,-1.0,-1.0,0
req008018,u6789,1,0,0,0,-1.0,-1.0,0
req007909,u6791,1,0,0,0,-1.0,-1.0,0
req000505,u6793,1,0,0,0,-1.0,-1.0,0
req006027,u6795,1,0,0,0,-1.0,-1.0,0
req007601,u6796,1,0,0,0,-1.0,-1.0,0
req008077,u6796,2,0,0,0,-1.0,-1.0,0
req000208,u6797,1,0,0,0,-1.0,-1.0,0
req009496,u6797,2,0,0,0,-1.0,-1.0,0
req009679,u6797,3,0,0,0,-1.0,-1.0,0
req004019,u6798,1,0,0,0,-1.0,-1.0,0
req003302,u6799,1,0,0,0,-1.0,-1.0,0
req006813,u6801,1,0,0,0,-1.0,-1.0,0
req007317,u6801,2,0,0,0,-1.0,-1.0,0
req008857,u6804,1,0,0,0,-1.0,-1.0,0
req004113,u6805,1,0,0,0,-1.0,-1.0,0
req005427,u6805,2,0,0,0,-1.0,-1.0,0
req001325,u6809,1,0,0,0,-1.0,-1.0,0
req008774,u6809,2,0,0,0,-1.0,-1.0,0
req003004,u6810,1,0,0,0,-1.0,-1.0,0
req006970,u6810,2,0,0,0,-1.0,-1.0,0
req005569,u6811,1,0,0,0,-1.0,-1.0,0
req000358,u6813,1,0,0,0,-1.0,-1.0,0
req000031,u6814,1,0,0,0,-1.0,-1.0,0
req006505,u6815,1,0,0,0,-1.0,-1.0,0
req009725,u6815,2,0,0,0,-1.0,-1.0,0
req000542,u6816,1,0,0,0,-1.0,-1.0,0
req006265,u6816,2,0,0,0,-1.0,-1.0,0
req009419,u6816,3,1,0,0,-1.0,-1.0,0
req000176,u6818,1,0,0,0,-1.0,-1.0,0
req001174,u6819,1,0,0,0,-1.0,-1.0,0
req009591,u6820,1,0,0,0,-1.0,-1.0,0
req006504,u6821,1,0,0,0,-1.0,-1.0,0
req003611,u6822,1,0,0,0,-1.0,-1.0,0
req005157,u6822,2,0,0,0,-1.0,-1.0,0
req009512,u6824,1,0,0,0,-1.0,-1.0,0
req009770,u6825,1,0,0,0,-1.0,-1.0,0
req006106,u6828,1,0,0,0,-1.0,-1.0,0
req001269,u6829,1,0,0,0,-1.0,-1.0,0
req000209,u6833,1,0,0,0,-1.0,-1.0,0
req003313,u6833,2,0,0,0,-1.0,-1.0,0
req006022,u6833,3,1,0,0,-1.0,-1.0,0
req009021,u6834,1,0,0,0,-1.0,-1.0,0
req001208,u6835,1,0,0,0,-1.0,-1.0,0
req004040,u6836,1,1,0,0,-1.0,-1.0,0
req006325,u6836,2,1,0,1,2285.0,2285.0,1
req002951,u6837,1,0,0,0,-1.0,-1.0,0
req007598,u6837,2,1,0,0,-1.0,-1.0,0
req008556,u6837,3,1,0,1,958.0,958.0,1
req001782,u6840,1,1,0,0,-1.0,-1.0,0
req006298,u6840,2,2,0,1,4516.0,4516.0,0
req008001,u6840,3,2,0,2,3961.0,1703.0,1
req008748,u6840,4,2,0,2,4708.0,2450.0,1
req002685,u6841,1,0,0,0,-1.0,-1.0,0
req005614,u6841,2,1,0,0,-1.0,-1.0,0
req000855,u6842,1,0,0,0,-1.0,-1.0,0
req007053,u6842,2,0,0,0,-1.0,-1.0,0
req000511,u6844,1,0,0,0,-1.0,-1.0,0
req009982,u6847,1,0,0,0,-1.0,-1.0,0
req001070,u6850,1,0,0,0,-1.0,-1.0,0
req004423,u6851,1,0,0,0,-1.0,-1.0,0
req008995,u6851,2,0,0,0,-1.0,-1.0,0
req009776,u6852,1,0,0,0,-1.0,-1.0,0
req003721,u6854,1,0,0,0,-1.0,-1.0,0
req005481,u6856,1,1,0,0,-1.0,-1.0,0
req001911,u6858,1,0,0,0,-1.0,-1.0,0
req007319,u6859,1,0,0,0,-1.0,-1.0,0
req007069,u6860,1,0,0,0,-1.0,-1.0,0
req007522,u6860,2,0,0,0,-1.0,-1.0,0
req006645,u6861,1,1,0,0,-1.0,-1.0,0
req005804,u6862,1,0,0,0,-1.0,-1.0,0
req002537,u6864,1,0,0,0,-1.0,-1.0,0
req000166,u6866,1,0,0,0,-1.0,-1.0,0
req007802,u6867,1,0,0,0,-1.0,-1.0,0
req001780,u6868,1,0,0,0,-1.0,-1.0,0
req003522,u6868,2,0,0,0,-1.0,-1.0,0
req005928,u6869,1,0,0,0,-1.0,-1.0,0
req000386,u6870,1,0,0,0,-1.0,-1.0,0
req007881,u6870,2,0,0,0,-1.0,-1.0,0
req008068,u6870,3,1,0,0,-1.0,-1.0,0
req009722,u6870,4,1,0,1,1654.0,1654.0,1
req008468,u6872,1,0,0,0,-1.0,-1.0,0
req002110,u6873,1,0,0,0,-1.0,-1.0,0
req000898,u6876,1,0,0,0,-1.0,-1.0,0
req008988,u6876,2,0,0,0,-1.0,-1.0,0
req009201,u6876,3,0,0,0,-1.0,-1.0,0
req002191,u6877,1,0,0,0,-1.0,-1.0,0
req005788,u6877,2,0,0,0,-1.0,-1.0,0
req005360,u6880,1,0,0,0,-1.0,-1.0,0
req007367,u6880,2,0,0,0,-1.0,-1.0,0
req007480,u6880,3,1,0,0,-1.0,-1.0,0
req006223,u6881,1,0,0,0,-1.0,-1.0,0
req005045,u6882,1,0,0,0,-1.0,-1.0,0
req001101,u6887,1,0,0,0,-1.0,-1.0,0
req001746,u6887,2,0,0,0,-1.0,-1.0,0
req006254,u6887,3,0,0,0,-1.0,-1.0,0
req006785,u6887,4,0,0,0,-1.0,-1.0,0
req002774,u6888,1,0,0,0,-1.0,-1.0,0
req009135,u6889,1,0,0,0,-1.0,-1.0,0
req008662,u6890,1,0,0,0,-1.0,-1.0,0
req009874,u6892,1,0,0,0,-1.0,-1.0,0
req006357,u6893,1,0,0,0,-1.0,-1.0,0
req008130,u6893,2,0,0,0,-1.0,-1.0,0
req005078,u6895,1,0,0,0,-1.0,-1.0,0
req000033,u6896,1,0,0,0,-1.0,-1.0,0
req005110,u6897,1,0,0,0,-1.0,-1.0,0
req002147,u6901,1,1,0,0,-1.0,-1.0,0
req004543,u6904,1,0,0,0,-1.0,-1.0,0
req003596,u6906,1,0,0,0,-1.0,-1.0,0
req000042,u6907,1,0,0,0,-1.0,-1.0,0
req005699,u6907,2,0,0,0,-1.0,-1.0,0
req002421,u6909,1,0,0,0,-1.0,-1.0,0
req005201,u6909,2,0,0,0,-1.0,-1.0,0
req000630,u6910,1,0,0,0,-1.0,-1.0,0
req003951,u6910,2,0,0,0,-1.0,-1.0,0
req008384,u6911,1,1,0,0,-1.0,-1.0,0
req003335,u6912,1,1,0,0,-1.0,-1.0,0
req000929,u6914,1,0,0,0,-1.0,-1.0,0
req000101,u6916,1,0,0,0,-1.0,-1.0,0
req008510,u6919,1,1,0,0,-1.0,-1.0,0
req009127,u6921,1,0,0,0,-1.0,-1.0,0
req007088,u6922,1,0,0,0,-1.0,-1.0,0
req004118,u6925,1,0,0,0,-1.0,-1.0,0
req004738,u6925,2,0,0,0,-1.0,-1.0,0
req004979,u6925,3,0,0,0,-1.0,-1.0,0
req005905,u6928,1,0,0,0,-1.0,-1.0,0
req000317,u6929,1,0,0,0,-1.0,-1.0,0
req004290,u6929,2,0,0,0,-1.0,-1.0,0
req003056,u6930,1,0,0,0,-1.0,-1.0,0
req004500,u6931,1,1,0,0,-1.0,-1.0,0
req008822,u6931,2,1,0,1,4322.0,4322.0,0
req001511,u6932,1,0,0,0,-1.0,-1.0,0
req005906,u6932,2,0,0,0,-1.0,-1.0,0
req000156,u6933,1,0,0,0,-1.0,-1.0,0
req003936,u6933,2,0,0,0,-1.0,-1.0,0
req001138,u6934,1,0,0,0,-1.0,-1.0,0
req006364,u6934,2,1,0,0,-1.0,-1.0,0
req000502,u6935,1,0,0,0,-1.0,-1.0,0
req001020,u6936,1,0,0,0,-1.0,-1.0,0
req007606,u6936,2,0,0,0,-1.0,-1.0,0
req002640,u6937,1,0,0,0,-1.0,-1.0,0
req005711,u6937,2,1,0,0,-1.0,-1.0,0
req004889,u6938,1,0,0,0,-1.0,-1.0,0
req008171,u6938,2,0,0,0,-1.0,-1.0,0
req009828,u6938,3,0,0,0,-1.0,-1.0,0
req001973,u6939,1,0,0,0,-1.0,-1.0,0
req003079,u6939,2,0,0,0,-1.0,-1.0,0
req003869,u6940,1,0,0,0,-1.0,-1.0,0
req002287,u6942,1,0,0,0,-1.0,-1.0,0
req006360,u6942,2,0,0,0,-1.0,-1.0,0
req000132,u6943,1,0,0,0,-1.0,-1.0,0
req009898,u6943,2,0,0,0,-1.0,-1.0,0
req000860,u6948,1,0,0,0,-1.0,-1.0,0
req006745,u6948,2,0,0,0,-1.0,-1.0,0
req003738,u6949,1,0,0,0,-1.0,-1.0,0
req006623,u6949,2,0,0,0,-1.0,-1.0,0
req000161,u6951,1,0,0,0,-1.0,-1.0,0
req001768,u6951,2,0,0,0,-1.0,-1.0,0
req004412,u6951,3,0,0,0,-1.0,-1.0,0
req006264,u6951,4,0,0,0,-1.0,-1.0,0
req006875,u6951,5,0,0,0,-1.0,-1.0,0
req003062,u6952,1,0,0,0,-1.0,-1.0,0
req004597,u6952,2,0,0,0,-1.0,-1.0,0
req003464,u6953,1,0,0,0,-1.0,-1.0,0
req008642,u6954,1,0,0,0,-1.0,-1.0,0
req000599,u6955,1,0,0,0,-1.0,-1.0,0
req003075,u6955,2,1,0,0,-1.0,-1.0,0
req003699,u6956,1,0,0,0,-1.0,-1.0,0
req005414,u6956,2,0,0,0,-1.0,-1.0,0
req007303,u6958,1,0,0,0,-1.0,-1.0,0
req008804,u6960,1,0,0,0,-1.0,-1.0,0
req009271,u6960,2,0,0,0,-1.0,-1.0,0
req009921,u6960,3,0,0,0,-1.0,-1.0,0
req006020,u6961,1,0,0,0,-1.0,-1.0,0
req006123,u6961,2,0,0,0,-1.0,-1.0,0
req007158,u6961,3,0,0,0,-1.0,-1.0,0
req001899,u6963,1,0,0,0,-1.0,-1.0,0
req002282,u6963,2,0,0,0,-1.0,-1.0,0
req004672,u6963,3,0,0,0,-1.0,-1.0,0
req006087,u6963,4,0,0,0,-1.0,-1.0,0
req006153,u6963,5,0,0,0,-1.0,-1.0,0
req002101,u6964,1,0,0,0,-1.0,-1.0,0
req002788,u6964,2,0,0,0,-1.0,-1.0,0
req009503,u6966,1,0,0,0,-1.0,-1.0,0
req005941,u6967,1,0,0,0,-1.0,-1.0,0
req008062,u6968,1,0,0,0,-1.0,-1.0,0
req005158,u6970,1,0,0,0,-1.0,-1.0,0
req005582,u6971,1,0,0,0,-1.0,-1.0,0
req006380,u6971,2,0,0,0,-1.0,-1.0,0
req008797,u6971,3,0,0,0,-1.0,-1.0,0
req007057,u6972,1,0,0,0,-1.0,-1.0,0
req009148,u6972,2,0,0,0,-1.0,-1.0,0
req001783,u6973,1,0,0,0,-1.0,-1.0,0
req007045,u6974,1,0,0,0,-1.0,-1.0,0
req002878,u6975,1,1,0,0,-1.0,-1.0,0
req009577,u6977,1,0,0,0,-1.0,-1.0,0
req000174,u6979,1,0,0,0,-1.0,-1.0,0
req003553,u6979,2,0,0,0,-1.0,-1.0,0
req009924,u6979,3,1,0,0,-1.0,-1.0,0
req002746,u6981,1,0,0,0,-1.0,-1.0,0
req001876,u6982,1,0,0,0,-1.0,-1.0,0
req004260,u6982,2,0,0,0,-1.0,-1.0,0
req001798,u6984,1,0,0,0,-1.0,-1.0,0
req005294,u6984,2,0,0,0,-1.0,-1.0,0
req006401,u6985,1,0,0,0,-1.0,-1.0,0
req001424,u6987,1,0,0,0,-1.0,-1.0,0
req007792,u6988,1,0,0,0,-1.0,-1.0,0
req003801,u6989,1,1,0,0,-1.0,-1.0,0
req008207,u6991,1,0,0,0,-1.0,-1.0,0
req009188,u6991,2,0,0,0,-1.0,-1.0,0
req005290,u6992,1,0,0,0,-1.0,-1.0,0
req008712,u6992,2,0,0,0,-1.0,-1.0,0
req005302,u6993,1,0,0,0,-1.0,-1.0,0
req005668,u6993,2,0,0,0,-1.0,-1.0,0
req003776,u6995,1,0,0,0,-1.0,-1.0,0
req008163,u6995,2,0,0,0,-1.0,-1.0,0
req000155,u6996,1,0,0,0,-1.0,-1.0,0
req000195,u6997,1,0,0,0,-1.0,-1.0,0
req004125,u6997,2,0,0,0,-1.0,-1.0,0
req003935,u6998,1,0,0,0,-1.0,-1.0,0
req003723,u6999,1,0,0,0,-1.0,-1.0,0
req008233,u6999,2,0,0,0,-1.0,-1.0,0
req001513,u7000,1,0,0,0,-1.0,-1.0,0
req004565,u7000,2,1,0,0,-1.0,-1.0,0
req007578,u7000,3,1,0,1,3013.0,3013.0,1
req006874,u7003,1,0,0,0,-1.0,-1.0,0
req007377,u7003,2,0,0,0,-1.0,-1.0,0
req006660,u7006,1,0,0,0,-1.0,-1.0,0
req004512,u7007,1,0,0,0,-1.0,-1.0,0
req004965,u7009,1,0,0,0,-1.0,-1.0,0
req009857,u7010,1,0,0,0,-1.0,-1.0,0
req005475,u7013,1,0,0,0,-1.0,-1.0,0
req002733,u7014,1,0,0,0,-1.0,-1.0,0
req009890,u7014,2,0,0,0,-1.0,-1.0,0
req002442,u7015,1,0,0,0,-1.0,-1.0,0
req006119,u7015,2,0,0,0,-1.0,-1.0,0
req006652,u7015,3,0,0,0,-1.0,-1.0,0
req008721,u7015,4,0,0,0,-1.0,-1.0,0
req009480,u7015,5,0,0,0,-1.0,-1.0,0
req002391,u7016,1,0,0,0,-1.0,-1.0,0
req003562,u7019,1,0,0,0,-1.0,-1.0,0
req007260,u7020,1,0,0,0,-1.0,-1.0,0
req008040,u7020,2,0,0,0,-1.0,-1.0,0
req000903,u7021,1,0,0,0,-1.0,-1.0,0
req002418,u7022,1,0,0,0,-1.0,-1.0,0
req004471,u7022,2,0,0,0,-1.0,-1.0,0
req005849,u7022,3,0,0,0,-1.0,-1.0,0
req006197,u7022,4,0,0,0,-1.0,-1.0,0
req006062,u7023,1,0,0,0,-1.0,-1.0,0
req001963,u7024,1,0,0,0,-1.0,-1.0,0
req002184,u7025,1,0,0,0,-1.0,-1.0,0
req004062,u7025,2,0,0,0,-1.0,-1.0,0
req006988,u7025,3,0,0,0,-1.0,-1.0,0
req001348,u7027,1,0,0,0,-1.0,-1.0,0
req009876,u7027,2,0,0,0,-1.0,-1.0,0
req009843,u7028,1,0,0,0,-1.0,-1.0,0
req008632,u7029,1,0,0,0,-1.0,-1.0,0
req001643,u7030,1,0,0,0,-1.0,-1.0,0
req000141,u7031,1,0,0,0,-1.0,-1.0,0
req007133,u7031,2,0,0,0,-1.0,-1.0,0
req006369,u7032,1,0,0,0,-1.0,-1.0,0
req002591,u7034,1,1,0,0,-1.0,-1.0,0
req000606,u7038,1,1,0,0,-1.0,-1.0,0
req001891,u7038,2,1,0,1,1285.0,1285.0,1
req006469,u7038,3,1,0,1,5863.0,5863.0,0
req000535,u7040,1,0,0,0,-1.0,-1.0,0
req001858,u7043,1,0,0,0,-1.0,-1.0,0
req009407,u7043,2,0,0,0,-1.0,-1.0,0
req005824,u7045,1,0,0,0,-1.0,-1.0,0
req003319,u7047,1,0,0,0,-1.0,-1.0,0
req004193,u7047,2,0,0,0,-1.0,-1.0,0
req001857,u7048,1,0,0,0,-1.0,-1.0,0
req006447,u7048,2,0,0,0,-1.0,-1.0,0
req009389,u7048,3,0,0,0,-1.0,-1.0,0
req001017,u7049,1,0,0,0,-1.0,-1.0,0
req008515,u7049,2,0,0,0,-1.0,-1.0,0
req008051,u7051,1,0,0,0,-1.0,-1.0,0
req005794,u7053,1,0,0,0,-1.0,-1.0,0
req007413,u7053,2,0,0,0,-1.0,-1.0,0
req007800,u7053,3,0,0,0,-1.0,-1.0,0
req003417,u7054,1,1,1,0,-1.0,-1.0,0
req002233,u7056,1,0,0,0,-1.0,-1.0,0
req003465,u7056,2,0,0,0,-1.0,-1.0,0
req002964,u7057,1,0,0,0,-1.0,-1.0,0
req006959,u7057,2,0,0,0,-1.0,-1.0,0
req008945,u7057,3,0,0,0,-1.0,-1.0,0
req005646,u7058,1,0,0,0,-1.0,-1.0,0
req006039,u7058,2,0,0,0,-1.0,-1.0,0
req006154,u7058,3,0,0,0,-1.0,-1.0,0
req000402,u7060,1,0,0,0,-1.0,-1.0,0
req003272,u7060,2,0,0,0,-1.0,-1.0,0
req000909,u7061,1,0,0,0,-1.0,-1.0,0
req009504,u7061,2,0,0,0,-1.0,-1.0,0
req002258,u7062,1,0,0,0,-1.0,-1.0,0
req007771,u7062,2,0,0,0,-1.0,-1.0,0
req005012,u7063,1,0,0,0,-1.0,-1.0,0
req005245,u7063,2,0,0,0,-1.0,-1.0,0
req002841,u7065,1,0,0,0,-1.0,-1.0,0
req007021,u7065,2,0,0,0,-1.0,-1.0,0
req004980,u7068,1,0,0,0,-1.0,-1.0,0
req000975,u7069,1,0,0,0,-1.0,-1.0,0
req004042,u7070,1,0,0,0,-1.0,-1.0,0
req004552,u7070,2,0,0,0,-1.0,-1.0,0
req007830,u7071,1,0,0,0,-1.0,-1.0,0
req002462,u7072,1,0,0,0,-1.0,-1.0,0
req006809,u7072,2,0,0,0,-1.0,-1.0,0
req006086,u7076,1,1,0,0,-1.0,-1.0,0
req001987,u7077,1,0,0,0,-1.0,-1.0,0
req001532,u7078,1,0,0,0,-1.0,-1.0,0
req001286,u7080,1,0,0,0,-1.0,-1.0,0
req003326,u7080,2,0,0,0,-1.0,-1.0,0
req003234,u7086,1,0,0,0,-1.0,-1.0,0
req003836,u7086,2,0,0,0,-1.0,-1.0,0
req008103,u7086,3,0,0,0,-1.0,-1.0,0
req000760,u7088,1,1,0,0,-1.0,-1.0,0
req004802,u7089,1,0,0,0,-1.0,-1.0,0
req008456,u7090,1,0,0,0,-1.0,-1.0,0
req001238,u7091,1,0,0,0,-1.0,-1.0,0
req006697,u7091,2,0,0,0,-1.0,-1.0,0
req004088,u7093,1,1,0,0,-1.0,-1.0,0
req004128,u7093,2,1,0,1,40.0,40.0,1
req000815,u7094,1,0,0,0,-1.0,-1.0,0
req001795,u7095,1,0,0,0,-1.0,-1.0,0
req002381,u7095,2,0,0,0,-1.0,-1.0,0
req003909,u7096,1,1,0,0,-1.0,-1.0,0
req004366,u7097,1,0,0,0,-1.0,-1.0,0
req005031,u7097,2,0,0,0,-1.0,-1.0,0
req002919,u7102,1,0,0,0,-1.0,-1.0,0
req004337,u7102,2,0,0,0,-1.0,-1.0,0
req000106,u7104,1,0,0,0,-1.0,-1.0,0
req002713,u7104,2,1,1,0,-1.0,-1.0,0
req001053,u7105,1,1,0,0,-1.0,-1.0,0
req001556,u7106,1,1,0,0,-1.0,-1.0,0
req003508,u7106,2,1,0,1,1952.0,1952.0,1
req005633,u7107,1,0,0,0,-1.0,-1.0,0
req005179,u7109,1,0,0,0,-1.0,-1.0,0
req000281,u7111,1,0,0,0,-1.0,-1.0,0
req006728,u7112,1,0,0,0,-1.0,-1.0,0
req007926,u7112,2,0,0,0,-1.0,-1.0,0
req001109,u7113,1,0,0,0,-1.0,-1.0,0
req000615,u7115,1,0,0,0,-1.0,-1.0,0
req001648,u7115,2,0,0,0,-1.0,-1.0,0
req006825,u7117,1,0,0,0,-1.0,-1.0,0
req002027,u7118,1,0,0,0,-1.0,-1.0,0
req005319,u7120,1,0,0,0,-1.0,-1.0,0
req000275,u7122,1,1,1,0,-1.0,-1.0,0
req002562,u7122,2,1,1,1,2287.0,2287.0,1
req002996,u7123,1,0,0,0,-1.0,-1.0,0
req008952,u7124,1,0,0,0,-1.0,-1.0,0
req008896,u7125,1,1,0,0,-1.0,-1.0,0
req005921,u7128,1,0,0,0,-1.0,-1.0,0
req009672,u7128,2,0,0,0,-1.0,-1.0,0
req006826,u7129,1,0,0,0,-1.0,-1.0,0
req000214,u7130,1,0,0,0,-1.0,-1.0,0
req000114,u7131,1,1,0,0,-1.0,-1.0,0
req006989,u7131,2,1,0,1,6875.0,6875.0,0
req008478,u7131,3,2,1,1,8364.0,8364.0,0
req000151,u7132,1,0,0,0,-1.0,-1.0,0
req001433,u7133,1,1,0,0,-1.0,-1.0,0
req008538,u7133,2,1,0,1,7105.0,7105.0,0
req009337,u7133,3,1,0,1,7904.0,7904.0,0
req000932,u7135,1,0,0,0,-1.0,-1.0,0
req004723,u7135,2,0,0,0,-1.0,-1.0,0
req001545,u7137,1,0,0,0,-1.0,-1.0,0
req002630,u7139,1,0,0,0,-1.0,-1.0,0
req002745,u7139,2,1,0,0,-1.0,-1.0,0
req000427,u7140,1,0,0,0,-1.0,-1.0,0
req004230,u7141,1,0,0,0,-1.0,-1.0,0
req006004,u7141,2,0,0,0,-1.0,-1.0,0
req007750,u7141,3,0,0,0,-1.0,-1.0,0
req000717,u7142,1,0,0,0,-1.0,-1.0,0
req007466,u7144,1,1,0,0,-1.0,-1.0,0
req004859,u7145,1,0,0,0,-1.0,-1.0,0
req008148,u7146,1,0,0,0,-1.0,-1.0,0
req008200,u7146,2,0,0,0,-1.0,-1.0,0
req001072,u7147,1,0,0,0,-1.0,-1.0,0
req006787,u7149,1,0,0,0,-1.0,-1.0,0
req007331,u7150,1,0,0,0,-1.0,-1.0,0
req009417,u7150,2,0,0,0,-1.0,-1.0,0
req009755,u7150,3,0,0,0,-1.0,-1.0,0
req004016,u7151,1,0,0,0,-1.0,-1.0,0
req005685,u7151,2,0,0,0,-1.0,-1.0,0
req005608,u7152,1,0,0,0,-1.0,-1.0,0
req004462,u7154,1,0,0,0,-1.0,-1.0,0
req009065,u7154,2,0,0,0,-1.0,-1.0,0
req000842,u7156,1,0,0,0,-1.0,-1.0,0
req009191,u7156,2,0,0,0,-1.0,-1.0,0
req001994,u7157,1,0,0,0,-1.0,-1.0,0
req002422,u7157,2,0,0,0,-1.0,-1.0,0
req005791,u7157,3,0,0,0,-1.0,-1.0,0
req006015,u7157,4,0,0,0,-1.0,-1.0,0
req009360,u7157,5,0,0,0,-1.0,-1.0,0
req001856,u7160,1,0,0,0,-1.0,-1.0,0
req006467,u7161,1,0,0,0,-1.0,-1.0,0
req008965,u7161,2,0,0,0,-1.0,-1.0,0
req005929,u7162,1,1,0,0,-1.0,-1.0,0
req004832,u7163,1,0,0,0,-1.0,-1.0,0
req005654,u7163,2,0,0,0,-1.0,-1.0,0
req008246,u7164,1,0,0,0,-1.0,-1.0,0
req006893,u7165,1,0,0,0,-1.0,-1.0,0
req001984,u7166,1,1,1,0,-1.0,-1.0,0
req008219,u7166,2,1,1,1,6235.0,6235.0,0
req000224,u7167,1,0,0,0,-1.0,-1.0,0
req008302,u7167,2,1,0,0,-1.0,-1.0,0
req005111,u7170,1,0,0,0,-1.0,-1.0,0
req009382,u7170,2,1,0,0,-1.0,-1.0,0
req002709,u7171,1,0,0,0,-1.0,-1.0,0
req000134,u7173,1,1,0,0,-1.0,-1.0,0
req005625,u7175,1,0,0,0,-1.0,-1.0,0
req000084,u7176,1,0,0,0,-1.0,-1.0,0
req001131,u7176,2,0,0,0,-1.0,-1.0,0
req008657,u7176,3,0,0,0,-1.0,-1.0,0
req003986,u7177,1,0,0,0,-1.0,-1.0,0
req003316,u7179,1,0,0,0,-1.0,-1.0,0
req008589,u7179,2,0,0,0,-1.0,-1.0,0
req006766,u7180,1,0,0,0,-1.0,-1.0,0
req004215,u7181,1,0,0,0,-1.0,-1.0,0
req004951,u7183,1,0,0,0,-1.0,-1.0,0
req002345,u7184,1,0,0,0,-1.0,-1.0,0
req006592,u7184,2,0,0,0,-1.0,-1.0,0
req005462,u7185,1,0,0,0,-1.0,-1.0,0
req005508,u7185,2,0,0,0,-1.0,-1.0,0
req002983,u7187,1,0,0,0,-1.0,-1.0,0
req003604,u7188,1,0,0,0,-1.0,-1.0,0
req004708,u7188,2,0,0,0,-1.0,-1.0,0
req000596,u7189,1,0,0,0,-1.0,-1.0,0
req001102,u7189,2,0,0,0,-1.0,-1.0,0
req002018,u7190,1,0,0,0,-1.0,-1.0,0
req009022,u7190,2,0,0,0,-1.0,-1.0,0
req003648,u7191,1,1,1,0,-1.0,-1.0,0
req009944,u7191,2,1,1,1,6296.0,6296.0,0
req000832,u7192,1,0,0,0,-1.0,-1.0,0
req004522,u7192,2,0,0,0,-1.0,-1.0,0
req004331,u7193,1,0,0,0,-1.0,-1.0,0
req004465,u7193,2,0,0,0,-1.0,-1.0,0
req006344,u7193,3,0,0,0,-1.0,-1.0,0
req004108,u7196,1,0,0,0,-1.0,-1.0,0
req007713,u7196,2,0,0,0,-1.0,-1.0,0
req008012,u7196,3,0,0,0,-1.0,-1.0,0
req003521,u7198,1,0,0,0,-1.0,-1.0,0
req001411,u7201,1,0,0,0,-1.0,-1.0,0
req002354,u7201,2,0,0,0,-1.0,-1.0,0
req003759,u7201,3,0,0,0,-1.0,-1.0,0
req003827,u7201,4,0,0,0,-1.0,-1.0,0
req008188,u7203,1,0,0,0,-1.0,-1.0,0
req008539,u7204,1,0,0,0,-1.0,-1.0,0
req001652,u7205,1,0,0,0,-1.0,-1.0,0
req004008,u7205,2,1,0,0,-1.0,-1.0,0
req004901,u7205,3,1,0,1,893.0,893.0,1
req006107,u7206,1,0,0,0,-1.0,-1.0,0
req004486,u7210,1,0,0,0,-1.0,-1.0,0
req006487,u7210,2,0,0,0,-1.0,-1.0,0
req000745,u7213,1,0,0,0,-1.0,-1.0,0
req009023,u7214,1,0,0,0,-1.0,-1.0,0
req009486,u7217,1,0,0,0,-1.0,-1.0,0
req003119,u7218,1,0,0,0,-1.0,-1.0,0
req005405,u7220,1,0,0,0,-1.0,-1.0,0
req001831,u7223,1,0,0,0,-1.0,-1.0,0
req009226,u7223,2,0,0,0,-1.0,-1.0,0
req009723,u7223,3,0,0,0,-1.0,-1.0,0
req000826,u7224,1,0,0,0,-1.0,-1.0,0
req002247,u7224,2,1,0,0,-1.0,-1.0,0
req002486,u7224,3,1,0,1,239.0,239.0,1
req008162,u7226,1,1,0,0,-1.0,-1.0,0
req009283,u7226,2,1,0,1,1121.0,1121.0,1
req004216,u7228,1,0,0,0,-1.0,-1.0,0
req007896,u7228,2,0,0,0,-1.0,-1.0,0
req003022,u7229,1,0,0,0,-1.0,-1.0,0
req006246,u7231,1,0,0,0,-1.0,-1.0,0
req007355,u7231,2,0,0,0,-1.0,-1.0,0
req001633,u7233,1,0,0,0,-1.0,-1.0,0
req008817,u7233,2,0,0,0,-1.0,-1.0,0
req006335,u7234,1,1,1,0,-1.0,-1.0,0
req006805,u7234,2,1,1,1,470.0,470.0,1
req003851,u7236,1,1,0,0,-1.0,-1.0,0
req005819,u7236,2,1,0,1,1968.0,1968.0,1
req004700,u7237,1,0,0,0,-1.0,-1.0,0
req008672,u7237,2,0,0,0,-1.0,-1.0,0
req005402,u7238,1,0,0,0,-1.0,-1.0,0
req009635,u7239,1,0,0,0,-1.0,-1.0,0
req008183,u7240,1,0,0,0,-1.0,-1.0,0
req004413,u7242,1,0,0,0,-1.0,-1.0,0
req001221,u7244,1,0,0,0,-1.0,-1.0,0
req001850,u7244,2,0,0,0,-1.0,-1.0,0
req009481,u7244,3,0,0,0,-1.0,-1.0,0
req004107,u7246,1,0,0,0,-1.0,-1.0,0
req008016,u7247,1,0,0,0,-1.0,-1.0,0
req004573,u7248,1,0,0,0,-1.0,-1.0,0
req003277,u7249,1,1,0,0,-1.0,-1.0,0
req005708,u7249,2,1,0,1,2431.0,2431.0,1
req009205,u7250,1,0,0,0,-1.0,-1.0,0
req001042,u7251,1,0,0,0,-1.0,-1.0,0
req003689,u7251,2,0,0,0,-1.0,-1.0,0
req008409,u7253,1,0,0,0,-1.0,-1.0,0
req001426,u7257,1,0,0,0,-1.0,-1.0,0
req009808,u7257,2,0,0,0,-1.0,-1.0,0
req004809,u7258,1,0,0,0,-1.0,-1.0,0
req005700,u7258,2,0,0,0,-1.0,-1.0,0
req001981,u7259,1,0,0,0,-1.0,-1.0,0
req000618,u7260,1,1,0,0,-1.0,-1.0,0
req001542,u7260,2,1,0,1,924.0,924.0,1
req005882,u7260,3,1,0,1,5264.0,5264.0,0
req008939,u7263,1,0,0,0,-1.0,-1.0,0
req008356,u7267,1,0,0,0,-1.0,-1.0,0
req005306,u7268,1,0,0,0,-1.0,-1.0,0
req009200,u7268,2,0,0,0,-1.0,-1.0,0
req002953,u7270,1,0,0,0,-1.0,-1.0,0
req001910,u7272,1,0,0,0,-1.0,-1.0,0
req003847,u7272,2,0,0,0,-1.0,-1.0,0
req009422,u7273,1,0,0,0,-1.0,-1.0,0
req008172,u7275,1,1,1,0,-1.0,-1.0,0
req001889,u7276,1,0,0,0,-1.0,-1.0,0
req001961,u7276,2,0,0,0,-1.0,-1.0,0
req000345,u7277,1,1,0,0,-1.0,-1.0,0
req008598,u7277,2,1,0,1,8253.0,8253.0,0
req007463,u7278,1,0,0,0,-1.0,-1.0,0
req008732,u7278,2,0,0,0,-1.0,-1.0,0
req008296,u7280,1,0,0,0,-1.0,-1.0,0
req000344,u7281,1,0,0,0,-1.0,-1.0,0
req009544,u7281,2,0,0,0,-1.0,-1.0,0
req004356,u7282,1,0,0,0,-1.0,-1.0,0
req001528,u7283,1,0,0,0,-1.0,-1.0,0
req002521,u7284,1,0,0,0,-1.0,-1.0,0
req004319,u7285,1,0,0,0,-1.0,-1.0,0
req002599,u7288,1,0,0,0,-1.0,-1.0,0
req004692,u7288,2,0,0,0,-1.0,-1.0,0
req005552,u7289,1,0,0,0,-1.0,-1.0,0
req000813,u7290,1,0,0,0,-1.0,-1.0,0
req008411,u7290,2,0,0,0,-1.0,-1.0,0
req008991,u7291,1,0,0,0,-1.0,-1.0,0
req009177,u7291,2,0,0,0,-1.0,-1.0,0
req000349,u7292,1,0,0,0,-1.0,-1.0,0
req009912,u7292,2,1,0,0,-1.0,-1.0,0
req001120,u7293,1,0,0,0,-1.0,-1.0,0
req003366,u7293,2,0,0,0,-1.0,-1.0,0
req002490,u7294,1,0,0,0,-1.0,-1.0,0
req003455,u7294,2,0,0,0,-1.0,-1.0,0
req001486,u7295,1,0,0,0,-1.0,-1.0,0
req004561,u7295,2,0,0,0,-1.0,-1.0,0
req005123,u7295,3,0,0,0,-1.0,-1.0,0
req008167,u7297,1,0,0,0,-1.0,-1.0,0
req000638,u7298,1,0,0,0,-1.0,-1.0,0
req003982,u7298,2,0,0,0,-1.0,-1.0,0
req004657,u7299,1,0,0,0,-1.0,-1.0,0
req005826,u7299,2,1,0,0,-1.0,-1.0,0
req004818,u7300,1,0,0,0,-1.0,-1.0,0
req008119,u7300,2,0,0,0,-1.0,-1.0,0
req006549,u7301,1,0,0,0,-1.0,-1.0,0
req000401,u7302,1,0,0,0,-1.0,-1.0,0
req005062,u7303,1,0,0,0,-1.0,-1.0,0
req000866,u7304,1,0,0,0,-1.0,-1.0,0
req007900,u7304,2,0,0,0,-1.0,-1.0,0
req006168,u7305,1,0,0,0,-1.0,-1.0,0
req007972,u7305,2,0,0,0,-1.0,-1.0,0
req000852,u7306,1,0,0,0,-1.0,-1.0,0
req002112,u7306,2,0,0,0,-1.0,-1.0,0
req005635,u7307,1,0,0,0,-1.0,-1.0,0
req006350,u7307,2,0,0,0,-1.0,-1.0,0
req006848,u7308,1,0,0,0,-1.0,-1.0,0
req006044,u7310,1,0,0,0,-1.0,-1.0,0
req003053,u7311,1,0,0,0,-1.0,-1.0,0
req003821,u7311,2,0,0,0,-1.0,-1.0,0
req008308,u7311,3,1,0,0,-1.0,-1.0,0
req000919,u7312,1,0,0,0,-1.0,-1.0,0
req007952,u7312,2,0,0,0,-1.0,-1.0,0
req004222,u7313,1,0,0,0,-1.0,-1.0,0
req002094,u7315,1,0,0,0,-1.0,-1.0,0
req000041,u7316,1,0,0,0,-1.0,-1.0,0
req009964,u7317,1,0,0,0,-1.0,-1.0,0
req002271,u7318,1,0,0,0,-1.0,-1.0,0
req009187,u7318,2,0,0,0,-1.0,-1.0,0
req005908,u7319,1,0,0,0,-1.0,-1.0,0
req007030,u7319,2,0,0,0,-1.0,-1.0,0
req003092,u7320,1,0,0,0,-1.0,-1.0,0
req009816,u7320,2,0,0,0,-1.0,-1.0,0
req007652,u7321,1,0,0,0,-1.0,-1.0,0
req007787,u7322,1,0,0,0,-1.0,-1.0,0
req000240,u7323,1,0,0,0,-1.0,-1.0,0
req000639,u7325,1,0,0,0,-1.0,-1.0,0
req007818,u7326,1,0,0,0,-1.0,-1.0,0
req008644,u7326,2,0,0,0,-1.0,-1.0,0
req000454,u7327,1,1,0,0,-1.0,-1.0,0
req005320,u7327,2,1,0,1,4866.0,4866.0,0
req005335,u7327,3,1,0,1,4881.0,4881.0,0
req004719,u7328,1,0,0,0,-1.0,-1.0,0
req000892,u7329,1,0,0,0,-1.0,-1.0,0
req005897,u7329,2,0,0,0,-1.0,-1.0,0
req004497,u7330,1,0,0,0,-1.0,-1.0,0
req006900,u7330,2,1,0,0,-1.0,-1.0,0
req007950,u7330,3,1,0,1,1050.0,1050.0,1
req000696,u7333,1,0,0,0,-1.0,-1.0,0
req007711,u7334,1,0,0,0,-1.0,-1.0,0
req002353,u7335,1,0,0,0,-1.0,-1.0,0
req003974,u7335,2,0,0,0,-1.0,-1.0,0
req001062,u7338,1,1,0,0,-1.0,-1.0,0
req005292,u7341,1,0,0,0,-1.0,-1.0,0
req005728,u7341,2,0,0,0,-1.0,-1.0,0
req000873,u7343,1,0,0,0,-1.0,-1.0,0
req009058,u7343,2,0,0,0,-1.0,-1.0,0
req002449,u7344,1,0,0,0,-1.0,-1.0,0
req002011,u7345,1,0,0,0,-1.0,-1.0,0
req005379,u7345,2,0,0,0,-1.0,-1.0,0
req009332,u7345,3,1,0,0,-1.0,-1.0,0
req009996,u7347,1,0,0,0,-1.0,-1.0,0
req008395,u7348,1,0,0,0,-1.0,-1.0,0
req008402,u7348,2,0,0,0,-1.0,-1.0,0
req005392,u7349,1,0,0,0,-1.0,-1.0,0
req002846,u7352,1,0,0,0,-1.0,-1.0,0
req002849,u7352,2,0,0,0,-1.0,-1.0,0
req006952,u7352,3,0,0,0,-1.0,-1.0,0
req009340,u7355,1,0,0,0,-1.0,-1.0,0
req006911,u7356,1,0,0,0,-1.0,-1.0,0
req007325,u7360,1,0,0,0,-1.0,-1.0,0
req006738,u7361,1,0,0,0,-1.0,-1.0,0
req001503,u7362,1,0,0,0,-1.0,-1.0,0
req008473,u7365,1,1,0,0,-1.0,-1.0,0
req004196,u7366,1,0,0,0,-1.0,-1.0,0
req001384,u7367,1,0,0,0,-1.0,-1.0,0
req002645,u7367,2,0,0,0,-1.0,-1.0,0
req002120,u7368,1,0,0,0,-1.0,-1.0,0
req004670,u7369,1,0,0,0,-1.0,-1.0,0
req002482,u7370,1,0,0,0,-1.0,-1.0,0
req006594,u7370,2,0,0,0,-1.0,-1.0,0
req000765,u7371,1,1,0,0,-1.0,-1.0,0
req008015,u7371,2,1,0,1,7250.0,7250.0,0
req001108,u7373,1,0,0,0,-1.0,-1.0,0
req004571,u7373,2,1,0,0,-1.0,-1.0,0
req005604,u7374,1,0,0,0,-1.0,-1.0,0
req006589,u7374,2,0,0,0,-1.0,-1.0,0
req008128,u7374,3,0,0,0,-1.0,-1.0,0
req005266,u7377,1,0,0,0,-1.0,-1.0,0
req005698,u7377,2,0,0,0,-1.0,-1.0,0
req002291,u7378,1,0,0,0,-1.0,-1.0,0
req000015,u7379,1,0,0,0,-1.0,-1.0,0
req004099,u7379,2,0,0,0,-1.0,-1.0,0
req007841,u7381,1,0,0,0,-1.0,-1.0,0
req008438,u7381,2,0,0,0,-1.0,-1.0,0
req008332,u7382,1,0,0,0,-1.0,-1.0,0
req009910,u7382,2,0,0,0,-1.0,-1.0,0
req003921,u7385,1,0,0,0,-1.0,-1.0,0
req005933,u7385,2,0,0,0,-1.0,-1.0,0
req006772,u7385,3,0,0,0,-1.0,-1.0,0
req004444,u7386,1,0,0,0,-1.0,-1.0,0
req006258,u7386,2,1,0,0,-1.0,-1.0,0
req006573,u7386,3,1,0,1,315.0,315.0,1
req008777,u7386,4,1,0,1,2519.0,2519.0,1
req006856,u7387,1,0,0,0,-1.0,-1.0,0
req007834,u7387,2,0,0,0,-1.0,-1.0,0
req001882,u7388,1,0,0,0,-1.0,-1.0,0
req003343,u7388,2,0,0,0,-1.0,-1.0,0
req007803,u7388,3,0,0,0,-1.0,-1.0,0
req006498,u7389,1,0,0,0,-1.0,-1.0,0
req007295,u7389,2,0,0,0,-1.0,-1.0,0
req001702,u7392,1,0,0,0,-1.0,-1.0,0
req001859,u7392,2,0,0,0,-1.0,-1.0,0
req001923,u7392,3,0,0,0,-1.0,-1.0,0
req000262,u7394,1,0,0,0,-1.0,-1.0,0
req001377,u7396,1,1,1,0,-1.0,-1.0,0
req004414,u7397,1,0,0,0,-1.0,-1.0,0
req002587,u7398,1,0,0,0,-1.0,-1.0,0
req003355,u7398,2,0,0,0,-1.0,-1.0,0
req003708,u7398,3,0,0,0,-1.0,-1.0,0
req002873,u7400,1,0,0,0,-1.0,-1.0,0
req004857,u7402,1,0,0,0,-1.0,-1.0,0
req005498,u7403,1,0,0,0,-1.0,-1.0,0
req000816,u7405,1,1,0,0,-1.0,-1.0,0
req005119,u7405,2,1,0,1,4303.0,4303.0,0
req005131,u7405,3,1,0,1,4315.0,4315.0,0
req008876,u7406,1,0,0,0,-1.0,-1.0,0
req002523,u7407,1,0,0,0,-1.0,-1.0,0
req006587,u7407,2,0,0,0,-1.0,-1.0,0
req001213,u7409,1,0,0,0,-1.0,-1.0,0
req001989,u7410,1,0,0,0,-1.0,-1.0,0
req007579,u7410,2,0,0,0,-1.0,-1.0,0
req007201,u7413,1,0,0,0,-1.0,-1.0,0
req000117,u7414,1,0,0,0,-1.0,-1.0,0
req000747,u7414,2,0,0,0,-1.0,-1.0,0
req008370,u7414,3,0,0,0,-1.0,-1.0,0
req001069,u7416,1,0,0,0,-1.0,-1.0,0
req009661,u7417,1,0,0,0,-1.0,-1.0,0
req003858,u7418,1,0,0,0,-1.0,-1.0,0
req008091,u7420,1,0,0,0,-1.0,-1.0,0
req000017,u7422,1,0,0,0,-1.0,-1.0,0
req003016,u7422,2,0,0,0,-1.0,-1.0,0
req004212,u7422,3,0,0,0,-1.0,-1.0,0
req005772,u7422,4,0,0,0,-1.0,-1.0,0
req000944,u7423,1,0,0,0,-1.0,-1.0,0
req001914,u7423,2,0,0,0,-1.0,-1.0,0
req006899,u7424,1,0,0,0,-1.0,-1.0,0
req007717,u7424,2,0,0,0,-1.0,-1.0,0
req006557,u7425,1,0,0,0,-1.0,-1.0,0
req003421,u7427,1,0,0,0,-1.0,-1.0,0
req008612,u7427,2,0,0,0,-1.0,-1.0,0
req000617,u7428,1,0,0,0,-1.0,-1.0,0
req004449,u7429,1,0,0,0,-1.0,-1.0,0
req001246,u7431,1,0,0,0,-1.0,-1.0,0
req001583,u7431,2,0,0,0,-1.0,-1.0,0
req004771,u7431,3,0,0,0,-1.0,-1.0,0
req008805,u7432,1,0,0,0,-1.0,-1.0,0
req001977,u7435,1,0,0,0,-1.0,-1.0,0
req003665,u7435,2,0,0,0,-1.0,-1.0,0
req004629,u7435,3,0,0,0,-1.0,-1.0,0
req007660,u7436,1,0,0,0,-1.0,-1.0,0
req009777,u7436,2,0,0,0,-1.0,-1.0,0
req004756,u7437,1,0,0,0,-1.0,-1.0,0
req000216,u7438,1,0,0,0,-1.0,-1.0,0
req009829,u7438,2,1,0,0,-1.0,-1.0,0
req001896,u7439,1,0,0,0,-1.0,-1.0,0
req009289,u7439,2,0,0,0,-1.0,-1.0,0
req000234,u7441,1,0,0,0,-1.0,-1.0,0
req008663,u7441,2,0,0,0,-1.0,-1.0,0
req001901,u7443,1,0,0,0,-1.0,-1.0,0
req003913,u7443,2,0,0,0,-1.0,-1.0,0
req005560,u7444,1,0,0,0,-1.0,-1.0,0
req005283,u7447,1,0,0,0,-1.0,-1.0,0
req003674,u7449,1,0,0,0,-1.0,-1.0,0
req002080,u7451,1,0,0,0,-1.0,-1.0,0
req002839,u7451,2,0,0,0,-1.0,-1.0,0
req004159,u7453,1,0,0,0,-1.0,-1.0,0
req002865,u7455,1,0,0,0,-1.0,-1.0,0
req000655,u7457,1,0,0,0,-1.0,-1.0,0
req005660,u7459,1,0,0,0,-1.0,-1.0,0
req008272,u7461,1,0,0,0,-1.0,-1.0,0
req009176,u7461,2,1,0,0,-1.0,-1.0,0
req002610,u7462,1,0,0,0,-1.0,-1.0,0
req002209,u7463,1,0,0,0,-1.0,-1.0,0
req006974,u7463,2,0,0,0,-1.0,-1.0,0
req007880,u7464,1,0,0,0,-1.0,-1.0,0
req000715,u7466,1,0,0,0,-1.0,-1.0,0
req007884,u7466,2,0,0,0,-1.0,-1.0,0
req001343,u7468,1,0,0,0,-1.0,-1.0,0
req003456,u7468,2,0,0,0,-1.0,-1.0,0
req001150,u7470,1,0,0,0,-1.0,-1.0,0
req002043,u7470,2,0,0,0,-1.0,-1.0,0
req007385,u7470,3,0,0,0,-1.0,-1.0,0
req008288,u7472,1,0,0,0,-1.0,-1.0,0
req009391,u7472,2,0,0,0,-1.0,-1.0,0
req009675,u7473,1,1,0,0,-1.0,-1.0,0
req001413,u7475,1,0,0,0,-1.0,-1.0,0
req002669,u7475,2,1,0,0,-1.0,-1.0,0
req003255,u7476,1,0,0,0,-1.0,-1.0,0
req008499,u7476,2,0,0,0,-1.0,-1.0,0
req006115,u7478,1,0,0,0,-1.0,-1.0,0
req009444,u7478,2,0,0,0,-1.0,-1.0,0
req004126,u7479,1,0,0,0,-1.0,-1.0,0
req008413,u7480,1,0,0,0,-1.0,-1.0,0
req004644,u7481,1,0,0,0,-1.0,-1.0,0
req002176,u7484,1,0,0,0,-1.0,-1.0,0
req007919,u7486,1,0,0,0,-1.0,-1.0,0
req008542,u7486,2,0,0,0,-1.0,-1.0,0
req002207,u7487,1,0,0,0,-1.0,-1.0,0
req006427,u7487,2,0,0,0,-1.0,-1.0,0
req001681,u7488,1,1,0,0,-1.0,-1.0,0
req002122,u7488,2,1,0,1,441.0,441.0,1
req007679,u7488,3,1,0,1,5998.0,5998.0,0
req008470,u7488,4,2,0,1,6789.0,6789.0,0
req003902,u7493,1,0,0,0,-1.0,-1.0,0
req004199,u7493,2,0,0,0,-1.0,-1.0,0
req004206,u7493,3,0,0,0,-1.0,-1.0,0
req001872,u7495,1,0,0,0,-1.0,-1.0,0
req006471,u7495,2,0,0,0,-1.0,-1.0,0
req008226,u7495,3,0,0,0,-1.0,-1.0,0
req002971,u7496,1,1,0,0,-1.0,-1.0,0
req005155,u7496,2,1,0,1,2184.0,2184.0,1
req007107,u7496,3,2,0,1,4136.0,4136.0,0
req007776,u7497,1,0,0,0,-1.0,-1.0,0
req007899,u7500,1,0,0,0,-1.0,-1.0,0
req004157,u7501,1,0,0,0,-1.0,-1.0,0
req009984,u7502,1,0,0,0,-1.0,-1.0,0
req000650,u7504,1,0,0,0,-1.0,-1.0,0
req008482,u7508,1,0,0,0,-1.0,-1.0,0
req002096,u7509,1,1,0,0,-1.0,-1.0,0
req008730,u7509,2,1,0,1,6634.0,6634.0,0
req002127,u7510,1,0,0,0,-1.0,-1.0,0
req001907,u7511,1,0,0,0,-1.0,-1.0,0
req008451,u7511,2,0,0,0,-1.0,-1.0,0
req009014,u7511,3,0,0,0,-1.0,-1.0,0
req008788,u7512,1,0,0,0,-1.0,-1.0,0
req003025,u7515,1,0,0,0,-1.0,-1.0,0
req005374,u7516,1,0,0,0,-1.0,-1.0,0
req008231,u7519,1,0,0,0,-1.0,-1.0,0
req004351,u7524,1,0,0,0,-1.0,-1.0,0
req002266,u7525,1,0,0,0,-1.0,-1.0,0
req005071,u7525,2,0,0,0,-1.0,-1.0,0
req004790,u7526,1,0,0,0,-1.0,-1.0,0
req001350,u7528,1,0,0,0,-1.0,-1.0,0
req004616,u7528,2,0,0,0,-1.0,-1.0,0
req006946,u7529,1,0,0,0,-1.0,-1.0,0
req009658,u7532,1,0,0,0,-1.0,-1.0,0
req009495,u7533,1,0,0,0,-1.0,-1.0,0
req003392,u7534,1,0,0,0,-1.0,-1.0,0
req009254,u7534,2,0,0,0,-1.0,-1.0,0
req006013,u7536,1,0,0,0,-1.0,-1.0,0
req004581,u7537,1,0,0,0,-1.0,-1.0,0
req002305,u7538,1,0,0,0,-1.0,-1.0,0
req009033,u7538,2,0,0,0,-1.0,-1.0,0
req002357,u7540,1,0,0,0,-1.0,-1.0,0
req000064,u7541,1,0,0,0,-1.0,-1.0,0
req001251,u7541,2,0,0,0,-1.0,-1.0,0
req005585,u7541,3,0,0,0,-1.0,-1.0,0
req006026,u7542,1,0,0,0,-1.0,-1.0,0
req003915,u7547,1,0,0,0,-1.0,-1.0,0
req008255,u7549,1,0,0,0,-1.0,-1.0,0
req008626,u7549,2,0,0,0,-1.0,-1.0,0
req009139,u7549,3,0,0,0,-1.0,-1.0,0
req002484,u7550,1,1,0,0,-1.0,-1.0,0
req003391,u7551,1,0,0,0,-1.0,-1.0,0
req009510,u7551,2,0,0,0,-1.0,-1.0,0
req009612,u7551,3,0,0,0,-1.0,-1.0,0
req008031,u7552,1,0,0,0,-1.0,-1.0,0
req001769,u7555,1,0,0,0,-1.0,-1.0,0
req007031,u7555,2,0,0,0,-1.0,-1.0,0
req001739,u7557,1,0,0,0,-1.0,-1.0,0
req008071,u7557,2,0,0,0,-1.0,-1.0,0
req002325,u7559,1,0,0,0,-1.0,-1.0,0
req005667,u7562,1,0,0,0,-1.0,-1.0,0
req005542,u7567,1,0,0,0,-1.0,-1.0,0
req005558,u7567,2,0,0,0,-1.0,-1.0,0
req005024,u7570,1,0,0,0,-1.0,-1.0,0
req002502,u7572,1,1,0,0,-1.0,-1.0,0
req005404,u7572,2,1,0,1,2902.0,2902.0,1
req004585,u7574,1,0,0,0,-1.0,-1.0,0
req007782,u7574,2,1,0,0,-1.0,-1.0,0
req003887,u7575,1,0,0,0,-1.0,-1.0,0
req002259,u7576,1,1,0,0,-1.0,-1.0,0
req006632,u7576,2,1,0,1,4373.0,4373.0,0
req009697,u7577,1,0,0,0,-1.0,-1.0,0
req009950,u7577,2,0,0,0,-1.0,-1.0,0
req002606,u7579,1,1,0,0,-1.0,-1.0,0
req001065,u7580,1,0,0,0,-1.0,-1.0,0
req005043,u7580,2,0,0,0,-1.0,-1.0,0
req008155,u7581,1,1,0,0,-1.0,-1.0,0
req002185,u7583,1,0,0,0,-1.0,-1.0,0
req003132,u7583,2,0,0,0,-1.0,-1.0,0
req005559,u7583,3,0,0,0,-1.0,-1.0,0
req001291,u7584,1,0,0,0,-1.0,-1.0,0
req003809,u7584,2,0,0,0,-1.0,-1.0,0
req000504,u7586,1,0,0,0,-1.0,-1.0,0
req001904,u7586,2,0,0,0,-1.0,-1.0,0
req009491,u7586,3,1,0,0,-1.0,-1.0,0
req007502,u7587,1,0,0,0,-1.0,-1.0,0
req008844,u7587,2,0,0,0,-1.0,-1.0,0
req000191,u7588,1,0,0,0,-1.0,-1.0,0
req009228,u7588,2,0,0,0,-1.0,-1.0,0
req005577,u7590,1,0,0,0,-1.0,-1.0,0
req006008,u7590,2,0,0,0,-1.0,-1.0,0
req002792,u7591,1,0,0,0,-1.0,-1.0,0
req003715,u7593,1,0,0,0,-1.0,-1.0,0
req008614,u7595,1,0,0,0,-1.0,-1.0,0
req002097,u7596,1,0,0,0,-1.0,-1.0,0
req001160,u7597,1,0,0,0,-1.0,-1.0,0
req006698,u7597,2,0,0,0,-1.0,-1.0,0
req006680,u7598,1,0,0,0,-1.0,-1.0,0
req004371,u7600,1,0,0,0,-1.0,-1.0,0
req002845,u7601,1,1,0,0,-1.0,-1.0,0
req000635,u7603,1,0,0,0,-1.0,-1.0,0
req001465,u7603,2,0,0,0,-1.0,-1.0,0
req005431,u7604,1,1,0,0,-1.0,-1.0,0
req007665,u7604,2,1,0,1,2234.0,2234.0,1
req005767,u7605,1,0,0,0,-1.0,-1.0,0
req000657,u7606,1,1,0,0,-1.0,-1.0,0
req003149,u7607,1,0,0,0,-1.0,-1.0,0
req001699,u7608,1,0,0,0,-1.0,-1.0,0
req001878,u7608,2,0,0,0,-1.0,-1.0,0
req007191,u7608,3,0,0,0,-1.0,-1.0,0
req008238,u7609,1,0,0,0,-1.0,-1.0,0
req002763,u7610,1,0,0,0,-1.0,-1.0,0
req007445,u7610,2,0,0,0,-1.0,-1.0,0
req004788,u7611,1,1,0,0,-1.0,-1.0,0
req001402,u7616,1,0,0,0,-1.0,-1.0,0
req004420,u7616,2,0,0,0,-1.0,-1.0,0
req006037,u7620,1,0,0,0,-1.0,-1.0,0
req006446,u7621,1,0,0,0,-1.0,-1.0,0
req007845,u7621,2,0,0,0,-1.0,-1.0,0
req009872,u7621,3,1,0,0,-1.0,-1.0,0
req006537,u7622,1,0,0,0,-1.0,-1.0,0
req006429,u7623,1,0,0,0,-1.0,-1.0,0
req006838,u7623,2,0,0,0,-1.0,-1.0,0
req005280,u7625,1,0,0,0,-1.0,-1.0,0
req003547,u7627,1,0,0,0,-1.0,-1.0,0
req006256,u7628,1,0,0,0,-1.0,-1.0,0
req000692,u7631,1,1,0,0,-1.0,-1.0,0
req002001,u7631,2,1,0,1,1309.0,1309.0,1
req006385,u7632,1,0,0,0,-1.0,-1.0,0
req007277,u7632,2,0,0,0,-1.0,-1.0,0
req006437,u7633,1,0,0,0,-1.0,-1.0,0
req005394,u7634,1,0,0,0,-1.0,-1.0,0
req002226,u7637,1,0,0,0,-1.0,-1.0,0
req007421,u7637,2,0,0,0,-1.0,-1.0,0
req004726,u7639,1,1,0,0,-1.0,-1.0,0
req007934,u7639,2,1,0,1,3208.0,3208.0,1
req009878,u7640,1,0,0,0,-1.0,-1.0,0
req004305,u7641,1,0,0,0,-1.0,-1.0,0
req005183,u7642,1,0,0,0,-1.0,-1.0,0
req002719,u7643,1,0,0,0,-1.0,-1.0,0
req000420,u7646,1,0,0,0,-1.0,-1.0,0
req008828,u7646,2,1,0,0,-1.0,-1.0,0
req000777,u7648,1,1,0,0,-1.0,-1.0,0
req002123,u7648,2,1,0,1,1346.0,1346.0,1
req005934,u7648,3,1,0,1,5157.0,5157.0,0
req007412,u7649,1,0,0,0,-1.0,-1.0,0
req000008,u7650,1,0,0,0,-1.0,-1.0,0
req000492,u7650,2,0,0,0,-1.0,-1.0,0
req007543,u7650,3,0,0,0,-1.0,-1.0,0
req008892,u7650,4,1,0,0,-1.0,-1.0,0
req001375,u7651,1,0,0,0,-1.0,-1.0,0
req005841,u7652,1,0,0,0,-1.0,-1.0,0
req005539,u7653,1,0,0,0,-1.0,-1.0,0
req007318,u7654,1,0,0,0,-1.0,-1.0,0
req008463,u7654,2,1,0,0,-1.0,-1.0,0
req000610,u7656,1,0,0,0,-1.0,-1.0,0
req005809,u7656,2,0,0,0,-1.0,-1.0,0
req007788,u7656,3,0,0,0,-1.0,-1.0,0
req001630,u7658,1,0,0,0,-1.0,-1.0,0
req006049,u7658,2,0,0,0,-1.0,-1.0,0
req006581,u7658,3,0,0,0,-1.0,-1.0,0
req000611,u7659,1,0,0,0,-1.0,-1.0,0
req002285,u7659,2,0,0,0,-1.0,-1.0,0
req008740,u7660,1,0,0,0,-1.0,-1.0,0
req000253,u7661,1,0,0,0,-1.0,-1.0,0
req000509,u7661,2,0,0,0,-1.0,-1.0,0
req001609,u7661,3,0,0,0,-1.0,-1.0,0
req001927,u7662,1,0,0,0,-1.0,-1.0,0
req003780,u7664,1,0,0,0,-1.0,-1.0,0
req003117,u7665,1,0,0,0,-1.0,-1.0,0
req004612,u7665,2,0,0,0,-1.0,-1.0,0
req002842,u7666,1,0,0,0,-1.0,-1.0,0
req001003,u7668,1,0,0,0,-1.0,-1.0,0
req005413,u7668,2,1,0,0,-1.0,-1.0,0
req009299,u7669,1,0,0,0,-1.0,-1.0,0
req005005,u7670,1,0,0,0,-1.0,-1.0,0
req009293,u7671,1,0,0,0,-1.0,-1.0,0
req001372,u7674,1,0,0,0,-1.0,-1.0,0
req005703,u7674,2,0,0,0,-1.0,-1.0,0
req009012,u7675,1,0,0,0,-1.0,-1.0,0
req001718,u7676,1,0,0,0,-1.0,-1.0,0
req003682,u7676,2,0,0,0,-1.0,-1.0,0
req004058,u7676,3,0,0,0,-1.0,-1.0,0
req001539,u7677,1,0,0,0,-1.0,-1.0,0
req004170,u7677,2,0,0,0,-1.0,-1.0,0
req006790,u7677,3,0,0,0,-1.0,-1.0,0
req005026,u7679,1,0,0,0,-1.0,-1.0,0
req005310,u7680,1,0,0,0,-1.0,-1.0,0
req005459,u7680,2,0,0,0,-1.0,-1.0,0
req007062,u7680,3,1,0,0,-1.0,-1.0,0
req007565,u7680,4,1,0,1,503.0,503.0,1
req002293,u7681,1,0,0,0,-1.0,-1.0,0
req003130,u7681,2,0,0,0,-1.0,-1.0,0
req005738,u7681,3,0,0,0,-1.0,-1.0,0
req000415,u7682,1,0,0,0,-1.0,-1.0,0
req001029,u7682,2,0,0,0,-1.0,-1.0,0
req007901,u7682,3,0,0,0,-1.0,-1.0,0
req008115,u7682,4,0,0,0,-1.0,-1.0,0
req001103,u7684,1,0,0,0,-1.0,-1.0,0
req000804,u7685,1,0,0,0,-1.0,-1.0,0
req008178,u7685,2,0,0,0,-1.0,-1.0,0
req008880,u7686,1,0,0,0,-1.0,-1.0,0
req007860,u7688,1,0,0,0,-1.0,-1.0,0
req003454,u7689,1,0,0,0,-1.0,-1.0,0
req008407,u7690,1,0,0,0,-1.0,-1.0,0
req008873,u7692,1,0,0,0,-1.0,-1.0,0
req005915,u7693,1,0,0,0,-1.0,-1.0,0
req008111,u7693,2,1,0,0,-1.0,-1.0,0
req000465,u7694,1,0,0,0,-1.0,-1.0,0
req006756,u7695,1,0,0,0,-1.0,-1.0,0
req006372,u7696,1,0,0,0,-1.0,-1.0,0
req001921,u7697,1,1,0,0,-1.0,-1.0,0
req006442,u7697,2,1,0,1,4521.0,4521.0,0
req001507,u7700,1,0,0,0,-1.0,-1.0,0
req002654,u7701,1,0,0,0,-1.0,-1.0,0
req006336,u7702,1,0,0,0,-1.0,-1.0,0
req003045,u7703,1,0,0,0,-1.0,-1.0,0
req003718,u7704,1,0,0,0,-1.0,-1.0,0
req000417,u7705,1,0,0,0,-1.0,-1.0,0
req007820,u7705,2,0,0,0,-1.0,-1.0,0
req002653,u7706,1,0,0,0,-1.0,-1.0,0
req006614,u7706,2,0,0,0,-1.0,-1.0,0
req006676,u7708,1,0,0,0,-1.0,-1.0,0
req007034,u7708,2,0,0,0,-1.0,-1.0,0
req008043,u7708,3,0,0,0,-1.0,-1.0,0
req009244,u7708,4,1,0,0,-1.0,-1.0,0
req003283,u7709,1,0,0,0,-1.0,-1.0,0
req003595,u7709,2,0,0,0,-1.0,-1.0,0
req004785,u7711,1,1,0,0,-1.0,-1.0,0
req006523,u7711,2,2,0,1,1738.0,1738.0,1
req004768,u7713,1,0,0,0,-1.0,-1.0,0
req003591,u7714,1,0,0,0,-1.0,-1.0,0
req009115,u7714,2,0,0,0,-1.0,-1.0,0
req006890,u7716,1,0,0,0,-1.0,-1.0,0
req000411,u7717,1,0,0,0,-1.0,-1.0,0
req007912,u7718,1,0,0,0,-1.0,-1.0,0
req008323,u7718,2,0,0,0,-1.0,-1.0,0
req002010,u7719,1,0,0,0,-1.0,-1.0,0
req004734,u7719,2,0,0,0,-1.0,-1.0,0
req009002,u7719,3,0,0,0,-1.0,-1.0,0
req005166,u7720,1,0,0,0,-1.0,-1.0,0
req008888,u7720,2,0,0,0,-1.0,-1.0,0
req001821,u7722,1,0,0,0,-1.0,-1.0,0
req003482,u7722,2,0,0,0,-1.0,-1.0,0
req005952,u7722,3,0,0,0,-1.0,-1.0,0
req009483,u7724,1,0,0,0,-1.0,-1.0,0
req005151,u7725,1,0,0,0,-1.0,-1.0,0
req005862,u7725,2,1,0,0,-1.0,-1.0,0
req006337,u7726,1,0,0,0,-1.0,-1.0,0
req007188,u7726,2,0,0,0,-1.0,-1.0,0
req004478,u7727,1,1,0,0,-1.0,-1.0,0
req005570,u7728,1,0,0,0,-1.0,-1.0,0
req003389,u7729,1,0,0,0,-1.0,-1.0,0
req008462,u7730,1,0,0,0,-1.0,-1.0,0
req009100,u7730,2,0,0,0,-1.0,-1.0,0
req002444,u7733,1,0,0,0,-1.0,-1.0,0
req005875,u7733,2,0,0,0,-1.0,-1.0,0
req007289,u7734,1,0,0,0,-1.0,-1.0,0
req002316,u7735,1,0,0,0,-1.0,-1.0,0
req002547,u7735,2,0,0,0,-1.0,-1.0,0
req005027,u7735,3,0,0,0,-1.0,-1.0,0
req001418,u7736,1,0,0,0,-1.0,-1.0,0
req002034,u7737,1,0,0,0,-1.0,-1.0,0
req002196,u7737,2,0,0,0,-1.0,-1.0,0
req002433,u7737,3,0,0,0,-1.0,-1.0,0
req006243,u7737,4,0,0,0,-1.0,-1.0,0
req002503,u7739,1,0,0,0,-1.0,-1.0,0
req000039,u7740,1,1,0,0,-1.0,-1.0,0
req009922,u7742,1,0,0,0,-1.0,-1.0,0
req002506,u7743,1,0,0,0,-1.0,-1.0,0
req003419,u7743,2,0,0,0,-1.0,-1.0,0
req009858,u7743,3,0,0,0,-1.0,-1.0,0
req004795,u7745,1,0,0,0,-1.0,-1.0,0
req009903,u7747,1,0,0,0,-1.0,-1.0,0
req004442,u7748,1,0,0,0,-1.0,-1.0,0
req005856,u7749,1,1,1,0,-1.0,-1.0,0
req001654,u7750,1,0,0,0,-1.0,-1.0,0
req004989,u7750,2,0,0,0,-1.0,-1.0,0
req002029,u7752,1,0,0,0,-1.0,-1.0,0
req007873,u7752,2,0,0,0,-1.0,-1.0,0
req009160,u7752,3,0,0,0,-1.0,-1.0,0
req004798,u7753,1,0,0,0,-1.0,-1.0,0
req000049,u7754,1,0,0,0,-1.0,-1.0,0
req008009,u7756,1,1,0,0,-1.0,-1.0,0
req008164,u7756,2,2,0,1,155.0,155.0,1
req005773,u7757,1,0,0,0,-1.0,-1.0,0
req009682,u7758,1,0,0,0,-1.0,-1.0,0
req005629,u7760,1,0,0,0,-1.0,-1.0,0
req008421,u7760,2,0,0,0,-1.0,-1.0,0
req003781,u7761,1,0,0,0,-1.0,-1.0,0
req004739,u7761,2,0,0,0,-1.0,-1.0,0
req005022,u7761,3,1,0,0,-1.0,-1.0,0
req006715,u7762,1,0,0,0,-1.0,-1.0,0
req009243,u7762,2,0,0,0,-1.0,-1.0,0
req004225,u7764,1,0,0,0,-1.0,-1.0,0
req004634,u7764,2,0,0,0,-1.0,-1.0,0
req005194,u7764,3,0,0,0,-1.0,-1.0,0
req009718,u7764,4,0,0,0,-1.0,-1.0,0
req007013,u7767,1,0,0,0,-1.0,-1.0,0
req004166,u7769,1,0,0,0,-1.0,-1.0,0
req002026,u7775,1,0,0,0,-1.0,-1.0,0
req006120,u7776,1,0,0,0,-1.0,-1.0,0
req007348,u7776,2,0,0,0,-1.0,-1.0,0
req001340,u7777,1,0,0,0,-1.0,-1.0,0
req009803,u7777,2,1,0,0,-1.0,-1.0,0
req000233,u7780,1,0,0,0,-1.0,-1.0,0
req004160,u7780,2,0,0,0,-1.0,-1.0,0
req000217,u7782,1,0,0,0,-1.0,-1.0,0
req003394,u7784,1,0,0,0,-1.0,-1.0,0
req005256,u7784,2,0,0,0,-1.0,-1.0,0
req005446,u7785,1,1,0,0,-1.0,-1.0,0
req005262,u7786,1,0,0,0,-1.0,-1.0,0
req007151,u7787,1,0,0,0,-1.0,-1.0,0
req008579,u7790,1,0,0,0,-1.0,-1.0,0
req002516,u7791,1,0,0,0,-1.0,-1.0,0
req005766,u7791,2,0,0,0,-1.0,-1.0,0
req002734,u7792,1,0,0,0,-1.0,-1.0,0
req004929,u7792,2,0,0,0,-1.0,-1.0,0
req003449,u7793,1,0,0,0,-1.0,-1.0,0
req000685,u7794,1,0,0,0,-1.0,-1.0,0
req001953,u7794,2,0,0,0,-1.0,-1.0,0
req009074,u7794,3,0,0,0,-1.0,-1.0,0
req005651,u7795,1,1,0,0,-1.0,-1.0,0
req000398,u7796,1,0,0,0,-1.0,-1.0,0
req002725,u7796,2,0,0,0,-1.0,-1.0,0
req001279,u7798,1,0,0,0,-1.0,-1.0,0
req004293,u7798,2,0,0,0,-1.0,-1.0,0
req003739,u7799,1,0,0,0,-1.0,-1.0,0
req006997,u7799,2,0,0,0,-1.0,-1.0,0
req007199,u7800,1,1,0,0,-1.0,-1.0,0
req003100,u7801,1,0,0,0,-1.0,-1.0,0
req005521,u7801,2,0,0,0,-1.0,-1.0,0
req006744,u7801,3,0,0,0,-1.0,-1.0,0
req004348,u7802,1,0,0,0,-1.0,-1.0,0
req006378,u7803,1,0,0,0,-1.0,-1.0,0
req003211,u7804,1,0,0,0,-1.0,-1.0,0
req005843,u7804,2,0,0,0,-1.0,-1.0,0
req008140,u7804,3,0,0,0,-1.0,-1.0,0
req009082,u7804,4,0,0,0,-1.0,-1.0,0
req003178,u7805,1,0,0,0,-1.0,-1.0,0
req004229,u7805,2,0,0,0,-1.0,-1.0,0
req008905,u7806,1,0,0,0,-1.0,-1.0,0
req004956,u7807,1,1,0,0,-1.0,-1.0,0
req001939,u7808,1,0,0,0,-1.0,-1.0,0
req004695,u7808,2,0,0,0,-1.0,-1.0,0
req006666,u7809,1,0,0,0,-1.0,-1.0,0
req007984,u7810,1,0,0,0,-1.0,-1.0,0
req004729,u7812,1,0,0,0,-1.0,-1.0,0
req008863,u7815,1,0,0,0,-1.0,-1.0,0
req009509,u7815,2,0,0,0,-1.0,-1.0,0
req004702,u7816,1,0,0,0,-1.0,-1.0,0
req005913,u7816,2,0,0,0,-1.0,-1.0,0
req000551,u7818,1,0,0,0,-1.0,-1.0,0
req001900,u7818,2,0,0,0,-1.0,-1.0,0
req006624,u7818,3,0,0,0,-1.0,-1.0,0
req004245,u7819,1,0,0,0,-1.0,-1.0,0
req009124,u7819,2,0,0,0,-1.0,-1.0,0
req000679,u7820,1,0,0,0,-1.0,-1.0,0
req003460,u7820,2,0,0,0,-1.0,-1.0,0
req009435,u7820,3,0,0,0,-1.0,-1.0,0
req002988,u7821,1,0,0,0,-1.0,-1.0,0
req004677,u7824,1,0,0,0,-1.0,-1.0,0
req001073,u7825,1,0,0,0,-1.0,-1.0,0
req001090,u7825,2,0,0,0,-1.0,-1.0,0
req002038,u7826,1,1,0,0,-1.0,-1.0,0
req002102,u7827,1,0,0,0,-1.0,-1.0,0
req003141,u7827,2,1,0,0,-1.0,-1.0,0
req009166,u7830,1,0,0,0,-1.0,-1.0,0
req002814,u7831,1,0,0,0,-1.0,-1.0,0
req003297,u7832,1,0,0,0,-1.0,-1.0,0
req005195,u7833,1,0,0,0,-1.0,-1.0,0
req000268,u7837,1,0,0,0,-1.0,-1.0,0
req005122,u7837,2,0,0,0,-1.0,-1.0,0
req007529,u7837,3,0,0,0,-1.0,-1.0,0
req008869,u7837,4,0,0,0,-1.0,-1.0,0
req003722,u7839,1,0,0,0,-1.0,-1.0,0
req003878,u7839,2,0,0,0,-1.0,-1.0,0
req006214,u7839,3,0,0,0,-1.0,-1.0,0
req009487,u7839,4,0,0,0,-1.0,-1.0,0
req001754,u7840,1,0,0,0,-1.0,-1.0,0
req008437,u7843,1,0,0,0,-1.0,-1.0,0
req008505,u7843,2,0,0,0,-1.0,-1.0,0
req001376,u7844,1,0,0,0,-1.0,-1.0,0
req002081,u7844,2,0,0,0,-1.0,-1.0,0
req007976,u7844,3,0,0,0,-1.0,-1.0,0
req001129,u7845,1,0,0,0,-1.0,-1.0,0
req004402,u7845,2,0,0,0,-1.0,-1.0,0
req006386,u7846,1,1,0,0,-1.0,-1.0,0
req000303,u7848,1,0,0,0,-1.0,-1.0,0
req009720,u7848,2,0,0,0,-1.0,-1.0,0
req007519,u7851,1,0,0,0,-1.0,-1.0,0
req004942,u7852,1,0,0,0,-1.0,-1.0,0
req005058,u7852,2,0,0,0,-1.0,-1.0,0
req008754,u7853,1,0,0,0,-1.0,-1.0,0
req006859,u7855,1,0,0,0,-1.0,-1.0,0
req008501,u7856,1,0,0,0,-1.0,-1.0,0
req009128,u7856,2,0,0,0,-1.0,-1.0,0
req006023,u7857,1,0,0,0,-1.0,-1.0,0
req002730,u7859,1,0,0,0,-1.0,-1.0,0
req001035,u7860,1,0,0,0,-1.0,-1.0,0
req000722,u7861,1,0,0,0,-1.0,-1.0,0
req001235,u7861,2,0,0,0,-1.0,-1.0,0
req002014,u7861,3,0,0,0,-1.0,-1.0,0
req002563,u7861,4,0,0,0,-1.0,-1.0,0
req008094,u7861,5,0,0,0,-1.0,-1.0,0
req005955,u7863,1,0,0,0,-1.0,-1.0,0
req000782,u7864,1,0,0,0,-1.0,-1.0,0
req002552,u7864,2,0,0,0,-1.0,-1.0,0
req009551,u7864,3,0,0,0,-1.0,-1.0,0
req009952,u7864,4,0,0,0,-1.0,-1.0,0
req003623,u7865,1,0,0,0,-1.0,-1.0,0
req002522,u7866,1,0,0,0,-1.0,-1.0,0
req004974,u7868,1,0,0,0,-1.0,-1.0,0
req009634,u7868,2,0,0,0,-1.0,-1.0,0
req001466,u7869,1,0,0,0,-1.0,-1.0,0
req004645,u7869,2,0,0,0,-1.0,-1.0,0
req002134,u7870,1,0,0,0,-1.0,-1.0,0
req005599,u7870,2,0,0,0,-1.0,-1.0,0
req005895,u7871,1,0,0,0,-1.0,-1.0,0
req007070,u7871,2,0,0,0,-1.0,-1.0,0
req001245,u7873,1,0,0,0,-1.0,-1.0,0
req004511,u7873,2,0,0,0,-1.0,-1.0,0
req006296,u7874,1,0,0,0,-1.0,-1.0,0
req000034,u7875,1,0,0,0,-1.0,-1.0,0
req000355,u7877,1,0,0,0,-1.0,-1.0,0
req005488,u7877,2,1,0,0,-1.0,-1.0,0
req009800,u7877,3,2,0,1,4312.0,4312.0,0
req003049,u7878,1,0,0,0,-1.0,-1.0,0
req006080,u7878,2,0,0,0,-1.0,-1.0,0
req007568,u7879,1,0,0,0,-1.0,-1.0,0
req005323,u7880,1,0,0,0,-1.0,-1.0,0
req005684,u7880,2,1,0,0,-1.0,-1.0,0
req005956,u7880,3,1,0,1,272.0,272.0,1
req009305,u7880,4,1,0,1,3621.0,3621.0,0
req003135,u7882,1,0,0,0,-1.0,-1.0,0
req004104,u7883,1,0,0,0,-1.0,-1.0,0
req000968,u7888,1,0,0,0,-1.0,-1.0,0
req006907,u7888,2,0,0,0,-1.0,-1.0,0
req005391,u7889,1,0,0,0,-1.0,-1.0,0
req002735,u7890,1,0,0,0,-1.0,-1.0,0
req005490,u7890,2,0,0,0,-1.0,-1.0,0
req002949,u7892,1,0,0,0,-1.0,-1.0,0
req007584,u7892,2,0,0,0,-1.0,-1.0,0
req003606,u7896,1,0,0,0,-1.0,-1.0,0
req004274,u7896,2,0,0,0,-1.0,-1.0,0
req008676,u7896,3,0,0,0,-1.0,-1.0,0
req002934,u7897,1,1,0,0,-1.0,-1.0,0
req003083,u7898,1,0,0,0,-1.0,-1.0,0
req004161,u7900,1,0,0,0,-1.0,-1.0,0
req004418,u7900,2,0,0,0,-1.0,-1.0,0
req000524,u7903,1,1,0,0,-1.0,-1.0,0
req001086,u7903,2,1,0,1,562.0,562.0,1
req004780,u7904,1,0,0,0,-1.0,-1.0,0
req005517,u7906,1,0,0,0,-1.0,-1.0,0
req009666,u7907,1,1,0,0,-1.0,-1.0,0
req001013,u7908,1,0,0,0,-1.0,-1.0,0
req003314,u7909,1,1,0,0,-1.0,-1.0,0
req006691,u7909,2,1,0,1,3377.0,3377.0,1
req004578,u7911,1,0,0,0,-1.0,-1.0,0
req000458,u7912,1,0,0,0,-1.0,-1.0,0
req009535,u7912,2,0,0,0,-1.0,-1.0,0
req004804,u7913,1,0,0,0,-1.0,-1.0,0
req005681,u7913,2,0,0,0,-1.0,-1.0,0
req009331,u7913,3,0,0,0,-1.0,-1.0,0
req007220,u7914,1,0,0,0,-1.0,-1.0,0
req009141,u7914,2,0,0,0,-1.0,-1.0,0
req007256,u7916,1,0,0,0,-1.0,-1.0,0
req007351,u7916,2,0,0,0,-1.0,-1.0,0
req004824,u7917,1,0,0,0,-1.0,-1.0,0
req009958,u7917,2,0,0,0,-1.0,-1.0,0
req000019,u7918,1,0,0,0,-1.0,-1.0,0
req008758,u7918,2,1,0,0,-1.0,-1.0,0
req001203,u7920,1,0,0,0,-1.0,-1.0,0
req008613,u7920,2,0,0,0,-1.0,-1.0,0
req001920,u7921,1,0,0,0,-1.0,-1.0,0
req003893,u7922,1,0,0,0,-1.0,-1.0,0
req009618,u7923,1,0,0,0,-1.0,-1.0,0
req000338,u7924,1,0,0,0,-1.0,-1.0,0
req003891,u7924,2,0,0,0,-1.0,-1.0,0
req002060,u7925,1,0,0,0,-1.0,-1.0,0
req000997,u7926,1,0,0,0,-1.0,-1.0,0
req008699,u7926,2,0,0,0,-1.0,-1.0,0
req009056,u7926,3,0,0,0,-1.0,-1.0,0
req002509,u7928,1,0,0,0,-1.0,-1.0,0
req006189,u7929,1,0,0,0,-1.0,-1.0,0
req002817,u7930,1,0,0,0,-1.0,-1.0,0
req001933,u7931,1,0,0,0,-1.0,-1.0,0
req000221,u7932,1,0,0,0,-1.0,-1.0,0
req008008,u7932,2,0,0,0,-1.0,-1.0,0
req008309,u7932,3,0,0,0,-1.0,-1.0,0
req003719,u7933,1,0,0,0,-1.0,-1.0,0
req008756,u7933,2,0,0,0,-1.0,-1.0,0
req005844,u7934,1,0,0,0,-1.0,-1.0,0
req001898,u7936,1,1,0,0,-1.0,-1.0,0
req008537,u7936,2,1,0,1,6639.0,6639.0,0
req009513,u7936,3,1,0,1,7615.0,7615.0,0
req007485,u7937,1,0,0,0,-1.0,-1.0,0
req007734,u7937,2,0,0,0,-1.0,-1.0,0
req007645,u7938,1,1,0,0,-1.0,-1.0,0
req002830,u7939,1,0,0,0,-1.0,-1.0,0
req007419,u7939,2,0,0,0,-1.0,-1.0,0
req004748,u7940,1,0,0,0,-1.0,-1.0,0
req008383,u7940,2,0,0,0,-1.0,-1.0,0
req000746,u7941,1,0,0,0,-1.0,-1.0,0
req002424,u7941,2,0,0,0,-1.0,-1.0,0
req000115,u7942,1,0,0,0,-1.0,-1.0,0
req001179,u7943,1,0,0,0,-1.0,-1.0,0
req003568,u7943,2,0,0,0,-1.0,-1.0,0
req003997,u7943,3,0,0,0,-1.0,-1.0,0
req002729,u7944,1,0,0,0,-1.0,-1.0,0
req001107,u7945,1,0,0,0,-1.0,-1.0,0
req001173,u7946,1,0,0,0,-1.0,-1.0,0
req001318,u7946,2,0,0,0,-1.0,-1.0,0
req004865,u7947,1,0,0,0,-1.0,-1.0,0
req005765,u7947,2,1,0,0,-1.0,-1.0,0
req003657,u7948,1,0,0,0,-1.0,-1.0,0
req006751,u7948,2,0,0,0,-1.0,-1.0,0
req004456,u7949,1,0,0,0,-1.0,-1.0,0
req003176,u7950,1,0,0,0,-1.0,-1.0,0
req003736,u7951,1,0,0,0,-1.0,-1.0,0
req006230,u7953,1,0,0,0,-1.0,-1.0,0
req009260,u7953,2,0,0,0,-1.0,-1.0,0
req006606,u7955,1,0,0,0,-1.0,-1.0,0
req002186,u7956,1,0,0,0,-1.0,-1.0,0
req008301,u7957,1,0,0,0,-1.0,-1.0,0
req000695,u7959,1,0,0,0,-1.0,-1.0,0
req002245,u7960,1,0,0,0,-1.0,-1.0,0
req008679,u7960,2,0,0,0,-1.0,-1.0,0
req005959,u7961,1,0,0,0,-1.0,-1.0,0
req001959,u7963,1,0,0,0,-1.0,-1.0,0
req009528,u7964,1,0,0,0,-1.0,-1.0,0
req006852,u7965,1,1,1,0,-1.0,-1.0,0
req003592,u7967,1,0,0,0,-1.0,-1.0,0
req001682,u7968,1,1,0,0,-1.0,-1.0,0
req002413,u7972,1,0,0,0,-1.0,-1.0,0
req003551,u7972,2,0,0,0,-1.0,-1.0,0
req009906,u7972,3,0,0,0,-1.0,-1.0,0
req001657,u7973,1,0,0,0,-1.0,-1.0,0
req003189,u7973,2,0,0,0,-1.0,-1.0,0
req005367,u7973,3,0,0,0,-1.0,-1.0,0
req000714,u7974,1,0,0,0,-1.0,-1.0,0
req002288,u7974,2,1,0,0,-1.0,-1.0,0
req004978,u7974,3,1,0,1,2690.0,2690.0,1
req004466,u7975,1,0,0,0,-1.0,-1.0,0
req005770,u7975,2,0,0,0,-1.0,-1.0,0
req006038,u7975,3,1,0,0,-1.0,-1.0,0
req009295,u7976,1,0,0,0,-1.0,-1.0,0
req001861,u7979,1,0,0,0,-1.0,-1.0,0
req002584,u7979,2,0,0,0,-1.0,-1.0,0
req005873,u7981,1,0,0,0,-1.0,-1.0,0
req003337,u7983,1,1,0,0,-1.0,-1.0,0
req005673,u7983,2,1,0,1,2336.0,2336.0,1
req003788,u7985,1,0,0,0,-1.0,-1.0,0
req002526,u7988,1,0,0,0,-1.0,-1.0,0
req007275,u7988,2,0,0,0,-1.0,-1.0,0
req009186,u7988,3,0,0,0,-1.0,-1.0,0
req002712,u7991,1,1,0,0,-1.0,-1.0,0
req004306,u7991,2,1,0,1,1594.0,1594.0,1
req005249,u7991,3,1,0,1,2537.0,2537.0,1
req005148,u7992,1,0,0,0,-1.0,-1.0,0
req006293,u7992,2,1,0,0,-1.0,-1.0,0
req004457,u7996,1,0,0,0,-1.0,-1.0,0
req005679,u7996,2,0,0,0,-1.0,-1.0,0
req000293,u7999,1,0,0,0,-1.0,-1.0,0
req002308,u8000,1,0,0,0,-1.0,-1.0,0
req007525,u8002,1,0,0,0,-1.0,-1.0,0
req007726,u8002,2,0,0,0,-1.0,-1.0,0
req007865,u8002,3,0,0,0,-1.0,-1.0,0
req000237,u8003,1,0,0,0,-1.0,-1.0,0
req007904,u8003,2,0,0,0,-1.0,-1.0,0
req003502,u8004,1,0,0,0,-1.0,-1.0,0
req000958,u8005,1,0,0,0,-1.0,-1.0,0
req008948,u8006,1,0,0,0,-1.0,-1.0,0
req003696,u8008,1,0,0,0,-1.0,-1.0,0
req005001,u8008,2,0,0,0,-1.0,-1.0,0
req004468,u8009,1,0,0,0,-1.0,-1.0,0
req000851,u8010,1,0,0,0,-1.0,-1.0,0
req005167,u8010,2,0,0,0,-1.0,-1.0,0
req005513,u8010,3,0,0,0,-1.0,-1.0,0
req000351,u8012,1,0,0,0,-1.0,-1.0,0
req002692,u8012,2,0,0,0,-1.0,-1.0,0
req009452,u8012,3,1,1,0,-1.0,-1.0,0
req001972,u8015,1,0,0,0,-1.0,-1.0,0
req003136,u8015,2,0,0,0,-1.0,-1.0,0
req002884,u8016,1,0,0,0,-1.0,-1.0,0
req004077,u8018,1,0,0,0,-1.0,-1.0,0
req006094,u8018,2,0,0,0,-1.0,-1.0,0
req007526,u8018,3,0,0,0,-1.0,-1.0,0
req000199,u8019,1,0,0,0,-1.0,-1.0,0
req002221,u8019,2,1,0,0,-1.0,-1.0,0
req003019,u8019,3,1,0,1,798.0,798.0,1
req000831,u8020,1,0,0,0,-1.0,-1.0,0
req002356,u8020,2,0,0,0,-1.0,-1.0,0
req001701,u8021,1,0,0,0,-1.0,-1.0,0
req008532,u8021,2,0,0,0,-1.0,-1.0,0
req005719,u8023,1,0,0,0,-1.0,-1.0,0
req005436,u8025,1,0,0,0,-1.0,-1.0,0
req007927,u8025,2,0,0,0,-1.0,-1.0,0
req009919,u8025,3,1,0,0,-1.0,-1.0,0
req003368,u8026,1,0,0,0,-1.0,-1.0,0
req000429,u8027,1,0,0,0,-1.0,-1.0,0
req007042,u8027,2,0,0,0,-1.0,-1.0,0
req009975,u8027,3,0,0,0,-1.0,-1.0,0
req006065,u8029,1,0,0,0,-1.0,-1.0,0
req001991,u8030,1,0,0,0,-1.0,-1.0,0
req005580,u8030,2,0,0,0,-1.0,-1.0,0
req006545,u8031,1,0,0,0,-1.0,-1.0,0
req004175,u8032,1,1,0,0,-1.0,-1.0,0
req009311,u8032,2,1,0,1,5136.0,5136.0,0
req004555,u8033,1,0,0,0,-1.0,-1.0,0
req002777,u8034,1,0,0,0,-1.0,-1.0,0
req004392,u8034,2,0,0,0,-1.0,-1.0,0
req008297,u8034,3,0,0,0,-1.0,-1.0,0
req006352,u8035,1,0,0,0,-1.0,-1.0,0
req009364,u8035,2,0,0,0,-1.0,-1.0,0
req002535,u8036,1,0,0,0,-1.0,-1.0,0
req000537,u8038,1,1,0,0,-1.0,-1.0,0
req006006,u8038,2,1,0,1,5469.0,5469.0,0
req006097,u8039,1,0,0,0,-1.0,-1.0,0
req007236,u8042,1,1,1,0,-1.0,-1.0,0
req005588,u8044,1,0,0,0,-1.0,-1.0,0
req004155,u8046,1,0,0,0,-1.0,-1.0,0
req000211,u8047,1,0,0,0,-1.0,-1.0,0
req004627,u8047,2,0,0,0,-1.0,-1.0,0
req000785,u8050,1,0,0,0,-1.0,-1.0,0
req002056,u8053,1,0,0,0,-1.0,-1.0,0
req005331,u8054,1,0,0,0,-1.0,-1.0,0
req007883,u8054,2,0,0,0,-1.0,-1.0,0
req008554,u8054,3,0,0,0,-1.0,-1.0,0
req006917,u8056,1,0,0,0,-1.0,-1.0,0
req008837,u8057,1,0,0,0,-1.0,-1.0,0
req002337,u8058,1,0,0,0,-1.0,-1.0,0
req003164,u8058,2,0,0,0,-1.0,-1.0,0
req009256,u8058,3,1,1,0,-1.0,-1.0,0
req004973,u8059,1,1,0,0,-1.0,-1.0,0
req006356,u8060,1,0,0,0,-1.0,-1.0,0
req000848,u8061,1,0,0,0,-1.0,-1.0,0
req002000,u8062,1,0,0,0,-1.0,-1.0,0
req009336,u8063,1,0,0,0,-1.0,-1.0,0
req000950,u8064,1,0,0,0,-1.0,-1.0,0
req007114,u8064,2,0,0,0,-1.0,-1.0,0
req008252,u8065,1,0,0,0,-1.0,-1.0,0
req005443,u8066,1,1,0,0,-1.0,-1.0,0
req004276,u8067,1,0,0,0,-1.0,-1.0,0
req006029,u8069,1,0,0,0,-1.0,-1.0,0
req004658,u8070,1,0,0,0,-1.0,-1.0,0
req000581,u8071,1,0,0,0,-1.0,-1.0,0
req005398,u8071,2,1,0,0,-1.0,-1.0,0
req008790,u8071,3,1,0,1,3392.0,3392.0,1
req007049,u8073,1,0,0,0,-1.0,-1.0,0
req001709,u8074,1,0,0,0,-1.0,-1.0,0
req005811,u8074,2,0,0,0,-1.0,-1.0,0
req006746,u8074,3,0,0,0,-1.0,-1.0,0
req007730,u8074,4,0,0,0,-1.0,-1.0,0
req008669,u8075,1,0,0,0,-1.0,-1.0,0
req004445,u8076,1,0,0,0,-1.0,-1.0,0
req004570,u8076,2,0,0,0,-1.0,-1.0,0
req009548,u8078,1,0,0,0,-1.0,-1.0,0
req009137,u8079,1,0,0,0,-1.0,-1.0,0
req001284,u8080,1,0,0,0,-1.0,-1.0,0
req007001,u8080,2,0,0,0,-1.0,-1.0,0
req001163,u8082,1,0,0,0,-1.0,-1.0,0
req009781,u8082,2,0,0,0,-1.0,-1.0,0
req008735,u8084,1,0,0,0,-1.0,-1.0,0
req002033,u8085,1,1,0,0,-1.0,-1.0,0
req009051,u8085,2,1,0,1,7018.0,7018.0,0
req000148,u8086,1,0,0,0,-1.0,-1.0,0
req002372,u8086,2,0,0,0,-1.0,-1.0,0
req004233,u8086,3,0,0,0,-1.0,-1.0,0
req005088,u8086,4,1,0,0,-1.0,-1.0,0
req008700,u8086,5,1,0,1,3612.0,3612.0,0
req003747,u8087,1,0,0,0,-1.0,-1.0,0
req009917,u8089,1,0,0,0,-1.0,-1.0,0
req004575,u8092,1,0,0,0,-1.0,-1.0,0
req009690,u8093,1,0,0,0,-1.0,-1.0,0
req003767,u8094,1,0,0,0,-1.0,-1.0,0
req004470,u8094,2,0,0,0,-1.0,-1.0,0
req006149,u8096,1,0,0,0,-1.0,-1.0,0
req002697,u8097,1,1,0,0,-1.0,-1.0,0
req000383,u8098,1,0,0,0,-1.0,-1.0,0
req003559,u8098,2,0,0,0,-1.0,-1.0,0
req002805,u8099,1,0,0,0,-1.0,-1.0,0
req008764,u8099,2,0,0,0,-1.0,-1.0,0
req001642,u8100,1,0,0,0,-1.0,-1.0,0
req003338,u8100,2,0,0,0,-1.0,-1.0,0
req006078,u8100,3,0,0,0,-1.0,-1.0,0
req006564,u8100,4,0,0,0,-1.0,-1.0,0
req007278,u8100,5,0,0,0,-1.0,-1.0,0
req007940,u8101,1,0,0,0,-1.0,-1.0,0
req002648,u8102,1,0,0,0,-1.0,-1.0,0
req005410,u8103,1,0,0,0,-1.0,-1.0,0
req000328,u8104,1,0,0,0,-1.0,-1.0,0
req000514,u8104,2,0,0,0,-1.0,-1.0,0
req001165,u8104,3,0,0,0,-1.0,-1.0,0
req005879,u8104,4,0,0,0,-1.0,-1.0,0
req002621,u8105,1,0,0,0,-1.0,-1.0,0
req007639,u8107,1,0,0,0,-1.0,-1.0,0
req004691,u8108,1,0,0,0,-1.0,-1.0,0
req005969,u8108,2,0,0,0,-1.0,-1.0,0
req006183,u8108,3,0,0,0,-1.0,-1.0,0
req008762,u8108,4,0,0,0,-1.0,-1.0,0
req007844,u8110,1,0,0,0,-1.0,-1.0,0
req009327,u8110,2,0,0,0,-1.0,-1.0,0
req001855,u8111,1,0,0,0,-1.0,-1.0,0
req006182,u8111,2,0,0,0,-1.0,-1.0,0
req008427,u8112,1,0,0,0,-1.0,-1.0,0
req002803,u8114,1,0,0,0,-1.0,-1.0,0
req005549,u8114,2,0,0,0,-1.0,-1.0,0
req001834,u8115,1,0,0,0,-1.0,-1.0,0
req004650,u8116,1,0,0,0,-1.0,-1.0,0
req001731,u8119,1,0,0,0,-1.0,-1.0,0
req002188,u8119,2,0,0,0,-1.0,-1.0,0
req008610,u8119,3,0,0,0,-1.0,-1.0,0
req006125,u8121,1,0,0,0,-1.0,-1.0,0
req006465,u8122,1,0,0,0,-1.0,-1.0,0
req000837,u8123,1,0,0,0,-1.0,-1.0,0
req007408,u8124,1,0,0,0,-1.0,-1.0,0
req008487,u8124,2,0,0,0,-1.0,-1.0,0
req001143,u8125,1,0,0,0,-1.0,-1.0,0
req001619,u8127,1,0,0,0,-1.0,-1.0,0
req007055,u8127,2,0,0,0,-1.0,-1.0,0
req003803,u8129,1,0,0,0,-1.0,-1.0,0
req009783,u8129,2,0,0,0,-1.0,-1.0,0
req002013,u8131,1,0,0,0,-1.0,-1.0,0
req003009,u8131,2,0,0,0,-1.0,-1.0,0
req004441,u8131,3,0,0,0,-1.0,-1.0,0
req006976,u8132,1,0,0,0,-1.0,-1.0,0
req004652,u8133,1,0,0,0,-1.0,-1.0,0
req007798,u8133,2,1,0,0,-1.0,-1.0,0
req002199,u8134,1,0,0,0,-1.0,-1.0,0
req004986,u8134,2,0,0,0,-1.0,-1.0,0
req008596,u8134,3,0,0,0,-1.0,-1.0,0
req008842,u8135,1,0,0,0,-1.0,-1.0,0
req009270,u8135,2,0,0,0,-1.0,-1.0,0
req003154,u8136,1,1,0,0,-1.0,-1.0,0
req007608,u8136,2,1,0,1,4454.0,4454.0,0
req000904,u8137,1,0,0,0,-1.0,-1.0,0
req001025,u8137,2,0,0,0,-1.0,-1.0,0
req005520,u8137,3,0,0,0,-1.0,-1.0,0
req007476,u8138,1,0,0,0,-1.0,-1.0,0
req006868,u8139,1,0,0,0,-1.0,-1.0,0
req007687,u8140,1,0,0,0,-1.0,-1.0,0
req000636,u8141,1,0,0,0,-1.0,-1.0,0
req005543,u8143,1,0,0,0,-1.0,-1.0,0
req002274,u8146,1,0,0,0,-1.0,-1.0,0
req003536,u8146,2,0,0,0,-1.0,-1.0,0
req003565,u8147,1,0,0,0,-1.0,-1.0,0
req003720,u8147,2,0,0,0,-1.0,-1.0,0
req004353,u8147,3,0,0,0,-1.0,-1.0,0
req000753,u8148,1,0,0,0,-1.0,-1.0,0
req008228,u8148,2,0,0,0,-1.0,-1.0,0
req009392,u8148,3,0,0,0,-1.0,-1.0,0
req009519,u8148,4,0,0,0,-1.0,-1.0,0
req004794,u8150,1,0,0,0,-1.0,-1.0,0
req008179,u8151,1,0,0,0,-1.0,-1.0,0
req008292,u8152,1,0,0,0,-1.0,-1.0,0
req000768,u8154,1,0,0,0,-1.0,-1.0,0
req005042,u8154,2,0,0,0,-1.0,-1.0,0
req009154,u8154,3,0,0,0,-1.0,-1.0,0
req003647,u8155,1,0,0,0,-1.0,-1.0,0
req001686,u8158,1,0,0,0,-1.0,-1.0,0
req000792,u8160,1,1,0,0,-1.0,-1.0,0
req006310,u8160,2,1,0,1,5518.0,5518.0,0
req009263,u8160,3,1,0,1,8471.0,8471.0,0
req001781,u8161,1,0,0,0,-1.0,-1.0,0
req002860,u8162,1,1,0,0,-1.0,-1.0,0
req008244,u8163,1,0,0,0,-1.0,-1.0,0
req004038,u8165,1,0,0,0,-1.0,-1.0,0
req001180,u8169,1,0,0,0,-1.0,-1.0,0
req004303,u8169,2,0,0,0,-1.0,-1.0,0
req002170,u8170,1,0,0,0,-1.0,-1.0,0
req009047,u8172,1,0,0,0,-1.0,-1.0,0
req002198,u8173,1,0,0,0,-1.0,-1.0,0
req003857,u8173,2,0,0,0,-1.0,-1.0,0
req004763,u8174,1,0,0,0,-1.0,-1.0,0
req009466,u8174,2,0,0,0,-1.0,-1.0,0
req004416,u8175,1,0,0,0,-1.0,-1.0,0
req006748,u8175,2,0,0,0,-1.0,-1.0,0
req008030,u8175,3,0,0,0,-1.0,-1.0,0
req000608,u8176,1,0,0,0,-1.0,-1.0,0
req004923,u8179,1,0,0,0,-1.0,-1.0,0
req001820,u8181,1,0,0,0,-1.0,-1.0,0
req005399,u8181,2,0,0,0,-1.0,-1.0,0
req001260,u8182,1,0,0,0,-1.0,-1.0,0
req004601,u8184,1,0,0,0,-1.0,-1.0,0
req008126,u8185,1,0,0,0,-1.0,-1.0,0
req004675,u8187,1,0,0,0,-1.0,-1.0,0
req003379,u8188,1,0,0,0,-1.0,-1.0,0
req006561,u8188,2,0,0,0,-1.0,-1.0,0
req001515,u8189,1,1,0,0,-1.0,-1.0,0
req003263,u8189,2,2,0,1,1748.0,1748.0,1
req004060,u8189,3,2,0,2,1671.0,797.0,2
req000170,u8190,1,0,0,0,-1.0,-1.0,0
req001724,u8190,2,0,0,0,-1.0,-1.0,0
req004746,u8190,3,0,0,0,-1.0,-1.0,0
req006497,u8190,4,0,0,0,-1.0,-1.0,0
req000732,u8191,1,0,0,0,-1.0,-1.0,0
req001329,u8191,2,0,0,0,-1.0,-1.0,0
req006861,u8191,3,0,0,0,-1.0,-1.0,0
req008028,u8191,4,0,0,0,-1.0,-1.0,0
req007681,u8192,1,0,0,0,-1.0,-1.0,0
req000423,u8193,1,0,0,0,-1.0,-1.0,0
req005986,u8193,2,0,0,0,-1.0,-1.0,0
req003112,u8194,1,0,0,0,-1.0,-1.0,0
req008733,u8194,2,0,0,0,-1.0,-1.0,0
req000313,u8196,1,0,0,0,-1.0,-1.0,0
req000595,u8196,2,0,0,0,-1.0,-1.0,0
req003906,u8196,3,0,0,0,-1.0,-1.0,0
req006430,u8196,4,0,0,0,-1.0,-1.0,0
req008352,u8198,1,0,0,0,-1.0,-1.0,0
req009443,u8199,1,0,0,0,-1.0,-1.0,0
req006807,u8200,1,0,0,0,-1.0,-1.0,0
req001157,u8202,1,0,0,0,-1.0,-1.0,0
req005397,u8202,2,0,0,0,-1.0,-1.0,0
req004754,u8203,1,0,0,0,-1.0,-1.0,0
req008430,u8205,1,0,0,0,-1.0,-1.0,0
req001261,u8206,1,0,0,0,-1.0,-1.0,0
req002741,u8206,2,1,0,0,-1.0,-1.0,0
req006881,u8206,3,1,0,1,4140.0,4140.0,0
req009815,u8207,1,0,0,0,-1.0,-1.0,0
req008899,u8208,1,0,0,0,-1.0,-1.0,0
req005219,u8209,1,0,0,0,-1.0,-1.0,0
req009168,u8210,1,0,0,0,-1.0,-1.0,0
req006479,u8211,1,0,0,0,-1.0,-1.0,0
req002739,u8215,1,0,0,0,-1.0,-1.0,0
req003489,u8215,2,0,0,0,-1.0,-1.0,0
req000206,u8216,1,0,0,0,-1.0,-1.0,0
req009693,u8217,1,0,0,0,-1.0,-1.0,0
req000705,u8219,1,0,0,0,-1.0,-1.0,0
req000708,u8220,1,0,0,0,-1.0,-1.0,0
req007335,u8220,2,0,0,0,-1.0,-1.0,0
req009406,u8220,3,0,0,0,-1.0,-1.0,0
req003064,u8222,1,1,0,0,-1.0,-1.0,0
req002109,u8223,1,0,0,0,-1.0,-1.0,0
req005267,u8224,1,0,0,0,-1.0,-1.0,0
req003844,u8225,1,0,0,0,-1.0,-1.0,0
req006806,u8226,1,0,0,0,-1.0,-1.0,0
req008636,u8226,2,0,0,0,-1.0,-1.0,0
req000773,u8227,1,0,0,0,-1.0,-1.0,0
req004142,u8227,2,1,0,0,-1.0,-1.0,0
req001159,u8228,1,0,0,0,-1.0,-1.0,0
req002311,u8228,2,1,0,0,-1.0,-1.0,0
req008950,u8228,3,1,0,1,6639.0,6639.0,0
req003074,u8232,1,0,0,0,-1.0,-1.0,0
req001829,u8233,1,0,0,0,-1.0,-1.0,0
req002596,u8234,1,0,0,0,-1.0,-1.0,0
req003168,u8236,1,0,0,0,-1.0,-1.0,0
req004384,u8236,2,0,0,0,-1.0,-1.0,0
req006876,u8236,3,0,0,0,-1.0,-1.0,0
req009728,u8236,4,0,0,0,-1.0,-1.0,0
req002595,u8237,1,0,0,0,-1.0,-1.0,0
req008344,u8237,2,0,0,0,-1.0,-1.0,0
req004932,u8239,1,0,0,0,-1.0,-1.0,0
req005236,u8239,2,0,0,0,-1.0,-1.0,0
req007895,u8239,3,0,0,0,-1.0,-1.0,0
req008225,u8239,4,0,0,0,-1.0,-1.0,0
req003474,u8240,1,0,0,0,-1.0,-1.0,0
req005291,u8242,1,0,0,0,-1.0,-1.0,0
req005336,u8242,2,0,0,0,-1.0,-1.0,0
req006244,u8243,1,0,0,0,-1.0,-1.0,0
req000096,u8244,1,0,0,0,-1.0,-1.0,0
req001313,u8244,2,0,0,0,-1.0,-1.0,0
req001378,u8245,1,0,0,0,-1.0,-1.0,0
req004651,u8245,2,1,0,0,-1.0,-1.0,0
req006219,u8245,3,1,0,1,1568.0,1568.0,1
req007669,u8245,4,1,0,1,3018.0,3018.0,1
req006436,u8246,1,0,0,0,-1.0,-1.0,0
req009352,u8248,1,0,0,0,-1.0,-1.0,0
req003333,u8250,1,0,0,0,-1.0,-1.0,0
req003732,u8250,2,0,0,0,-1.0,-1.0,0
req006886,u8250,3,0,0,0,-1.0,-1.0,0
req008747,u8250,4,0,0,0,-1.0,-1.0,0
req005523,u8251,1,0,0,0,-1.0,-1.0,0
req004059,u8253,1,0,0,0,-1.0,-1.0,0
req007457,u8253,2,0,0,0,-1.0,-1.0,0
req008992,u8253,3,0,0,0,-1.0,-1.0,0
req007219,u8256,1,0,0,0,-1.0,-1.0,0
req003218,u8257,1,0,0,0,-1.0,-1.0,0
req001883,u8258,1,0,0,0,-1.0,-1.0,0
req005041,u8259,1,0,0,0,-1.0,-1.0,0
req007542,u8259,2,0,0,0,-1.0,-1.0,0
req001319,u8261,1,1,0,0,-1.0,-1.0,0
req004111,u8261,2,1,0,1,2792.0,2792.0,1
req004192,u8262,1,0,0,0,-1.0,-1.0,0
req008884,u8262,2,0,0,0,-1.0,-1.0,0
req006443,u8263,1,0,0,0,-1.0,-1.0,0
req005168,u8265,1,0,0,0,-1.0,-1.0,0
req000113,u8267,1,0,0,0,-1.0,-1.0,0
req008037,u8267,2,0,0,0,-1.0,-1.0,0
req008592,u8267,3,0,0,0,-1.0,-1.0,0
req009339,u8268,1,0,0,0,-1.0,-1.0,0
req002447,u8269,1,0,0,0,-1.0,-1.0,0
req005129,u8269,2,0,0,0,-1.0,-1.0,0
req009193,u8270,1,0,0,0,-1.0,-1.0,0
req000897,u8272,1,0,0,0,-1.0,-1.0,0
req009246,u8272,2,0,0,0,-1.0,-1.0,0
req004374,u8273,1,0,0,0,-1.0,-1.0,0
req001945,u8274,1,1,0,0,-1.0,-1.0,0
req007061,u8274,2,1,0,1,5116.0,5116.0,0
req009175,u8274,3,1,0,1,7230.0,7230.0,0
req002454,u8275,1,0,0,0,-1.0,-1.0,0
req007059,u8276,1,0,0,0,-1.0,-1.0,0
req002811,u8277,1,0,0,0,-1.0,-1.0,0
req005429,u8277,2,0,0,0,-1.0,-1.0,0
req005173,u8282,1,0,0,0,-1.0,-1.0,0
req000145,u8283,1,0,0,0,-1.0,-1.0,0
req000464,u8283,2,0,0,0,-1.0,-1.0,0
req006317,u8283,3,0,0,0,-1.0,-1.0,0
req005199,u8284,1,0,0,0,-1.0,-1.0,0
req007028,u8284,2,0,0,0,-1.0,-1.0,0
req000741,u8285,1,0,0,0,-1.0,-1.0,0
req001658,u8285,2,0,0,0,-1.0,-1.0,0
req006936,u8285,3,0,0,0,-1.0,-1.0,0
req007781,u8285,4,0,0,0,-1.0,-1.0,0
req008441,u8285,5,1,1,0,-1.0,-1.0,0
req004109,u8287,1,1,0,0,-1.0,-1.0,0
req003431,u8288,1,0,0,0,-1.0,-1.0,0
req000286,u8289,1,0,0,0,-1.0,-1.0,0
req001095,u8289,2,0,0,0,-1.0,-1.0,0
req001227,u8289,3,0,0,0,-1.0,-1.0,0
req003669,u8289,4,0,0,0,-1.0,-1.0,0
req004782,u8289,5,0,0,0,-1.0,-1.0,0
req009631,u8289,6,0,0,0,-1.0,-1.0,0
req000748,u8290,1,0,0,0,-1.0,-1.0,0
req004994,u8290,2,0,0,0,-1.0,-1.0,0
req003681,u8291,1,0,0,0,-1.0,-1.0,0
req005418,u8293,1,0,0,0,-1.0,-1.0,0
req002180,u8294,1,0,0,0,-1.0,-1.0,0
req000530,u8295,1,0,0,0,-1.0,-1.0,0
req000067,u8297,1,0,0,0,-1.0,-1.0,0
req004455,u8297,2,0,0,0,-1.0,-1.0,0
req004683,u8298,1,0,0,0,-1.0,-1.0,0
req004014,u8299,1,1,0,0,-1.0,-1.0,0
req006953,u8300,1,0,0,0,-1.0,-1.0,0
req004640,u8301,1,0,0,0,-1.0,-1.0,0
req002571,u8302,1,1,0,0,-1.0,-1.0,0
req003746,u8303,1,1,0,0,-1.0,-1.0,0
req004779,u8303,2,1,0,1,1033.0,1033.0,1
req005957,u8303,3,1,0,1,2211.0,2211.0,1
req007165,u8303,4,1,0,1,3419.0,3419.0,1
req001620,u8305,1,0,0,0,-1.0,-1.0,0
req005798,u8307,1,0,0,0,-1.0,-1.0,0
req007879,u8307,2,0,0,0,-1.0,-1.0,0
req000264,u8309,1,0,0,0,-1.0,-1.0,0
req002829,u8309,2,1,0,0,-1.0,-1.0,0
req009178,u8309,3,1,0,1,6349.0,6349.0,0
req002588,u8310,1,0,0,0,-1.0,-1.0,0
req002028,u8311,1,0,0,0,-1.0,-1.0,0
req007903,u8314,1,0,0,0,-1.0,-1.0,0
req009075,u8314,2,0,0,0,-1.0,-1.0,0
req009031,u8316,1,0,0,0,-1.0,-1.0,0
req002888,u8317,1,0,0,0,-1.0,-1.0,0
req004841,u8317,2,0,0,0,-1.0,-1.0,0
req001287,u8318,1,0,0,0,-1.0,-1.0,0
req006585,u8319,1,0,0,0,-1.0,-1.0,0
req002234,u8320,1,0,0,0,-1.0,-1.0,0
req008853,u8323,1,0,0,0,-1.0,-1.0,0
req000079,u8326,1,0,0,0,-1.0,-1.0,0
req001304,u8326,2,0,0,0,-1.0,-1.0,0
req005853,u8327,1,0,0,0,-1.0,-1.0,0
req005903,u8327,2,0,0,0,-1.0,-1.0,0
req001946,u8329,1,0,0,0,-1.0,-1.0,0
req002704,u8329,2,0,0,0,-1.0,-1.0,0
req007506,u8329,3,0,0,0,-1.0,-1.0,0
req002211,u8330,1,0,0,0,-1.0,-1.0,0
req004089,u8330,2,0,0,0,-1.0,-1.0,0
req005448,u8331,1,0,0,0,-1.0,-1.0,0
req009971,u8331,2,0,0,0,-1.0,-1.0,0
req000555,u8332,1,0,0,0,-1.0,-1.0,0
req008221,u8332,2,0,0,0,-1.0,-1.0,0
req001916,u8333,1,0,0,0,-1.0,-1.0,0
req007600,u8335,1,0,0,0,-1.0,-1.0,0
req009469,u8335,2,0,0,0,-1.0,-1.0,0
req003485,u8336,1,0,0,0,-1.0,-1.0,0
req007246,u8336,2,0,0,0,-1.0,-1.0,0
req000192,u8338,1,0,0,0,-1.0,-1.0,0
req009318,u8338,2,0,0,0,-1.0,-1.0,0
req006971,u8339,1,0,0,0,-1.0,-1.0,0
req005979,u8340,1,0,0,0,-1.0,-1.0,0
req006582,u8340,2,0,0,0,-1.0,-1.0,0
req003504,u8341,1,0,0,0,-1.0,-1.0,0
req002470,u8342,1,0,0,0,-1.0,-1.0,0
req005159,u8343,1,0,0,0,-1.0,-1.0,0
req001306,u8344,1,0,0,0,-1.0,-1.0,0
req003571,u8344,2,0,0,0,-1.0,-1.0,0
req007229,u8346,1,0,0,0,-1.0,-1.0,0
req008305,u8347,1,0,0,0,-1.0,-1.0,0
req003560,u8348,1,0,0,0,-1.0,-1.0,0
req002050,u8349,1,0,0,0,-1.0,-1.0,0
req004654,u8353,1,0,0,0,-1.0,-1.0,0
req008107,u8355,1,0,0,0,-1.0,-1.0,0
req002254,u8357,1,0,0,0,-1.0,-1.0,0
req006191,u8357,2,0,0,0,-1.0,-1.0,0
req009390,u8357,3,0,0,0,-1.0,-1.0,0
req009386,u8358,1,0,0,0,-1.0,-1.0,0
req006108,u8361,1,0,0,0,-1.0,-1.0,0
req007085,u8362,1,0,0,0,-1.0,-1.0,0
req007699,u8364,1,0,0,0,-1.0,-1.0,0
req008503,u8367,1,0,0,0,-1.0,-1.0,0
req003515,u8369,1,0,0,0,-1.0,-1.0,0
req009946,u8369,2,0,0,0,-1.0,-1.0,0
req004600,u8370,1,0,0,0,-1.0,-1.0,0
req003941,u8371,1,0,0,0,-1.0,-1.0,0
req004572,u8372,1,0,0,0,-1.0,-1.0,0
req009568,u8372,2,0,0,0,-1.0,-1.0,0
req004838,u8375,1,1,0,0,-1.0,-1.0,0
req005522,u8375,2,1,0,1,684.0,684.0,1
req005630,u8375,3,1,0,1,792.0,792.0,1
req003328,u8376,1,0,0,0,-1.0,-1.0,0
req008281,u8376,2,0,0,0,-1.0,-1.0,0
req009151,u8376,3,0,0,0,-1.0,-1.0,0
req009699,u8377,1,1,0,0,-1.0,-1.0,0
req006929,u8380,1,0,0,0,-1.0,-1.0,0
req007732,u8380,2,0,0,0,-1.0,-1.0,0
req008363,u8380,3,0,0,0,-1.0,-1.0,0
req008471,u8380,4,0,0,0,-1.0,-1.0,0
req009046,u8380,5,0,0,0,-1.0,-1.0,0
req001669,u8381,1,1,0,0,-1.0,-1.0,0
req003608,u8383,1,1,0,0,-1.0,-1.0,0
req009926,u8383,2,1,0,1,6318.0,6318.0,0
req003441,u8384,1,0,0,0,-1.0,-1.0,0
req007961,u8384,2,0,0,0,-1.0,-1.0,0
req003614,u8385,1,0,0,0,-1.0,-1.0,0
req002251,u8386,1,0,0,0,-1.0,-1.0,0
req004778,u8386,2,0,0,0,-1.0,-1.0,0
req000278,u8388,1,0,0,0,-1.0,-1.0,0
req002382,u8388,2,0,0,0,-1.0,-1.0,0
req002974,u8389,1,0,0,0,-1.0,-1.0,0
req009680,u8389,2,0,0,0,-1.0,-1.0,0
req004928,u8391,1,0,0,0,-1.0,-1.0,0
req009581,u8391,2,0,0,0,-1.0,-1.0,0
req003766,u8392,1,0,0,0,-1.0,-1.0,0
req002649,u8393,1,0,0,0,-1.0,-1.0,0
req003734,u8393,2,0,0,0,-1.0,-1.0,0
req000557,u8394,1,0,0,0,-1.0,-1.0,0
req003334,u8394,2,1,0,0,-1.0,-1.0,0
req002423,u8396,1,0,0,0,-1.0,-1.0,0
req005189,u8396,2,0,0,0,-1.0,-1.0,0
req005250,u8396,3,0,0,0,-1.0,-1.0,0
req006601,u8396,4,0,0,0,-1.0,-1.0,0
req007514,u8396,5,0,0,0,-1.0,-1.0,0
req002349,u8398,1,0,0,0,-1.0,-1.0,0
req003798,u8398,2,0,0,0,-1.0,-1.0,0
req005357,u8400,1,0,0,0,-1.0,-1.0,0
req001331,u8401,1,0,0,0,-1.0,-1.0,0
req001355,u8401,2,0,0,0,-1.0,-1.0,0
req009409,u8401,3,0,0,0,-1.0,-1.0,0
req001988,u8402,1,0,0,0,-1.0,-1.0,0
req003888,u8402,2,0,0,0,-1.0,-1.0,0
req007014,u8402,3,0,0,0,-1.0,-1.0,0
req001023,u8404,1,0,0,0,-1.0,-1.0,0
req005611,u8404,2,0,0,0,-1.0,-1.0,0
req004417,u8405,1,0,0,0,-1.0,-1.0,0
req009016,u8405,2,0,0,0,-1.0,-1.0,0
req001332,u8406,1,0,0,0,-1.0,-1.0,0
req005423,u8406,2,1,0,0,-1.0,-1.0,0
req004892,u8407,1,0,0,0,-1.0,-1.0,0
req006388,u8407,2,0,0,0,-1.0,-1.0,0
req000186,u8408,1,0,0,0,-1.0,-1.0,0
req004490,u8408,2,0,0,0,-1.0,-1.0,0
req006638,u8410,1,0,0,0,-1.0,-1.0,0
req006295,u8412,1,0,0,0,-1.0,-1.0,0
req008879,u8413,1,0,0,0,-1.0,-1.0,0
req002497,u8414,1,0,0,0,-1.0,-1.0,0
req003643,u8414,2,0,0,0,-1.0,-1.0,0
req007343,u8414,3,0,0,0,-1.0,-1.0,0
req009171,u8414,4,1,0,0,-1.0,-1.0,0
req001806,u8417,1,0,0,0,-1.0,-1.0,0
req001447,u8418,1,0,0,0,-1.0,-1.0,0
req007628,u8419,1,0,0,0,-1.0,-1.0,0
req009540,u8420,1,0,0,0,-1.0,-1.0,0
req002369,u8421,1,0,0,0,-1.0,-1.0,0
req005260,u8421,2,0,0,0,-1.0,-1.0,0
req004173,u8422,1,1,0,0,-1.0,-1.0,0
req009769,u8422,2,1,0,1,5596.0,5596.0,0
req002754,u8423,1,0,0,0,-1.0,-1.0,0
req000129,u8424,1,1,0,0,-1.0,-1.0,0
req007838,u8429,1,0,0,0,-1.0,-1.0,0
req007047,u8430,1,0,0,0,-1.0,-1.0,0
req007374,u8432,1,0,0,0,-1.0,-1.0,0
req001755,u8433,1,0,0,0,-1.0,-1.0,0
req007235,u8433,2,0,0,0,-1.0,-1.0,0
req008810,u8433,3,0,0,0,-1.0,-1.0,0
req008067,u8434,1,0,0,0,-1.0,-1.0,0
req005648,u8435,1,0,0,0,-1.0,-1.0,0
req003414,u8436,1,0,0,0,-1.0,-1.0,0
req009235,u8438,1,0,0,0,-1.0,-1.0,0
req009209,u8439,1,0,0,0,-1.0,-1.0,0
req007040,u8442,1,0,0,0,-1.0,-1.0,0
req000370,u8443,1,0,0,0,-1.0,-1.0,0
req003934,u8443,2,0,0,0,-1.0,-1.0,0
req008168,u8443,3,0,0,0,-1.0,-1.0,0
req008809,u8443,4,0,0,0,-1.0,-1.0,0
req000379,u8446,1,0,0,0,-1.0,-1.0,0
req000442,u8447,1,0,0,0,-1.0,-1.0,0
req004524,u8447,2,0,0,0,-1.0,-1.0,0
req000565,u8448,1,0,0,0,-1.0,-1.0,0
req001676,u8448,2,0,0,0,-1.0,-1.0,0
req004967,u8448,3,0,0,0,-1.0,-1.0,0
req004991,u8448,4,0,0,0,-1.0,-1.0,0
req005098,u8448,5,0,0,0,-1.0,-1.0,0
req000888,u8449,1,0,0,0,-1.0,-1.0,0
req001087,u8449,2,0,0,0,-1.0,-1.0,0
req002968,u8450,1,0,0,0,-1.0,-1.0,0
req007326,u8450,2,0,0,0,-1.0,-1.0,0
req007981,u8451,1,0,0,0,-1.0,-1.0,0
req009231,u8452,1,0,0,0,-1.0,-1.0,0
req004476,u8453,1,0,0,0,-1.0,-1.0,0
req008833,u8453,2,0,0,0,-1.0,-1.0,0
req000242,u8454,1,0,0,0,-1.0,-1.0,0
req003096,u8456,1,0,0,0,-1.0,-1.0,0
req004150,u8456,2,0,0,0,-1.0,-1.0,0
req007931,u8456,3,0,0,0,-1.0,-1.0,0
req003469,u8457,1,0,0,0,-1.0,-1.0,0
req007885,u8457,2,0,0,0,-1.0,-1.0,0
req002405,u8458,1,0,0,0,-1.0,-1.0,0
req006991,u8458,2,0,0,0,-1.0,-1.0,0
req007245,u8458,3,0,0,0,-1.0,-1.0,0
req009968,u8458,4,0,0,0,-1.0,-1.0,0
req001308,u8459,1,0,0,0,-1.0,-1.0,0
req008919,u8459,2,0,0,0,-1.0,-1.0,0
req004240,u8460,1,0,0,0,-1.0,-1.0,0
req007223,u8460,2,0,0,0,-1.0,-1.0,0
req009937,u8460,3,0,0,0,-1.0,-1.0,0
req002055,u8461,1,0,0,0,-1.0,-1.0,0
req005143,u8461,2,0,0,0,-1.0,-1.0,0
req001646,u8464,1,0,0,0,-1.0,-1.0,0
req003250,u8464,2,0,0,0,-1.0,-1.0,0
req006300,u8464,3,0,0,0,-1.0,-1.0,0
req006431,u8464,4,0,0,0,-1.0,-1.0,0
req008506,u8464,5,0,0,0,-1.0,-1.0,0
req009650,u8464,6,0,0,0,-1.0,-1.0,0
req000631,u8466,1,0,0,0,-1.0,-1.0,0
req006597,u8466,2,1,0,0,-1.0,-1.0,0
req008894,u8466,3,1,0,1,2297.0,2297.0,1
req009240,u8466,4,1,0,1,2643.0,2643.0,1
req008023,u8467,1,0,0,0,-1.0,-1.0,0
req009433,u8467,2,0,0,0,-1.0,-1.0,0
req008229,u8469,1,0,0,0,-1.0,-1.0,0
req000197,u8470,1,0,0,0,-1.0,-1.0,0
req003712,u8470,2,0,0,0,-1.0,-1.0,0
req009036,u8471,1,0,0,0,-1.0,-1.0,0
req006046,u8472,1,0,0,0,-1.0,-1.0,0
req004464,u8473,1,0,0,0,-1.0,-1.0,0
req005472,u8474,1,0,0,0,-1.0,-1.0,0
req008739,u8474,2,0,0,0,-1.0,-1.0,0
req009219,u8475,1,0,0,0,-1.0,-1.0,0
req000244,u8477,1,0,0,0,-1.0,-1.0,0
req004025,u8477,2,1,0,0,-1.0,-1.0,0
req005383,u8477,3,1,0,1,1358.0,1358.0,1
req008466,u8478,1,0,0,0,-1.0,-1.0,0
req001186,u8479,1,0,0,0,-1.0,-1.0,0
req005919,u8480,1,0,0,0,-1.0,-1.0,0
req003808,u8481,1,0,0,0,-1.0,-1.0,0
req003642,u8482,1,0,0,0,-1.0,-1.0,0
req002008,u8483,1,0,0,0,-1.0,-1.0,0
req006602,u8485,1,0,0,0,-1.0,-1.0,0
req008357,u8487,1,0,0,0,-1.0,-1.0,0
req002015,u8488,1,0,0,0,-1.0,-1.0,0
req006963,u8488,2,0,0,0,-1.0,-1.0,0
req007490,u8488,3,1,0,0,-1.0,-1.0,0
req001893,u8491,1,0,0,0,-1.0,-1.0,0
req005259,u8491,2,0,0,0,-1.0,-1.0,0
req001028,u8492,1,0,0,0,-1.0,-1.0,0
req009272,u8492,2,0,0,0,-1.0,-1.0,0
req004993,u8493,1,0,0,0,-1.0,-1.0,0
req009341,u8493,2,0,0,0,-1.0,-1.0,0
req002911,u8494,1,0,0,0,-1.0,-1.0,0
req008987,u8495,1,0,0,0,-1.0,-1.0,0
req005395,u8496,1,0,0,0,-1.0,-1.0,0
req008056,u8496,2,0,0,0,-1.0,-1.0,0
req001354,u8498,1,0,0,0,-1.0,-1.0,0
req005537,u8499,1,1,0,0,-1.0,-1.0,0
req007393,u8499,2,1,0,1,1856.0,1856.0,1
req007523,u8499,3,1,0,1,1986.0,1986.0,1
req000529,u8501,1,0,0,0,-1.0,-1.0,0
req004304,u8501,2,0,0,0,-1.0,-1.0,0
req008038,u8501,3,0,0,0,-1.0,-1.0,0
req009813,u8502,1,0,0,0,-1.0,-1.0,0
req007857,u8504,1,0,0,0,-1.0,-1.0,0
req000585,u8505,1,0,0,0,-1.0,-1.0,0
req004916,u8505,2,0,0,0,-1.0,-1.0,0
req001678,u8506,1,1,0,0,-1.0,-1.0,0
req008329,u8508,1,1,0,0,-1.0,-1.0,0
req004336,u8509,1,0,0,0,-1.0,-1.0,0
req008633,u8509,2,0,0,0,-1.0,-1.0,0
req008798,u8510,1,1,1,0,-1.0,-1.0,0
req001875,u8511,1,0,0,0,-1.0,-1.0,0
req002160,u8511,2,0,0,0,-1.0,-1.0,0
req003587,u8512,1,0,0,0,-1.0,-1.0,0
req007083,u8514,1,0,0,0,-1.0,-1.0,0
req000125,u8515,1,1,0,0,-1.0,-1.0,0
req005433,u8515,2,1,0,1,5308.0,5308.0,0
req008085,u8517,1,0,0,0,-1.0,-1.0,0
req002757,u8519,1,0,0,0,-1.0,-1.0,0
req000481,u8520,1,0,0,0,-1.0,-1.0,0
req003677,u8520,2,0,0,0,-1.0,-1.0,0
req005296,u8520,3,0,0,0,-1.0,-1.0,0
req006714,u8520,4,0,0,0,-1.0,-1.0,0
req001817,u8521,1,0,0,0,-1.0,-1.0,0
req001371,u8522,1,0,0,0,-1.0,-1.0,0
req002947,u8522,2,0,0,0,-1.0,-1.0,0
req006276,u8523,1,0,0,0,-1.0,-1.0,0
req007852,u8524,1,0,0,0,-1.0,-1.0,0
req008604,u8525,1,1,0,0,-1.0,-1.0,0
req004256,u8528,1,0,0,0,-1.0,-1.0,0
req001922,u8529,1,0,0,0,-1.0,-1.0,0
req002032,u8529,2,0,0,0,-1.0,-1.0,0
req008079,u8529,3,0,0,0,-1.0,-1.0,0
req009234,u8531,1,0,0,0,-1.0,-1.0,0
req002155,u8533,1,0,0,0,-1.0,-1.0,0
req003108,u8533,2,0,0,0,-1.0,-1.0,0
req002822,u8534,1,0,0,0,-1.0,-1.0,0
req009646,u8536,1,0,0,0,-1.0,-1.0,0
req003471,u8537,1,0,0,0,-1.0,-1.0,0
req002524,u8540,1,0,0,0,-1.0,-1.0,0
req008629,u8544,1,0,0,0,-1.0,-1.0,0
req000055,u8546,1,1,0,0,-1.0,-1.0,0
req007539,u8546,2,2,0,1,7484.0,7484.0,0
req002202,u8547,1,0,0,0,-1.0,-1.0,0
req001301,u8550,1,0,0,0,-1.0,-1.0,0
req006459,u8552,1,0,0,0,-1.0,-1.0,0
req001733,u8553,1,0,0,0,-1.0,-1.0,0
req000899,u8554,1,0,0,0,-1.0,-1.0,0
req002724,u8554,2,0,0,0,-1.0,-1.0,0
req003412,u8555,1,0,0,0,-1.0,-1.0,0
req003067,u8556,1,0,0,0,-1.0,-1.0,0
req003435,u8556,2,0,0,0,-1.0,-1.0,0
req008933,u8556,3,0,0,0,-1.0,-1.0,0
req001458,u8557,1,0,0,0,-1.0,-1.0,0
req003051,u8557,2,0,0,0,-1.0,-1.0,0
req006977,u8557,3,0,0,0,-1.0,-1.0,0
req007142,u8558,1,0,0,0,-1.0,-1.0,0
req009934,u8559,1,0,0,0,-1.0,-1.0,0
req003228,u8561,1,0,0,0,-1.0,-1.0,0
req000902,u8563,1,0,0,0,-1.0,-1.0,0
req008915,u8564,1,0,0,0,-1.0,-1.0,0
req003093,u8566,1,0,0,0,-1.0,-1.0,0
req005270,u8566,2,0,0,0,-1.0,-1.0,0
req003340,u8567,1,0,0,0,-1.0,-1.0,0
req000742,u8568,1,0,0,0,-1.0,-1.0,0
req009846,u8568,2,0,0,0,-1.0,-1.0,0
req007655,u8569,1,0,0,0,-1.0,-1.0,0
req007785,u8570,1,1,1,0,-1.0,-1.0,0
req000266,u8571,1,0,0,0,-1.0,-1.0,0
req003411,u8571,2,0,0,0,-1.0,-1.0,0
req009296,u8573,1,0,0,0,-1.0,-1.0,0
req003556,u8576,1,0,0,0,-1.0,-1.0,0
req008827,u8578,1,0,0,0,-1.0,-1.0,0
req000797,u8579,1,0,0,0,-1.0,-1.0,0
req007195,u8579,2,0,0,0,-1.0,-1.0,0
req003169,u8581,1,0,0,0,-1.0,-1.0,0
req000439,u8584,1,0,0,0,-1.0,-1.0,0
req002786,u8584,2,0,0,0,-1.0,-1.0,0
req008160,u8584,3,1,0,0,-1.0,-1.0,0
req001903,u8586,1,0,0,0,-1.0,-1.0,0
req000602,u8588,1,0,0,0,-1.0,-1.0,0
req001267,u8588,2,0,0,0,-1.0,-1.0,0
req007203,u8589,1,0,0,0,-1.0,-1.0,0
req009887,u8589,2,0,0,0,-1.0,-1.0,0
req004073,u8590,1,0,0,0,-1.0,-1.0,0
req005261,u8590,2,0,0,0,-1.0,-1.0,0
req006370,u8590,3,0,0,0,-1.0,-1.0,0
req009418,u8590,4,1,0,0,-1.0,-1.0,0
req005032,u8591,1,0,0,0,-1.0,-1.0,0
req008523,u8591,2,0,0,0,-1.0,-1.0,0
req000550,u8592,1,0,0,0,-1.0,-1.0,0
req007894,u8594,1,0,0,0,-1.0,-1.0,0
req005691,u8595,1,0,0,0,-1.0,-1.0,0
req001061,u8596,1,0,0,0,-1.0,-1.0,0
req004537,u8596,2,0,0,0,-1.0,-1.0,0
req004964,u8597,1,0,0,0,-1.0,-1.0,0
req005797,u8597,2,1,1,0,-1.0,-1.0,0
req007949,u8598,1,0,0,0,-1.0,-1.0,0
req009431,u8598,2,0,0,0,-1.0,-1.0,0
req008920,u8599,1,1,0,0,-1.0,-1.0,0
req000863,u8600,1,0,0,0,-1.0,-1.0,0
req001661,u8600,2,0,0,0,-1.0,-1.0,0
req007135,u8600,3,0,0,0,-1.0,-1.0,0
req001499,u8601,1,1,0,0,-1.0,-1.0,0
req005061,u8601,2,1,0,1,3562.0,3562.0,1
req009282,u8601,3,1,0,1,7783.0,7783.0,0
req009702,u8601,4,1,0,1,8203.0,8203.0,0
req007855,u8604,1,0,0,0,-1.0,-1.0,0
req007983,u8605,1,0,0,0,-1.0,-1.0,0
req008268,u8605,2,0,0,0,-1.0,-1.0,0
req009185,u8605,3,0,0,0,-1.0,-1.0,0
req009412,u8606,1,1,0,0,-1.0,-1.0,0
req001655,u8607,1,0,0,0,-1.0,-1.0,0
req004959,u8607,2,0,0,0,-1.0,-1.0,0
req005710,u8607,3,0,0,0,-1.0,-1.0,0
req009462,u8609,1,0,0,0,-1.0,-1.0,0
req002627,u8611,1,0,0,0,-1.0,-1.0,0
req002608,u8612,1,0,0,0,-1.0,-1.0,0
req006567,u8614,1,0,0,0,-1.0,-1.0,0
req006793,u8614,2,0,0,0,-1.0,-1.0,0
req002275,u8616,1,0,0,0,-1.0,-1.0,0
req007434,u8617,1,0,0,0,-1.0,-1.0,0
req004361,u8620,1,0,0,0,-1.0,-1.0,0
req008769,u8620,2,0,0,0,-1.0,-1.0,0
req001176,u8621,1,0,0,0,-1.0,-1.0,0
req005099,u8621,2,1,0,0,-1.0,-1.0,0
req008170,u8621,3,1,0,1,3071.0,3071.0,1
req003603,u8624,1,0,0,0,-1.0,-1.0,0
req009274,u8624,2,0,0,0,-1.0,-1.0,0
req001473,u8625,1,0,0,0,-1.0,-1.0,0
req006546,u8625,2,0,0,0,-1.0,-1.0,0
req006112,u8626,1,0,0,0,-1.0,-1.0,0
req005133,u8627,1,0,0,0,-1.0,-1.0,0
req002597,u8630,1,0,0,0,-1.0,-1.0,0
req008403,u8630,2,1,0,0,-1.0,-1.0,0
req005365,u8631,1,0,0,0,-1.0,-1.0,0
req008154,u8632,1,0,0,0,-1.0,-1.0,0
req000158,u8633,1,0,0,0,-1.0,-1.0,0
req001427,u8635,1,0,0,0,-1.0,-1.0,0
req002966,u8635,2,0,0,0,-1.0,-1.0,0
req006520,u8635,3,0,0,0,-1.0,-1.0,0
req006201,u8636,1,0,0,0,-1.0,-1.0,0
req007510,u8636,2,0,0,0,-1.0,-1.0,0
req004867,u8637,1,0,0,0,-1.0,-1.0,0
req003566,u8638,1,0,0,0,-1.0,-1.0,0
req008954,u8638,2,0,0,0,-1.0,-1.0,0
req007406,u8639,1,0,0,0,-1.0,-1.0,0
req003375,u8640,1,0,0,0,-1.0,-1.0,0
req004740,u8640,2,0,0,0,-1.0,-1.0,0
req008671,u8640,3,0,0,0,-1.0,-1.0,0
req002781,u8643,1,0,0,0,-1.0,-1.0,0
req001298,u8645,1,1,0,0,-1.0,-1.0,0
req005901,u8647,1,0,0,0,-1.0,-1.0,0
req006717,u8647,2,0,0,0,-1.0,-1.0,0
req001278,u8649,1,0,0,0,-1.0,-1.0,0
req003361,u8649,2,0,0,0,-1.0,-1.0,0
req005748,u8649,3,0,0,0,-1.0,-1.0,0
req003365,u8650,1,0,0,0,-1.0,-1.0,0
req005514,u8653,1,0,0,0,-1.0,-1.0,0
req009939,u8654,1,0,0,0,-1.0,-1.0,0
req003256,u8659,1,0,0,0,-1.0,-1.0,0
req006366,u8659,2,0,0,0,-1.0,-1.0,0
req000346,u8660,1,1,0,0,-1.0,-1.0,0
req002683,u8660,2,1,0,1,2337.0,2337.0,1
req003294,u8660,3,1,0,1,2948.0,2948.0,1
req002646,u8661,1,0,0,0,-1.0,-1.0,0
req003663,u8662,1,1,0,0,-1.0,-1.0,0
req009440,u8663,1,0,0,0,-1.0,-1.0,0
req004485,u8664,1,0,0,0,-1.0,-1.0,0
req007353,u8664,2,0,0,0,-1.0,-1.0,0
req009721,u8665,1,0,0,0,-1.0,-1.0,0
req007242,u8666,1,0,0,0,-1.0,-1.0,0
req000901,u8668,1,0,0,0,-1.0,-1.0,0
req005945,u8669,1,0,0,0,-1.0,-1.0,0
req005023,u8670,1,0,0,0,-1.0,-1.0,0
req003173,u8671,1,1,0,0,-1.0,-1.0,0
req001605,u8673,1,0,0,0,-1.0,-1.0,0
req001177,u8674,1,0,0,0,-1.0,-1.0,0
req000609,u8675,1,0,0,0,-1.0,-1.0,0
req002417,u8679,1,0,0,0,-1.0,-1.0,0
req008846,u8679,2,0,0,0,-1.0,-1.0,0
req008166,u8681,1,0,0,0,-1.0,-1.0,0
req008746,u8681,2,0,0,0,-1.0,-1.0,0
req007011,u8683,1,0,0,0,-1.0,-1.0,0
req000261,u8685,1,0,0,0,-1.0,-1.0,0
req000122,u8688,1,0,0,0,-1.0,-1.0,0
req008497,u8689,1,0,0,0,-1.0,-1.0,0
req000969,u8690,1,0,0,0,-1.0,-1.0,0
req003839,u8690,2,0,0,0,-1.0,-1.0,0
req007323,u8690,3,0,0,0,-1.0,-1.0,0
req000624,u8693,1,0,0,0,-1.0,-1.0,0
req002036,u8693,2,0,0,0,-1.0,-1.0,0
req007942,u8693,3,0,0,0,-1.0,-1.0,0
req006860,u8694,1,0,0,0,-1.0,-1.0,0
req008036,u8694,2,0,0,0,-1.0,-1.0,0
req001230,u8695,1,0,0,0,-1.0,-1.0,0
req001957,u8696,1,0,0,0,-1.0,-1.0,0
req002944,u8696,2,0,0,0,-1.0,-1.0,0
req005307,u8696,3,0,0,0,-1.0,-1.0,0
req004642,u8697,1,0,0,0,-1.0,-1.0,0
req005967,u8697,2,0,0,0,-1.0,-1.0,0
req001249,u8698,1,0,0,0,-1.0,-1.0,0
req005466,u8698,2,0,0,0,-1.0,-1.0,0
req000493,u8699,1,0,0,0,-1.0,-1.0,0
req001199,u8699,2,0,0,0,-1.0,-1.0,0
req006084,u8701,1,0,0,0,-1.0,-1.0,0
req006194,u8701,2,0,0,0,-1.0,-1.0,0
req005339,u8703,1,0,0,0,-1.0,-1.0,0
req007483,u8703,2,0,0,0,-1.0,-1.0,0
req000027,u8704,1,0,0,0,-1.0,-1.0,0
req000783,u8705,1,0,0,0,-1.0,-1.0,0
req006161,u8705,2,0,0,0,-1.0,-1.0,0
req006526,u8706,1,0,0,0,-1.0,-1.0,0
req002265,u8707,1,1,0,0,-1.0,-1.0,0
req008929,u8707,2,1,0,1,6664.0,6664.0,0
req007043,u8709,1,0,0,0,-1.0,-1.0,0
req007663,u8709,2,0,0,0,-1.0,-1.0,0
req001115,u8710,1,0,0,0,-1.0,-1.0,0
req000029,u8712,1,0,0,0,-1.0,-1.0,0
req000068,u8712,2,0,0,0,-1.0,-1.0,0
req006418,u8712,3,0,0,0,-1.0,-1.0,0
req001785,u8713,1,0,0,0,-1.0,-1.0,0
req002826,u8714,1,0,0,0,-1.0,-1.0,0
req009117,u8714,2,1,0,0,-1.0,-1.0,0
req003331,u8715,1,0,0,0,-1.0,-1.0,0
req003413,u8716,1,0,0,0,-1.0,-1.0,0
req006798,u8716,2,0,0,0,-1.0,-1.0,0
req005621,u8717,1,0,0,0,-1.0,-1.0,0
req007314,u8718,1,0,0,0,-1.0,-1.0,0
req006605,u8719,1,0,0,0,-1.0,-1.0,0
req007672,u8721,1,0,0,0,-1.0,-1.0,0
req008236,u8723,1,0,0,0,-1.0,-1.0,0
req000523,u8724,1,0,0,0,-1.0,-1.0,0
req007104,u8724,2,0,0,0,-1.0,-1.0,0
req007614,u8724,3,0,0,0,-1.0,-1.0,0
req007720,u8724,4,0,0,0,-1.0,-1.0,0
req003434,u8725,1,0,0,0,-1.0,-1.0,0
req000556,u8727,1,0,0,0,-1.0,-1.0,0
req006857,u8727,2,0,0,0,-1.0,-1.0,0
req009840,u8727,3,1,0,0,-1.0,-1.0,0
req000407,u8728,1,0,0,0,-1.0,-1.0,0
req002835,u8728,2,1,0,0,-1.0,-1.0,0
req005808,u8728,3,1,0,1,2973.0,2973.0,1
req006275,u8728,4,1,0,1,3440.0,3440.0,1
req000086,u8729,1,0,0,0,-1.0,-1.0,0
req001048,u8729,2,0,0,0,-1.0,-1.0,0
req003947,u8729,3,0,0,0,-1.0,-1.0,0
req009562,u8729,4,0,0,0,-1.0,-1.0,0
req002365,u8730,1,1,0,0,-1.0,-1.0,0
req003552,u8730,2,1,0,1,1187.0,1187.0,1
req002946,u8732,1,0,0,0,-1.0,-1.0,0
req003442,u8732,2,0,0,0,-1.0,-1.0,0
req008419,u8732,3,0,0,0,-1.0,-1.0,0
req005264,u8734,1,0,0,0,-1.0,-1.0,0
req003007,u8735,1,0,0,0,-1.0,-1.0,0
req009034,u8735,2,0,0,0,-1.0,-1.0,0
req002917,u8737,1,0,0,0,-1.0,-1.0,0
req007280,u8737,2,0,0,0,-1.0,-1.0,0
req003336,u8739,1,0,0,0,-1.0,-1.0,0
req004231,u8739,2,0,0,0,-1.0,-1.0,0
req006105,u8739,3,0,0,0,-1.0,-1.0,0
req002766,u8740,1,0,0,0,-1.0,-1.0,0
req008321,u8740,2,0,0,0,-1.0,-1.0,0
req008743,u8740,3,0,0,0,-1.0,-1.0,0
req009152,u8740,4,0,0,0,-1.0,-1.0,0
req001296,u8741,1,0,0,0,-1.0,-1.0,0
req006833,u8741,2,0,0,0,-1.0,-1.0,0
req001685,u8743,1,0,0,0,-1.0,-1.0,0
req000222,u8745,1,0,0,0,-1.0,-1.0,0
req000297,u8745,2,0,0,0,-1.0,-1.0,0
req000474,u8745,3,0,0,0,-1.0,-1.0,0
req003351,u8745,4,0,0,0,-1.0,-1.0,0
req004323,u8747,1,0,0,0,-1.0,-1.0,0
req006238,u8748,1,1,0,0,-1.0,-1.0,0
req000582,u8749,1,0,0,0,-1.0,-1.0,0
req003300,u8749,2,1,0,0,-1.0,-1.0,0
req004475,u8751,1,0,0,0,-1.0,-1.0,0
req008658,u8753,1,0,0,0,-1.0,-1.0,0
req007594,u8754,1,0,0,0,-1.0,-1.0,0
req003115,u8755,1,0,0,0,-1.0,-1.0,0
req005046,u8755,2,0,0,0,-1.0,-1.0,0
req003073,u8756,1,0,0,0,-1.0,-1.0,0
req003525,u8756,2,0,0,0,-1.0,-1.0,0
req005718,u8756,3,1,0,0,-1.0,-1.0,0
req007384,u8756,4,1,0,1,1666.0,1666.0,1
req006477,u8760,1,0,0,0,-1.0,-1.0,0
req001231,u8761,1,0,0,0,-1.0,-1.0,0
req006060,u8761,2,0,0,0,-1.0,-1.0,0
req006979,u8761,3,0,0,0,-1.0,-1.0,0
req001728,u8762,1,0,0,0,-1.0,-1.0,0
req003987,u8764,1,0,0,0,-1.0,-1.0,0
req007636,u8764,2,0,0,0,-1.0,-1.0,0
req007654,u8764,3,0,0,0,-1.0,-1.0,0
req001100,u8765,1,0,0,0,-1.0,-1.0,0
req003856,u8765,2,0,0,0,-1.0,-1.0,0
req006528,u8765,3,0,0,0,-1.0,-1.0,0
req006059,u8768,1,0,0,0,-1.0,-1.0,0
req003752,u8769,1,0,0,0,-1.0,-1.0,0
req007766,u8769,2,0,0,0,-1.0,-1.0,0
req000451,u8770,1,1,0,0,-1.0,-1.0,0
req003688,u8770,2,1,0,1,3237.0,3237.0,1
req005725,u8770,3,1,0,1,5274.0,5274.0,0
req004355,u8772,1,0,0,0,-1.0,-1.0,0
req005171,u8772,2,0,0,0,-1.0,-1.0,0
req007694,u8774,1,0,0,0,-1.0,-1.0,0
req009425,u8774,2,0,0,0,-1.0,-1.0,0
req000788,u8775,1,0,0,0,-1.0,-1.0,0
req001892,u8775,2,0,0,0,-1.0,-1.0,0
req009110,u8775,3,0,0,0,-1.0,-1.0,0
req008076,u8776,1,0,0,0,-1.0,-1.0,0
req009199,u8777,1,0,0,0,-1.0,-1.0,0
req000044,u8779,1,0,0,0,-1.0,-1.0,0
req004615,u8779,2,0,0,0,-1.0,-1.0,0
req005389,u8779,3,0,0,0,-1.0,-1.0,0
req005591,u8779,4,0,0,0,-1.0,-1.0,0
req005437,u8780,1,1,0,0,-1.0,-1.0,0
req003329,u8784,1,1,0,0,-1.0,-1.0,0
req006743,u8784,2,1,0,1,3414.0,3414.0,1
req005039,u8785,1,0,0,0,-1.0,-1.0,0
req004520,u8786,1,0,0,0,-1.0,-1.0,0
req006239,u8788,1,0,0,0,-1.0,-1.0,0
req007087,u8789,1,0,0,0,-1.0,-1.0,0
req004450,u8790,1,0,0,0,-1.0,-1.0,0
req002760,u8791,1,0,0,0,-1.0,-1.0,0
req006438,u8791,2,0,0,0,-1.0,-1.0,0
req006947,u8791,3,0,0,0,-1.0,-1.0,0
req003789,u8792,1,0,0,0,-1.0,-1.0,0
req003806,u8792,2,0,0,0,-1.0,-1.0,0
req006400,u8792,3,0,0,0,-1.0,-1.0,0
req006522,u8792,4,0,0,0,-1.0,-1.0,0
req006990,u8792,5,0,0,0,-1.0,-1.0,0
req008702,u8793,1,0,0,0,-1.0,-1.0,0
req005109,u8794,1,0,0,0,-1.0,-1.0,0
req006503,u8795,1,0,0,0,-1.0,-1.0,0
req004766,u8798,1,0,0,0,-1.0,-1.0,0
req008187,u8798,2,0,0,0,-1.0,-1.0,0
req003927,u8799,1,0,0,0,-1.0,-1.0,0
req005464,u8802,1,0,0,0,-1.0,-1.0,0
req002979,u8803,1,0,0,0,-1.0,-1.0,0
req007867,u8804,1,0,0,0,-1.0,-1.0,0
req001169,u8805,1,0,0,0,-1.0,-1.0,0
req003307,u8806,1,0,0,0,-1.0,-1.0,0
req004588,u8806,2,0,0,0,-1.0,-1.0,0
req008616,u8806,3,0,0,0,-1.0,-1.0,0
req002690,u8807,1,0,0,0,-1.0,-1.0,0
req008212,u8807,2,0,0,0,-1.0,-1.0,0
req008260,u8808,1,0,0,0,-1.0,-1.0,0
req006376,u8809,1,0,0,0,-1.0,-1.0,0
req000291,u8810,1,0,0,0,-1.0,-1.0,0
req000283,u8811,1,0,0,0,-1.0,-1.0,0
req002789,u8812,1,1,0,0,-1.0,-1.0,0
req002936,u8812,2,2,0,1,147.0,147.0,1
req006144,u8812,3,2,0,2,3281.5,3208.0,2
req000210,u8815,1,0,0,0,-1.0,-1.0,0
req009881,u8815,2,0,0,0,-1.0,-1.0,0
req006941,u8819,1,0,0,0,-1.0,-1.0,0
req000110,u8821,1,0,0,0,-1.0,-1.0,0
req000737,u8821,2,0,0,0,-1.0,-1.0,0
req005065,u8822,1,0,0,0,-1.0,-1.0,0
req006734,u8822,2,0,0,0,-1.0,-1.0,0
req000642,u8824,1,0,0,0,-1.0,-1.0,0
req002268,u8825,1,1,0,0,-1.0,-1.0,0
req004114,u8826,1,0,0,0,-1.0,-1.0,0
req005346,u8826,2,0,0,0,-1.0,-1.0,0
req007991,u8826,3,0,0,0,-1.0,-1.0,0
req006750,u8827,1,0,0,0,-1.0,-1.0,0
req007511,u8828,1,0,0,0,-1.0,-1.0,0
req001960,u8829,1,0,0,0,-1.0,-1.0,0
req003816,u8834,1,0,0,0,-1.0,-1.0,0
req006661,u8834,2,0,0,0,-1.0,-1.0,0
req008927,u8834,3,0,0,0,-1.0,-1.0,0
req002067,u8836,1,0,0,0,-1.0,-1.0,0
req000673,u8837,1,0,0,0,-1.0,-1.0,0
req008583,u8837,2,0,0,0,-1.0,-1.0,0
req005135,u8838,1,0,0,0,-1.0,-1.0,0
req000612,u8839,1,0,0,0,-1.0,-1.0,0
req002143,u8839,2,1,0,0,-1.0,-1.0,0
req008007,u8840,1,0,0,0,-1.0,-1.0,0
req009677,u8841,1,0,0,0,-1.0,-1.0,0
req003620,u8842,1,0,0,0,-1.0,-1.0,0
req000912,u8844,1,1,0,0,-1.0,-1.0,0
req003999,u8845,1,0,0,0,-1.0,-1.0,0
req004116,u8845,2,0,0,0,-1.0,-1.0,0
req007207,u8845,3,0,0,0,-1.0,-1.0,0
req005712,u8846,1,0,0,0,-1.0,-1.0,0
req006407,u8847,1,0,0,0,-1.0,-1.0,0
req002429,u8849,1,0,0,0,-1.0,-1.0,0
req001436,u8850,1,0,0,0,-1.0,-1.0,0
req006322,u8850,2,0,0,0,-1.0,-1.0,0
req005505,u8851,1,0,0,0,-1.0,-1.0,0
req001593,u8854,1,0,0,0,-1.0,-1.0,0
req002394,u8854,2,1,0,0,-1.0,-1.0,0
req006428,u8854,3,1,0,1,4034.0,4034.0,0
req000859,u8857,1,0,0,0,-1.0,-1.0,0
req008973,u8860,1,0,0,0,-1.0,-1.0,0
req009932,u8860,2,0,0,0,-1.0,-1.0,0
req008052,u8862,1,1,0,0,-1.0,-1.0,0
req009790,u8862,2,1,0,1,1738.0,1738.0,1
req008986,u8864,1,0,0,0,-1.0,-1.0,0
req009515,u8865,1,0,0,0,-1.0,-1.0,0
req003199,u8866,1,0,0,0,-1.0,-1.0,0
req000340,u8868,1,0,0,0,-1.0,-1.0,0
req000450,u8869,1,0,0,0,-1.0,-1.0,0
req003866,u8871,1,0,0,0,-1.0,-1.0,0
req005954,u8871,2,0,0,0,-1.0,-1.0,0
req002481,u8872,1,1,0,0,-1.0,-1.0,0
req009636,u8872,2,1,0,1,7155.0,7155.0,0
req002520,u8873,1,0,0,0,-1.0,-1.0,0
req004164,u8874,1,0,0,0,-1.0,-1.0,0
req009161,u8874,2,0,0,0,-1.0,-1.0,0
req005545,u8877,1,0,0,0,-1.0,-1.0,0
req006434,u8877,2,0,0,0,-1.0,-1.0,0
req009663,u8877,3,0,0,0,-1.0,-1.0,0
req002551,u8878,1,0,0,0,-1.0,-1.0,0
req007338,u8878,2,0,0,0,-1.0,-1.0,0
req008050,u8878,3,0,0,0,-1.0,-1.0,0
req008139,u8878,4,0,0,0,-1.0,-1.0,0
req006375,u8879,1,0,0,0,-1.0,-1.0,0
req009345,u8880,1,0,0,0,-1.0,-1.0,0
req004365,u8881,1,0,0,0,-1.0,-1.0,0
req003993,u8884,1,0,0,0,-1.0,-1.0,0
req003790,u8885,1,0,0,0,-1.0,-1.0,0
req006229,u8886,1,1,0,0,-1.0,-1.0,0
req007941,u8886,2,1,0,1,1712.0,1712.0,1
req008433,u8887,1,0,0,0,-1.0,-1.0,0
req008923,u8887,2,0,0,0,-1.0,-1.0,0
req009556,u8888,1,0,0,0,-1.0,-1.0,0
req004326,u8890,1,0,0,0,-1.0,-1.0,0
req005744,u8890,2,0,0,0,-1.0,-1.0,0
req005602,u8892,1,0,0,0,-1.0,-1.0,0
req007345,u8892,2,0,0,0,-1.0,-1.0,0
req001414,u8893,1,1,0,0,-1.0,-1.0,0
req004330,u8894,1,0,0,0,-1.0,-1.0,0
req008010,u8894,2,0,0,0,-1.0,-1.0,0
req003859,u8895,1,0,0,0,-1.0,-1.0,0
req007913,u8895,2,0,0,0,-1.0,-1.0,0
req000988,u8898,1,0,0,0,-1.0,-1.0,0
req004298,u8899,1,0,0,0,-1.0,-1.0,0
req007078,u8899,2,0,0,0,-1.0,-1.0,0
req008691,u8901,1,0,0,0,-1.0,-1.0,0
req002355,u8904,1,0,0,0,-1.0,-1.0,0
req004590,u8904,2,0,0,0,-1.0,-1.0,0
req002539,u8905,1,0,0,0,-1.0,-1.0,0
req005050,u8905,2,0,0,0,-1.0,-1.0,0
req000171,u8906,1,0,0,0,-1.0,-1.0,0
req006616,u8906,2,0,0,0,-1.0,-1.0,0
req007446,u8906,3,0,0,0,-1.0,-1.0,0
req009119,u8908,1,0,0,0,-1.0,-1.0,0
req009333,u8910,1,0,0,0,-1.0,-1.0,0
req005237,u8911,1,0,0,0,-1.0,-1.0,0
req003068,u8912,1,0,0,0,-1.0,-1.0,0
req008959,u8912,2,0,0,0,-1.0,-1.0,0
req000779,u8915,1,0,0,0,-1.0,-1.0,0
req004891,u8915,2,0,0,0,-1.0,-1.0,0
req006453,u8915,3,0,0,0,-1.0,-1.0,0
req009478,u8916,1,0,0,0,-1.0,-1.0,0
req005347,u8917,1,0,0,0,-1.0,-1.0,0
req002082,u8918,1,0,0,0,-1.0,-1.0,0
req005616,u8918,2,1,0,0,-1.0,-1.0,0
req001118,u8919,1,0,0,0,-1.0,-1.0,0
req006420,u8920,1,0,0,0,-1.0,-1.0,0
req006069,u8921,1,1,0,0,-1.0,-1.0,0
req007774,u8921,2,1,0,1,1705.0,1705.0,1
req008549,u8921,3,2,1,1,2480.0,2480.0,1
req002747,u8922,1,0,0,0,-1.0,-1.0,0
req007763,u8922,2,0,0,0,-1.0,-1.0,0
req009514,u8922,3,0,0,0,-1.0,-1.0,0
req009621,u8922,4,0,0,0,-1.0,-1.0,0
req007761,u8924,1,0,0,0,-1.0,-1.0,0
req001735,u8925,1,0,0,0,-1.0,-1.0,0
req003550,u8925,2,0,0,0,-1.0,-1.0,0
req005277,u8925,3,0,0,0,-1.0,-1.0,0
req009297,u8927,1,0,0,0,-1.0,-1.0,0
req003594,u8929,1,0,0,0,-1.0,-1.0,0
req003311,u8930,1,1,0,0,-1.0,-1.0,0
req005473,u8930,2,1,0,1,2162.0,2162.0,1
req005953,u8930,3,1,0,1,2642.0,2642.0,1
req009421,u8931,1,1,0,0,-1.0,-1.0,0
req003530,u8933,1,0,0,0,-1.0,-1.0,0
req007662,u8935,1,0,0,0,-1.0,-1.0,0
req003035,u8936,1,0,0,0,-1.0,-1.0,0
req003001,u8937,1,0,0,0,-1.0,-1.0,0
req001052,u8939,1,0,0,0,-1.0,-1.0,0
req008865,u8940,1,0,0,0,-1.0,-1.0,0
req001479,u8942,1,0,0,0,-1.0,-1.0,0
req002146,u8942,2,0,0,0,-1.0,-1.0,0
req009570,u8943,1,0,0,0,-1.0,-1.0,0
req004359,u8944,1,0,0,0,-1.0,-1.0,0
req007751,u8944,2,0,0,0,-1.0,-1.0,0
req002559,u8945,1,0,0,0,-1.0,-1.0,0
req007619,u8945,2,0,0,0,-1.0,-1.0,0
req003260,u8946,1,0,0,0,-1.0,-1.0,0
req008422,u8946,2,0,0,0,-1.0,-1.0,0
req004505,u8947,1,0,0,0,-1.0,-1.0,0
req005067,u8947,2,0,0,0,-1.0,-1.0,0
req004086,u8949,1,0,0,0,-1.0,-1.0,0
req005541,u8950,1,0,0,0,-1.0,-1.0,0
req007402,u8950,2,0,0,0,-1.0,-1.0,0
req008916,u8951,1,0,0,0,-1.0,-1.0,0
req003060,u8953,1,0,0,0,-1.0,-1.0,0
req001608,u8954,1,0,0,0,-1.0,-1.0,0
req003948,u8954,2,0,0,0,-1.0,-1.0,0
req004557,u8954,3,0,0,0,-1.0,-1.0,0
req005273,u8956,1,0,0,0,-1.0,-1.0,0
req005720,u8957,1,1,0,0,-1.0,-1.0,0
req008829,u8957,2,1,0,1,3109.0,3109.0,1
req003768,u8958,1,0,0,0,-1.0,-1.0,0
req009037,u8958,2,0,0,0,-1.0,-1.0,0
req009324,u8958,3,1,0,0,-1.0,-1.0,0
req004536,u8959,1,0,0,0,-1.0,-1.0,0
req005532,u8959,2,0,0,0,-1.0,-1.0,0
req009817,u8959,3,0,0,0,-1.0,-1.0,0
req000620,u8960,1,0,0,0,-1.0,-1.0,0
req001534,u8960,2,0,0,0,-1.0,-1.0,0
req001024,u8962,1,0,0,0,-1.0,-1.0,0
req004425,u8962,2,0,0,0,-1.0,-1.0,0
req003819,u8963,1,0,0,0,-1.0,-1.0,0
req004940,u8963,2,0,0,0,-1.0,-1.0,0
req007755,u8963,3,0,0,0,-1.0,-1.0,0
req007261,u8965,1,0,0,0,-1.0,-1.0,0
req007583,u8965,2,0,0,0,-1.0,-1.0,0
req005830,u8966,1,1,0,0,-1.0,-1.0,0
req008439,u8966,2,1,0,1,2609.0,2609.0,1
req001367,u8967,1,0,0,0,-1.0,-1.0,0
req002926,u8967,2,0,0,0,-1.0,-1.0,0
req003981,u8968,1,0,0,0,-1.0,-1.0,0
req008776,u8969,1,0,0,0,-1.0,-1.0,0
req007974,u8970,1,0,0,0,-1.0,-1.0,0
req008667,u8972,1,0,0,0,-1.0,-1.0,0
req004819,u8973,1,0,0,0,-1.0,-1.0,0
req007167,u8973,2,0,0,0,-1.0,-1.0,0
req004743,u8974,1,0,0,0,-1.0,-1.0,0
req007109,u8975,1,0,0,0,-1.0,-1.0,0
req001201,u8976,1,1,0,0,-1.0,-1.0,0
req000699,u8977,1,0,0,0,-1.0,-1.0,0
req001389,u8977,2,0,0,0,-1.0,-1.0,0
req006170,u8977,3,0,0,0,-1.0,-1.0,0
req006392,u8977,4,0,0,0,-1.0,-1.0,0
req002799,u8981,1,0,0,0,-1.0,-1.0,0
req005506,u8981,2,0,0,0,-1.0,-1.0,0
req002239,u8985,1,0,0,0,-1.0,-1.0,0
req007882,u8985,2,0,0,0,-1.0,-1.0,0
req006883,u8988,1,1,1,0,-1.0,-1.0,0
req007394,u8989,1,0,0,0,-1.0,-1.0,0
req002770,u8990,1,0,0,0,-1.0,-1.0,0
req006001,u8991,1,0,0,0,-1.0,-1.0,0
req007253,u8995,1,0,0,0,-1.0,-1.0,0
req009633,u8995,2,0,0,0,-1.0,-1.0,0
req009802,u8995,3,0,0,0,-1.0,-1.0,0
req009373,u8996,1,0,0,0,-1.0,-1.0,0
req003137,u8997,1,0,0,0,-1.0,-1.0,0
req005349,u8997,2,0,0,0,-1.0,-1.0,0
req007189,u8997,3,0,0,0,-1.0,-1.0,0
req009003,u8997,4,0,0,0,-1.0,-1.0,0
req004769,u8998,1,0,0,0,-1.0,-1.0,0
req005444,u8998,2,0,0,0,-1.0,-1.0,0
req000343,u8999,1,1,0,0,-1.0,-1.0,0
req002363,u8999,2,1,0,1,2020.0,2020.0,1
req009290,u9000,1,1,0,0,-1.0,-1.0,0
req002665,u9002,1,0,0,0,-1.0,-1.0,0
req006649,u9002,2,0,0,0,-1.0,-1.0,0
req006684,u9002,3,0,0,0,-1.0,-1.0,0
req003518,u9003,1,0,0,0,-1.0,-1.0,0
req003645,u9003,2,0,0,0,-1.0,-1.0,0
req008275,u9003,3,0,0,0,-1.0,-1.0,0
req002020,u9004,1,0,0,0,-1.0,-1.0,0
req007224,u9005,1,0,0,0,-1.0,-1.0,0
req008728,u9006,1,1,1,0,-1.0,-1.0,0
req009405,u9006,2,1,1,1,677.0,677.0,1
req006718,u9008,1,0,0,0,-1.0,-1.0,0
req005858,u9012,1,0,0,0,-1.0,-1.0,0
req007012,u9012,2,1,0,0,-1.0,-1.0,0
req004075,u9015,1,0,0,0,-1.0,-1.0,0
req009709,u9015,2,0,0,0,-1.0,-1.0,0
req009959,u9016,1,0,0,0,-1.0,-1.0,0
req007475,u9017,1,0,0,0,-1.0,-1.0,0
req002579,u9018,1,0,0,0,-1.0,-1.0,0
req007737,u9018,2,0,0,0,-1.0,-1.0,0
req006113,u9019,1,0,0,0,-1.0,-1.0,0
req003104,u9020,1,0,0,0,-1.0,-1.0,0
req005406,u9022,1,0,0,0,-1.0,-1.0,0
req009365,u9024,1,0,0,0,-1.0,-1.0,0
req003651,u9025,1,1,0,0,-1.0,-1.0,0
req006478,u9028,1,0,0,0,-1.0,-1.0,0
req009328,u9028,2,0,0,0,-1.0,-1.0,0
req004051,u9029,1,0,0,0,-1.0,-1.0,0
req004295,u9030,1,0,0,0,-1.0,-1.0,0
req009807,u9030,2,0,0,0,-1.0,-1.0,0
req005356,u9031,1,0,0,0,-1.0,-1.0,0
req003021,u9032,1,0,0,0,-1.0,-1.0,0
req008253,u9032,2,1,0,0,-1.0,-1.0,0
req003793,u9033,1,0,0,0,-1.0,-1.0,0
req003966,u9033,2,0,0,0,-1.0,-1.0,0
req007839,u9033,3,1,0,0,-1.0,-1.0,0
req003897,u9034,1,0,0,0,-1.0,-1.0,0
req004496,u9034,2,0,0,0,-1.0,-1.0,0
req009764,u9034,3,0,0,0,-1.0,-1.0,0
req007554,u9037,1,1,0,0,-1.0,-1.0,0
req006003,u9039,1,0,0,0,-1.0,-1.0,0
req006066,u9039,2,1,0,0,-1.0,-1.0,0
req002574,u9040,1,0,0,0,-1.0,-1.0,0
req004968,u9040,2,0,0,0,-1.0,-1.0,0
req007719,u9040,3,0,0,0,-1.0,-1.0,0
req005512,u9042,1,0,0,0,-1.0,-1.0,0
req006885,u9045,1,0,0,0,-1.0,-1.0,0
req009925,u9045,2,0,0,0,-1.0,-1.0,0
req002074,u9046,1,0,0,0,-1.0,-1.0,0
req003102,u9047,1,0,0,0,-1.0,-1.0,0
req006641,u9049,1,0,0,0,-1.0,-1.0,0
req009617,u9049,2,0,0,0,-1.0,-1.0,0
req000228,u9050,1,0,0,0,-1.0,-1.0,0
req007848,u9050,2,0,0,0,-1.0,-1.0,0
req008860,u9050,3,1,0,0,-1.0,-1.0,0
req005486,u9052,1,0,0,0,-1.0,-1.0,0
req002903,u9054,1,0,0,0,-1.0,-1.0,0
req004461,u9054,2,0,0,0,-1.0,-1.0,0
req000428,u9055,1,0,0,0,-1.0,-1.0,0
req001468,u9055,2,0,0,0,-1.0,-1.0,0
req008530,u9056,1,0,0,0,-1.0,-1.0,0
req005650,u9058,1,0,0,0,-1.0,-1.0,0
req007807,u9060,1,0,0,0,-1.0,-1.0,0
req004280,u9061,1,0,0,0,-1.0,-1.0,0
req007363,u9064,1,0,0,0,-1.0,-1.0,0
req000547,u9065,1,0,0,0,-1.0,-1.0,0
req004041,u9065,2,0,0,0,-1.0,-1.0,0
req005992,u9066,1,0,0,0,-1.0,-1.0,0
req003554,u9067,1,0,0,0,-1.0,-1.0,0
req007499,u9067,2,0,0,0,-1.0,-1.0,0
req003704,u9068,1,1,0,0,-1.0,-1.0,0
req009276,u9068,2,2,0,1,5572.0,5572.0,0
req004517,u9069,1,0,0,0,-1.0,-1.0,0
req003429,u9070,1,0,0,0,-1.0,-1.0,0
req004091,u9070,2,0,0,0,-1.0,-1.0,0
req000965,u9071,1,0,0,0,-1.0,-1.0,0
req005478,u9071,2,0,0,0,-1.0,-1.0,0
req008795,u9071,3,0,0,0,-1.0,-1.0,0
req004603,u9073,1,0,0,0,-1.0,-1.0,0
req002283,u9074,1,1,0,0,-1.0,-1.0,0
req003267,u9074,2,1,0,1,984.0,984.0,1
req002514,u9075,1,0,0,0,-1.0,-1.0,0
req008900,u9075,2,1,0,0,-1.0,-1.0,0
req005682,u9076,1,0,0,0,-1.0,-1.0,0
req007481,u9076,2,0,0,0,-1.0,-1.0,0
req008417,u9076,3,0,0,0,-1.0,-1.0,0
req003831,u9077,1,0,0,0,-1.0,-1.0,0
req005415,u9077,2,0,0,0,-1.0,-1.0,0
req004987,u9078,1,0,0,0,-1.0,-1.0,0
req006986,u9079,1,0,0,0,-1.0,-1.0,0
req007241,u9079,2,0,0,0,-1.0,-1.0,0
req005362,u9083,1,0,0,0,-1.0,-1.0,0
req001381,u9084,1,0,0,0,-1.0,-1.0,0
req004633,u9084,2,0,0,0,-1.0,-1.0,0
req009794,u9084,3,1,0,0,-1.0,-1.0,0
req003581,u9085,1,0,0,0,-1.0,-1.0,0
req007910,u9087,1,0,0,0,-1.0,-1.0,0
req007026,u9088,1,0,0,0,-1.0,-1.0,0
req007973,u9088,2,0,0,0,-1.0,-1.0,0
req009245,u9090,1,0,0,0,-1.0,-1.0,0
req008552,u9091,1,0,0,0,-1.0,-1.0,0
req001386,u9092,1,0,0,0,-1.0,-1.0,0
req001983,u9093,1,1,0,0,-1.0,-1.0,0
req003014,u9094,1,1,0,0,-1.0,-1.0,0
req009531,u9094,2,1,0,1,6517.0,6517.0,0
req002370,u9095,1,0,0,0,-1.0,-1.0,0
req003687,u9100,1,0,0,0,-1.0,-1.0,0
req003786,u9103,1,0,0,0,-1.0,-1.0,0
req001640,u9106,1,0,0,0,-1.0,-1.0,0
req002023,u9107,1,1,0,0,-1.0,-1.0,0
req003281,u9107,2,2,0,1,1258.0,1258.0,1
req007491,u9107,3,2,0,2,4839.0,4210.0,0
req000579,u9108,1,0,0,0,-1.0,-1.0,0
req001574,u9108,2,0,0,0,-1.0,-1.0,0
req003955,u9108,3,0,0,0,-1.0,-1.0,0
req001030,u9109,1,0,0,0,-1.0,-1.0,0
req004523,u9109,2,0,0,0,-1.0,-1.0,0
req006414,u9109,3,0,0,0,-1.0,-1.0,0
req005144,u9110,1,0,0,0,-1.0,-1.0,0
req005636,u9112,1,0,0,0,-1.0,-1.0,0
req008590,u9112,2,0,0,0,-1.0,-1.0,0
req000918,u9114,1,0,0,0,-1.0,-1.0,0
req006082,u9114,2,0,0,0,-1.0,-1.0,0
req008710,u9114,3,0,0,0,-1.0,-1.0,0
req003772,u9115,1,0,0,0,-1.0,-1.0,0
req002450,u9116,1,0,0,0,-1.0,-1.0,0
req002644,u9116,2,0,0,0,-1.0,-1.0,0
req002736,u9116,3,0,0,0,-1.0,-1.0,0
req000056,u9117,1,0,0,0,-1.0,-1.0,0
req000626,u9117,2,0,0,0,-1.0,-1.0,0
req005642,u9117,3,0,0,0,-1.0,-1.0,0
req005970,u9117,4,0,0,0,-1.0,-1.0,0
req002346,u9119,1,1,0,0,-1.0,-1.0,0
req004345,u9119,2,1,0,1,1999.0,1999.0,1
req005186,u9119,3,1,0,1,2840.0,2840.0,1
req008131,u9119,4,1,0,1,5785.0,5785.0,0
req003740,u9121,1,0,0,0,-1.0,-1.0,0
req005889,u9121,2,0,0,0,-1.0,-1.0,0
req007653,u9121,3,0,0,0,-1.0,-1.0,0
req008799,u9121,4,0,0,0,-1.0,-1.0,0
req001154,u9122,1,0,0,0,-1.0,-1.0,0
req002950,u9122,2,0,0,0,-1.0,-1.0,0
req003970,u9122,3,0,0,0,-1.0,-1.0,0
req003484,u9123,1,0,0,0,-1.0,-1.0,0
req007702,u9123,2,1,1,0,-1.0,-1.0,0
req008519,u9124,1,0,0,0,-1.0,-1.0,0
req007285,u9125,1,0,0,0,-1.0,-1.0,0
req001492,u9126,1,1,0,0,-1.0,-1.0,0
req005563,u9126,2,1,0,1,4071.0,4071.0,0
req005900,u9128,1,0,0,0,-1.0,-1.0,0
req008431,u9128,2,0,0,0,-1.0,-1.0,0
req002963,u9130,1,0,0,0,-1.0,-1.0,0
req006815,u9130,2,0,0,0,-1.0,-1.0,0
req000769,u9132,1,0,0,0,-1.0,-1.0,0
req005063,u9134,1,0,0,0,-1.0,-1.0,0
req009624,u9134,2,1,0,0,-1.0,-1.0,0
req001943,u9136,1,0,0,0,-1.0,-1.0,0
req006671,u9137,1,0,0,0,-1.0,-1.0,0
req007036,u9137,2,0,0,0,-1.0,-1.0,0
req005912,u9138,1,1,0,0,-1.0,-1.0,0
req000226,u9139,1,0,0,0,-1.0,-1.0,0
req009399,u9139,2,0,0,0,-1.0,-1.0,0
req007306,u9141,1,0,0,0,-1.0,-1.0,0
req002306,u9142,1,0,0,0,-1.0,-1.0,0
req006674,u9142,2,0,0,0,-1.0,-1.0,0
req007759,u9143,1,0,0,0,-1.0,-1.0,0
req007911,u9143,2,0,0,0,-1.0,-1.0,0
req008516,u9148,1,0,0,0,-1.0,-1.0,0
req002022,u9156,1,0,0,0,-1.0,-1.0,0
req000726,u9157,1,0,0,0,-1.0,-1.0,0
req002886,u9157,2,0,0,0,-1.0,-1.0,0
req002960,u9160,1,0,0,0,-1.0,-1.0,0
req004638,u9160,2,0,0,0,-1.0,-1.0,0
req002492,u9161,1,0,0,0,-1.0,-1.0,0
req003904,u9163,1,1,1,0,-1.0,-1.0,0
req002897,u9165,1,0,0,0,-1.0,-1.0,0
req003488,u9165,2,0,0,0,-1.0,-1.0,0
req008455,u9165,3,0,0,0,-1.0,-1.0,0
req009956,u9166,1,0,0,0,-1.0,-1.0,0
req008072,u9168,1,0,0,0,-1.0,-1.0,0
req008771,u9169,1,0,0,0,-1.0,-1.0,0
req008757,u9170,1,0,0,0,-1.0,-1.0,0
req006633,u9171,1,0,0,0,-1.0,-1.0,0
req004018,u9173,1,0,0,0,-1.0,-1.0,0
req009827,u9174,1,0,0,0,-1.0,-1.0,0
req002496,u9175,1,0,0,0,-1.0,-1.0,0
req004816,u9177,1,0,0,0,-1.0,-1.0,0
req009035,u9177,2,0,0,0,-1.0,-1.0,0
req007124,u9178,1,1,0,0,-1.0,-1.0,0
req007842,u9179,1,0,0,0,-1.0,-1.0,0
req002004,u9180,1,0,0,0,-1.0,-1.0,0
req002859,u9180,2,0,0,0,-1.0,-1.0,0
req008716,u9180,3,0,0,0,-1.0,-1.0,0
req006157,u9181,1,0,0,0,-1.0,-1.0,0
req006735,u9181,2,0,0,0,-1.0,-1.0,0
req007571,u9181,3,0,0,0,-1.0,-1.0,0
req008779,u9183,1,0,0,0,-1.0,-1.0,0
req009538,u9183,2,0,0,0,-1.0,-1.0,0
req005287,u9185,1,0,0,0,-1.0,-1.0,0
req000825,u9186,1,0,0,0,-1.0,-1.0,0
req009013,u9186,2,0,0,0,-1.0,-1.0,0
req001949,u9187,1,0,0,0,-1.0,-1.0,0
req003017,u9188,1,0,0,0,-1.0,-1.0,0
req001393,u9189,1,0,0,0,-1.0,-1.0,0
req003817,u9190,1,0,0,0,-1.0,-1.0,0
req005324,u9193,1,0,0,0,-1.0,-1.0,0
req006268,u9194,1,0,0,0,-1.0,-1.0,0
req005449,u9195,1,0,0,0,-1.0,-1.0,0
req001026,u9196,1,0,0,0,-1.0,-1.0,0
req009953,u9198,1,0,0,0,-1.0,-1.0,0
req002864,u9200,1,0,0,0,-1.0,-1.0,0
req000412,u9201,1,0,0,0,-1.0,-1.0,0
req003358,u9201,2,0,0,0,-1.0,-1.0,0
req006313,u9201,3,1,0,0,-1.0,-1.0,0
req006820,u9201,4,2,0,1,507.0,507.0,1
req000718,u9202,1,0,0,0,-1.0,-1.0,0
req004198,u9202,2,0,0,0,-1.0,-1.0,0
req007550,u9202,3,0,0,0,-1.0,-1.0,0
req007793,u9203,1,0,0,0,-1.0,-1.0,0
req000728,u9205,1,0,0,0,-1.0,-1.0,0
req001431,u9205,2,1,0,0,-1.0,-1.0,0
req006535,u9206,1,0,0,0,-1.0,-1.0,0
req009248,u9206,2,0,0,0,-1.0,-1.0,0
req001816,u9207,1,0,0,0,-1.0,-1.0,0
req001206,u9208,1,0,0,0,-1.0,-1.0,0
req001359,u9208,2,0,0,0,-1.0,-1.0,0
req007440,u9209,1,0,0,0,-1.0,-1.0,0
req008935,u9210,1,0,0,0,-1.0,-1.0,0
req002769,u9212,1,0,0,0,-1.0,-1.0,0
req003139,u9212,2,0,0,0,-1.0,-1.0,0
req006484,u9212,3,0,0,0,-1.0,-1.0,0
req005489,u9216,1,0,0,0,-1.0,-1.0,0
req003430,u9217,1,0,0,0,-1.0,-1.0,0
req004001,u9217,2,0,0,0,-1.0,-1.0,0
req007634,u9217,3,0,0,0,-1.0,-1.0,0
req002154,u9219,1,0,0,0,-1.0,-1.0,0
req003279,u9219,2,0,0,0,-1.0,-1.0,0
req003764,u9219,3,0,0,0,-1.0,-1.0,0
req009860,u9220,1,0,0,0,-1.0,-1.0,0
req008312,u9221,1,0,0,0,-1.0,-1.0,0
req004806,u9223,1,0,0,0,-1.0,-1.0,0
req005823,u9223,2,1,0,0,-1.0,-1.0,0
req000185,u9224,1,0,0,0,-1.0,-1.0,0
req000730,u9225,1,1,0,0,-1.0,-1.0,0
req003870,u9226,1,0,0,0,-1.0,-1.0,0
req008727,u9226,2,0,0,0,-1.0,-1.0,0
req004852,u9227,1,0,0,0,-1.0,-1.0,0
req008560,u9227,2,0,0,0,-1.0,-1.0,0
req000443,u9228,1,0,0,0,-1.0,-1.0,0
req003963,u9228,2,0,0,0,-1.0,-1.0,0
req005471,u9228,3,0,0,0,-1.0,-1.0,0
req000028,u9229,1,0,0,0,-1.0,-1.0,0
req002867,u9229,2,0,0,0,-1.0,-1.0,0
req009257,u9229,3,0,0,0,-1.0,-1.0,0
req001594,u9231,1,0,0,0,-1.0,-1.0,0
req000073,u9232,1,0,0,0,-1.0,-1.0,0
req008464,u9233,1,0,0,0,-1.0,-1.0,0
req004547,u9234,1,0,0,0,-1.0,-1.0,0
req008689,u9234,2,0,0,0,-1.0,-1.0,0
req000246,u9235,1,1,0,0,-1.0,-1.0,0
req002451,u9237,1,0,0,0,-1.0,-1.0,0
req007503,u9237,2,0,0,0,-1.0,-1.0,0
req004271,u9239,1,0,0,0,-1.0,-1.0,0
req001265,u9242,1,0,0,0,-1.0,-1.0,0
req003147,u9243,1,0,0,0,-1.0,-1.0,0
req001935,u9245,1,0,0,0,-1.0,-1.0,0
req006263,u9245,2,0,0,0,-1.0,-1.0,0
req001453,u9246,1,0,0,0,-1.0,-1.0,0
req004853,u9246,2,1,0,0,-1.0,-1.0,0
req001764,u9247,1,0,0,0,-1.0,-1.0,0
req006776,u9247,2,0,0,0,-1.0,-1.0,0
req002785,u9248,1,0,0,0,-1.0,-1.0,0
req002590,u9249,1,0,0,0,-1.0,-1.0,0
req009007,u9249,2,0,0,0,-1.0,-1.0,0
req004971,u9250,1,0,0,0,-1.0,-1.0,0
req006226,u9251,1,0,0,0,-1.0,-1.0,0
req000120,u9252,1,1,0,0,-1.0,-1.0,0
req002643,u9252,2,1,0,1,2523.0,2523.0,1
req003249,u9252,3,1,0,1,3129.0,3129.0,1
req009763,u9252,4,2,0,1,9643.0,9643.0,0
req002309,u9253,1,0,0,0,-1.0,-1.0,0
req007177,u9253,2,0,0,0,-1.0,-1.0,0
req007585,u9254,1,0,0,0,-1.0,-1.0,0
req006552,u9255,1,0,0,0,-1.0,-1.0,0
req001848,u9256,1,0,0,0,-1.0,-1.0,0
req004249,u9256,2,0,0,0,-1.0,-1.0,0
req009088,u9256,3,0,0,0,-1.0,-1.0,0
req000190,u9257,1,0,0,0,-1.0,-1.0,0
req006174,u9259,1,0,0,0,-1.0,-1.0,0
req005845,u9260,1,0,0,0,-1.0,-1.0,0
req007250,u9260,2,0,0,0,-1.0,-1.0,0
req009278,u9260,3,0,0,0,-1.0,-1.0,0
req002248,u9261,1,0,0,0,-1.0,-1.0,0
req000040,u9263,1,0,0,0,-1.0,-1.0,0
req004733,u9263,2,0,0,0,-1.0,-1.0,0
req008593,u9263,3,0,0,0,-1.0,-1.0,0
req001887,u9264,1,0,0,0,-1.0,-1.0,0
req003231,u9264,2,0,0,0,-1.0,-1.0,0
req002882,u9266,1,0,0,0,-1.0,-1.0,0
req000591,u9271,1,0,0,0,-1.0,-1.0,0
req006672,u9271,2,0,0,0,-1.0,-1.0,0
req002772,u9272,1,0,0,0,-1.0,-1.0,0
req006417,u9274,1,0,0,0,-1.0,-1.0,0
req001756,u9275,1,1,0,0,-1.0,-1.0,0
req002368,u9275,2,1,0,1,612.0,612.0,1
req006419,u9275,3,1,0,1,4663.0,4663.0,0
req006832,u9275,4,1,0,1,5076.0,5076.0,0
req008452,u9275,5,1,0,1,6696.0,6696.0,0
req000786,u9276,1,0,0,0,-1.0,-1.0,0
req008391,u9278,1,0,0,0,-1.0,-1.0,0
req001018,u9281,1,1,0,0,-1.0,-1.0,0
req003467,u9282,1,0,0,0,-1.0,-1.0,0
req003558,u9283,1,0,0,0,-1.0,-1.0,0
req000896,u9284,1,0,0,0,-1.0,-1.0,0
req008197,u9284,2,0,0,0,-1.0,-1.0,0
req009043,u9285,1,0,0,0,-1.0,-1.0,0
req009379,u9285,2,0,0,0,-1.0,-1.0,0
req001353,u9286,1,0,0,0,-1.0,-1.0,0
req003322,u9290,1,0,0,0,-1.0,-1.0,0
req005482,u9290,2,0,0,0,-1.0,-1.0,0
req000658,u9293,1,0,0,0,-1.0,-1.0,0
req001838,u9294,1,0,0,0,-1.0,-1.0,0
req002827,u9295,1,0,0,0,-1.0,-1.0,0
req000661,u9296,1,0,0,0,-1.0,-1.0,0
req005381,u9296,2,0,0,0,-1.0,-1.0,0
req000157,u9297,1,0,0,0,-1.0,-1.0,0
req001004,u9297,2,0,0,0,-1.0,-1.0,0
req009241,u9297,3,0,0,0,-1.0,-1.0,0
req009856,u9297,4,0,0,0,-1.0,-1.0,0
req001207,u9299,1,1,0,0,-1.0,-1.0,0
req009142,u9299,2,1,0,1,7935.0,7935.0,0
req002475,u9301,1,0,0,0,-1.0,-1.0,0
req001097,u9303,1,0,0,0,-1.0,-1.0,0
req000259,u9304,1,0,0,0,-1.0,-1.0,0
req002691,u9304,2,0,0,0,-1.0,-1.0,0
req007273,u9304,3,0,0,0,-1.0,-1.0,0
req000729,u9305,1,0,0,0,-1.0,-1.0,0
req007364,u9305,2,0,0,0,-1.0,-1.0,0
req009401,u9305,3,0,0,0,-1.0,-1.0,0
req005812,u9306,1,0,0,0,-1.0,-1.0,0
req007590,u9306,2,0,0,0,-1.0,-1.0,0
req000098,u9307,1,1,1,0,-1.0,-1.0,0
req000534,u9307,2,1,1,1,436.0,436.0,1
req005011,u9307,3,1,1,1,4913.0,4913.0,0
req001406,u9308,1,0,0,0,-1.0,-1.0,0
req003597,u9308,2,0,0,0,-1.0,-1.0,0
req002540,u9309,1,0,0,0,-1.0,-1.0,0
req001168,u9310,1,0,0,0,-1.0,-1.0,0
req003598,u9310,2,0,0,0,-1.0,-1.0,0
req004028,u9310,3,0,0,0,-1.0,-1.0,0
req007130,u9310,4,0,0,0,-1.0,-1.0,0
req007993,u9310,5,0,0,0,-1.0,-1.0,0
req009967,u9310,6,1,0,0,-1.0,-1.0,0
req001570,u9311,1,0,0,0,-1.0,-1.0,0
req006012,u9311,2,0,0,0,-1.0,-1.0,0
req000840,u9312,1,0,0,0,-1.0,-1.0,0
req000987,u9312,2,0,0,0,-1.0,-1.0,0
req003923,u9312,3,1,0,0,-1.0,-1.0,0
req009654,u9313,1,0,0,0,-1.0,-1.0,0
req005737,u9314,1,0,0,0,-1.0,-1.0,0
req003654,u9315,1,0,0,0,-1.0,-1.0,0
req002327,u9316,1,1,0,0,-1.0,-1.0,0
req002375,u9316,2,1,0,1,48.0,48.0,1
req003006,u9316,3,1,0,1,679.0,679.0,1
req007291,u9316,4,1,0,1,4964.0,4964.0,0
req000462,u9317,1,0,0,0,-1.0,-1.0,0
req002750,u9317,2,0,0,0,-1.0,-1.0,0
req008906,u9318,1,0,0,0,-1.0,-1.0,0
req005963,u9322,1,0,0,0,-1.0,-1.0,0
req003003,u9323,1,0,0,0,-1.0,-1.0,0
req008615,u9323,2,0,0,0,-1.0,-1.0,0
req007274,u9325,1,0,0,0,-1.0,-1.0,0
req004046,u9327,1,0,0,0,-1.0,-1.0,0
req005717,u9327,2,0,0,0,-1.0,-1.0,0
req006122,u9327,3,0,0,0,-1.0,-1.0,0
req006171,u9327,4,0,0,0,-1.0,-1.0,0
req008813,u9327,5,0,0,0,-1.0,-1.0,0
req009983,u9328,1,0,0,0,-1.0,-1.0,0
req007296,u9332,1,0,0,0,-1.0,-1.0,0
req009567,u9332,2,0,0,0,-1.0,-1.0,0
req000483,u9333,1,0,0,0,-1.0,-1.0,0
req009977,u9334,1,0,0,0,-1.0,-1.0,0
req001913,u9335,1,0,0,0,-1.0,-1.0,0
req006610,u9336,1,0,0,0,-1.0,-1.0,0
req008113,u9336,2,0,0,0,-1.0,-1.0,0
req006709,u9337,1,0,0,0,-1.0,-1.0,0
req002633,u9340,1,0,0,0,-1.0,-1.0,0
req005944,u9342,1,0,0,0,-1.0,-1.0,0
req001548,u9343,1,0,0,0,-1.0,-1.0,0
req001256,u9344,1,0,0,0,-1.0,-1.0,0
req009286,u9344,2,0,0,0,-1.0,-1.0,0
req002858,u9346,1,0,0,0,-1.0,-1.0,0
req005241,u9346,2,0,0,0,-1.0,-1.0,0
req000938,u9347,1,0,0,0,-1.0,-1.0,0
req001071,u9347,2,1,0,0,-1.0,-1.0,0
req000135,u9348,1,1,0,0,-1.0,-1.0,0
req001684,u9348,2,1,0,1,1549.0,1549.0,1
req002568,u9349,1,0,0,0,-1.0,-1.0,0
req004172,u9349,2,0,0,0,-1.0,-1.0,0
req004953,u9352,1,1,0,0,-1.0,-1.0,0
req001757,u9353,1,0,0,0,-1.0,-1.0,0
req009985,u9354,1,0,0,0,-1.0,-1.0,0
req006958,u9356,1,0,0,0,-1.0,-1.0,0
req003601,u9357,1,0,0,0,-1.0,-1.0,0
req008836,u9357,2,0,0,0,-1.0,-1.0,0
req001001,u9358,1,0,0,0,-1.0,-1.0,0
req004896,u9358,2,0,0,0,-1.0,-1.0,0
req009028,u9358,3,0,0,0,-1.0,-1.0,0
req005920,u9359,1,0,0,0,-1.0,-1.0,0
req007226,u9360,1,1,0,0,-1.0,-1.0,0
req004918,u9362,1,1,0,0,-1.0,-1.0,0
req008448,u9362,2,1,0,1,3530.0,3530.0,1
req002703,u9364,1,0,0,0,-1.0,-1.0,0
req003233,u9366,1,0,0,0,-1.0,-1.0,0
req003534,u9366,2,0,0,0,-1.0,-1.0,0
req009319,u9366,3,0,0,0,-1.0,-1.0,0
req000421,u9367,1,0,0,0,-1.0,-1.0,0
req000468,u9367,2,0,0,0,-1.0,-1.0,0
req001247,u9367,3,0,0,0,-1.0,-1.0,0
req004724,u9367,4,0,0,0,-1.0,-1.0,0
req004870,u9369,1,0,0,0,-1.0,-1.0,0
req002407,u9370,1,0,0,0,-1.0,-1.0,0
req005813,u9370,2,0,0,0,-1.0,-1.0,0
req006542,u9370,3,0,0,0,-1.0,-1.0,0
req002995,u9371,1,1,0,0,-1.0,-1.0,0
req003151,u9371,2,1,0,1,156.0,156.0,1
req002556,u9372,1,0,0,0,-1.0,-1.0,0
req002408,u9373,1,0,0,0,-1.0,-1.0,0
req006570,u9373,2,0,0,0,-1.0,-1.0,0
req002253,u9374,1,0,0,0,-1.0,-1.0,0
req003641,u9375,1,0,0,0,-1.0,-1.0,0
req003899,u9375,2,0,0,0,-1.0,-1.0,0
req001979,u9376,1,1,0,0,-1.0,-1.0,0
req006042,u9376,2,1,0,1,4063.0,4063.0,0
req006862,u9376,3,1,0,1,4883.0,4883.0,0
req000241,u9378,1,0,0,0,-1.0,-1.0,0
req005108,u9378,2,0,0,0,-1.0,-1.0,0
req002609,u9379,1,1,0,0,-1.0,-1.0,0
req008546,u9379,2,1,0,1,5937.0,5937.0,0
req009780,u9379,3,1,0,1,7171.0,7171.0,0
req008967,u9380,1,0,0,0,-1.0,-1.0,0
req001394,u9381,1,0,0,0,-1.0,-1.0,0
req006797,u9381,2,0,0,0,-1.0,-1.0,0
req009250,u9381,3,0,0,0,-1.0,-1.0,0
req000971,u9382,1,0,0,0,-1.0,-1.0,0
req004498,u9383,1,0,0,0,-1.0,-1.0,0
req001531,u9384,1,0,0,0,-1.0,-1.0,0
req006403,u9385,1,0,0,0,-1.0,-1.0,0
req002392,u9386,1,0,0,0,-1.0,-1.0,0
req004436,u9387,1,0,0,0,-1.0,-1.0,0
req000089,u9388,1,0,0,0,-1.0,-1.0,0
req004868,u9390,1,0,0,0,-1.0,-1.0,0
req000520,u9394,1,0,0,0,-1.0,-1.0,0
req005463,u9394,2,0,0,0,-1.0,-1.0,0
req006609,u9394,3,0,0,0,-1.0,-1.0,0
req009647,u9394,4,0,0,0,-1.0,-1.0,0
req006921,u9395,1,0,0,0,-1.0,-1.0,0
req004354,u9396,1,0,0,0,-1.0,-1.0,0
req008673,u9396,2,0,0,0,-1.0,-1.0,0
req000926,u9397,1,0,0,0,-1.0,-1.0,0
req003582,u9397,2,0,0,0,-1.0,-1.0,0
req008165,u9397,3,0,0,0,-1.0,-1.0,0
req005896,u9398,1,1,0,0,-1.0,-1.0,0
req006410,u9398,2,1,0,1,514.0,514.0,1
req002548,u9400,1,0,0,0,-1.0,-1.0,0
req003875,u9400,2,0,0,0,-1.0,-1.0,0
req004045,u9400,3,0,0,0,-1.0,-1.0,0
req001320,u9401,1,0,0,0,-1.0,-1.0,0
req006722,u9401,2,0,0,0,-1.0,-1.0,0
req007858,u9401,3,1,0,0,-1.0,-1.0,0
req000163,u9402,1,0,0,0,-1.0,-1.0,0
req002068,u9402,2,0,0,0,-1.0,-1.0,0
req002623,u9402,3,0,0,0,-1.0,-1.0,0
req005295,u9403,1,0,0,0,-1.0,-1.0,0
req005281,u9404,1,0,0,0,-1.0,-1.0,0
req000781,u9408,1,0,0,0,-1.0,-1.0,0
req001740,u9408,2,0,0,0,-1.0,-1.0,0
req004378,u9410,1,0,0,0,-1.0,-1.0,0
req009627,u9413,1,0,0,0,-1.0,-1.0,0
req001812,u9415,1,0,0,0,-1.0,-1.0,0
req001454,u9417,1,0,0,0,-1.0,-1.0,0
req005345,u9417,2,1,0,0,-1.0,-1.0,0
req002440,u9419,1,0,0,0,-1.0,-1.0,0
req007063,u9419,2,1,0,0,-1.0,-1.0,0
req000322,u9420,1,0,0,0,-1.0,-1.0,0
req006415,u9421,1,0,0,0,-1.0,-1.0,0
req001147,u9423,1,0,0,0,-1.0,-1.0,0
req008996,u9423,2,0,0,0,-1.0,-1.0,0
req002948,u9424,1,0,0,0,-1.0,-1.0,0
req000260,u9425,1,0,0,0,-1.0,-1.0,0
req001044,u9425,2,0,0,0,-1.0,-1.0,0
req001232,u9426,1,0,0,0,-1.0,-1.0,0
req000142,u9427,1,0,0,0,-1.0,-1.0,0
req004909,u9427,2,0,0,0,-1.0,-1.0,0
req009848,u9428,1,0,0,0,-1.0,-1.0,0
req004342,u9431,1,0,0,0,-1.0,-1.0,0
req002463,u9432,1,0,0,0,-1.0,-1.0,0
req003570,u9432,2,0,0,0,-1.0,-1.0,0
req004296,u9433,1,0,0,0,-1.0,-1.0,0
req002431,u9434,1,0,0,0,-1.0,-1.0,0
req007675,u9434,2,0,0,0,-1.0,-1.0,0
req002138,u9436,1,0,0,0,-1.0,-1.0,0
req003532,u9436,2,0,0,0,-1.0,-1.0,0
req002140,u9437,1,0,0,0,-1.0,-1.0,0
req004619,u9437,2,1,0,0,-1.0,-1.0,0
req005777,u9438,1,0,0,0,-1.0,-1.0,0
req007520,u9439,1,0,0,0,-1.0,-1.0,0
req009607,u9443,1,0,0,0,-1.0,-1.0,0
req006488,u9444,1,0,0,0,-1.0,-1.0,0
req004030,u9446,1,0,0,0,-1.0,-1.0,0
req006975,u9448,1,0,0,0,-1.0,-1.0,0
req009026,u9448,2,0,0,0,-1.0,-1.0,0
req009214,u9449,1,0,0,0,-1.0,-1.0,0
req002806,u9452,1,0,0,0,-1.0,-1.0,0
req007754,u9454,1,1,0,0,-1.0,-1.0,0
req000092,u9456,1,0,0,0,-1.0,-1.0,0
req000374,u9456,2,0,0,0,-1.0,-1.0,0
req000046,u9457,1,0,0,0,-1.0,-1.0,0
req009371,u9457,2,0,0,0,-1.0,-1.0,0
req000995,u9458,1,0,0,0,-1.0,-1.0,0
req000236,u9462,1,0,0,0,-1.0,-1.0,0
req000982,u9463,1,0,0,0,-1.0,-1.0,0
req005609,u9465,1,0,0,0,-1.0,-1.0,0
req008575,u9465,2,0,0,0,-1.0,-1.0,0
req009894,u9466,1,0,0,0,-1.0,-1.0,0
req002194,u9468,1,0,0,0,-1.0,-1.0,0
req003461,u9468,2,0,0,0,-1.0,-1.0,0
req006736,u9468,3,0,0,0,-1.0,-1.0,0
req008021,u9468,4,0,0,0,-1.0,-1.0,0
req002655,u9470,1,0,0,0,-1.0,-1.0,0
req000010,u9471,1,0,0,0,-1.0,-1.0,0
req004446,u9471,2,1,0,0,-1.0,-1.0,0
req006571,u9471,3,1,0,1,2125.0,2125.0,1
req005006,u9473,1,0,0,0,-1.0,-1.0,0
req008855,u9474,1,0,0,0,-1.0,-1.0,0
req006305,u9475,1,0,0,0,-1.0,-1.0,0
req000164,u9477,1,0,0,0,-1.0,-1.0,0
req005333,u9477,2,0,0,0,-1.0,-1.0,0
req003635,u9478,1,0,0,0,-1.0,-1.0,0
req007180,u9478,2,1,0,0,-1.0,-1.0,0
req009701,u9479,1,0,0,0,-1.0,-1.0,0
req002181,u9480,1,0,0,0,-1.0,-1.0,0
req004262,u9482,1,0,0,0,-1.0,-1.0,0
req009886,u9482,2,0,0,0,-1.0,-1.0,0
req008176,u9483,1,0,0,0,-1.0,-1.0,0
req009474,u9486,1,0,0,0,-1.0,-1.0,0
req001369,u9487,1,0,0,0,-1.0,-1.0,0
req006167,u9487,2,0,0,0,-1.0,-1.0,0
req005137,u9489,1,1,0,0,-1.0,-1.0,0
req002379,u9490,1,0,0,0,-1.0,-1.0,0
req006799,u9490,2,0,0,0,-1.0,-1.0,0
req001715,u9492,1,0,0,0,-1.0,-1.0,0
req002782,u9492,2,0,0,0,-1.0,-1.0,0
req006527,u9492,3,1,0,0,-1.0,-1.0,0
req008161,u9492,4,1,0,1,1634.0,1634.0,1
req001244,u9494,1,0,0,0,-1.0,-1.0,0
req002613,u9494,2,0,0,0,-1.0,-1.0,0
req009025,u9494,3,0,0,0,-1.0,-1.0,0
req004962,u9496,1,0,0,0,-1.0,-1.0,0
req009315,u9498,1,0,0,0,-1.0,-1.0,0
req002907,u9499,1,0,0,0,-1.0,-1.0,0
req008083,u9500,1,0,0,0,-1.0,-1.0,0
req006402,u9501,1,0,0,0,-1.0,-1.0,0
req008912,u9501,2,0,0,0,-1.0,-1.0,0
req009302,u9502,1,0,0,0,-1.0,-1.0,0
req001387,u9504,1,0,0,0,-1.0,-1.0,0
req006339,u9504,2,0,0,0,-1.0,-1.0,0
req008558,u9504,3,0,0,0,-1.0,-1.0,0
req009183,u9504,4,0,0,0,-1.0,-1.0,0
req008741,u9505,1,0,0,0,-1.0,-1.0,0
req001012,u9508,1,0,0,0,-1.0,-1.0,0
req002072,u9509,1,1,0,0,-1.0,-1.0,0
req003782,u9509,2,1,0,1,1710.0,1710.0,1
req007736,u9509,3,1,0,1,5664.0,5664.0,0
req007997,u9509,4,1,0,1,5925.0,5925.0,0
req001110,u9510,1,0,0,0,-1.0,-1.0,0
req003089,u9512,1,0,0,0,-1.0,-1.0,0
req005445,u9512,2,0,0,0,-1.0,-1.0,0
req004385,u9513,1,0,0,0,-1.0,-1.0,0
req007478,u9513,2,0,0,0,-1.0,-1.0,0
req007497,u9513,3,0,0,0,-1.0,-1.0,0
req000053,u9514,1,0,0,0,-1.0,-1.0,0
req009121,u9514,2,0,0,0,-1.0,-1.0,0
req001368,u9516,1,0,0,0,-1.0,-1.0,0
req003658,u9516,2,0,0,0,-1.0,-1.0,0
req001703,u9517,1,0,0,0,-1.0,-1.0,0
req005096,u9517,2,0,0,0,-1.0,-1.0,0
req007562,u9519,1,0,0,0,-1.0,-1.0,0
req001228,u9522,1,1,0,0,-1.0,-1.0,0
req006955,u9522,2,2,0,1,5727.0,5727.0,0
req008608,u9524,1,0,0,0,-1.0,-1.0,0
req001397,u9525,1,0,0,0,-1.0,-1.0,0
req005575,u9525,2,0,0,0,-1.0,-1.0,0
req006096,u9525,3,0,0,0,-1.0,-1.0,0
req007262,u9525,4,0,0,0,-1.0,-1.0,0
req002672,u9527,1,0,0,0,-1.0,-1.0,0
req002483,u9528,1,0,0,0,-1.0,-1.0,0
req001429,u9529,1,0,0,0,-1.0,-1.0,0
req009147,u9529,2,0,0,0,-1.0,-1.0,0
req005740,u9530,1,0,0,0,-1.0,-1.0,0
req006554,u9530,2,0,0,0,-1.0,-1.0,0
req008174,u9530,3,0,0,0,-1.0,-1.0,0
req001218,u9531,1,0,0,0,-1.0,-1.0,0
req002652,u9531,2,0,0,0,-1.0,-1.0,0
req002874,u9531,3,0,0,0,-1.0,-1.0,0
req002896,u9531,4,0,0,0,-1.0,-1.0,0
req003371,u9531,5,0,0,0,-1.0,-1.0,0
req009113,u9531,6,0,0,0,-1.0,-1.0,0
req006178,u9532,1,0,0,0,-1.0,-1.0,0
req003954,u9533,1,0,0,0,-1.0,-1.0,0
req002680,u9534,1,0,0,0,-1.0,-1.0,0
req003468,u9534,2,0,0,0,-1.0,-1.0,0
req007488,u9534,3,1,0,0,-1.0,-1.0,0
req009403,u9535,1,0,0,0,-1.0,-1.0,0
req001133,u9536,1,0,0,0,-1.0,-1.0,0
req002412,u9536,2,0,0,0,-1.0,-1.0,0
req007484,u9536,3,0,0,0,-1.0,-1.0,0
req009018,u9536,4,0,0,0,-1.0,-1.0,0
req000522,u9537,1,0,0,0,-1.0,-1.0,0
req007797,u9537,2,0,0,0,-1.0,-1.0,0
req002480,u9540,1,0,0,0,-1.0,-1.0,0
req003253,u9540,2,0,0,0,-1.0,-1.0,0
req007166,u9540,3,1,0,0,-1.0,-1.0,0
req004689,u9541,1,0,0,0,-1.0,-1.0,0
req008190,u9541,2,0,0,0,-1.0,-1.0,0
req004820,u9543,1,0,0,0,-1.0,-1.0,0
req005213,u9543,2,0,0,0,-1.0,-1.0,0
req005806,u9543,3,0,0,0,-1.0,-1.0,0
req006892,u9546,1,0,0,0,-1.0,-1.0,0
req005113,u9547,1,0,0,0,-1.0,-1.0,0
req000586,u9548,1,0,0,0,-1.0,-1.0,0
req005548,u9548,2,0,0,0,-1.0,-1.0,0
req006622,u9548,3,0,0,0,-1.0,-1.0,0
req001627,u9549,1,0,0,0,-1.0,-1.0,0
req006935,u9549,2,0,0,0,-1.0,-1.0,0
req003883,u9550,1,0,0,0,-1.0,-1.0,0
req004917,u9550,2,0,0,0,-1.0,-1.0,0
req003636,u9551,1,0,0,0,-1.0,-1.0,0
req007438,u9551,2,0,0,0,-1.0,-1.0,0
req000752,u9553,1,0,0,0,-1.0,-1.0,0
req004851,u9553,2,0,0,0,-1.0,-1.0,0
req007115,u9555,1,0,0,0,-1.0,-1.0,0
req007887,u9555,2,0,0,0,-1.0,-1.0,0
req004502,u9556,1,1,0,0,-1.0,-1.0,0
req003398,u9557,1,0,0,0,-1.0,-1.0,0
req001428,u9558,1,0,0,0,-1.0,-1.0,0
req000640,u9559,1,0,0,0,-1.0,-1.0,0
req007690,u9560,1,0,0,0,-1.0,-1.0,0
req002145,u9565,1,0,0,0,-1.0,-1.0,0
req005087,u9565,2,0,0,0,-1.0,-1.0,0
req006840,u9565,3,0,0,0,-1.0,-1.0,0
req005695,u9566,1,0,0,0,-1.0,-1.0,0
req006327,u9566,2,1,0,0,-1.0,-1.0,0
req008011,u9566,3,1,0,1,1684.0,1684.0,1
req006362,u9568,1,0,0,0,-1.0,-1.0,0
req001986,u9569,1,0,0,0,-1.0,-1.0,0
req009224,u9569,2,1,0,0,-1.0,-1.0,0
req008213,u9572,1,0,0,0,-1.0,-1.0,0
req001161,u9573,1,0,0,0,-1.0,-1.0,0
req002890,u9573,2,0,0,0,-1.0,-1.0,0
req005176,u9575,1,0,0,0,-1.0,-1.0,0
req000646,u9577,1,0,0,0,-1.0,-1.0,0
req001772,u9578,1,0,0,0,-1.0,-1.0,0
req002604,u9578,2,0,0,0,-1.0,-1.0,0
req005864,u9581,1,0,0,0,-1.0,-1.0,0
req007962,u9583,1,0,0,0,-1.0,-1.0,0
req007206,u9584,1,0,0,0,-1.0,-1.0,0
req009726,u9584,2,0,0,0,-1.0,-1.0,0
req006363,u9585,1,0,0,0,-1.0,-1.0,0
req006492,u9585,2,0,0,0,-1.0,-1.0,0
req005400,u9589,1,1,0,0,-1.0,-1.0,0
req007648,u9589,2,1,0,1,2248.0,2248.0,1
req007171,u9591,1,0,0,0,-1.0,-1.0,0
req003071,u9592,1,0,0,0,-1.0,-1.0,0
req003436,u9593,1,0,0,0,-1.0,-1.0,0
req001113,u9595,1,0,0,0,-1.0,-1.0,0
req008971,u9595,2,0,0,0,-1.0,-1.0,0
req001022,u9596,1,0,0,0,-1.0,-1.0,0
req005634,u9597,1,0,0,0,-1.0,-1.0,0
req006544,u9597,2,0,0,0,-1.0,-1.0,0
req000590,u9598,1,0,0,0,-1.0,-1.0,0
req001074,u9598,2,0,0,0,-1.0,-1.0,0
req002378,u9598,3,1,0,0,-1.0,-1.0,0
req006999,u9598,4,1,0,1,4621.0,4621.0,0
req008705,u9598,5,1,0,1,6327.0,6327.0,0
req003381,u9599,1,0,0,0,-1.0,-1.0,0
req003201,u9600,1,0,0,0,-1.0,-1.0,0
req009004,u9600,2,0,0,0,-1.0,-1.0,0
req002889,u9601,1,0,0,0,-1.0,-1.0,0
req003676,u9602,1,0,0,0,-1.0,-1.0,0
req007110,u9603,1,1,0,0,-1.0,-1.0,0
req009992,u9603,2,1,0,1,2882.0,2882.0,1
req002063,u9606,1,0,0,0,-1.0,-1.0,0
req005615,u9606,2,0,0,0,-1.0,-1.0,0
req007633,u9606,3,0,0,0,-1.0,-1.0,0
req000506,u9607,1,0,0,0,-1.0,-1.0,0
req002338,u9608,1,0,0,0,-1.0,-1.0,0
req003760,u9609,1,0,0,0,-1.0,-1.0,0
req004183,u9609,2,0,0,0,-1.0,-1.0,0
req002436,u9610,1,0,0,0,-1.0,-1.0,0
req007361,u9610,2,0,0,0,-1.0,-1.0,0
req000875,u9611,1,0,0,0,-1.0,-1.0,0
req001274,u9613,1,0,0,0,-1.0,-1.0,0
req008186,u9613,2,0,0,0,-1.0,-1.0,0
req003600,u9615,1,0,0,0,-1.0,-1.0,0
req004814,u9615,2,0,0,0,-1.0,-1.0,0
req006491,u9615,3,0,0,0,-1.0,-1.0,0
req007770,u9616,1,0,0,0,-1.0,-1.0,0
req004186,u9618,1,0,0,0,-1.0,-1.0,0
req009494,u9619,1,0,0,0,-1.0,-1.0,0
req002131,u9620,1,0,0,0,-1.0,-1.0,0
req003166,u9621,1,0,0,0,-1.0,-1.0,0
req001802,u9622,1,0,0,0,-1.0,-1.0,0
req003202,u9622,2,0,0,0,-1.0,-1.0,0
req006454,u9622,3,0,0,0,-1.0,-1.0,0
req005196,u9623,1,0,0,0,-1.0,-1.0,0
req005476,u9623,2,0,0,0,-1.0,-1.0,0
req005149,u9625,1,0,0,0,-1.0,-1.0,0
req008655,u9628,1,0,0,0,-1.0,-1.0,0
req006501,u9630,1,0,0,0,-1.0,-1.0,0
req009789,u9630,2,0,0,0,-1.0,-1.0,0
req001941,u9631,1,0,0,0,-1.0,-1.0,0
req003501,u9632,1,0,0,0,-1.0,-1.0,0
req000659,u9635,1,0,0,0,-1.0,-1.0,0
req004236,u9635,2,0,0,0,-1.0,-1.0,0
req005084,u9635,3,1,0,0,-1.0,-1.0,0
req005974,u9637,1,0,0,0,-1.0,-1.0,0
req002329,u9638,1,0,0,0,-1.0,-1.0,0
req009539,u9639,1,0,0,0,-1.0,-1.0,0
req003320,u9641,1,0,0,0,-1.0,-1.0,0
req005503,u9641,2,0,0,0,-1.0,-1.0,0
req004927,u9642,1,1,0,0,-1.0,-1.0,0
req004825,u9643,1,1,0,0,-1.0,-1.0,0
req004020,u9645,1,0,0,0,-1.0,-1.0,0
req007735,u9645,2,0,0,0,-1.0,-1.0,0
req008605,u9645,3,0,0,0,-1.0,-1.0,0
req009637,u9645,4,0,0,0,-1.0,-1.0,0
req008316,u9646,1,0,0,0,-1.0,-1.0,0
req008389,u9647,1,0,0,0,-1.0,-1.0,0
req007455,u9648,1,0,0,0,-1.0,-1.0,0
req009215,u9648,2,0,0,0,-1.0,-1.0,0
req000949,u9649,1,0,0,0,-1.0,-1.0,0
req002111,u9649,2,0,0,0,-1.0,-1.0,0
req007350,u9650,1,0,0,0,-1.0,-1.0,0
req000475,u9651,1,1,0,0,-1.0,-1.0,0
req002348,u9652,1,0,0,0,-1.0,-1.0,0
req009839,u9652,2,0,0,0,-1.0,-1.0,0
req000277,u9653,1,0,0,0,-1.0,-1.0,0
req003507,u9654,1,0,0,0,-1.0,-1.0,0
req004248,u9654,2,0,0,0,-1.0,-1.0,0
req009438,u9655,1,0,0,0,-1.0,-1.0,0
req002751,u9658,1,0,0,0,-1.0,-1.0,0
req002776,u9658,2,0,0,0,-1.0,-1.0,0
req005546,u9659,1,0,0,0,-1.0,-1.0,0
req008784,u9659,2,0,0,0,-1.0,-1.0,0
req004602,u9660,1,0,0,0,-1.0,-1.0,0
req005342,u9660,2,0,0,0,-1.0,-1.0,0
req001290,u9661,1,0,0,0,-1.0,-1.0,0
req003087,u9662,1,0,0,0,-1.0,-1.0,0
req008144,u9664,1,1,0,0,-1.0,-1.0,0
req001470,u9665,1,0,0,0,-1.0,-1.0,0
req003356,u9666,1,0,0,0,-1.0,-1.0,0
req003882,u9666,2,0,0,0,-1.0,-1.0,0
req004263,u9666,3,1,0,0,-1.0,-1.0,0
req009582,u9667,1,1,0,0,-1.0,-1.0,0
req000759,u9670,1,1,1,0,-1.0,-1.0,0
req000844,u9670,2,2,1,1,85.0,85.0,1
req007604,u9670,3,2,1,2,6802.5,6760.0,0
req008864,u9670,4,2,1,2,8062.5,8020.0,0
req008562,u9672,1,0,0,0,-1.0,-1.0,0
req006271,u9673,1,1,0,0,-1.0,-1.0,0
req002891,u9674,1,0,0,0,-1.0,-1.0,0
req003871,u9674,2,1,1,0,-1.0,-1.0,0
req001041,u9677,1,0,0,0,-1.0,-1.0,0
req009532,u9677,2,0,0,0,-1.0,-1.0,0
req004607,u9678,1,0,0,0,-1.0,-1.0,0
req004391,u9679,1,0,0,0,-1.0,-1.0,0
req005205,u9679,2,0,0,0,-1.0,-1.0,0
req007134,u9680,1,0,0,0,-1.0,-1.0,0
req007833,u9680,2,0,0,0,-1.0,-1.0,0
req002916,u9681,1,0,0,0,-1.0,-1.0,0
req008099,u9681,2,0,0,0,-1.0,-1.0,0
req002148,u9682,1,0,0,0,-1.0,-1.0,0
req008903,u9682,2,0,0,0,-1.0,-1.0,0
req008350,u9683,1,0,0,0,-1.0,-1.0,0
req003716,u9685,1,0,0,0,-1.0,-1.0,0
req007537,u9685,2,0,0,0,-1.0,-1.0,0
req008622,u9685,3,0,0,0,-1.0,-1.0,0
req001520,u9687,1,0,0,0,-1.0,-1.0,0
req007211,u9690,1,0,0,0,-1.0,-1.0,0
req008066,u9691,1,0,0,0,-1.0,-1.0,0
req004369,u9694,1,0,0,0,-1.0,-1.0,0
req002250,u9695,1,0,0,0,-1.0,-1.0,0
req002695,u9696,1,0,0,0,-1.0,-1.0,0
req007082,u9696,2,0,0,0,-1.0,-1.0,0
req006553,u9698,1,0,0,0,-1.0,-1.0,0
req007175,u9698,2,0,0,0,-1.0,-1.0,0
req002358,u9699,1,0,0,0,-1.0,-1.0,0
req004759,u9699,2,0,0,0,-1.0,-1.0,0
req003174,u9703,1,0,0,0,-1.0,-1.0,0
req003179,u9703,2,0,0,0,-1.0,-1.0,0
req004250,u9705,1,0,0,0,-1.0,-1.0,0
req000252,u9706,1,0,0,0,-1.0,-1.0,0
req001830,u9707,1,1,1,0,-1.0,-1.0,0
req007989,u9707,2,1,1,1,6159.0,6159.0,0
req009086,u9709,1,1,0,0,-1.0,-1.0,0
req004283,u9710,1,0,0,0,-1.0,-1.0,0
req008014,u9711,1,0,0,0,-1.0,-1.0,0
req006629,u9714,1,0,0,0,-1.0,-1.0,0
req000677,u9716,1,0,0,0,-1.0,-1.0,0
req001289,u9716,2,0,0,0,-1.0,-1.0,0
req009040,u9724,1,1,0,0,-1.0,-1.0,0
req009211,u9725,1,0,0,0,-1.0,-1.0,0
req008535,u9727,1,0,0,0,-1.0,-1.0,0
req002088,u9729,1,0,0,0,-1.0,-1.0,0
req008114,u9729,2,1,0,0,-1.0,-1.0,0
req005286,u9731,1,0,0,0,-1.0,-1.0,0
req006287,u9731,2,0,0,0,-1.0,-1.0,0
req008215,u9731,3,0,0,0,-1.0,-1.0,0
req004083,u9732,1,0,0,0,-1.0,-1.0,0
req006906,u9732,2,0,0,0,-1.0,-1.0,0
req009855,u9733,1,0,0,0,-1.0,-1.0,0
req000519,u9734,1,0,0,0,-1.0,-1.0,0
req001152,u9734,2,0,0,0,-1.0,-1.0,0
req007791,u9734,3,0,0,0,-1.0,-1.0,0
req008725,u9734,4,0,0,0,-1.0,-1.0,0
req001442,u9735,1,0,0,0,-1.0,-1.0,0
req002554,u9735,2,0,0,0,-1.0,-1.0,0
req004939,u9735,3,0,0,0,-1.0,-1.0,0
req006199,u9735,4,0,0,0,-1.0,-1.0,0
req003695,u9736,1,1,0,0,-1.0,-1.0,0
req005840,u9736,2,1,0,1,2145.0,2145.0,1
req008393,u9737,1,0,0,0,-1.0,-1.0,0
req001339,u9738,1,0,0,0,-1.0,-1.0,0
req003418,u9739,1,0,0,0,-1.0,-1.0,0
req004895,u9739,2,0,0,0,-1.0,-1.0,0
req001390,u9741,1,0,0,0,-1.0,-1.0,0
req006821,u9741,2,0,0,0,-1.0,-1.0,0
req004061,u9742,1,0,0,0,-1.0,-1.0,0
req007635,u9744,1,0,0,0,-1.0,-1.0,0
req009482,u9744,2,0,0,0,-1.0,-1.0,0
req002898,u9745,1,0,0,0,-1.0,-1.0,0
req001149,u9746,1,0,0,0,-1.0,-1.0,0
req008606,u9747,1,0,0,0,-1.0,-1.0,0
req005995,u9748,1,1,0,0,-1.0,-1.0,0
req001146,u9750,1,0,0,0,-1.0,-1.0,0
req004713,u9750,2,0,0,0,-1.0,-1.0,0
req006903,u9751,1,0,0,0,-1.0,-1.0,0
req006960,u9751,2,0,0,0,-1.0,-1.0,0
req003401,u9753,1,0,0,0,-1.0,-1.0,0
req008778,u9753,2,0,0,0,-1.0,-1.0,0
req006569,u9755,1,0,0,0,-1.0,-1.0,0
req001500,u9756,1,0,0,0,-1.0,-1.0,0
req008173,u9756,2,0,0,0,-1.0,-1.0,0
req008208,u9756,3,0,0,0,-1.0,-1.0,0
req004564,u9757,1,1,0,0,-1.0,-1.0,0
req003090,u9758,1,0,0,0,-1.0,-1.0,0
req002244,u9762,1,0,0,0,-1.0,-1.0,0
req008548,u9762,2,0,0,0,-1.0,-1.0,0
req008607,u9762,3,0,0,0,-1.0,-1.0,0
req003686,u9764,1,0,0,0,-1.0,-1.0,0
req007375,u9768,1,0,0,0,-1.0,-1.0,0
req007686,u9768,2,0,0,0,-1.0,-1.0,0
req008695,u9770,1,0,0,0,-1.0,-1.0,0
req000601,u9771,1,0,0,0,-1.0,-1.0,0
req000720,u9771,2,1,0,0,-1.0,-1.0,0
req001462,u9772,1,0,0,0,-1.0,-1.0,0
req006685,u9772,2,0,0,0,-1.0,-1.0,0
req005030,u9773,1,1,0,0,-1.0,-1.0,0
req009989,u9773,2,1,0,1,4959.0,4959.0,0
req002091,u9774,1,0,0,0,-1.0,-1.0,0
req003621,u9775,1,0,0,0,-1.0,-1.0,0
req002415,u9776,1,1,1,0,-1.0,-1.0,0
req009851,u9776,2,1,1,1,7436.0,7436.0,0
req004915,u9777,1,0,0,0,-1.0,-1.0,0
req008053,u9780,1,0,0,0,-1.0,-1.0,0
req005807,u9783,1,0,0,0,-1.0,-1.0,0
req008924,u9783,2,0,0,0,-1.0,-1.0,0
req009396,u9783,3,1,0,0,-1.0,-1.0,0
req006485,u9785,1,0,0,0,-1.0,-1.0,0
req007181,u9785,2,0,0,0,-1.0,-1.0,0
req000544,u9786,1,0,0,0,-1.0,-1.0,0
req003362,u9787,1,0,0,0,-1.0,-1.0,0
req000587,u9788,1,0,0,0,-1.0,-1.0,0
req003863,u9788,2,0,0,0,-1.0,-1.0,0
req005317,u9788,3,0,0,0,-1.0,-1.0,0
req004435,u9790,1,0,0,0,-1.0,-1.0,0
req003976,u9791,1,0,0,0,-1.0,-1.0,0
req009073,u9791,2,0,0,0,-1.0,-1.0,0
req000409,u9794,1,0,0,0,-1.0,-1.0,0
req003849,u9794,2,0,0,0,-1.0,-1.0,0
req005641,u9795,1,0,0,0,-1.0,-1.0,0
req009854,u9795,2,0,0,0,-1.0,-1.0,0
req004646,u9799,1,0,0,0,-1.0,-1.0,0
req001779,u9800,1,0,0,0,-1.0,-1.0,0
req005697,u9801,1,0,0,0,-1.0,-1.0,0
req001606,u9803,1,0,0,0,-1.0,-1.0,0
req007420,u9803,2,0,0,0,-1.0,-1.0,0
req007846,u9803,3,0,0,0,-1.0,-1.0,0
req001292,u9804,1,0,0,0,-1.0,-1.0,0
req001999,u9804,2,0,0,0,-1.0,-1.0,0
req007806,u9804,3,0,0,0,-1.0,-1.0,0
req008446,u9804,4,0,0,0,-1.0,-1.0,0
req001504,u9805,1,0,0,0,-1.0,-1.0,0
req001382,u9806,1,0,0,0,-1.0,-1.0,0
req008962,u9807,1,0,0,0,-1.0,-1.0,0
req009522,u9807,2,0,0,0,-1.0,-1.0,0
req001958,u9810,1,0,0,0,-1.0,-1.0,0
req003537,u9813,1,0,0,0,-1.0,-1.0,0
req002058,u9814,1,0,0,0,-1.0,-1.0,0
req003278,u9815,1,0,0,0,-1.0,-1.0,0
req005141,u9816,1,1,0,0,-1.0,-1.0,0
req009330,u9818,1,0,0,0,-1.0,-1.0,0
req005709,u9819,1,0,0,0,-1.0,-1.0,0
req001276,u9820,1,0,0,0,-1.0,-1.0,0
req006321,u9821,1,0,0,0,-1.0,-1.0,0
req002158,u9822,1,0,0,0,-1.0,-1.0,0
req006093,u9823,1,1,1,0,-1.0,-1.0,0
req006591,u9824,1,0,0,0,-1.0,-1.0,0
req008241,u9826,1,0,0,0,-1.0,-1.0,0
req001080,u9827,1,0,0,0,-1.0,-1.0,0
req005727,u9827,2,1,0,0,-1.0,-1.0,0
req006476,u9827,3,2,0,1,749.0,749.0,1
req003957,u9828,1,0,0,0,-1.0,-1.0,0
req008093,u9828,2,0,0,0,-1.0,-1.0,0
req007692,u9829,1,0,0,0,-1.0,-1.0,0
req008223,u9829,2,0,0,0,-1.0,-1.0,0
req003656,u9830,1,1,0,0,-1.0,-1.0,0
req004158,u9830,2,1,0,1,502.0,502.0,1
req008902,u9830,3,2,0,1,5246.0,5246.0,0
req000824,u9831,1,0,0,0,-1.0,-1.0,0
req008287,u9831,2,0,0,0,-1.0,-1.0,0
req008141,u9832,1,0,0,0,-1.0,-1.0,0
req008476,u9832,2,0,0,0,-1.0,-1.0,0
req009052,u9833,1,0,0,0,-1.0,-1.0,0
req002393,u9836,1,0,0,0,-1.0,-1.0,0
req006695,u9836,2,0,0,0,-1.0,-1.0,0
req007010,u9837,1,0,0,0,-1.0,-1.0,0
req009163,u9837,2,0,0,0,-1.0,-1.0,0
req003194,u9838,1,0,0,0,-1.0,-1.0,0
req003289,u9838,2,0,0,0,-1.0,-1.0,0
req006957,u9838,3,0,0,0,-1.0,-1.0,0
req008428,u9838,4,0,0,0,-1.0,-1.0,0
req000403,u9839,1,0,0,0,-1.0,-1.0,0
req004828,u9841,1,1,0,0,-1.0,-1.0,0
req000471,u9842,1,0,0,0,-1.0,-1.0,0
req006931,u9842,2,0,0,0,-1.0,-1.0,0
req007311,u9842,3,0,0,0,-1.0,-1.0,0
req005735,u9844,1,0,0,0,-1.0,-1.0,0
req009370,u9844,2,0,0,0,-1.0,-1.0,0
req003895,u9845,1,0,0,0,-1.0,-1.0,0
req004120,u9845,2,0,0,0,-1.0,-1.0,0
req004169,u9845,3,1,0,0,-1.0,-1.0,0
req005004,u9845,4,1,0,1,835.0,835.0,1
req001311,u9846,1,0,0,0,-1.0,-1.0,0
req009525,u9846,2,0,0,0,-1.0,-1.0,0
req003804,u9848,1,0,0,0,-1.0,-1.0,0
req004152,u9848,2,1,0,0,-1.0,-1.0,0
req006426,u9848,3,1,0,1,2274.0,2274.0,1
req001975,u9849,1,0,0,0,-1.0,-1.0,0
req001597,u9850,1,0,0,0,-1.0,-1.0,0
req001568,u9851,1,0,0,0,-1.0,-1.0,0
req007549,u9852,1,0,0,0,-1.0,-1.0,0
req000361,u9853,1,0,0,0,-1.0,-1.0,0
req002581,u9853,2,0,0,0,-1.0,-1.0,0
req009880,u9853,3,0,0,0,-1.0,-1.0,0
req001338,u9855,1,0,0,0,-1.0,-1.0,0
req001713,u9858,1,0,0,0,-1.0,-1.0,0
req004957,u9858,2,0,0,0,-1.0,-1.0,0
req009904,u9858,3,0,0,0,-1.0,-1.0,0
req005351,u9859,1,0,0,0,-1.0,-1.0,0
req008527,u9860,1,0,0,0,-1.0,-1.0,0
req001063,u9861,1,1,0,0,-1.0,-1.0,0
req003616,u9861,2,1,0,1,2553.0,2553.0,1
req005145,u9861,3,1,0,1,4082.0,4082.0,0
req007214,u9861,4,2,0,1,6151.0,6151.0,0
req003433,u9863,1,0,0,0,-1.0,-1.0,0
req006136,u9864,1,0,0,0,-1.0,-1.0,0
req009994,u9864,2,0,0,0,-1.0,-1.0,0
req005870,u9866,1,0,0,0,-1.0,-1.0,0
req006095,u9867,1,0,0,0,-1.0,-1.0,0
req000794,u9868,1,0,0,0,-1.0,-1.0,0
req004092,u9869,1,0,0,0,-1.0,-1.0,0
req002167,u9870,1,0,0,0,-1.0,-1.0,0
req004432,u9871,1,0,0,0,-1.0,-1.0,0
req006267,u9871,2,0,0,0,-1.0,-1.0,0
req003724,u9875,1,0,0,0,-1.0,-1.0,0
req006490,u9875,2,0,0,0,-1.0,-1.0,0
req008649,u9875,3,0,0,0,-1.0,-1.0,0
req006334,u9876,1,0,0,0,-1.0,-1.0,0
req006879,u9877,1,0,0,0,-1.0,-1.0,0
req002813,u9878,1,0,0,0,-1.0,-1.0,0
req003106,u9878,2,0,0,0,-1.0,-1.0,0
req005454,u9878,3,0,0,0,-1.0,-1.0,0
req000847,u9879,1,0,0,0,-1.0,-1.0,0
req006190,u9880,1,0,0,0,-1.0,-1.0,0
req000521,u9882,1,0,0,0,-1.0,-1.0,0
req000651,u9882,2,0,0,0,-1.0,-1.0,0
req006461,u9882,3,0,0,0,-1.0,-1.0,0
req002626,u9883,1,0,0,0,-1.0,-1.0,0
req007745,u9883,2,0,0,0,-1.0,-1.0,0
req008582,u9884,1,0,0,0,-1.0,-1.0,0
req001015,u9885,1,0,0,0,-1.0,-1.0,0
req008136,u9885,2,1,1,0,-1.0,-1.0,0
req000072,u9886,1,0,0,0,-1.0,-1.0,0
req009988,u9886,2,0,0,0,-1.0,-1.0,0
req000038,u9888,1,0,0,0,-1.0,-1.0,0
req002108,u9888,2,0,0,0,-1.0,-1.0,0
req002314,u9888,3,0,0,0,-1.0,-1.0,0
req008993,u9890,1,1,0,0,-1.0,-1.0,0
req000105,u9891,1,0,0,0,-1.0,-1.0,0
req004750,u9891,2,0,0,0,-1.0,-1.0,0
req001021,u9892,1,0,0,0,-1.0,-1.0,0
req000021,u9893,1,0,0,0,-1.0,-1.0,0
req002515,u9893,2,0,0,0,-1.0,-1.0,0
req008966,u9896,1,0,0,0,-1.0,-1.0,0
req002093,u9897,1,0,0,0,-1.0,-1.0,0
req001692,u9898,1,0,0,0,-1.0,-1.0,0
req005692,u9899,1,0,0,0,-1.0,-1.0,0
req002875,u9900,1,0,0,0,-1.0,-1.0,0
req004548,u9900,2,1,0,0,-1.0,-1.0,0
req004568,u9900,3,1,0,1,20.0,20.0,1
req008584,u9902,1,1,0,0,-1.0,-1.0,0
req001722,u9903,1,1,0,0,-1.0,-1.0,0
req003814,u9903,2,1,0,1,2092.0,2092.0,1
req001483,u9904,1,0,0,0,-1.0,-1.0,0
req007117,u9905,1,0,0,0,-1.0,-1.0,0
req009552,u9905,2,0,0,0,-1.0,-1.0,0
req009580,u9905,3,0,0,0,-1.0,-1.0,0
req008882,u9907,1,1,0,0,-1.0,-1.0,0
req000570,u9909,1,0,0,0,-1.0,-1.0,0
req006872,u9909,2,1,0,0,-1.0,-1.0,0
req009456,u9910,1,0,0,0,-1.0,-1.0,0
req009506,u9910,2,0,0,0,-1.0,-1.0,0
req002401,u9911,1,0,0,0,-1.0,-1.0,0
req004168,u9911,2,0,0,0,-1.0,-1.0,0
req008158,u9911,3,0,0,0,-1.0,-1.0,0
req007160,u9913,1,0,0,0,-1.0,-1.0,0
req009001,u9913,2,0,0,0,-1.0,-1.0,0
req004876,u9914,1,0,0,0,-1.0,-1.0,0
req004943,u9914,2,0,0,0,-1.0,-1.0,0
req006519,u9914,3,0,0,0,-1.0,-1.0,0
req008696,u9917,1,1,0,0,-1.0,-1.0,0
req001749,u9919,1,0,0,0,-1.0,-1.0,0
req008121,u9920,1,0,0,0,-1.0,-1.0,0
req007977,u9921,1,0,0,0,-1.0,-1.0,0
req009350,u9921,2,0,0,0,-1.0,-1.0,0
req005851,u9923,1,0,0,0,-1.0,-1.0,0
req008928,u9923,2,0,0,0,-1.0,-1.0,0
req004480,u9925,1,0,0,0,-1.0,-1.0,0
req007006,u9925,2,0,0,0,-1.0,-1.0,0
req007101,u9925,3,0,0,0,-1.0,-1.0,0
req002544,u9926,1,0,0,0,-1.0,-1.0,0
req009741,u9926,2,0,0,0,-1.0,-1.0,0
req003706,u9929,1,0,0,0,-1.0,-1.0,0
req009863,u9930,1,0,0,0,-1.0,-1.0,0
req004367,u9933,1,0,0,0,-1.0,-1.0,0
req004379,u9933,2,0,0,0,-1.0,-1.0,0
req003325,u9934,1,0,0,0,-1.0,-1.0,0
req008979,u9936,1,0,0,0,-1.0,-1.0,0
req007113,u9937,1,1,1,0,-1.0,-1.0,0
req001006,u9939,1,0,0,0,-1.0,-1.0,0
req005411,u9940,1,0,0,0,-1.0,-1.0,0
req001257,u9941,1,0,0,0,-1.0,-1.0,0
req003031,u9941,2,0,0,0,-1.0,-1.0,0
req006719,u9943,1,0,0,0,-1.0,-1.0,0
req009098,u9944,1,0,0,0,-1.0,-1.0,0
req000090,u9946,1,1,0,0,-1.0,-1.0,0
req008893,u9946,2,1,0,1,8803.0,8803.0,0
req008943,u9946,3,2,0,1,8853.0,8853.0,0
req000255,u9948,1,1,0,0,-1.0,-1.0,0
req000413,u9948,2,2,0,1,158.0,158.0,1
req000009,u9950,1,0,0,0,-1.0,-1.0,0
req000887,u9950,2,1,0,0,-1.0,-1.0,0
req001836,u9951,1,0,0,0,-1.0,-1.0,0
req002468,u9951,2,0,0,0,-1.0,-1.0,0
req005057,u9952,1,0,0,0,-1.0,-1.0,0
req007670,u9952,2,0,0,0,-1.0,-1.0,0
req002767,u9953,1,0,0,0,-1.0,-1.0,0
req006319,u9953,2,0,0,0,-1.0,-1.0,0
req008429,u9953,3,0,0,0,-1.0,-1.0,0
req000470,u9959,1,0,0,0,-1.0,-1.0,0
req003107,u9959,2,1,0,0,-1.0,-1.0,0
req005120,u9959,3,1,0,1,2013.0,2013.0,1
req003626,u9960,1,0,0,0,-1.0,-1.0,0
req007141,u9961,1,0,0,0,-1.0,-1.0,0
req001637,u9963,1,0,0,0,-1.0,-1.0,0
req009265,u9963,2,0,0,0,-1.0,-1.0,0
req004053,u9965,1,0,0,0,-1.0,-1.0,0
req008580,u9967,1,0,0,0,-1.0,-1.0,0
req008338,u9968,1,0,0,0,-1.0,-1.0,0
req002100,u9970,1,0,0,0,-1.0,-1.0,0
req009893,u9970,2,1,1,0,-1.0,-1.0,0
req001970,u9972,1,0,0,0,-1.0,-1.0,0
req008078,u9972,2,0,0,0,-1.0,-1.0,0
req008279,u9973,1,0,0,0,-1.0,-1.0,0
req000623,u9975,1,1,0,0,-1.0,-1.0,0
req001233,u9978,1,0,0,0,-1.0,-1.0,0
req008340,u9978,2,0,0,0,-1.0,-1.0,0
req001683,u9979,1,0,0,0,-1.0,-1.0,0
req005778,u9979,2,0,0,0,-1.0,-1.0,0
req008436,u9979,3,0,0,0,-1.0,-1.0,0
req009892,u9979,4,0,0,0,-1.0,-1.0,0
req003099,u9981,1,0,0,0,-1.0,-1.0,0
req003942,u9981,2,1,0,0,-1.0,-1.0,0
req006588,u9983,1,0,0,0,-1.0,-1.0,0
req008724,u9983,2,0,0,0,-1.0,-1.0,0
req009819,u9983,3,0,0,0,-1.0,-1.0,0
req006248,u9984,1,0,0,0,-1.0,-1.0,0
req006598,u9986,1,0,0,0,-1.0,-1.0,0
req007358,u9986,2,0,0,0,-1.0,-1.0,0
req006559,u9987,1,1,0,0,-1.0,-1.0,0
req002635,u9988,1,0,0,0,-1.0,-1.0,0
req006320,u9988,2,0,0,0,-1.0,-1.0,0
req007395,u9988,3,1,0,0,-1.0,-1.0,0
req008976,u9988,4,1,0,1,1581.0,1581.0,1
req006998,u9992,1,0,0,0,-1.0,-1.0,0
req007937,u9993,1,0,0,0,-1.0,-1.0,0
req006969,u9994,1,0,0,0,-1.0,-1.0,0
req000399,u9997,1,0,0,0,-1.0,-1.0,0
req002273,u9997,2,0,0,0,-1.0,-1.0,0
req003116,u9998,1,1,0,0,-1.0,-1.0,0
req000984,u9999,1,0,0,0,-1.0,-1.0,0
req001725,u9999,2,0,0,0,-1.0,-1.0,0
