user_id,user_emb_1,user_emb_2,user_emb_3
u9286,-1.1517860204940755,-1.1294620171707241,-0.4276116597575082
u8338,2.129884605195515,0.5370581701319129,-0.41856712823963665
u7162,0.8825928334869982,-0.6930253437397985,1.2864218272937376
u9961,0.15156353954613044,-1.3612046113918679,-0.44320714886696116
u4874,0.012090156402071593,-0.7224360855404295,0.895674250007897
u4107,-0.5746568432203696,-1.4776664651997569,-0.9694024149512328
u7165,-0.9818025449993898,1.3052222505996036,0.08669076077377769
u5154,-1.0587526033329706,0.7970303927590529,-1.0490191049034336
u3882,0.3006547450389246,-0.8965383095549458,0.6247788724110349
u6829,-1.146977109319708,-0.577744603326544,0.7758220503189189
u2658,1.0220662166310572,-1.3317938695912368,-0.05245957158112065
u1539,-1.0796448733348623,-1.1729875731743533,-0.4953355041567238
u3540,-0.5489556620441103,1.044068914577829,-0.31965230562151553
u2848,1.1150996337921621,0.5946985403385401,-0.6738670167270463
u2993,1.192049692125743,1.102890398179091,0.46184284895016536
u5035,-0.6259057203776911,0.5358770567372783,-1.455362171298727
u8131,-1.2191182564789214,-0.5342190473229148,0.8435458947181346
u5712,1.4084731336033827,0.9723137301682039,0.2586713157525187
u2919,0.3006547450389246,-0.8965383095549458,0.6247788724110349
u5446,1.1711574221238512,-0.8671275677543148,1.0155264496968754
u1312,-1.2751760448106104,0.9276070607699402,-0.8458475717057872
u3583,-1.2703671336362428,1.47932447461412,0.35758613837063996
u1540,-0.27166552106041386,0.003383552318267018,2.370003337681186
u3487,0.39368816220002956,1.029954100374831,0.0033714272651093505
u9727,1.6040043050791306,-1.1282809037760895,0.609183383301582
u1255,-0.9096613978401766,1.2616966945959744,0.018966916374562277
u1635,1.6040043050791306,-1.1282809037760895,0.609183383301582
u7512,0.46102039818487517,0.4347111305270218,-1.2677861272105333
u7285,1.1872407809513754,0.551172984334911,-0.7415908611262617
u8525,-1.146977109319708,-0.577744603326544,0.7758220503189189
u7093,0.03298242640396329,1.2475818803929766,0.3419906492611871
u1960,-0.05524207958277403,-0.1271931156926203,2.16683180448354
u9161,-0.6419890792052153,-0.8824234953519476,0.30175513952440997
u6138,-1.419458339129037,1.0146581727771982,-0.710399882907356
u7816,-0.6162878980289559,1.6393118844256385,0.951505248854127
u6896,1.8204277465567704,-1.2588575717869768,0.4060118501039354
u6090,2.0577434580363017,0.5805837261355419,-0.35084328384042124
u7996,0.5170781865165643,-1.027114977565833,0.4216073392133883
u1915,-2.1617620807230615,-0.5201042331199167,0.5205221618315096
u5521,1.2593819281105885,0.507647428331282,-0.8093147055254774
u7956,-0.28128334340914907,-1.1000512753700933,-0.0368640824716678
u2259,0.6870616620112502,1.4075692902044947,0.9359097597446742
u8924,-0.7093213151900608,-0.28718052550413853,1.5729126940000528
u2846,-0.11610877908883083,0.7829155785560548,-0.725995372016809
u4573,1.1199085449665298,1.1464159541827201,0.5295666933493809
u7796,0.32635592621518394,1.6251970702226401,1.2745289817407521
u1011,-0.6210968092033236,1.0875944705814582,-0.2519284612223
u7327,0.8986761923145224,0.7252752083494274,-0.47069548352939955
u1667,0.10512357356317653,1.2040563243893474,0.2742668048619716
u4897,-0.27166552106041386,0.003383552318267018,2.370003337681186
u4911,0.24940586788160307,1.1170052123820893,0.13881911606354047
u7831,-0.5537645732184778,0.4923515007336492,-1.5230860156979424
u9855,-0.5441467508697426,1.5957863284220093,0.8837814044549115
u5411,-0.9257447566677006,-0.15660385749325118,1.7760842271976993
u6613,0.6661693920093585,-0.5624486757289112,1.4895933604913842
u2171,1.480614280762596,0.9287881741645747,0.1909474713533032
u6743,-0.7862713735236418,-0.7953723833446894,0.43720282832284113
u5339,0.4497459505317186,-0.43187200771802403,1.692764893689031
u5157,-0.6162878980289559,1.6393118844256385,0.951505248854127
u5244,-0.9866114561737573,0.7535048367554237,-1.1167429493026493
u4249,-1.0748359621604948,-0.621270159330173,0.7080982059197033
u2719,1.2641908392849563,1.0593648421754618,0.3941190045509498
u6030,-0.9818025449993898,1.3052222505996036,0.08669076077377769
u6420,1.5479465167474418,0.3335452043167655,-1.0802100831223393
u9699,0.9660084282993681,0.13003223850161827,-1.741853038005042
u3319,2.202025752354728,0.4935326141282837,-0.4862909726388523
u6722,-1.435541697956561,-0.4036423793120277,1.0467174279157812
u6072,0.8986761923145224,0.7252752083494274,-0.47069548352939955
u2838,0.08904021473565239,-0.21424422769987847,2.0313841156851087
u4386,0.7335016279942042,-1.1576916455767203,0.2184358060157415
u3417,1.9134611637178753,0.6676348381428002,-0.21539559504199018
u4527,1.1711574221238512,-0.8671275677543148,1.0155264496968754
u4284,-1.9453386392454213,-0.650680901130804,0.31735062863386293
u6454,-0.48162342605926467,0.44882594473002,-1.590809860097158
u9370,1.769178869399449,0.7546859501500583,-0.07994790624355914
u7347,-0.5441467508697426,1.5957863284220093,0.8837814044549115
u5488,-1.435541697956561,-0.4036423793120277,1.0467174279157812
u1748,2.202025752354728,0.4935326141282837,-0.4862909726388523
u3924,-2.017479786404635,-0.6071553451271748,0.38507447303307857
u6639,-0.2139511074243033,-1.6952942452179025,-1.3080216369473103
u6291,0.6613604808349909,-1.1141660895730914,0.28615965041495717
u7722,1.5318631579199176,-1.0847553477724605,0.6769072277007975
u8916,0.677443839662515,0.3041344625161346,-1.4709576604081798
u5346,-1.9244463692435296,1.319337064802602,-0.23633297211284718
u6246,0.4658293093592428,0.986428544371202,-0.06435241713410624
u1532,1.3363319864441694,1.0158392861718328,0.32639516015173425
u1171,1.1872407809513754,0.551172984334911,-0.7415908611262617
u4347,1.6248965750810225,0.8417370621573166,0.05549978255487202
u2884,-1.0748359621604948,-0.621270159330173,0.7080982059197033
u3099,-0.8536036095084873,-0.20012941349688035,1.708360382798484
u5500,1.2593819281105885,0.507647428331282,-0.8093147055254774
u6443,-0.4720056037105295,1.5522607724183801,0.816057560055696
u4896,0.9756262506481033,1.2334670661899783,0.6650143821478119
u9871,-1.801056344926995,-0.7377320131380622,0.18190293983543185
u4603,0.5940282448501453,-0.518923119725282,1.5573172048905999
u4314,-1.146977109319708,-0.577744603326544,0.7758220503189189
u1646,1.1199085449665298,1.1464159541827201,0.5295666933493809
u1266,-0.4720056037105295,1.5522607724183801,0.816057560055696
u7115,0.8777839223126307,-1.2447427575839787,0.08298811721731043
u6278,-0.9818025449993898,1.3052222505996036,0.08669076077377769
u2122,-0.3373411317408382,0.3617748327227619,-1.7262575488955891
u2694,-1.435541697956561,-0.4036423793120277,1.0467174279157812
u2926,-0.2651999845816249,0.3182492767191327,-1.7939813932948048
u9622,1.0220662166310572,-1.3317938695912368,-0.05245957158112065
u5642,-0.569847932046002,-0.9259490513555767,0.23403129512519438
u8447,-0.8632214318572226,-1.3035642411852406,-0.6985070373543705
u4739,-0.5489556620441103,1.044068914577829,-0.31965230562151553
u4956,1.1663485109494836,-1.418844981598495,-0.1879072603795517
u4079,1.6248965750810225,0.8417370621573166,0.05549978255487202
u1878,1.2641908392849563,1.0593648421754618,0.3941190045509498
u2482,-1.6358817806066765,1.1452348407880855,-0.5072283497097094
u2212,0.8986761923145224,0.7252752083494274,-0.47069548352939955
u1581,-0.40467336772568385,0.9570178025705711,-0.45509999441994664
u4905,1.0942073637902705,-1.375319425594866,-0.12018341598033629
u8456,-1.2703671336362428,1.47932447461412,0.35758613837063996
u8808,0.6565515696606233,-1.6658835034172714,-0.91727405966147
u4074,1.9134611637178753,0.6676348381428002,-0.21539559504199018
u1929,0.32154701504081634,1.07347965637846,0.07109527166432487
u8969,-1.6567740506085684,-0.8247831251453205,0.046455251037000586
u4125,0.8217261339809415,0.2170833505088765,-1.6064053492066108
u5184,-1.0026948150012815,-0.6647957153338022,0.6403743615204877
u5287,-1.70802292776589,1.1887603967917146,-0.43950450531049373
u6128,-0.7910802846980094,-1.3470897971888696,-0.766230881753586
u6477,-0.5025156960611563,-1.521192021203386,-1.0371262593504482
u3027,1.5479465167474418,0.3335452043167655,-1.0802100831223393
u2776,-0.4303745489019431,-1.5647175772070152,-1.1048501037496636
u1896,0.6053026925033016,0.3476600185197637,-1.4032338160089644
u9619,1.9647100408751972,-1.345908683794235,0.27056416130550426
u2088,-0.19952437390120056,-0.04014200368536215,2.302279493281971
u2730,1.1199085449665298,1.1464159541827201,0.5295666933493809
u2232,0.01689906757643924,-0.17071867169624946,2.099107960084324
u2468,0.10031466238880893,0.6523389105451675,-0.9291669052144556
u7888,0.6101116036776694,0.8993774323639437,-0.19980010593253733
u1044,-0.5441467508697426,1.5957863284220093,0.8837814044549115
u2800,-0.3325322205664706,0.913492246566942,-0.5228238388191623
u5045,0.7383105391685717,-0.6059742317325403,1.4218695160921688
u5815,0.15156353954613044,-1.3612046113918679,-0.44320714886696116
u9598,0.37760480337250546,-0.38834645171439497,1.7604887380882466
u3686,1.676145452238344,-1.1718064597797186,0.5414595389023664
u9433,-0.1882499262480441,0.8264411345596838,-0.6582715276175934
u5962,-0.4207567265532079,-0.46128274951865494,1.3020173164031905
u8943,0.2237046867053437,-1.404730167395497,-0.5109309932661767
u1191,0.2237046867053437,-1.404730167395497,-0.5109309932661767
u9496,1.6970377222402357,0.7982115061536874,-0.012224061844343612
u2296,0.7335016279942042,-1.1576916455767203,0.2184358060157415
u1716,-0.13700104909072258,-1.1871023873773514,-0.17231177127009892
u6493,-0.6419890792052153,-0.8824234953519476,0.30175513952440997
u8989,-0.5537645732184778,0.4923515007336492,-1.5230860156979424
u7318,-0.9305536678420683,-0.7083212713374313,0.5726505171212721
u5239,-1.3682094619717153,-0.9988853491598367,-0.22444012655986154
u4395,1.0268751278054247,-0.7800764557470566,1.1509741384953065
u2509,-0.5441467508697426,1.5957863284220093,0.8837814044549115
u1120,1.1872407809513754,0.551172984334911,-0.7415908611262617
u5349,-1.6358817806066765,1.1452348407880855,-0.5072283497097094
u7091,-0.3325322205664706,0.913492246566942,-0.5228238388191623
u3787,1.6970377222402357,0.7982115061536874,-0.012224061844343612
u7567,-0.48162342605926467,0.44882594473002,-1.590809860097158
u1409,0.9708173394737356,0.6817496523457983,-0.5384193279286151
u2395,1.1711574221238512,-0.8671275677543148,1.0155264496968754
u2052,2.2741668995139417,0.45000705812465464,-0.554014817038068
u1338,0.2237046867053437,-1.404730167395497,-0.5109309932661767
u5049,1.769178869399449,0.7546859501500583,-0.07994790624355914
u6069,0.3888792510256619,0.4782366865306509,-1.2000622828113179
u2492,-0.4207567265532079,-0.46128274951865494,1.3020173164031905
u8791,0.31192919269208125,-0.029955171309899928,-2.3357721484885294
u4831,-1.9244463692435296,1.319337064802602,-0.23633297211284718
u2161,-0.32772330939210287,1.465209660411122,0.6806098712572648
u5517,0.46102039818487517,0.4347111305270218,-1.2677861272105333
u2499,0.4497459505317186,-0.43187200771802403,1.692764893689031
u4941,0.5427793676928238,1.4946204022117529,1.0713574485431054
u3103,0.5379704565184561,0.9429029883675729,-0.13207626153332175
u3494,0.15156353954613044,-1.3612046113918679,-0.44320714886696116
u1856,-1.5846329034493551,-0.8683086811489495,-0.02126859336221494
u9156,-0.9866114561737573,0.7535048367554237,-1.1167429493026493
u9232,-1.9244463692435296,1.319337064802602,-0.23633297211284718
u5283,-1.6358817806066765,1.1452348407880855,-0.5072283497097094
u6283,0.0842313035612848,-0.7659616415440585,0.8279504056086815
u8065,-1.5846329034493551,-0.8683086811489495,-0.02126859336221494
u1454,0.0842313035612848,-0.7659616415440585,0.8279504056086815
u9479,-0.9257447566677006,-0.15660385749325118,1.7760842271976993
u6338,2.202025752354728,0.4935326141282837,-0.4862909726388523
u9427,0.7335016279942042,-1.1576916455767203,0.2184358060157415
u7921,0.4497459505317186,-0.43187200771802403,1.692764893689031
u9356,-0.04396763192961756,0.7393900225524256,-0.7937192164160245
u6064,-1.5637406334474635,1.1017092847844563,-0.5749521941089248
u5847,-1.1982259864770295,1.435798918610491,0.28986229397142443
u7973,-1.5076828451157742,-0.3601168233083986,1.1144412723149968
u5946,1.192049692125743,1.102890398179091,0.46184284895016536
u8901,1.5527554279218092,0.8852626181609456,0.12322362695408755
u7674,0.01689906757643924,-0.17071867169624946,2.099107960084324
u1159,0.4449370393573511,-0.9835894215622041,0.4893311836126038
u3490,-1.296068314812502,-1.042410905163466,-0.29216397095907715
u1879,0.8313439563296767,1.3205181781972364,0.8004620709462431
u8140,0.25421477905597056,1.6687226262262693,1.3422528261399678
u5313,-0.3486155793939946,-0.5048083055222841,1.2342934720039749
u2680,-0.04877654310398522,0.18767260870824554,-1.9971529264924515
u8205,-0.04396763192961756,0.7393900225524256,-0.7937192164160245
u4130,0.37760480337250546,-0.38834645171439497,1.7604887380882466
u7601,-0.8375202506809634,1.2181711385923455,-0.04875692802465336
u5615,1.4758053695882285,0.37707076032039466,-1.0124862387231237
u5762,-1.9453386392454213,-0.650680901130804,0.31735062863386293
u2752,1.0477673978073165,1.189941510186349,0.5972905377485964
u3396,1.1663485109494836,-1.418844981598495,-0.1879072603795517
u3040,1.1872407809513754,0.551172984334911,-0.7415908611262617
u8075,-0.40467336772568385,0.9570178025705711,-0.45509999441994664
u6573,0.32154701504081634,1.07347965637846,0.07109527166432487
u4553,1.1150996337921621,0.5946985403385401,-0.6738670167270463
u5736,-1.70802292776589,1.1887603967917146,-0.43950450531049373
u6612,-1.5637406334474635,1.1017092847844563,-0.5749521941089248
u1206,-1.2239271676532888,-1.085936461167095,-0.3598878153582927
u5598,0.24940586788160307,1.1170052123820893,0.13881911606354047
u5534,0.90348510348889,1.2769926221936074,0.7327382265470276
u6487,-1.007503726175649,-1.2165131291779823,-0.5630593485559393
u3568,0.8825928334869982,-0.6930253437397985,1.2864218272937376
u2815,1.331523075269802,0.4641218723276528,-0.8770385499246928
u6192,-2.2339032278822746,-0.4765786771162876,0.588246006230725
u8592,-0.05524207958277403,-0.1271931156926203,2.16683180448354
u9851,-1.5124917562901419,-0.9118342371525786,-0.08899243776143047
u5294,-0.5025156960611563,-1.521192021203386,-1.0371262593504482
u2491,1.0268751278054247,-0.7800764557470566,1.1509741384953065
u9867,1.676145452238344,-1.1718064597797186,0.5414595389023664
u6453,0.90348510348889,1.2769926221936074,0.7327382265470276
u3643,1.3106308052679103,-1.505896093605753,-0.32335494917798285
u8639,-0.1882499262480441,0.8264411345596838,-0.6582715276175934
u8999,0.028173515229595658,0.6958644665487965,-0.86144306081524
u8464,1.238489658108697,-1.462370537602124,-0.2556311047787673
u1651,1.0477673978073165,1.189941510186349,0.5972905377485964
u8349,1.9856023108770888,0.624109282139171,-0.2831194394412056
u2071,-0.13219213791635495,-0.6353849735331712,1.0311219388063284
u3314,0.007281245227703905,-1.2741534993846098,-0.30775946006853
u1529,-0.4207567265532079,-0.46128274951865494,1.3020173164031905
u8664,1.6040043050791306,-1.1282809037760895,0.609183383301582
u5724,1.5527554279218092,0.8852626181609456,0.12322362695408755
u8185,-2.2339032278822746,-0.4765786771162876,0.588246006230725
u4359,-0.06485990193150931,-1.2306279433809806,-0.2400356156693145
u1916,0.5427793676928238,1.4946204022117529,1.0713574485431054
u9383,-0.32772330939210287,1.465209660411122,0.6806098712572648
u1448,0.7335016279942042,-1.1576916455767203,0.2184358060157415
u7229,0.677443839662515,0.3041344625161346,-1.4709576604081798
u8643,-0.9257447566677006,-0.15660385749325118,1.7760842271976993
u9677,-0.7862713735236418,-0.7953723833446894,0.43720282832284113
u4224,-0.39986445655131625,1.5087352164147512,0.7483337156564804
u7939,1.3106308052679103,-1.505896093605753,-0.32335494917798285
u4168,0.7383105391685717,-0.6059742317325403,1.4218695160921688
u6060,0.36798698102377025,-1.4917812794027552,-0.6463786820646078
u7590,0.3054636562132922,-0.3448208957107659,1.828212582487462
u6123,-0.9305536678420683,-0.7083212713374313,0.5726505171212721
u7837,1.480614280762596,0.9287881741645747,0.1909474713533032
u8688,0.90348510348889,1.2769926221936074,0.7327382265470276
u7780,-1.5846329034493551,-0.8683086811489495,-0.02126859336221494
u1668,1.676145452238344,-1.1718064597797186,0.5414595389023664
u7898,0.6870616620112502,1.4075692902044947,0.9359097597446742
u4432,0.012090156402071593,-0.7224360855404295,0.895674250007897
u4229,0.6822527508368826,0.8558518763603147,-0.26752395033175286
u2299,-0.28128334340914907,-1.1000512753700933,-0.0368640824716678
u4290,-0.5025156960611563,-1.521192021203386,-1.0371262593504482
u3831,-1.2703671336362428,1.47932447461412,0.35758613837063996
u1430,0.9499250694718439,-1.2882683135876076,0.015264272818094882
u9944,-0.06485990193150931,-1.2306279433809806,-0.2400356156693145
u2358,0.5892193336757776,-1.0706405335694622,0.3538834948141727
u6644,1.1872407809513754,0.551172984334911,-0.7415908611262617
u5506,0.6565515696606233,-1.6658835034172714,-0.91727405966147
u7833,1.5479465167474418,0.3335452043167655,-1.0802100831223393
u7427,1.0429584866329489,0.6382240963421691,-0.6061431723278308
u8854,-0.14180996026509013,-1.7388198012215315,-1.3757454813465257
u1226,-1.7289151977677817,-0.7812575691416913,0.11417909543621622
u5080,0.5379704565184561,0.9429029883675729,-0.13207626153332175
u1351,0.6613604808349909,-1.1141660895730914,0.28615965041495717
u3799,0.37760480337250546,-0.38834645171439497,1.7604887380882466
u5564,-0.27166552106041386,0.003383552318267018,2.370003337681186
u9535,-0.1112998679144632,1.3346329924002347,0.4774383380596183
u8911,-1.9453386392454213,-0.650680901130804,0.31735062863386293
u4844,-0.5441467508697426,1.5957863284220093,0.8837814044549115
u5757,-0.6259057203776911,0.5358770567372783,-1.455362171298727
u2859,-0.04877654310398522,0.18767260870824554,-1.9971529264924515
u7204,2.129884605195515,0.5370581701319129,-0.41856712823963665
u8401,1.238489658108697,-1.462370537602124,-0.2556311047787673
u5168,-0.19305883742241164,0.27472372071550366,-1.8617052376940204
u7304,-0.8536036095084873,-0.20012941349688035,1.708360382798484
u7130,0.10031466238880893,0.6523389105451675,-0.9291669052144556
u5191,0.31673810386644863,0.5217622425342802,-1.1323384384121022
u9312,1.6970377222402357,0.7982115061536874,-0.012224061844343612
u6197,-0.8584125206828551,-0.7518468273410603,0.5049266727220566
u6837,-1.435541697956561,-0.4036423793120277,1.0467174279157812
u2286,1.1872407809513754,0.551172984334911,-0.7415908611262617
u9745,1.8413200165586623,0.7111603941464293,-0.14767175064277455
u7541,0.614920514852037,1.4510948462081237,1.0036336041438898
u6514,-0.7653791035217501,1.1746455825887163,-0.1164807724238689
u6921,1.620087663906655,0.2900196483131364,-1.147933927521555
u6226,-0.5650390208716344,-0.3742316375113967,1.4374650052016218
u1109,0.6661693920093585,-0.5624486757289112,1.4895933604913842
u5420,1.331523075269802,0.4641218723276528,-0.8770385499246928
u7062,-0.4207567265532079,-0.46128274951865494,1.3020173164031905
u8609,0.7383105391685717,-0.6059742317325403,1.4218695160921688
u2606,1.2593819281105885,0.507647428331282,-0.8093147055254774
u4035,-0.4303745489019431,-1.5647175772070152,-1.1048501037496636
u2177,1.387580863601491,-0.9977042357652021,0.8123549164992285
u3480,-1.435541697956561,-0.4036423793120277,1.0467174279157812
u5935,-0.6467979903795829,-1.434140909196128,-0.9016785705520172
u9124,-1.419458339129037,1.0146581727771982,-0.710399882907356
u9040,1.9856023108770888,0.624109282139171,-0.2831194394412056
u4920,-0.06485990193150931,-1.2306279433809806,-0.2400356156693145
u4333,0.810451686327785,-0.6494997877361693,1.3541456716929532
u8012,-0.2555821622328897,1.4216841044074928,0.6128860268580494
u2939,0.4706382205336104,1.538145958215382,1.139081292942321
u8595,1.0942073637902705,-1.375319425594866,-0.12018341598033629
u6436,-0.7141302263644286,-0.8388979393483185,0.3694789839236256
u6712,1.4084731336033827,0.9723137301682039,0.2586713157525187
u8735,0.5331615453440884,0.39118557452339275,-1.3355099716097487
u1663,0.7495849868217282,0.2606089065125054,-1.5386815048073954
u9245,-0.06966881310587675,-1.7823453572251606,-1.4434693257457414
u2455,2.202025752354728,0.4935326141282837,-0.4862909726388523
u3482,1.8413200165586623,0.7111603941464293,-0.14767175064277455
u1164,-1.6567740506085684,-0.8247831251453205,0.046455251037000586
u8369,0.028173515229595658,0.6958644665487965,-0.86144306081524
u7572,0.16118136189486568,-0.25776978370350767,1.9636602712858933
u6068,-0.4977067848867888,-0.9694746073592058,0.16630745072597886
u4776,0.46102039818487517,0.4347111305270218,-1.2677861272105333
u3083,1.6970377222402357,0.7982115061536874,-0.012224061844343612
u5640,-1.146977109319708,-0.577744603326544,0.7758220503189189
u1885,-0.9144703090145441,0.7099792807517946,-1.1844667937018647
u6047,0.4401281281829835,-1.5353068354063844,-0.7141025264638234
u2164,-1.2912594036381344,-0.4906934913192859,0.91126973911735
u5995,0.10993248473754415,1.7557737382335274,1.4777005149383988
u6844,0.7495849868217282,0.2606089065125054,-1.5386815048073954
u3090,-1.5076828451157742,-0.3601168233083986,1.1144412723149968
u2644,1.099016274964638,-0.8236020117506858,1.0832502940960909
u6361,-0.6371801680308475,-0.3307060815077677,1.5051888496008372
u5699,0.1772647207223898,1.1605307683857182,0.20654296046275605
u8021,-1.3634005507973477,-0.44716793531565674,0.9789935835165656
u7857,0.1676468983736547,0.05709594069735831,-2.200324459690098
u2623,1.9134611637178753,0.6676348381428002,-0.21539559504199018
u4989,1.8204277465567704,-1.2588575717869768,0.4060118501039354
u6110,0.6101116036776694,0.8993774323639437,-0.19980010593253733
u8029,-0.5537645732184778,0.4923515007336492,-1.5230860156979424
u7936,0.10512357356317653,1.2040563243893474,0.2742668048619716
u8874,1.0942073637902705,-1.375319425594866,-0.12018341598033629
u7322,0.17245580954802214,0.6088133545415383,-0.9968907496136711
u9870,1.4084731336033827,0.9723137301682039,0.2586713157525187
u6221,-0.9096613978401766,1.2616966945959744,0.018966916374562277
u1030,-0.40467336772568385,0.9570178025705711,-0.45509999441994664
u4361,-0.4303745489019431,-1.5647175772070152,-1.1048501037496636
u5357,1.6248965750810225,0.8417370621573166,0.05549978255487202
u7068,-1.6358817806066765,1.1452348407880855,-0.5072283497097094
u4913,-0.5025156960611563,-1.521192021203386,-1.0371262593504482
u8283,0.7495849868217282,0.2606089065125054,-1.5386815048073954
u2018,-0.7093213151900608,-0.28718052550413853,1.5729126940000528
u8274,1.9134611637178753,0.6676348381428002,-0.21539559504199018
u1090,0.03298242640396329,1.2475818803929766,0.3419906492611871
u6565,0.10993248473754415,1.7557737382335274,1.4777005149383988
u1866,1.2593819281105885,0.507647428331282,-0.8093147055254774
u9795,0.2237046867053437,-1.404730167395497,-0.5109309932661767
u6179,0.5427793676928238,1.4946204022117529,1.0713574485431054
u3038,1.1663485109494836,-1.418844981598495,-0.1879072603795517
u9826,0.7543938979960959,0.8123263203566856,-0.3352477947309684
u4387,1.4084731336033827,0.9723137301682039,0.2586713157525187
u9860,-1.7801640749251033,1.2322859527953436,-0.3717806609112782
u7701,0.023364604055228163,0.14414705270461642,-2.064876770891667
u4824,0.3054636562132922,-0.3448208957107659,1.828212582487462
u3296,0.10031466238880893,0.6523389105451675,-0.9291669052144556
u2336,-0.19952437390120056,-0.04014200368536215,2.302279493281971
u8798,1.6040043050791306,-1.1282809037760895,0.609183383301582
u7913,1.4758053695882285,0.37707076032039466,-1.0124862387231237
u2954,-0.11610877908883083,0.7829155785560548,-0.725995372016809
u4471,-0.28609225458351656,-1.6517686892142733,-1.2402977925480947
u1451,-0.6162878980289559,1.6393118844256385,0.951505248854127
u4437,0.7335016279942042,-1.1576916455767203,0.2184358060157415
u9532,0.09550575121444144,0.10062149670098726,-2.1326006152908827
u3773,1.4036642224290152,0.4205963163240236,-0.9447623943239084
u7124,-0.11610877908883083,0.7829155785560548,-0.725995372016809
u7649,-0.6371801680308475,-0.3307060815077677,1.5051888496008372
u4056,-1.0587526033329706,0.7970303927590529,-1.0490191049034336
u3660,0.09550575121444144,0.10062149670098726,-2.1326006152908827
u7944,-0.7653791035217501,1.1746455825887163,-0.1164807724238689
u6674,0.5122692753421967,-1.5788323914100133,-0.7818263708630389
u3548,0.4706382205336104,1.538145958215382,1.139081292942321
u4782,1.3154397164422778,-0.9541786797615731,0.8800787608984442
u4808,-0.9866114561737573,0.7535048367554237,-1.1167429493026493
u9819,-1.0748359621604948,-0.621270159330173,0.7080982059197033
u2831,0.31192919269208125,-0.029955171309899928,-2.3357721484885294
u2670,-0.5489556620441103,1.044068914577829,-0.31965230562151553
u2333,-1.7801640749251033,1.2322859527953436,-0.3717806609112782
u8931,-1.2912594036381344,-0.4906934913192859,0.91126973911735
u6009,-0.3534244905683623,-1.0565257193664641,0.030859761927547753
u3786,0.32635592621518394,1.6251970702226401,1.2745289817407521
u3305,0.90348510348889,1.2769926221936074,0.7327382265470276
u9541,0.01689906757643924,-0.17071867169624946,2.099107960084324
u8899,-1.1982259864770295,1.435798918610491,0.28986229397142443
u1955,0.5331615453440884,0.39118557452339275,-1.3355099716097487
u5379,1.8204277465567704,-1.2588575717869768,0.4060118501039354
u3362,0.5940282448501453,-0.518923119725282,1.5573172048905999
u2751,1.331523075269802,0.4641218723276528,-0.8770385499246928
u5421,-1.8731974920862082,-0.6942064571344331,0.2496267842346475
u1656,1.192049692125743,1.102890398179091,0.46184284895016536
u6293,-1.419458339129037,1.0146581727771982,-0.710399882907356
u7646,1.2593819281105885,0.507647428331282,-0.8093147055254774
u4344,-0.42556563772757555,-1.0130001633628352,0.09858360632676327
u3501,0.028173515229595658,0.6958644665487965,-0.86144306081524
u3851,-0.9144703090145441,0.7099792807517946,-1.1844667937018647
u7988,-0.14180996026509013,-1.7388198012215315,-1.3757454813465257
u1705,-2.2339032278822746,-0.4765786771162876,0.588246006230725
u3601,1.1663485109494836,-1.418844981598495,-0.1879072603795517
u6178,0.0024723340533365193,-1.8258709132287896,-1.511193170144957
u4491,0.9547339806462115,-0.7365508997434276,1.2186979828945221
u3110,0.16118136189486568,-0.25776978370350767,1.9636602712858933
u6152,-0.49289787371242116,-0.4177571935150259,1.3697411608024062
u1932,1.0942073637902705,-1.375319425594866,-0.12018341598033629
u3320,-0.8423291618553308,0.6664537247481656,-1.2521906381010803
u8482,-1.2030348976513972,0.884081504766311,-0.9135714161050027
u7775,-1.9453386392454213,-0.650680901130804,0.31735062863386293
u1012,0.17245580954802214,0.6088133545415383,-0.9968907496136711
u1830,-0.3325322205664706,0.913492246566942,-0.5228238388191623
u6434,1.6248965750810225,0.8417370621573166,0.05549978255487202
u3180,0.5331615453440884,0.39118557452339275,-1.3355099716097487
u4264,-0.35823340174272994,-1.6082431332106442,-1.1725739481488793
u2591,1.238489658108697,-1.462370537602124,-0.2556311047787673
u6594,1.0220662166310572,-1.3317938695912368,-0.05245957158112065
u4908,0.37760480337250546,-0.38834645171439497,1.7604887380882466
u7394,-0.9818025449993898,1.3052222505996036,0.08669076077377769
u2555,1.1663485109494836,-1.418844981598495,-0.1879072603795517
u9463,0.3888792510256619,0.4782366865306509,-1.2000622828113179
u2050,0.37279589219813786,-0.9400638655585749,0.5570550280118193
u2101,-1.007503726175649,-1.2165131291779823,-0.5630593485559393
u1757,-0.12091769026319837,0.2311981647118746,-1.9294290820932358
u4949,-0.39986445655131625,1.5087352164147512,0.7483337156564804
u1602,0.8938672811401548,0.17355779450524733,-1.6741291936058265
u9108,-0.6467979903795829,-1.434140909196128,-0.9016785705520172
u3956,-0.3486155793939946,-0.5048083055222841,1.2342934720039749
u9315,0.028173515229595658,0.6958644665487965,-0.86144306081524
u1117,-0.20433328507556822,-0.5918594175295422,1.0988457832055438
u3885,-1.1260848393178164,1.3922733626068617,0.22213844957220885
u8459,0.10512357356317653,1.2040563243893474,0.2742668048619716
u3096,-0.49289787371242116,-0.4177571935150259,1.3697411608024062
u3646,-1.0796448733348623,-1.1729875731743533,-0.4953355041567238
u1709,1.6248965750810225,0.8417370621573166,0.05549978255487202
u2909,-0.3534244905683623,-1.0565257193664641,0.030859761927547753
u9818,-0.4303745489019431,-1.5647175772070152,-1.1048501037496636
u3486,-0.9144703090145441,0.7099792807517946,-1.1844667937018647
u3527,2.129884605195515,0.5370581701319129,-0.41856712823963665
u8450,-0.7701880146961176,0.6229281687445365,-1.319914482500296
u9519,0.8777839223126307,-1.2447427575839787,0.08298811721731043
u3429,1.4597220107607043,-1.0412297917688313,0.744631072100013
u5629,0.5379704565184561,0.9429029883675729,-0.13207626153332175
u9056,-0.5746568432203696,-1.4776664651997569,-0.9694024149512328
u8275,-0.9305536678420683,-0.7083212713374313,0.5726505171212721
u8244,1.1663485109494836,-1.418844981598495,-0.1879072603795517
u9800,-0.9144703090145441,0.7099792807517946,-1.1844667937018647
u9735,1.6248965750810225,0.8417370621573166,0.05549978255487202
u6027,0.15637245072049807,-0.8094871975476876,0.760226561209466
u1423,-0.9144703090145441,0.7099792807517946,-1.1844667937018647
u5484,0.8777839223126307,-1.2447427575839787,0.08298811721731043
u4530,-1.3473171919698237,0.9711326167735691,-0.7781237273065716
u3642,1.676145452238344,-1.1718064597797186,0.5414595389023664
u9920,0.17245580954802214,0.6088133545415383,-0.9968907496136711
u6897,-0.28128334340914907,-1.1000512753700933,-0.0368640824716678
u6909,-1.2703671336362428,1.47932447461412,0.35758613837063996
u4094,1.9647100408751972,-1.345908683794235,0.27056416130550426
u7551,-1.5076828451157742,-0.3601168233083986,1.1144412723149968
u2163,0.3984970733743971,1.581671514219011,1.2068051373415367
u9225,0.07942239238691717,-1.3176790553882387,-0.37548330446774564
u7519,-1.3473171919698237,0.9711326167735691,-0.7781237273065716
u6791,1.387580863601491,-0.9977042357652021,0.8123549164992285
u4633,0.3006547450389246,-0.8965383095549458,0.6247788724110349
u7855,-0.27166552106041386,0.003383552318267018,2.370003337681186
u6232,0.23978804553286798,0.013570384693729134,-2.2680483040893136
u9647,-0.9305536678420683,-0.7083212713374313,0.5726505171212721
u5195,-2.017479786404635,-0.6071553451271748,0.38507447303307857
u1176,-0.9866114561737573,0.7535048367554237,-1.1167429493026493
u6870,-0.06966881310587675,-1.7823453572251606,-1.4434693257457414
u3042,-0.48162342605926467,0.44882594473002,-1.590809860097158
u8662,0.9660084282993681,0.13003223850161827,-1.741853038005042
u7045,-0.4303745489019431,-1.5647175772070152,-1.1048501037496636
u6859,-1.8731974920862082,-0.6942064571344331,0.2496267842346475
u6099,1.099016274964638,-0.8236020117506858,1.0832502940960909
u8645,-1.9453386392454213,-0.650680901130804,0.31735062863386293
u6039,-0.26039107340725737,0.8699666905633129,-0.5905476832183778
u4449,1.387580863601491,-0.9977042357652021,0.8123549164992285
u6797,0.37760480337250546,-0.38834645171439497,1.7604887380882466
u6906,-1.7801640749251033,1.2322859527953436,-0.3717806609112782
u4737,0.5379704565184561,0.9429029883675729,-0.13207626153332175
u9142,0.9660084282993681,0.13003223850161827,-1.741853038005042
u3491,-1.0026948150012815,-0.6647957153338022,0.6403743615204877
u5192,1.892568893715984,-1.302383127790606,0.3382880057047198
u8786,-1.6567740506085684,-0.8247831251453205,0.046455251037000586
u5614,-0.569847932046002,-0.9259490513555767,0.23403129512519438
u2121,0.6101116036776694,0.8993774323639437,-0.19980010593253733
u7753,-0.7814624623492741,-0.2436549695005094,1.6406365383992683
u6543,-0.1112998679144632,1.3346329924002347,0.4774383380596183
u2124,-0.1273832267419873,-0.08366755968899121,2.2345556488827554
u5953,1.0268751278054247,-0.7800764557470566,1.1509741384953065
u6120,-0.06485990193150931,-1.2306279433809806,-0.2400356156693145
u3823,-0.40467336772568385,0.9570178025705711,-0.45509999441994664
u2532,0.8986761923145224,0.7252752083494274,-0.47069548352939955
u2313,-0.4977067848867888,-0.9694746073592058,0.16630745072597886
u2829,-1.146977109319708,-0.577744603326544,0.7758220503189189
u2907,0.5331615453440884,0.39118557452339275,-1.3355099716097487
u2542,0.10031466238880893,0.6523389105451675,-0.9291669052144556
u8314,-1.2912594036381344,-0.4906934913192859,0.91126973911735
u8540,-0.4303745489019431,-1.5647175772070152,-1.1048501037496636
u3695,1.0268751278054247,-0.7800764557470566,1.1509741384953065
u1522,1.8204277465567704,-1.2588575717869768,0.4060118501039354
u3801,-1.5076828451157742,-0.3601168233083986,1.1144412723149968
u3241,-2.089620933563848,-0.5636297891235458,0.452798317432294
u7151,-0.28609225458351656,-1.6517686892142733,-1.2402977925480947
u3940,-0.7814624623492741,-0.2436549695005094,1.6406365383992683
u9639,0.4401281281829835,-1.5353068354063844,-0.7141025264638234
u6601,-1.1982259864770295,1.435798918610491,0.28986229397142443
u5044,-0.8423291618553308,0.6664537247481656,-1.2521906381010803
u5656,-0.7701880146961176,0.6229281687445365,-1.319914482500296
u9968,0.9499250694718439,-1.2882683135876076,0.015264272818094882
u2353,1.1199085449665298,1.1464159541827201,0.5295666933493809
u6531,-0.8423291618553308,0.6664537247481656,-1.2521906381010803
u7693,-0.6259057203776911,0.5358770567372783,-1.455362171298727
u5848,0.9660084282993681,0.13003223850161827,-1.741853038005042
u9709,-0.42556563772757555,-1.0130001633628352,0.09858360632676327
u6423,-0.2651999845816249,0.3182492767191327,-1.7939813932948048
u8973,0.32635592621518394,1.6251970702226401,1.2745289817407521
u8826,-0.13219213791635495,-0.6353849735331712,1.0311219388063284
u5890,0.8986761923145224,0.7252752083494274,-0.47069548352939955
u6916,0.521887097690932,-0.4753975637216531,1.6250410492898155
u4032,0.4401281281829835,-1.5353068354063844,-0.7141025264638234
u2832,1.8413200165586623,0.7111603941464293,-0.14767175064277455
u3232,-0.18344101507367647,1.3781585484038639,0.5451621824588337
u2756,-1.801056344926995,-0.7377320131380622,0.18190293983543185
u8414,-1.3634005507973477,-0.44716793531565674,0.9789935835165656
u7537,-0.9096613978401766,1.2616966945959744,0.018966916374562277
u8509,0.810451686327785,-0.6494997877361693,1.3541456716929532
u6304,-1.7289151977677817,-0.7812575691416913,0.11417909543621622
u8834,0.08904021473565239,-0.21424422769987847,2.0313841156851087
u2316,1.3154397164422778,-0.9541786797615731,0.8800787608984442
u4955,0.8217261339809415,0.2170833505088765,-1.6064053492066108
u6702,0.7495849868217282,0.2606089065125054,-1.5386815048073954
u4747,2.129884605195515,0.5370581701319129,-0.41856712823963665
u6346,0.37279589219813786,-0.9400638655585749,0.5570550280118193
u9207,0.8217261339809415,0.2170833505088765,-1.6064053492066108
u3397,1.769178869399449,0.7546859501500583,-0.07994790624355914
u9119,0.03298242640396329,1.2475818803929766,0.3419906492611871
u5985,1.1199085449665298,1.1464159541827201,0.5295666933493809
u8717,-0.8536036095084873,-0.20012941349688035,1.708360382798484
u1623,0.9756262506481033,1.2334670661899783,0.6650143821478119
u5227,-0.8584125206828551,-0.7518468273410603,0.5049266727220566
u9978,1.387580863601491,-0.9977042357652021,0.8123549164992285
u7908,0.3888792510256619,0.4782366865306509,-1.2000622828113179
u4087,1.676145452238344,-1.1718064597797186,0.5414595389023664
u8250,-2.1617620807230615,-0.5201042331199167,0.5205221618315096
u6296,1.769178869399449,0.7546859501500583,-0.07994790624355914
u1227,0.18207363189675732,1.7122481822298983,1.4099766705391832
u6035,0.2237046867053437,-1.404730167395497,-0.5109309932661767
u5678,0.8938672811401548,0.17355779450524733,-1.6741291936058265
u9742,1.2432985692830645,-0.9106531237579439,0.9478026052976597
u3156,0.9660084282993681,0.13003223850161827,-1.741853038005042
u3182,-0.8584125206828551,-0.7518468273410603,0.5049266727220566
u2875,-1.70802292776589,1.1887603967917146,-0.43950450531049373
u5479,-0.3325322205664706,0.913492246566942,-0.5228238388191623
u7166,-1.2912594036381344,-0.4906934913192859,0.91126973911735
u9917,0.18207363189675732,1.7122481822298983,1.4099766705391832
u8890,1.9856023108770888,0.624109282139171,-0.2831194394412056
u4429,0.5331615453440884,0.39118557452339275,-1.3355099716097487
u2742,0.5427793676928238,1.4946204022117529,1.0713574485431054
u5486,0.03298242640396329,1.2475818803929766,0.3419906492611871
u7049,0.0024723340533365193,-1.8258709132287896,-1.511193170144957
u5771,0.521887097690932,-0.4753975637216531,1.6250410492898155
u3018,1.1872407809513754,0.551172984334911,-0.7415908611262617
u9457,-1.0748359621604948,-0.621270159330173,0.7080982059197033
u7754,0.31673810386644863,0.5217622425342802,-1.1323384384121022
u6414,0.16118136189486568,-0.25776978370350767,1.9636602712858933
u3827,0.10993248473754415,1.7557737382335274,1.4777005149383988
u7900,-0.12091769026319837,0.2311981647118746,-1.9294290820932358
u8302,0.1772647207223898,1.1605307683857182,0.20654296046275605
u5929,1.2432985692830645,-0.9106531237579439,0.9478026052976597
u5545,0.4449370393573511,-0.9835894215622041,0.4893311836126038
u3095,-0.8584125206828551,-0.7518468273410603,0.5049266727220566
u7029,-0.039158720755249926,1.2911074363966055,0.40971449366040263
u8673,-0.32772330939210287,1.465209660411122,0.6806098712572648
u1350,0.3984970733743971,1.581671514219011,1.2068051373415367
u6170,-0.8375202506809634,1.2181711385923455,-0.04875692802465336
u9229,-0.6419890792052153,-0.8824234953519476,0.30175513952440997
u2847,0.6101116036776694,0.8993774323639437,-0.19980010593253733
u7576,-0.569847932046002,-0.9259490513555767,0.23403129512519438
u3423,-1.9244463692435296,1.319337064802602,-0.23633297211284718
u7804,-0.4977067848867888,-0.9694746073592058,0.16630745072597886
u2283,0.39368816220002956,1.029954100374831,0.0033714272651093505
u7431,0.8986761923145224,0.7252752083494274,-0.47069548352939955
u1179,-0.6932379563625368,1.1311200265850871,-0.18420461682308453
u7109,-1.801056344926995,-0.7377320131380622,0.18190293983543185
u3213,-0.4768145148848971,1.0005433585741998,-0.38737615002073106
u5524,0.023364604055228163,0.14414705270461642,-2.064876770891667
u3054,0.614920514852037,1.4510948462081237,1.0036336041438898
u5225,-1.1308937504921839,0.8405559487626818,-0.9812952605042182
u3894,0.7592028091704635,1.3640437342008656,0.8681859153454586
u6993,-1.7801640749251033,1.2322859527953436,-0.3717806609112782
u2472,-1.3682094619717153,-0.9988853491598367,-0.22444012655986154
u3698,-1.9453386392454213,-0.650680901130804,0.31735062863386293
u7648,1.9647100408751972,-1.345908683794235,0.27056416130550426
u1401,-0.40948227890005134,0.40530038872639096,-1.6585337044963737
u4929,0.8986761923145224,0.7252752083494274,-0.47069548352939955
u9139,-0.7910802846980094,-1.3470897971888696,-0.766230881753586
u3993,0.1676468983736547,0.05709594069735831,-2.200324459690098
u4647,0.3006547450389246,-0.8965383095549458,0.6247788724110349
u2415,-1.5124917562901419,-0.9118342371525786,-0.08899243776143047
u9064,0.8777839223126307,-1.2447427575839787,0.08298811721731043
u5483,-2.089620933563848,-0.5636297891235458,0.452798317432294
u8499,1.5527554279218092,0.8852626181609456,0.12322362695408755
u3317,0.3054636562132922,-0.3448208957107659,1.828212582487462
u2806,1.5479465167474418,0.3335452043167655,-1.0802100831223393
u2302,1.5318631579199176,-1.0847553477724605,0.6769072277007975
u7555,-1.0748359621604948,-0.621270159330173,0.7080982059197033
u3730,1.6970377222402357,0.7982115061536874,-0.012224061844343612
u2513,0.5427793676928238,1.4946204022117529,1.0713574485431054
u4909,0.24940586788160307,1.1170052123820893,0.13881911606354047
u1417,-0.5489556620441103,1.044068914577829,-0.31965230562151553
u2344,-0.5650390208716344,-0.3742316375113967,1.4374650052016218
u7142,-0.40467336772568385,0.9570178025705711,-0.45509999441994664
u8474,0.677443839662515,0.3041344625161346,-1.4709576604081798
u7089,0.10512357356317653,1.2040563243893474,0.2742668048619716
u8927,0.6661693920093585,-0.5624486757289112,1.4895933604913842
u7451,-0.9866114561737573,0.7535048367554237,-1.1167429493026493
u6528,-0.28128334340914907,-1.1000512753700933,-0.0368640824716678
u7234,-0.32772330939210287,1.465209660411122,0.6806098712572648
u4131,1.0477673978073165,1.189941510186349,0.5972905377485964
u6805,-0.40467336772568385,0.9570178025705711,-0.45509999441994664
u5934,0.7335016279942042,-1.1576916455767203,0.2184358060157415
u4566,-0.4977067848867888,-0.9694746073592058,0.16630745072597886
u9327,1.4036642224290152,0.4205963163240236,-0.9447623943239084
u4664,-0.6259057203776911,0.5358770567372783,-1.455362171298727
u3751,-0.11610877908883083,0.7829155785560548,-0.725995372016809
u3901,-0.28609225458351656,-1.6517686892142733,-1.2402977925480947
u4711,1.1663485109494836,-1.418844981598495,-0.1879072603795517
u6397,0.23978804553286798,0.013570384693729134,-2.2680483040893136
u3960,-1.1517860204940755,-1.1294620171707241,-0.4276116597575082
u1106,1.4036642224290152,0.4205963163240236,-0.9447623943239084
u8918,1.3106308052679103,-1.505896093605753,-0.32335494917798285
u7859,-1.296068314812502,-1.042410905163466,-0.29216397095907715
u7761,0.22851359787971134,-0.8530127535513168,0.6925027168102504
u7102,0.16118136189486568,-0.25776978370350767,1.9636602712858933
u5761,-0.5650390208716344,-0.3742316375113967,1.4374650052016218
u1093,-0.32772330939210287,1.465209660411122,0.6806098712572648
u8552,-0.2651999845816249,0.3182492767191327,-1.7939813932948048
u6873,1.387580863601491,-0.9977042357652021,0.8123549164992285
u2274,0.2958458338645569,-1.448255723399126,-0.5786548376653923
u2715,-1.9244463692435296,1.319337064802602,-0.23633297211284718
u2718,1.1199085449665298,1.1464159541827201,0.5295666933493809
u1434,0.007281245227703905,-1.2741534993846098,-0.30775946006853
u4088,-0.6419890792052153,-0.8824234953519476,0.30175513952440997
u5765,1.6040043050791306,-1.1282809037760895,0.609183383301582
u4136,-1.1982259864770295,1.435798918610491,0.28986229397142443
u3342,0.7495849868217282,0.2606089065125054,-1.5386815048073954
u3810,-0.05524207958277403,-0.1271931156926203,2.16683180448354
u6739,-0.27166552106041386,0.003383552318267018,2.370003337681186
u3852,-0.19952437390120056,-0.04014200368536215,2.302279493281971
u1375,-0.2139511074243033,-1.6952942452179025,-1.3080216369473103
u1218,1.5318631579199176,-1.0847553477724605,0.6769072277007975
u8206,-1.6567740506085684,-0.8247831251453205,0.046455251037000586
u9251,-0.28609225458351656,-1.6517686892142733,-1.2402977925480947
u6384,0.037791337578330884,1.7992992942371566,1.5454243593376142
u8299,0.31673810386644863,0.5217622425342802,-1.1323384384121022
u5453,-0.8632214318572226,-1.3035642411852406,-0.6985070373543705
u7830,-0.6467979903795829,-1.434140909196128,-0.9016785705520172
u6551,0.5844104225014101,-1.6223579474136425,-0.8495502152622545
u7251,-0.1882499262480441,0.8264411345596838,-0.6582715276175934
u7659,0.012090156402071593,-0.7224360855404295,0.895674250007897
u4201,0.9708173394737356,0.6817496523457983,-0.5384193279286151
u3926,-0.06966881310587675,-1.7823453572251606,-1.4434693257457414
u6998,1.9134611637178753,0.6676348381428002,-0.21539559504199018
u4322,-1.3682094619717153,-0.9988853491598367,-0.22444012655986154
u8114,-0.12091769026319837,0.2311981647118746,-1.9294290820932358
u3954,-0.06966881310587675,-1.7823453572251606,-1.4434693257457414
u5369,0.9660084282993681,0.13003223850161827,-1.741853038005042
u4305,0.028173515229595658,0.6958644665487965,-0.86144306081524
u4772,0.7383105391685717,-0.6059742317325403,1.4218695160921688
u8273,1.0942073637902705,-1.375319425594866,-0.12018341598033629
u7188,0.9547339806462115,-0.7365508997434276,1.2186979828945221
u5623,-1.1260848393178164,1.3922733626068617,0.22213844957220885
u5631,1.0477673978073165,1.189941510186349,0.5972905377485964
u1309,-0.26039107340725737,0.8699666905633129,-0.5905476832183778
u8268,-1.9453386392454213,-0.650680901130804,0.31735062863386293
u6925,-0.06005099075714168,-0.6789105295368003,0.9633980944071127
u2702,0.3888792510256619,0.4782366865306509,-1.2000622828113179
u1219,0.6053026925033016,0.3476600185197637,-1.4032338160089644
u6422,0.8056427751534174,-1.2012172015803495,0.15071196161652597
u7378,-0.5537645732184778,0.4923515007336492,-1.5230860156979424
u9886,-1.1517860204940755,-1.1294620171707241,-0.4276116597575082
u9193,1.5527554279218092,0.8852626181609456,0.12322362695408755
u9630,-0.5537645732184778,0.4923515007336492,-1.5230860156979424
u9869,-0.569847932046002,-0.9259490513555767,0.23403129512519438
u1162,0.5122692753421967,-1.5788323914100133,-0.7818263708630389
u4751,2.129884605195515,0.5370581701319129,-0.41856712823963665
u4572,0.32154701504081634,1.07347965637846,0.07109527166432487
u6943,-0.6932379563625368,1.1311200265850871,-0.18420461682308453
u1718,-0.48162342605926467,0.44882594473002,-1.590809860097158
u4977,-0.6980468675369044,0.5794026127409073,-1.3876383268995114
u7027,-0.42556563772757555,-1.0130001633628352,0.09858360632676327
u8600,-0.9818025449993898,1.3052222505996036,0.08669076077377769
u2431,-0.9144703090145441,0.7099792807517946,-1.1844667937018647
u6458,1.6970377222402357,0.7982115061536874,-0.012224061844343612
u5462,0.5844104225014101,-1.6223579474136425,-0.8495502152622545
u8006,-0.5489556620441103,1.044068914577829,-0.31965230562151553
u5800,0.9499250694718439,-1.2882683135876076,0.015264272818094882
u2331,2.129884605195515,0.5370581701319129,-0.41856712823963665
u5570,1.0942073637902705,-1.375319425594866,-0.12018341598033629
u9284,-0.06485990193150931,-1.2306279433809806,-0.2400356156693145
u8528,-0.35823340174272994,-1.6082431332106442,-1.1725739481488793
u2770,-1.1308937504921839,0.8405559487626818,-0.9812952605042182
u9385,-1.146977109319708,-0.577744603326544,0.7758220503189189
u1976,0.15156353954613044,-1.3612046113918679,-0.44320714886696116
u7180,0.4449370393573511,-0.9835894215622041,0.4893311836126038
u8491,0.31192919269208125,-0.029955171309899928,-2.3357721484885294
u4754,-0.7910802846980094,-1.3470897971888696,-0.766230881753586
u2888,-0.039158720755249926,1.2911074363966055,0.40971449366040263
u8663,0.18207363189675732,1.7122481822298983,1.4099766705391832
u5201,-1.0796448733348623,-1.1729875731743533,-0.4953355041567238
u9637,1.0429584866329489,0.6382240963421691,-0.6061431723278308
u9042,0.3054636562132922,-0.3448208957107659,1.828212582487462
u3792,-1.5124917562901419,-0.9118342371525786,-0.08899243776143047
u2448,-0.3325322205664706,0.913492246566942,-0.5228238388191623
u6161,1.1872407809513754,0.551172984334911,-0.7415908611262617
u3771,1.9134611637178753,0.6676348381428002,-0.21539559504199018
u4372,1.331523075269802,0.4641218723276528,-0.8770385499246928
u4999,2.129884605195515,0.5370581701319129,-0.41856712823963665
u5872,2.202025752354728,0.4935326141282837,-0.4862909726388523
u6083,-1.5846329034493551,-0.8683086811489495,-0.02126859336221494
u7892,0.25421477905597056,1.6687226262262693,1.3422528261399678
u2607,0.4658293093592428,0.986428544371202,-0.06435241713410624
u3758,0.4658293093592428,0.986428544371202,-0.06435241713410624
u6073,-0.2139511074243033,-1.6952942452179025,-1.3080216369473103
u9941,-0.7862713735236418,-0.7953723833446894,0.43720282832284113
u4244,2.2741668995139417,0.45000705812465464,-0.554014817038068
u1383,2.2741668995139417,0.45000705812465464,-0.554014817038068
u1407,-1.8731974920862082,-0.6942064571344331,0.2496267842346475
u2722,-1.801056344926995,-0.7377320131380622,0.18190293983543185
u8514,-0.6467979903795829,-1.434140909196128,-0.9016785705520172
u3132,0.23332250905407895,-0.30129533970713673,1.8959364268866776
u7349,-0.5650390208716344,-0.3742316375113967,1.4374650052016218
u8316,-1.146977109319708,-0.577744603326544,0.7758220503189189
u2450,1.1663485109494836,-1.418844981598495,-0.1879072603795517
u7366,-0.06966881310587675,-1.7823453572251606,-1.4434693257457414
u4759,0.3054636562132922,-0.3448208957107659,1.828212582487462
u6339,0.15637245072049807,-0.8094871975476876,0.760226561209466
u4994,0.24459695670723547,0.5652877985379092,-1.0646145940128866
u2059,-0.14180996026509013,-1.7388198012215315,-1.3757454813465257
u3322,-0.7141302263644286,-0.8388979393483185,0.3694789839236256
u4610,1.0477673978073165,1.189941510186349,0.5972905377485964
u9678,-0.6980468675369044,0.5794026127409073,-1.3876383268995114
u8707,-1.70802292776589,1.1887603967917146,-0.43950450531049373
u1894,-1.6358817806066765,1.1452348407880855,-0.5072283497097094
u2257,-1.0748359621604948,-0.621270159330173,0.7080982059197033
u6761,1.892568893715984,-1.302383127790606,0.3382880057047198
u5807,-1.70802292776589,1.1887603967917146,-0.43950450531049373
u6510,0.22851359787971134,-0.8530127535513168,0.6925027168102504
u5657,-0.7701880146961176,0.6229281687445365,-1.319914482500296
u2892,-1.8523052220843164,1.2758115087989728,-0.3040568165120627
u7538,-0.5746568432203696,-1.4776664651997569,-0.9694024149512328
u7654,0.15637245072049807,-0.8094871975476876,0.760226561209466
u6063,0.6822527508368826,0.8558518763603147,-0.26752395033175286
u4212,1.2432985692830645,-0.9106531237579439,0.9478026052976597
u2103,-1.146977109319708,-0.577744603326544,0.7758220503189189
u2918,-1.5124917562901419,-0.9118342371525786,-0.08899243776143047
u2272,-1.2703671336362428,1.47932447461412,0.35758613837063996
u7597,-0.13700104909072258,-1.1871023873773514,-0.17231177127009892
u4455,-0.6980468675369044,0.5794026127409073,-1.3876383268995114
u6425,-1.801056344926995,-0.7377320131380622,0.18190293983543185
u3918,1.0220662166310572,-1.3317938695912368,-0.05245957158112065
u3389,1.9856023108770888,0.624109282139171,-0.2831194394412056
u3476,0.24940586788160307,1.1170052123820893,0.13881911606354047
u3175,-1.1260848393178164,1.3922733626068617,0.22213844957220885
u7547,-1.3473171919698237,0.9711326167735691,-0.7781237273065716
u7308,-0.42556563772757555,-1.0130001633628352,0.09858360632676327
u1902,-0.8536036095084873,-0.20012941349688035,1.708360382798484
u4335,-0.569847932046002,-0.9259490513555767,0.23403129512519438
u8443,-1.3473171919698237,0.9711326167735691,-0.7781237273065716
u2964,0.16118136189486568,-0.25776978370350767,1.9636602712858933
u6427,-0.28128334340914907,-1.1000512753700933,-0.0368640824716678
u4023,0.4497459505317186,-0.43187200771802403,1.692764893689031
u7453,0.3888792510256619,0.4782366865306509,-1.2000622828113179
u3102,-0.48162342605926467,0.44882594473002,-1.590809860097158
u7147,0.23978804553286798,0.013570384693729134,-2.2680483040893136
u8261,1.2641908392849563,1.0593648421754618,0.3941190045509498
u3912,-0.4303745489019431,-1.5647175772070152,-1.1048501037496636
u3928,1.192049692125743,1.102890398179091,0.46184284895016536
u9680,0.5892193336757776,-1.0706405335694622,0.3538834948141727
u9970,0.25421477905597056,1.6687226262262693,1.3422528261399678
u1855,-1.5076828451157742,-0.3601168233083986,1.1144412723149968
u3965,1.192049692125743,1.102890398179091,0.46184284895016536
u5471,1.6248965750810225,0.8417370621573166,0.05549978255487202
u5963,-0.2091421962499358,-1.1435768313737225,-0.10458792687088339
u5343,-1.9244463692435296,1.319337064802602,-0.23633297211284718
u8070,-1.0587526033329706,0.7970303927590529,-1.0490191049034336
u4717,-0.27647443223478135,-0.5483338615259131,1.1665696276047595
u1995,-0.7701880146961176,0.6229281687445365,-1.319914482500296
u7890,0.9708173394737356,0.6817496523457983,-0.5384193279286151
u1769,0.5170781865165643,-1.027114977565833,0.4216073392133883
u2009,0.5379704565184561,0.9429029883675729,-0.13207626153332175
u7760,-1.5124917562901419,-0.9118342371525786,-0.08899243776143047
u4586,-0.6932379563625368,1.1311200265850871,-0.18420461682308453
u6628,0.23978804553286798,0.013570384693729134,-2.2680483040893136
u4525,-1.1260848393178164,1.3922733626068617,0.22213844957220885
u7150,-1.5846329034493551,-0.8683086811489495,-0.02126859336221494
u6199,0.5379704565184561,0.9429029883675729,-0.13207626153332175
u5781,-0.4977067848867888,-0.9694746073592058,0.16630745072597886
u9299,-1.1517860204940755,-1.1294620171707241,-0.4276116597575082
u5333,-1.2239271676532888,-1.085936461167095,-0.3598878153582927
u5454,0.90348510348889,1.2769926221936074,0.7327382265470276
u8721,-1.1982259864770295,1.435798918610491,0.28986229397142443
u7283,1.1872407809513754,0.551172984334911,-0.7415908611262617
u2046,-0.2555821622328897,1.4216841044074928,0.6128860268580494
u5317,-1.435541697956561,-0.4036423793120277,1.0467174279157812
u9388,-0.4303745489019431,-1.5647175772070152,-1.1048501037496636
u8703,1.0429584866329489,0.6382240963421691,-0.6061431723278308
u5208,-2.2339032278822746,-0.4765786771162876,0.588246006230725
u6496,0.8825928334869982,-0.6930253437397985,1.2864218272937376
u7985,1.0429584866329489,0.6382240963421691,-0.6061431723278308
u3278,-0.04877654310398522,0.18767260870824554,-1.9971529264924515
u7432,-0.9257447566677006,-0.15660385749325118,1.7760842271976993
u1257,0.23978804553286798,0.013570384693729134,-2.2680483040893136
u9691,2.129884605195515,0.5370581701319129,-0.41856712823963665
u1108,0.4497459505317186,-0.43187200771802403,1.692764893689031
u3707,-0.05524207958277403,-0.1271931156926203,2.16683180448354
u7268,-1.5124917562901419,-0.9118342371525786,-0.08899243776143047
u4377,0.24940586788160307,1.1170052123820893,0.13881911606354047
u6165,1.0942073637902705,-1.375319425594866,-0.12018341598033629
u9741,-0.7189391375387961,-1.3906153531924987,-0.8339547261528016
u2315,1.192049692125743,1.102890398179091,0.46184284895016536
u2216,2.2741668995139417,0.45000705812465464,-0.554014817038068
u2268,-0.2091421962499358,-1.1435768313737225,-0.10458792687088339
u3992,-0.2139511074243033,-1.6952942452179025,-1.3080216369473103
u1198,1.480614280762596,0.9287881741645747,0.1909474713533032
u6995,-0.40467336772568385,0.9570178025705711,-0.45509999441994664
u2168,0.8825928334869982,-0.6930253437397985,1.2864218272937376
u6540,-0.8536036095084873,-0.20012941349688035,1.708360382798484
u6963,-1.1982259864770295,1.435798918610491,0.28986229397142443
u8806,-0.7189391375387961,-1.3906153531924987,-0.8339547261528016
u7313,0.6101116036776694,0.8993774323639437,-0.19980010593253733
u2893,-0.5650390208716344,-0.3742316375113967,1.4374650052016218
u3605,0.15156353954613044,-1.3612046113918679,-0.44320714886696116
u7479,1.238489658108697,-1.462370537602124,-0.2556311047787673
u2691,-1.1982259864770295,1.435798918610491,0.28986229397142443
u2821,-0.3373411317408382,0.3617748327227619,-1.7262575488955891
u4506,1.8204277465567704,-1.2588575717869768,0.4060118501039354
u3596,0.10512357356317653,1.2040563243893474,0.2742668048619716
u7367,-0.7701880146961176,0.6229281687445365,-1.319914482500296
u6024,0.3054636562132922,-0.3448208957107659,1.828212582487462
u7249,-0.2091421962499358,-1.1435768313737225,-0.10458792687088339
u8498,-0.9818025449993898,1.3052222505996036,0.08669076077377769
u1742,-0.8632214318572226,-1.3035642411852406,-0.6985070373543705
u3759,0.7383105391685717,-0.6059742317325403,1.4218695160921688
u6109,0.5331615453440884,0.39118557452339275,-1.3355099716097487
u3772,1.4597220107607043,-1.0412297917688313,0.744631072100013
u2615,0.9660084282993681,0.13003223850161827,-1.741853038005042
u8591,2.202025752354728,0.4935326141282837,-0.4862909726388523
u2241,-0.14180996026509013,-1.7388198012215315,-1.3757454813465257
u1320,-1.0796448733348623,-1.1729875731743533,-0.4953355041567238
u9366,0.03298242640396329,1.2475818803929766,0.3419906492611871
u5834,-0.2555821622328897,1.4216841044074928,0.6128860268580494
u7975,-1.0587526033329706,0.7970303927590529,-1.0490191049034336
u2932,1.0220662166310572,-1.3317938695912368,-0.05245957158112065
u6801,0.17245580954802214,0.6088133545415383,-0.9968907496136711
u1922,0.15637245072049807,-0.8094871975476876,0.760226561209466
u4292,1.0429584866329489,0.6382240963421691,-0.6061431723278308
u5649,0.10993248473754415,1.7557737382335274,1.4777005149383988
u7726,0.36798698102377025,-1.4917812794027552,-0.6463786820646078
u2624,-0.5537645732184778,0.4923515007336492,-1.5230860156979424
u5441,-1.2912594036381344,-0.4906934913192859,0.91126973911735
u3444,1.387580863601491,-0.9977042357652021,0.8123549164992285
u7976,1.0942073637902705,-1.375319425594866,-0.12018341598033629
u7748,-0.11610877908883083,0.7829155785560548,-0.725995372016809
u4967,0.16118136189486568,-0.25776978370350767,1.9636602712858933
u9653,-0.5746568432203696,-1.4776664651997569,-0.9694024149512328
u3184,0.22851359787971134,-0.8530127535513168,0.6925027168102504
u6413,0.01689906757643924,-0.17071867169624946,2.099107960084324
u4642,0.3984970733743971,1.581671514219011,1.2068051373415367
u4445,1.9647100408751972,-1.345908683794235,0.27056416130550426
u9477,0.31192919269208125,-0.029955171309899928,-2.3357721484885294
u9905,-1.2751760448106104,0.9276070607699402,-0.8458475717057872
u6257,0.01689906757643924,-0.17071867169624946,2.099107960084324
u5671,-0.3325322205664706,0.913492246566942,-0.5228238388191623
u8555,0.23978804553286798,0.013570384693729134,-2.2680483040893136
u6306,0.15156353954613044,-1.3612046113918679,-0.44320714886696116
u2131,-0.2091421962499358,-1.1435768313737225,-0.10458792687088339
u4296,0.9756262506481033,1.2334670661899783,0.6650143821478119
u2931,0.10993248473754415,1.7557737382335274,1.4777005149383988
u5440,-0.3486155793939946,-0.5048083055222841,1.2342934720039749
u7305,-0.6980468675369044,0.5794026127409073,-1.3876383268995114
u8775,-0.6980468675369044,0.5794026127409073,-1.3876383268995114
u6966,0.023364604055228163,0.14414705270461642,-2.064876770891667
u9074,1.2432985692830645,-0.9106531237579439,0.9478026052976597
u1061,-1.6567740506085684,-0.8247831251453205,0.046455251037000586
u9790,0.01689906757643924,-0.17071867169624946,2.099107960084324
u4846,-0.4303745489019431,-1.5647175772070152,-1.1048501037496636
u8085,-0.3534244905683623,-1.0565257193664641,0.030859761927547753
u8467,0.521887097690932,-0.4753975637216531,1.6250410492898155
u1132,-0.5650390208716344,-0.3742316375113967,1.4374650052016218
u8669,0.5379704565184561,0.9429029883675729,-0.13207626153332175
u7694,-1.296068314812502,-1.042410905163466,-0.29216397095907715
u6928,-0.9305536678420683,-0.7083212713374313,0.5726505171212721
u5812,0.2237046867053437,-1.404730167395497,-0.5109309932661767
u3442,-0.6259057203776911,0.5358770567372783,-1.455362171298727
u6115,-0.4720056037105295,1.5522607724183801,0.816057560055696
u1683,-1.2751760448106104,0.9276070607699402,-0.8458475717057872
u5315,-0.6419890792052153,-0.8824234953519476,0.30175513952440997
u1604,-0.9144703090145441,0.7099792807517946,-1.1844667937018647
u2588,-1.1517860204940755,-1.1294620171707241,-0.4276116597575082
u6292,-1.8731974920862082,-0.6942064571344331,0.2496267842346475
u3876,-0.3325322205664706,0.913492246566942,-0.5228238388191623
u6681,-0.39986445655131625,1.5087352164147512,0.7483337156564804
u1854,0.5940282448501453,-0.518923119725282,1.5573172048905999
u1271,-0.35823340174272994,-1.6082431332106442,-1.1725739481488793
u5347,1.9134611637178753,0.6676348381428002,-0.21539559504199018
u3087,0.23332250905407895,-0.30129533970713673,1.8959364268866776
u2181,0.9708173394737356,0.6817496523457983,-0.5384193279286151
u3711,-0.039158720755249926,1.2911074363966055,0.40971449366040263
u2957,-0.13700104909072258,-1.1871023873773514,-0.17231177127009892
u5214,0.4497459505317186,-0.43187200771802403,1.692764893689031
u3725,0.32635592621518394,1.6251970702226401,1.2745289817407521
u4933,-1.9453386392454213,-0.650680901130804,0.31735062863386293
u3803,-0.19305883742241164,0.27472372071550366,-1.8617052376940204
u2775,0.6101116036776694,0.8993774323639437,-0.19980010593253733
u6836,0.15637245072049807,-0.8094871975476876,0.760226561209466
u7236,0.9708173394737356,0.6817496523457983,-0.5384193279286151
u3108,0.2237046867053437,-1.404730167395497,-0.5109309932661767
u3379,1.0268751278054247,-0.7800764557470566,1.1509741384953065
u3705,0.3888792510256619,0.4782366865306509,-1.2000622828113179
u4018,0.614920514852037,1.4510948462081237,1.0036336041438898
u9661,0.10512357356317653,1.2040563243893474,0.2742668048619716
u7627,-0.5489556620441103,1.044068914577829,-0.31965230562151553
u5472,-0.6419890792052153,-0.8824234953519476,0.30175513952440997
u2503,0.6870616620112502,1.4075692902044947,0.9359097597446742
u3336,0.3054636562132922,-0.3448208957107659,1.828212582487462
u6690,0.9660084282993681,0.13003223850161827,-1.741853038005042
u2265,-1.9453386392454213,-0.650680901130804,0.31735062863386293
u6814,1.8413200165586623,0.7111603941464293,-0.14767175064277455
u3163,1.9134611637178753,0.6676348381428002,-0.21539559504199018
u5766,-0.5489556620441103,1.044068914577829,-0.31965230562151553
u9822,1.331523075269802,0.4641218723276528,-0.8770385499246928
u5889,-1.3473171919698237,0.9711326167735691,-0.7781237273065716
u4668,-0.06005099075714168,-0.6789105295368003,0.9633980944071127
u2012,0.7495849868217282,0.2606089065125054,-1.5386815048073954
u3697,0.6822527508368826,0.8558518763603147,-0.26752395033175286
u4312,-0.1112998679144632,1.3346329924002347,0.4774383380596183
u1662,0.31673810386644863,0.5217622425342802,-1.1323384384121022
u1205,-0.05524207958277403,-0.1271931156926203,2.16683180448354
u9787,0.1772647207223898,1.1605307683857182,0.20654296046275605
u7455,0.46102039818487517,0.4347111305270218,-1.2677861272105333
u6755,0.8938672811401548,0.17355779450524733,-1.6741291936058265
u3628,-0.8375202506809634,1.2181711385923455,-0.04875692802465336
u5883,0.7335016279942042,-1.1576916455767203,0.2184358060157415
u1594,1.9134611637178753,0.6676348381428002,-0.21539559504199018
u7794,-0.1112998679144632,1.3346329924002347,0.4774383380596183
u6575,0.37279589219813786,-0.9400638655585749,0.5570550280118193
u8199,-0.6467979903795829,-1.434140909196128,-0.9016785705520172
u2728,-0.1112998679144632,1.3346329924002347,0.4774383380596183
u9685,-0.28128334340914907,-1.1000512753700933,-0.0368640824716678
u5923,0.15156353954613044,-1.3612046113918679,-0.44320714886696116
u5273,0.09550575121444144,0.10062149670098726,-2.1326006152908827
u9397,-0.4303745489019431,-1.5647175772070152,-1.1048501037496636
u6627,-1.70802292776589,1.1887603967917146,-0.43950450531049373
u1770,0.09550575121444144,0.10062149670098726,-2.1326006152908827
u5577,-0.27647443223478135,-0.5483338615259131,1.1665696276047595
u5660,1.3106308052679103,-1.505896093605753,-0.32335494917798285
u2635,-0.26039107340725737,0.8699666905633129,-0.5905476832183778
u5831,1.620087663906655,0.2900196483131364,-1.147933927521555
u4005,-0.6467979903795829,-1.434140909196128,-0.9016785705520172
u3604,0.23332250905407895,-0.30129533970713673,1.8959364268866776
u3022,-1.2239271676532888,-1.085936461167095,-0.3598878153582927
u6820,-1.1517860204940755,-1.1294620171707241,-0.4276116597575082
u8245,1.387580863601491,-0.9977042357652021,0.8123549164992285
u9231,1.480614280762596,0.9287881741645747,0.1909474713533032
u5704,-1.801056344926995,-0.7377320131380622,0.18190293983543185
u1291,-0.1112998679144632,1.3346329924002347,0.4774383380596183
u6763,0.4401281281829835,-1.5353068354063844,-0.7141025264638234
u2115,0.5940282448501453,-0.518923119725282,1.5573172048905999
u2070,-0.7141302263644286,-0.8388979393483185,0.3694789839236256
u7278,1.2593819281105885,0.507647428331282,-0.8093147055254774
u8133,-0.2139511074243033,-1.6952942452179025,-1.3080216369473103
u8962,-0.5441467508697426,1.5957863284220093,0.8837814044549115
u2098,1.1872407809513754,0.551172984334911,-0.7415908611262617
u6408,0.10031466238880893,0.6523389105451675,-0.9291669052144556
u3835,0.0842313035612848,-0.7659616415440585,0.8279504056086815
u9993,0.08904021473565239,-0.21424422769987847,2.0313841156851087
u4800,-0.5025156960611563,-1.521192021203386,-1.0371262593504482
u6245,0.9547339806462115,-0.7365508997434276,1.2186979828945221
u1221,-0.49289787371242116,-0.4177571935150259,1.3697411608024062
u7051,-1.5076828451157742,-0.3601168233083986,1.1144412723149968
u2021,0.2237046867053437,-1.404730167395497,-0.5109309932661767
u1493,0.10993248473754415,1.7557737382335274,1.4777005149383988
u1382,0.037791337578330884,1.7992992942371566,1.5454243593376142
u3958,0.15156353954613044,-1.3612046113918679,-0.44320714886696116
u8093,1.2432985692830645,-0.9106531237579439,0.9478026052976597
u2936,1.4036642224290152,0.4205963163240236,-0.9447623943239084
u1740,-0.9866114561737573,0.7535048367554237,-1.1167429493026493
u8067,-2.1617620807230615,-0.5201042331199167,0.5205221618315096
u6285,-1.5846329034493551,-0.8683086811489495,-0.02126859336221494
u2560,-1.0539436921586032,1.3487478066032328,0.15441460517299332
u3576,-1.3634005507973477,-0.44716793531565674,0.9789935835165656
u5144,0.36798698102377025,-1.4917812794027552,-0.6463786820646078
u9049,-0.6467979903795829,-1.434140909196128,-0.9016785705520172
u7871,0.4706382205336104,1.538145958215382,1.139081292942321
u4922,-0.2091421962499358,-1.1435768313737225,-0.10458792687088339
u4970,-1.2912594036381344,-0.4906934913192859,0.91126973911735
u1304,1.2593819281105885,0.507647428331282,-0.8093147055254774
u5519,-0.7862713735236418,-0.7953723833446894,0.43720282832284113
u6126,-0.4768145148848971,1.0005433585741998,-0.38737615002073106
u3459,0.0024723340533365193,-1.8258709132287896,-1.511193170144957
u9029,-0.5025156960611563,-1.521192021203386,-1.0371262593504482
u8685,-0.2555821622328897,1.4216841044074928,0.6128860268580494
u5996,-0.06966881310587675,-1.7823453572251606,-1.4434693257457414
u1052,0.9547339806462115,-0.7365508997434276,1.2186979828945221
u1640,1.7482865993975574,-1.2153320157833478,0.47373569450315084
u9623,-2.1617620807230615,-0.5201042331199167,0.5205221618315096
u8432,-0.28128334340914907,-1.1000512753700933,-0.0368640824716678
u6511,1.0942073637902705,-1.375319425594866,-0.12018341598033629
u7798,0.6053026925033016,0.3476600185197637,-1.4032338160089644
u1333,0.5844104225014101,-1.6223579474136425,-0.8495502152622545
u7709,1.5479465167474418,0.3335452043167655,-1.0802100831223393
u8232,-0.8423291618553308,0.6664537247481656,-1.2521906381010803
u3257,0.9708173394737356,0.6817496523457983,-0.5384193279286151
u1065,0.10993248473754415,1.7557737382335274,1.4777005149383988
u9885,-0.42556563772757555,-1.0130001633628352,0.09858360632676327
u5253,1.099016274964638,-0.8236020117506858,1.0832502940960909
u3493,1.5479465167474418,0.3335452043167655,-1.0802100831223393
u4274,0.23978804553286798,0.013570384693729134,-2.2680483040893136
u5609,0.8777839223126307,-1.2447427575839787,0.08298811721731043
u1352,0.16118136189486568,-0.25776978370350767,1.9636602712858933
u2961,1.1711574221238512,-0.8671275677543148,1.0155264496968754
u2113,-0.8375202506809634,1.2181711385923455,-0.04875692802465336
u2076,0.9660084282993681,0.13003223850161827,-1.741853038005042
u8293,0.31673810386644863,0.5217622425342802,-1.1323384384121022
u9733,-0.7862713735236418,-0.7953723833446894,0.43720282832284113
u9891,-0.6467979903795829,-1.434140909196128,-0.9016785705520172
u5094,1.0942073637902705,-1.375319425594866,-0.12018341598033629
u1710,-0.20433328507556822,-0.5918594175295422,1.0988457832055438
u5016,1.0942073637902705,-1.375319425594866,-0.12018341598033629
u3224,-1.0796448733348623,-1.1729875731743533,-0.4953355041567238
u7896,-0.20433328507556822,-0.5918594175295422,1.0988457832055438
u1607,-0.1112998679144632,1.3346329924002347,0.4774383380596183
u5789,-1.5637406334474635,1.1017092847844563,-0.5749521941089248
u4938,0.9660084282993681,0.13003223850161827,-1.741853038005042
u9828,0.8938672811401548,0.17355779450524733,-1.6741291936058265
u9845,-1.5637406334474635,1.1017092847844563,-0.5749521941089248
u2293,-0.9144703090145441,0.7099792807517946,-1.1844667937018647
u2159,0.2237046867053437,-1.404730167395497,-0.5109309932661767
u4465,-0.5537645732184778,0.4923515007336492,-1.5230860156979424
u1373,0.1772647207223898,1.1605307683857182,0.20654296046275605
u3332,0.614920514852037,1.4510948462081237,1.0036336041438898
u5210,0.90348510348889,1.2769926221936074,0.7327382265470276
u2913,0.0842313035612848,-0.7659616415440585,0.8279504056086815
u4607,-1.2239271676532888,-1.085936461167095,-0.3598878153582927
u4365,0.2237046867053437,-1.404730167395497,-0.5109309932661767
u4835,1.8204277465567704,-1.2588575717869768,0.4060118501039354
u7280,1.7482865993975574,-1.2153320157833478,0.47373569450315084
u9380,1.1663485109494836,-1.418844981598495,-0.1879072603795517
u5406,-0.40467336772568385,0.9570178025705711,-0.45509999441994664
u8829,0.614920514852037,1.4510948462081237,1.0036336041438898
u2767,1.1663485109494836,-1.418844981598495,-0.1879072603795517
u8704,-0.8584125206828551,-0.7518468273410603,0.5049266727220566
u9166,-0.40948227890005134,0.40530038872639096,-1.6585337044963737
u4992,-0.20433328507556822,-0.5918594175295422,1.0988457832055438
u8115,0.3054636562132922,-0.3448208957107659,1.828212582487462
u1755,0.22851359787971134,-0.8530127535513168,0.6925027168102504
u4011,0.9708173394737356,0.6817496523457983,-0.5384193279286151
u8749,1.769178869399449,0.7546859501500583,-0.07994790624355914
u4133,-0.48162342605926467,0.44882594473002,-1.590809860097158
u9066,0.3984970733743971,1.581671514219011,1.2068051373415367
u1335,1.5527554279218092,0.8852626181609456,0.12322362695408755
u4552,-1.9453386392454213,-0.650680901130804,0.31735062863386293
u9616,1.8413200165586623,0.7111603941464293,-0.14767175064277455
u1826,0.46102039818487517,0.4347111305270218,-1.2677861272105333
u6409,-0.13700104909072258,-1.1871023873773514,-0.17231177127009892
u8439,-0.1273832267419873,-0.08366755968899121,2.2345556488827554
u2761,-1.2191182564789214,-0.5342190473229148,0.8435458947181346
u5684,0.8986761923145224,0.7252752083494274,-0.47069548352939955
u4047,-0.11610877908883083,0.7829155785560548,-0.725995372016809
u9434,-0.5489556620441103,1.044068914577829,-0.31965230562151553
u1561,-0.39986445655131625,1.5087352164147512,0.7483337156564804
u4370,0.2237046867053437,-1.404730167395497,-0.5109309932661767
u4957,0.8313439563296767,1.3205181781972364,0.8004620709462431
u4358,0.03298242640396329,1.2475818803929766,0.3419906492611871
u4317,0.22851359787971134,-0.8530127535513168,0.6925027168102504
u4512,0.08904021473565239,-0.21424422769987847,2.0313841156851087
u2471,0.9547339806462115,-0.7365508997434276,1.2186979828945221
u3891,1.480614280762596,0.9287881741645747,0.1909474713533032
u5764,0.028173515229595658,0.6958644665487965,-0.86144306081524
u8719,0.24459695670723547,0.5652877985379092,-1.0646145940128866
u3770,0.4401281281829835,-1.5353068354063844,-0.7141025264638234
u7123,1.769178869399449,0.7546859501500583,-0.07994790624355914
u3488,-0.9144703090145441,0.7099792807517946,-1.1844667937018647
u8573,-0.7862713735236418,-0.7953723833446894,0.43720282832284113
u7355,-0.6259057203776911,0.5358770567372783,-1.455362171298727
u1905,1.1150996337921621,0.5946985403385401,-0.6738670167270463
u8087,0.32635592621518394,1.6251970702226401,1.2745289817407521
u6162,1.7482865993975574,-1.2153320157833478,0.47373569450315084
u4781,0.3006547450389246,-0.8965383095549458,0.6247788724110349
u1517,0.5331615453440884,0.39118557452339275,-1.3355099716097487
u4394,-0.7862713735236418,-0.7953723833446894,0.43720282832284113
u9512,0.9660084282993681,0.13003223850161827,-1.741853038005042
u1319,-0.12091769026319837,0.2311981647118746,-1.9294290820932358
u6497,0.8777839223126307,-1.2447427575839787,0.08298811721731043
u8108,-0.9144703090145441,0.7099792807517946,-1.1844667937018647
u3274,-0.9305536678420683,-0.7083212713374313,0.5726505171212721
u5268,-0.28609225458351656,-1.6517686892142733,-1.2402977925480947
u5825,1.1150996337921621,0.5946985403385401,-0.6738670167270463
u8419,0.5122692753421967,-1.5788323914100133,-0.7818263708630389
u4950,-0.6259057203776911,0.5358770567372783,-1.455362171298727
u7861,-0.039158720755249926,1.2911074363966055,0.40971449366040263
u7300,-1.2191182564789214,-0.5342190473229148,0.8435458947181346
u2339,-0.3325322205664706,0.913492246566942,-0.5228238388191623
u7120,-0.27166552106041386,0.003383552318267018,2.370003337681186
u3474,-1.5798239922749875,-0.31659126730476944,1.1821651167142122
u4535,2.0577434580363017,0.5805837261355419,-0.35084328384042124
u4616,0.5844104225014101,-1.6223579474136425,-0.8495502152622545
u7529,-1.2030348976513972,0.884081504766311,-0.9135714161050027
u7866,-2.089620933563848,-0.5636297891235458,0.452798317432294
u4289,0.17245580954802214,0.6088133545415383,-0.9968907496136711
u6524,-0.06485990193150931,-1.2306279433809806,-0.2400356156693145
u2233,0.01689906757643924,-0.17071867169624946,2.099107960084324
u7846,-1.7289151977677817,-0.7812575691416913,0.11417909543621622
u3344,-0.40948227890005134,0.40530038872639096,-1.6585337044963737
u2178,-0.04396763192961756,0.7393900225524256,-0.7937192164160245
u3565,0.01689906757643924,-0.17071867169624946,2.099107960084324
u5879,-0.4768145148848971,1.0005433585741998,-0.38737615002073106
u4270,-0.3373411317408382,0.3617748327227619,-1.7262575488955891
u9006,-0.2139511074243033,-1.6952942452179025,-1.3080216369473103
u3097,-0.6980468675369044,0.5794026127409073,-1.3876383268995114
u6011,-0.48162342605926467,0.44882594473002,-1.590809860097158
u6581,-0.7862713735236418,-0.7953723833446894,0.43720282832284113
u1933,-0.7910802846980094,-1.3470897971888696,-0.766230881753586
u8869,-1.0748359621604948,-0.621270159330173,0.7080982059197033
u4611,0.1676468983736547,0.05709594069735831,-2.200324459690098
u1025,0.31192919269208125,-0.029955171309899928,-2.3357721484885294
u3998,-0.3486155793939946,-0.5048083055222841,1.2342934720039749
u3246,1.0477673978073165,1.189941510186349,0.5972905377485964
u7428,-0.4720056037105295,1.5522607724183801,0.816057560055696
u3335,0.39368816220002956,1.029954100374831,0.0033714272651093505
u4997,-0.28609225458351656,-1.6517686892142733,-1.2402977925480947
u9724,0.25421477905597056,1.6687226262262693,1.3422528261399678
u8433,1.0220662166310572,-1.3317938695912368,-0.05245957158112065
u3665,1.4758053695882285,0.37707076032039466,-1.0124862387231237
u6547,-0.1882499262480441,0.8264411345596838,-0.6582715276175934
u3752,1.769178869399449,0.7546859501500583,-0.07994790624355914
u1511,1.1150996337921621,0.5946985403385401,-0.6738670167270463
u5247,0.37279589219813786,-0.9400638655585749,0.5570550280118193
u6280,-0.3534244905683623,-1.0565257193664641,0.030859761927547753
u8119,-0.35823340174272994,-1.6082431332106442,-1.1725739481488793
u3485,0.15637245072049807,-0.8094871975476876,0.760226561209466
u5710,2.2741668995139417,0.45000705812465464,-0.554014817038068
u2207,-0.4768145148848971,1.0005433585741998,-0.38737615002073106
u7809,0.8313439563296767,1.3205181781972364,0.8004620709462431
u7009,1.3154397164422778,-0.9541786797615731,0.8800787608984442
u8953,0.25421477905597056,1.6687226262262693,1.3422528261399678
u1711,-0.569847932046002,-0.9259490513555767,0.23403129512519438
u2073,1.0268751278054247,-0.7800764557470566,1.1509741384953065
u5114,0.3006547450389246,-0.8965383095549458,0.6247788724110349
u8326,0.5331615453440884,0.39118557452339275,-1.3355099716097487
u9297,0.10512357356317653,1.2040563243893474,0.2742668048619716
u1419,0.1676468983736547,0.05709594069735831,-2.200324459690098
u6093,1.0220662166310572,-1.3317938695912368,-0.05245957158112065
u6224,1.6970377222402357,0.7982115061536874,-0.012224061844343612
u1390,-0.6467979903795829,-1.434140909196128,-0.9016785705520172
u3206,0.7383105391685717,-0.6059742317325403,1.4218695160921688
u9815,-0.4977067848867888,-0.9694746073592058,0.16630745072597886
u1588,-0.5489556620441103,1.044068914577829,-0.31965230562151553
u4252,-1.2030348976513972,0.884081504766311,-0.9135714161050027
u9946,0.8265350451553091,0.7688007643530564,-0.4029716391301839
u8529,2.2741668995139417,0.45000705812465464,-0.554014817038068
u5621,-0.06005099075714168,-0.6789105295368003,0.9633980944071127
u5924,0.16118136189486568,-0.25776978370350767,1.9636602712858933
u1984,2.202025752354728,0.4935326141282837,-0.4862909726388523
u5269,0.39368816220002956,1.029954100374831,0.0033714272651093505
u5990,-0.11610877908883083,0.7829155785560548,-0.725995372016809
u5186,0.15156353954613044,-1.3612046113918679,-0.44320714886696116
u1114,-0.2651999845816249,0.3182492767191327,-1.7939813932948048
u7516,0.9499250694718439,-1.2882683135876076,0.015264272818094882
u7877,-0.7141302263644286,-0.8388979393483185,0.3694789839236256
u4319,-1.0539436921586032,1.3487478066032328,0.15441460517299332
u9328,0.037791337578330884,1.7992992942371566,1.5454243593376142
u6860,0.8313439563296767,1.3205181781972364,0.8004620709462431
u6388,-1.0539436921586032,1.3487478066032328,0.15441460517299332
u9500,-1.9244463692435296,1.319337064802602,-0.23633297211284718
u4724,-0.9096613978401766,1.2616966945959744,0.018966916374562277
u1035,-0.2651999845816249,0.3182492767191327,-1.7939813932948048
u9837,-1.2030348976513972,0.884081504766311,-0.9135714161050027
u7228,1.1711574221238512,-0.8671275677543148,1.0155264496968754
u8107,-0.19305883742241164,0.27472372071550366,-1.8617052376940204
u7677,1.1872407809513754,0.551172984334911,-0.7415908611262617
u9505,0.6101116036776694,0.8993774323639437,-0.19980010593253733
u3399,1.676145452238344,-1.1718064597797186,0.5414595389023664
u7610,-0.3534244905683623,-1.0565257193664641,0.030859761927547753
u6200,0.7543938979960959,0.8123263203566856,-0.3352477947309684
u5091,-0.2555821622328897,1.4216841044074928,0.6128860268580494
u1726,-0.3325322205664706,0.913492246566942,-0.5228238388191623
u9547,0.08904021473565239,-0.21424422769987847,2.0313841156851087
u2705,-0.40948227890005134,0.40530038872639096,-1.6585337044963737
u6816,-0.9144703090145441,0.7099792807517946,-1.1844667937018647
u8102,-0.06485990193150931,-1.2306279433809806,-0.2400356156693145
u7306,0.4401281281829835,-1.5353068354063844,-0.7141025264638234
u2222,-0.6162878980289559,1.6393118844256385,0.951505248854127
u8695,-1.0796448733348623,-1.1729875731743533,-0.4953355041567238
u4345,1.7482865993975574,-1.2153320157833478,0.47373569450315084
u4384,0.1772647207223898,1.1605307683857182,0.20654296046275605
u8410,-0.14180996026509013,-1.7388198012215315,-1.3757454813465257
u8034,2.202025752354728,0.4935326141282837,-0.4862909726388523
u8015,-1.7801640749251033,1.2322859527953436,-0.3717806609112782
u6588,-0.5441467508697426,1.5957863284220093,0.8837814044549115
u2754,2.2741668995139417,0.45000705812465464,-0.554014817038068
u7016,-0.6467979903795829,-1.434140909196128,-0.9016785705520172
u6494,-1.8731974920862082,-0.6942064571344331,0.2496267842346475
u7423,-1.6358817806066765,1.1452348407880855,-0.5072283497097094
u9988,-0.4207567265532079,-0.46128274951865494,1.3020173164031905
u9736,-0.8536036095084873,-0.20012941349688035,1.708360382798484
u3295,1.6040043050791306,-1.1282809037760895,0.609183383301582
u5754,0.8938672811401548,0.17355779450524733,-1.6741291936058265
u8769,-1.4403506091309286,-0.9553597931562077,-0.156716282160646
u1151,-1.801056344926995,-0.7377320131380622,0.18190293983543185
u9394,-1.296068314812502,-1.042410905163466,-0.29216397095907715
u1512,0.03298242640396329,1.2475818803929766,0.3419906492611871
u5263,-0.8632214318572226,-1.3035642411852406,-0.6985070373543705
u7371,0.6661693920093585,-0.5624486757289112,1.4895933604913842
u2569,0.10512357356317653,1.2040563243893474,0.2742668048619716
u1753,1.0220662166310572,-1.3317938695912368,-0.05245957158112065
u5422,1.238489658108697,-1.462370537602124,-0.2556311047787673
u6213,0.6822527508368826,0.8558518763603147,-0.26752395033175286
u1741,-1.5798239922749875,-0.31659126730476944,1.1821651167142122
u1508,1.1872407809513754,0.551172984334911,-0.7415908611262617
u1505,-1.1982259864770295,1.435798918610491,0.28986229397142443
u5782,1.238489658108697,-1.462370537602124,-0.2556311047787673
u5224,0.6613604808349909,-1.1141660895730914,0.28615965041495717
u1734,-1.7801640749251033,1.2322859527953436,-0.3717806609112782
u3657,1.2593819281105885,0.507647428331282,-0.8093147055254774
u3141,0.01689906757643924,-0.17071867169624946,2.099107960084324
u4513,0.4497459505317186,-0.43187200771802403,1.692764893689031
u9753,1.0268751278054247,-0.7800764557470566,1.1509741384953065
u7907,-1.4915994862882502,1.0581837287808273,-0.6426760385081405
u6196,1.0220662166310572,-1.3317938695912368,-0.05245957158112065
u4597,1.1199085449665298,1.1464159541827201,0.5295666933493809
u1020,1.4084731336033827,0.9723137301682039,0.2586713157525187
u3959,0.23332250905407895,-0.30129533970713673,1.8959364268866776
u8747,0.5331615453440884,0.39118557452339275,-1.3355099716097487
u2948,0.3888792510256619,0.4782366865306509,-1.2000622828113179
u2841,-1.3634005507973477,-0.44716793531565674,0.9789935835165656
u1289,0.8313439563296767,1.3205181781972364,0.8004620709462431
u9318,1.2641908392849563,1.0593648421754618,0.3941190045509498
u7856,0.9708173394737356,0.6817496523457983,-0.5384193279286151
u4308,0.6661693920093585,-0.5624486757289112,1.4895933604913842
u3443,1.192049692125743,1.102890398179091,0.46184284895016536
u9681,1.7482865993975574,-1.2153320157833478,0.47373569450315084
u2380,0.8313439563296767,1.3205181781972364,0.8004620709462431
u3816,-1.3473171919698237,0.9711326167735691,-0.7781237273065716
u4438,0.15637245072049807,-0.8094871975476876,0.760226561209466
u9768,1.480614280762596,0.9287881741645747,0.1909474713533032
u8636,-1.5846329034493551,-0.8683086811489495,-0.02126859336221494
u6392,-0.2091421962499358,-1.1435768313737225,-0.10458792687088339
u4424,0.1676468983736547,0.05709594069735831,-2.200324459690098
u5342,-0.2091421962499358,-1.1435768313737225,-0.10458792687088339
u5933,-1.5124917562901419,-0.9118342371525786,-0.08899243776143047
u7054,0.023364604055228163,0.14414705270461642,-2.064876770891667
u4410,-0.28609225458351656,-1.6517686892142733,-1.2402977925480947
u8630,-0.6932379563625368,1.1311200265850871,-0.18420461682308453
u2683,-1.2703671336362428,1.47932447461412,0.35758613837063996
u4479,-0.1882499262480441,0.8264411345596838,-0.6582715276175934
u3367,0.25421477905597056,1.6687226262262693,1.3422528261399678
u1570,-0.06485990193150931,-1.2306279433809806,-0.2400356156693145
u7217,0.31192919269208125,-0.029955171309899928,-2.3357721484885294
u2284,0.4401281281829835,-1.5353068354063844,-0.7141025264638234
u9403,-0.1112998679144632,1.3346329924002347,0.4774383380596183
u1239,0.10993248473754415,1.7557737382335274,1.4777005149383988
u1970,-0.9866114561737573,0.7535048367554237,-1.1167429493026493
u7574,1.0429584866329489,0.6382240963421691,-0.6061431723278308
u7335,-0.6932379563625368,1.1311200265850871,-0.18420461682308453
u9929,-0.06966881310587675,-1.7823453572251606,-1.4434693257457414
u7328,0.3888792510256619,0.4782366865306509,-1.2000622828113179
u5798,-1.296068314812502,-1.042410905163466,-0.29216397095907715
u2475,0.9756262506481033,1.2334670661899783,0.6650143821478119
u2067,-0.7910802846980094,-1.3470897971888696,-0.766230881753586
u4076,0.5122692753421967,-1.5788323914100133,-0.7818263708630389
u1560,-0.4768145148848971,1.0005433585741998,-0.38737615002073106
u6579,-1.5124917562901419,-0.9118342371525786,-0.08899243776143047
u8958,-0.9257447566677006,-0.15660385749325118,1.7760842271976993
u8584,1.2432985692830645,-0.9106531237579439,0.9478026052976597
u9494,-1.9244463692435296,1.319337064802602,-0.23633297211284718
u4990,1.9647100408751972,-1.345908683794235,0.27056416130550426
u5229,-0.5489556620441103,1.044068914577829,-0.31965230562151553
u7670,1.4084731336033827,0.9723137301682039,0.2586713157525187
u9508,1.769178869399449,0.7546859501500583,-0.07994790624355914
u6746,-0.26039107340725737,0.8699666905633129,-0.5905476832183778
u8632,1.676145452238344,-1.1718064597797186,0.5414595389023664
u2058,0.8265350451553091,0.7688007643530564,-0.4029716391301839
u5393,0.6613604808349909,-1.1141660895730914,0.28615965041495717
u3879,-1.3473171919698237,0.9711326167735691,-0.7781237273065716
u4864,-0.5537645732184778,0.4923515007336492,-1.5230860156979424
u2525,0.8265350451553091,0.7688007643530564,-0.4029716391301839
u4684,-0.7189391375387961,-1.3906153531924987,-0.8339547261528016
u7317,0.8825928334869982,-0.6930253437397985,1.2864218272937376
u3741,-0.6210968092033236,1.0875944705814582,-0.2519284612223
u6229,0.23978804553286798,0.013570384693729134,-2.2680483040893136
u3492,-1.2239271676532888,-1.085936461167095,-0.3598878153582927
u8310,-0.13219213791635495,-0.6353849735331712,1.0311219388063284
u1214,-1.2912594036381344,-0.4906934913192859,0.91126973911735
u6887,-0.9866114561737573,0.7535048367554237,-1.1167429493026493
u5467,-1.5846329034493551,-0.8683086811489495,-0.02126859336221494
u6116,-0.2091421962499358,-1.1435768313737225,-0.10458792687088339
u5451,-1.2703671336362428,1.47932447461412,0.35758613837063996
u7912,0.5122692753421967,-1.5788323914100133,-0.7818263708630389
u7478,-0.8423291618553308,0.6664537247481656,-1.2521906381010803
u4120,-0.39986445655131625,1.5087352164147512,0.7483337156564804
u4123,0.01689906757643924,-0.17071867169624946,2.099107960084324
u8381,-1.6567740506085684,-0.8247831251453205,0.046455251037000586
u3693,-1.0796448733348623,-1.1729875731743533,-0.4953355041567238
u2793,-0.9096613978401766,1.2616966945959744,0.018966916374562277
u2438,0.3888792510256619,0.4782366865306509,-1.2000622828113179
u6694,1.769178869399449,0.7546859501500583,-0.07994790624355914
u3676,-0.35823340174272994,-1.6082431332106442,-1.1725739481488793
u2225,-1.2912594036381344,-0.4906934913192859,0.91126973911735
u2822,-0.6980468675369044,0.5794026127409073,-1.3876383268995114
u8792,-0.42556563772757555,-1.0130001633628352,0.09858360632676327
u7325,1.480614280762596,0.9287881741645747,0.1909474713533032
u5868,0.10512357356317653,1.2040563243893474,0.2742668048619716
u5563,0.18207363189675732,1.7122481822298983,1.4099766705391832
u9306,-1.8731974920862082,-0.6942064571344331,0.2496267842346475
u5740,-1.3473171919698237,0.9711326167735691,-0.7781237273065716
u9372,-0.7141302263644286,-0.8388979393483185,0.3694789839236256
u2458,-0.35823340174272994,-1.6082431332106442,-1.1725739481488793
u3441,-1.9244463692435296,1.319337064802602,-0.23633297211284718
u2231,-0.14180996026509013,-1.7388198012215315,-1.3757454813465257
u2980,-0.26039107340725737,0.8699666905633129,-0.5905476832183778
u4880,1.9647100408751972,-1.345908683794235,0.27056416130550426
u5403,-0.2091421962499358,-1.1435768313737225,-0.10458792687088339
u2015,-1.70802292776589,1.1887603967917146,-0.43950450531049373
u7792,1.331523075269802,0.4641218723276528,-0.8770385499246928
u3203,0.6613604808349909,-1.1141660895730914,0.28615965041495717
u5392,0.10993248473754415,1.7557737382335274,1.4777005149383988
u4093,0.810451686327785,-0.6494997877361693,1.3541456716929532
u9533,1.387580863601491,-0.9977042357652021,0.8123549164992285
u1857,1.7482865993975574,-1.2153320157833478,0.47373569450315084
u7643,0.3984970733743971,1.581671514219011,1.2068051373415367
u9137,-0.8632214318572226,-1.3035642411852406,-0.6985070373543705
u4331,0.39368816220002956,1.029954100374831,0.0033714272651093505
u8841,-0.6259057203776911,0.5358770567372783,-1.455362171298727
u2457,1.8413200165586623,0.7111603941464293,-0.14767175064277455
u3594,0.36798698102377025,-1.4917812794027552,-0.6463786820646078
u5625,-0.18344101507367647,1.3781585484038639,0.5451621824588337
u7728,0.8056427751534174,-1.2012172015803495,0.15071196161652597
u1078,-1.5124917562901419,-0.9118342371525786,-0.08899243776143047
u5277,-0.6980468675369044,0.5794026127409073,-1.3876383268995114
u9706,-1.0748359621604948,-0.621270159330173,0.7080982059197033
u5773,-0.5441467508697426,1.5957863284220093,0.8837814044549115
u1135,1.2593819281105885,0.507647428331282,-0.8093147055254774
u9838,0.1772647207223898,1.1605307683857182,0.20654296046275605
u9655,1.2432985692830645,-0.9106531237579439,0.9478026052976597
u9263,1.4758053695882285,0.37707076032039466,-1.0124862387231237
u6444,-1.419458339129037,1.0146581727771982,-0.710399882907356
u7957,-1.2703671336362428,1.47932447461412,0.35758613837063996
u5235,0.4706382205336104,1.538145958215382,1.139081292942321
u5368,0.3054636562132922,-0.3448208957107659,1.828212582487462
u3303,0.5892193336757776,-1.0706405335694622,0.3538834948141727
u4871,-0.06485990193150931,-1.2306279433809806,-0.2400356156693145
u1575,-1.6567740506085684,-0.8247831251453205,0.046455251037000586
u4160,-0.06966881310587675,-1.7823453572251606,-1.4434693257457414
u8506,-2.1617620807230615,-0.5201042331199167,0.5205221618315096
u5004,-1.0539436921586032,1.3487478066032328,0.15441460517299332
u2205,-0.6419890792052153,-0.8824234953519476,0.30175513952440997
u4064,0.32154701504081634,1.07347965637846,0.07109527166432487
u3351,0.2958458338645569,-1.448255723399126,-0.5786548376653923
u9343,-0.7653791035217501,1.1746455825887163,-0.1164807724238689
u4815,0.5170781865165643,-1.027114977565833,0.4216073392133883
u2169,0.3054636562132922,-0.3448208957107659,1.828212582487462
u2975,-1.7801640749251033,1.2322859527953436,-0.3717806609112782
u9444,1.5527554279218092,0.8852626181609456,0.12322362695408755
u3150,-0.7189391375387961,-1.3906153531924987,-0.8339547261528016
u4873,1.3363319864441694,1.0158392861718328,0.32639516015173425
u5063,-0.9096613978401766,1.2616966945959744,0.018966916374562277
u7379,-0.27166552106041386,0.003383552318267018,2.370003337681186
u6000,1.1711574221238512,-0.8671275677543148,1.0155264496968754
u3249,0.6101116036776694,0.8993774323639437,-0.19980010593253733
u3091,-0.7653791035217501,1.1746455825887163,-0.1164807724238689
u3753,-1.146977109319708,-0.577744603326544,0.7758220503189189
u9690,0.31192919269208125,-0.029955171309899928,-2.3357721484885294
u1469,-0.18344101507367647,1.3781585484038639,0.5451621824588337
u4840,-0.9305536678420683,-0.7083212713374313,0.5726505171212721
u5818,0.25421477905597056,1.6687226262262693,1.3422528261399678
u3609,1.8204277465567704,-1.2588575717869768,0.4060118501039354
u9534,0.9547339806462115,-0.7365508997434276,1.2186979828945221
u7974,-0.28128334340914907,-1.1000512753700933,-0.0368640824716678
u6725,0.5844104225014101,-1.6223579474136425,-0.8495502152622545
u4476,-0.06966881310587675,-1.7823453572251606,-1.4434693257457414
u1686,-1.2751760448106104,0.9276070607699402,-0.8458475717057872
u6216,0.10031466238880893,0.6523389105451675,-0.9291669052144556
u6315,1.3363319864441694,1.0158392861718328,0.32639516015173425
u5957,-0.7814624623492741,-0.2436549695005094,1.6406365383992683
u4297,-0.2139511074243033,-1.6952942452179025,-1.3080216369473103
u4082,0.8217261339809415,0.2170833505088765,-1.6064053492066108
u6685,0.8825928334869982,-0.6930253437397985,1.2864218272937376
u2599,-0.06966881310587675,-1.7823453572251606,-1.4434693257457414
u5437,-1.9244463692435296,1.319337064802602,-0.23633297211284718
u9925,0.07942239238691717,-1.3176790553882387,-0.37548330446774564
u9425,0.5427793676928238,1.4946204022117529,1.0713574485431054
u5348,-1.0796448733348623,-1.1729875731743533,-0.4953355041567238
u2322,-2.017479786404635,-0.6071553451271748,0.38507447303307857
u1624,-1.1982259864770295,1.435798918610491,0.28986229397142443
u4115,-1.0796448733348623,-1.1729875731743533,-0.4953355041567238
u3313,-1.5076828451157742,-0.3601168233083986,1.1144412723149968
u1034,0.6565515696606233,-1.6658835034172714,-0.91727405966147
u8626,-1.2703671336362428,1.47932447461412,0.35758613837063996
u2036,-1.9453386392454213,-0.650680901130804,0.31735062863386293
u8371,1.238489658108697,-1.462370537602124,-0.2556311047787673
u2833,1.5318631579199176,-1.0847553477724605,0.6769072277007975
u5874,2.202025752354728,0.4935326141282837,-0.4862909726388523
u3009,1.892568893715984,-1.302383127790606,0.3382880057047198
u2897,1.0220662166310572,-1.3317938695912368,-0.05245957158112065
u6647,-0.14180996026509013,-1.7388198012215315,-1.3757454813465257
u3927,-1.8731974920862082,-0.6942064571344331,0.2496267842346475
u1618,0.521887097690932,-0.4753975637216531,1.6250410492898155
u6401,0.3888792510256619,0.4782366865306509,-1.2000622828113179
u5700,0.6870616620112502,1.4075692902044947,0.9359097597446742
u8071,-0.4207567265532079,-0.46128274951865494,1.3020173164031905
u4202,0.32154701504081634,1.07347965637846,0.07109527166432487
u5250,-1.70802292776589,1.1887603967917146,-0.43950450531049373
u5856,-0.28128334340914907,-1.1000512753700933,-0.0368640824716678
u4532,-0.28609225458351656,-1.6517686892142733,-1.2402977925480947
u7057,-1.6358817806066765,1.1452348407880855,-0.5072283497097094
u5756,0.7335016279942042,-1.1576916455767203,0.2184358060157415
u3130,-0.7910802846980094,-1.3470897971888696,-0.766230881753586
u9770,1.1872407809513754,0.551172984334911,-0.7415908611262617
u3472,-1.4915994862882502,1.0581837287808273,-0.6426760385081405
u2613,0.7543938979960959,0.8123263203566856,-0.3352477947309684
u1216,-0.5441467508697426,1.5957863284220093,0.8837814044549115
u5516,1.4597220107607043,-1.0412297917688313,0.744631072100013
u5794,0.10512357356317653,1.2040563243893474,0.2742668048619716
u1541,0.03298242640396329,1.2475818803929766,0.3419906492611871
u3088,-0.04396763192961756,0.7393900225524256,-0.7937192164160245
u1472,-0.8536036095084873,-0.20012941349688035,1.708360382798484
u4640,-0.3325322205664706,0.913492246566942,-0.5228238388191623
u1432,0.07942239238691717,-1.3176790553882387,-0.37548330446774564
u9109,-1.5846329034493551,-0.8683086811489495,-0.02126859336221494
u5587,-0.5650390208716344,-0.3742316375113967,1.4374650052016218
u3398,0.31192919269208125,-0.029955171309899928,-2.3357721484885294
u8761,-0.7910802846980094,-1.3470897971888696,-0.766230881753586
u9198,-0.7814624623492741,-0.2436549695005094,1.6406365383992683
u4986,0.9708173394737356,0.6817496523457983,-0.5384193279286151
u9248,0.810451686327785,-0.6494997877361693,1.3541456716929532
u6362,-1.7289151977677817,-0.7812575691416913,0.11417909543621622
u4302,-1.6567740506085684,-0.8247831251453205,0.046455251037000586
u2749,0.4497459505317186,-0.43187200771802403,1.692764893689031
u8127,0.15637245072049807,-0.8094871975476876,0.760226561209466
u8544,-0.19952437390120056,-0.04014200368536215,2.302279493281971
u2140,0.07942239238691717,-1.3176790553882387,-0.37548330446774564
u8935,0.5844104225014101,-1.6223579474136425,-0.8495502152622545
u4259,-1.9453386392454213,-0.650680901130804,0.31735062863386293
u6082,0.037791337578330884,1.7992992942371566,1.5454243593376142
u6478,0.5122692753421967,-1.5788323914100133,-0.7818263708630389
u5965,-0.12091769026319837,0.2311981647118746,-1.9294290820932358
u5136,0.6613604808349909,-1.1141660895730914,0.28615965041495717
u2973,0.1676468983736547,0.05709594069735831,-2.200324459690098
u3824,-0.26039107340725737,0.8699666905633129,-0.5905476832183778
u5243,-0.8375202506809634,1.2181711385923455,-0.04875692802465336
u1197,-0.1882499262480441,0.8264411345596838,-0.6582715276175934
u4349,0.8777839223126307,-1.2447427575839787,0.08298811721731043
u3518,2.2741668995139417,0.45000705812465464,-0.554014817038068
u5274,0.1772647207223898,1.1605307683857182,0.20654296046275605
u9960,0.6822527508368826,0.8558518763603147,-0.26752395033175286
u3502,-0.569847932046002,-0.9259490513555767,0.23403129512519438
u8434,1.2593819281105885,0.507647428331282,-0.8093147055254774
u4534,-0.4720056037105295,1.5522607724183801,0.816057560055696
u2533,0.7543938979960959,0.8123263203566856,-0.3352477947309684
u6686,1.1711574221238512,-0.8671275677543148,1.0155264496968754
u6134,-0.7910802846980094,-1.3470897971888696,-0.766230881753586
u5266,-1.2912594036381344,-0.4906934913192859,0.91126973911735
u6299,-0.569847932046002,-0.9259490513555767,0.23403129512519438
u7184,-0.06485990193150931,-1.2306279433809806,-0.2400356156693145
u5531,0.5379704565184561,0.9429029883675729,-0.13207626153332175
u2876,1.1199085449665298,1.1464159541827201,0.5295666933493809
u7422,0.15637245072049807,-0.8094871975476876,0.760226561209466
u2044,0.6613604808349909,-1.1141660895730914,0.28615965041495717
u3634,-1.1308937504921839,0.8405559487626818,-0.9812952605042182
u5753,-2.017479786404635,-0.6071553451271748,0.38507447303307857
u3426,2.0577434580363017,0.5805837261355419,-0.35084328384042124
u5979,-1.6358817806066765,1.1452348407880855,-0.5072283497097094
u2593,1.387580863601491,-0.9977042357652021,0.8123549164992285
u4655,1.4036642224290152,0.4205963163240236,-0.9447623943239084
u1057,-0.1112998679144632,1.3346329924002347,0.4774383380596183
u1418,-0.7862713735236418,-0.7953723833446894,0.43720282832284113
u1001,-1.6358817806066765,1.1452348407880855,-0.5072283497097094
u9128,-0.20433328507556822,-0.5918594175295422,1.0988457832055438
u8317,0.09550575121444144,0.10062149670098726,-2.1326006152908827
u9926,1.3363319864441694,1.0158392861718328,0.32639516015173425
u3622,-1.5846329034493551,-0.8683086811489495,-0.02126859336221494
u2360,0.7335016279942042,-1.1576916455767203,0.2184358060157415
u3215,0.9547339806462115,-0.7365508997434276,1.2186979828945221
u1630,-1.1308937504921839,0.8405559487626818,-0.9812952605042182
u8042,-1.3473171919698237,0.9711326167735691,-0.7781237273065716
u4159,0.5892193336757776,-1.0706405335694622,0.3538834948141727
u4931,-0.27647443223478135,-0.5483338615259131,1.1665696276047595
u2341,1.099016274964638,-0.8236020117506858,1.0832502940960909
u9398,-0.5537645732184778,0.4923515007336492,-1.5230860156979424
u6538,0.028173515229595658,0.6958644665487965,-0.86144306081524
u6129,1.9134611637178753,0.6676348381428002,-0.21539559504199018
u8473,0.17245580954802214,0.6088133545415383,-0.9968907496136711
u5329,-1.2191182564789214,-0.5342190473229148,0.8435458947181346
u4516,0.37760480337250546,-0.38834645171439497,1.7604887380882466
u9659,1.0268751278054247,-0.7800764557470566,1.1509741384953065
u4959,0.3054636562132922,-0.3448208957107659,1.828212582487462
u2787,1.8204277465567704,-1.2588575717869768,0.4060118501039354
u4797,0.15637245072049807,-0.8094871975476876,0.760226561209466
u2374,-1.0748359621604948,-0.621270159330173,0.7080982059197033
u9839,-0.13219213791635495,-0.6353849735331712,1.0311219388063284
u8009,-0.7189391375387961,-1.3906153531924987,-0.8339547261528016
u4309,-0.32772330939210287,1.465209660411122,0.6806098712572648
u3304,0.4497459505317186,-0.43187200771802403,1.692764893689031
u7549,0.028173515229595658,0.6958644665487965,-0.86144306081524
u5459,-1.435541697956561,-0.4036423793120277,1.0467174279157812
u9033,0.3888792510256619,0.4782366865306509,-1.2000622828113179
u7664,-0.06485990193150931,-1.2306279433809806,-0.2400356156693145
u5251,1.8413200165586623,0.7111603941464293,-0.14767175064277455
u7824,0.5844104225014101,-1.6223579474136425,-0.8495502152622545
u3456,-0.9144703090145441,0.7099792807517946,-1.1844667937018647
u4171,0.1676468983736547,0.05709594069735831,-2.200324459690098
u5976,-0.04877654310398522,0.18767260870824554,-1.9971529264924515
u3778,-0.7189391375387961,-1.3906153531924987,-0.8339547261528016
u1230,0.4449370393573511,-0.9835894215622041,0.4893311836126038
u5031,-1.1260848393178164,1.3922733626068617,0.22213844957220885
u1232,0.8938672811401548,0.17355779450524733,-1.6741291936058265
u2665,-0.7189391375387961,-1.3906153531924987,-0.8339547261528016
u4166,-1.9244463692435296,1.319337064802602,-0.23633297211284718
u1341,0.7592028091704635,1.3640437342008656,0.8681859153454586
u9110,0.5940282448501453,-0.518923119725282,1.5573172048905999
u1113,0.32635592621518394,1.6251970702226401,1.2745289817407521
u2985,-1.801056344926995,-0.7377320131380622,0.18190293983543185
u9348,1.892568893715984,-1.302383127790606,0.3382880057047198
u8884,-0.6162878980289559,1.6393118844256385,0.951505248854127
u8346,0.24940586788160307,1.1170052123820893,0.13881911606354047
u8976,-0.06966881310587675,-1.7823453572251606,-1.4434693257457414
u3768,-0.6210968092033236,1.0875944705814582,-0.2519284612223
u5289,1.5479465167474418,0.3335452043167655,-1.0802100831223393
u1510,1.676145452238344,-1.1718064597797186,0.5414595389023664
u1048,-0.8632214318572226,-1.3035642411852406,-0.6985070373543705
u8586,-1.007503726175649,-1.2165131291779823,-0.5630593485559393
u1858,-1.3682094619717153,-0.9988853491598367,-0.22444012655986154
u5281,-1.5798239922749875,-0.31659126730476944,1.1821651167142122
u9628,0.8825928334869982,-0.6930253437397985,1.2864218272937376
u3036,0.8313439563296767,1.3205181781972364,0.8004620709462431
u4003,1.6248965750810225,0.8417370621573166,0.05549978255487202
u6360,-0.5650390208716344,-0.3742316375113967,1.4374650052016218
u1844,0.16118136189486568,-0.25776978370350767,1.9636602712858933
u2586,0.037791337578330884,1.7992992942371566,1.5454243593376142
u8665,0.8938672811401548,0.17355779450524733,-1.6741291936058265
u8563,0.37760480337250546,-0.38834645171439497,1.7604887380882466
u5196,1.0220662166310572,-1.3317938695912368,-0.05245957158112065
u4862,-1.1260848393178164,1.3922733626068617,0.22213844957220885
u4795,-0.49289787371242116,-0.4177571935150259,1.3697411608024062
u7413,-0.9305536678420683,-0.7083212713374313,0.5726505171212721
u1145,0.37760480337250546,-0.38834645171439497,1.7604887380882466
u7696,0.614920514852037,1.4510948462081237,1.0036336041438898
u2571,-1.8731974920862082,-0.6942064571344331,0.2496267842346475
u6621,0.07942239238691717,-1.3176790553882387,-0.37548330446774564
u9739,-1.3473171919698237,0.9711326167735691,-0.7781237273065716
u6981,1.3154397164422778,-0.9541786797615731,0.8800787608984442
u8488,0.614920514852037,1.4510948462081237,1.0036336041438898
u1014,0.6053026925033016,0.3476600185197637,-1.4032338160089644
u3883,-1.2751760448106104,0.9276070607699402,-0.8458475717057872
u2674,1.7482865993975574,-1.2153320157833478,0.47373569450315084
u6940,-1.70802292776589,1.1887603967917146,-0.43950450531049373
u5498,0.46102039818487517,0.4347111305270218,-1.2677861272105333
u3478,-0.4977067848867888,-0.9694746073592058,0.16630745072597886
u7297,0.46102039818487517,0.4347111305270218,-1.2677861272105333
u7146,-1.1982259864770295,1.435798918610491,0.28986229397142443
u9577,0.7592028091704635,1.3640437342008656,0.8681859153454586
u9664,0.3054636562132922,-0.3448208957107659,1.828212582487462
u6428,-1.1260848393178164,1.3922733626068617,0.22213844957220885
u7917,-0.35823340174272994,-1.6082431332106442,-1.1725739481488793
u4948,-1.4915994862882502,1.0581837287808273,-0.6426760385081405
u2778,0.5940282448501453,-0.518923119725282,1.5573172048905999
u8116,0.9499250694718439,-1.2882683135876076,0.015264272818094882
u6032,0.24940586788160307,1.1170052123820893,0.13881911606354047
u3185,1.0220662166310572,-1.3317938695912368,-0.05245957158112065
u3860,1.0268751278054247,-0.7800764557470566,1.1509741384953065
u8571,0.36798698102377025,-1.4917812794027552,-0.6463786820646078
u5999,0.4497459505317186,-0.43187200771802403,1.692764893689031
u8709,0.7495849868217282,0.2606089065125054,-1.5386815048073954
u3505,-0.9818025449993898,1.3052222505996036,0.08669076077377769
u1695,-0.1882499262480441,0.8264411345596838,-0.6582715276175934
u4879,1.676145452238344,-1.1718064597797186,0.5414595389023664
u3458,-1.8523052220843164,1.2758115087989728,-0.3040568165120627
u5190,-1.5846329034493551,-0.8683086811489495,-0.02126859336221494
u4175,0.6870616620112502,1.4075692902044947,0.9359097597446742
u4216,-0.9353625790164358,-1.2600386851816114,-0.630783192955155
u9254,1.3106308052679103,-1.505896093605753,-0.32335494917798285
u8472,1.1872407809513754,0.551172984334911,-0.7415908611262617
u4484,-0.8632214318572226,-1.3035642411852406,-0.6985070373543705
u5515,-0.4303745489019431,-1.5647175772070152,-1.1048501037496636
u7909,0.023364604055228163,0.14414705270461642,-2.064876770891667
u3986,-0.28609225458351656,-1.6517686892142733,-1.2402977925480947
u3211,-1.8731974920862082,-0.6942064571344331,0.2496267842346475
u7167,1.6040043050791306,-1.1282809037760895,0.609183383301582
u5230,0.8986761923145224,0.7252752083494274,-0.47069548352939955
u9670,-0.1882499262480441,0.8264411345596838,-0.6582715276175934
u6955,0.90348510348889,1.2769926221936074,0.7327382265470276
u3250,0.028173515229595658,0.6958644665487965,-0.86144306081524
u8161,-1.7801640749251033,1.2322859527953436,-0.3717806609112782
u6563,-1.0026948150012815,-0.6647957153338022,0.6403743615204877
u9746,0.37760480337250546,-0.38834645171439497,1.7604887380882466
u7782,-0.8423291618553308,0.6664537247481656,-1.2521906381010803
u7438,-1.007503726175649,-1.2165131291779823,-0.5630593485559393
u5810,0.25421477905597056,1.6687226262262693,1.3422528261399678
u7250,0.17245580954802214,0.6088133545415383,-0.9968907496136711
u3781,1.6970377222402357,0.7982115061536874,-0.012224061844343612
u2014,0.07942239238691717,-1.3176790553882387,-0.37548330446774564
u4730,-0.06485990193150931,-1.2306279433809806,-0.2400356156693145
u6571,0.810451686327785,-0.6494997877361693,1.3541456716929532
u2463,-0.6980468675369044,0.5794026127409073,-1.3876383268995114
u9136,1.1872407809513754,0.551172984334911,-0.7415908611262617
u8698,-0.06966881310587675,-1.7823453572251606,-1.4434693257457414
u4700,1.7482865993975574,-1.2153320157833478,0.47373569450315084
u7508,0.6870616620112502,1.4075692902044947,0.9359097597446742
u2197,-0.27166552106041386,0.003383552318267018,2.370003337681186
u1868,0.31673810386644863,0.5217622425342802,-1.1323384384121022
u4681,-1.2751760448106104,0.9276070607699402,-0.8458475717057872
u2901,0.5379704565184561,0.9429029883675729,-0.13207626153332175
u6344,1.9134611637178753,0.6676348381428002,-0.21539559504199018
u8002,1.3363319864441694,1.0158392861718328,0.32639516015173425
u8751,0.15637245072049807,-0.8094871975476876,0.760226561209466
u4472,0.31192919269208125,-0.029955171309899928,-2.3357721484885294
u4468,-0.19305883742241164,0.27472372071550366,-1.8617052376940204
u1981,0.3984970733743971,1.581671514219011,1.2068051373415367
u6700,0.5427793676928238,1.4946204022117529,1.0713574485431054
u4342,1.4758053695882285,0.37707076032039466,-1.0124862387231237
u4152,-0.4977067848867888,-0.9694746073592058,0.16630745072597886
u5344,-0.7862713735236418,-0.7953723833446894,0.43720282832284113
u4646,-1.6567740506085684,-0.8247831251453205,0.046455251037000586
u6485,0.810451686327785,-0.6494997877361693,1.3541456716929532
u7840,0.16118136189486568,-0.25776978370350767,1.9636602712858933
u5991,-0.7653791035217501,1.1746455825887163,-0.1164807724238689
u5008,1.4084731336033827,0.9723137301682039,0.2586713157525187
u5017,-1.2912594036381344,-0.4906934913192859,0.91126973911735
u8451,-0.2139511074243033,-1.6952942452179025,-1.3080216369473103
u3949,0.31673810386644863,0.5217622425342802,-1.1323384384121022
u7014,-0.039158720755249926,1.2911074363966055,0.40971449366040263
u6103,-1.7289151977677817,-0.7812575691416913,0.11417909543621622
u9220,0.6613604808349909,-1.1141660895730914,0.28615965041495717
u8064,1.099016274964638,-0.8236020117506858,1.0832502940960909
u4885,-0.1882499262480441,0.8264411345596838,-0.6582715276175934
u6964,-0.20433328507556822,-0.5918594175295422,1.0988457832055438
u6606,-0.27166552106041386,0.003383552318267018,2.370003337681186
u7072,0.5379704565184561,0.9429029883675729,-0.13207626153332175
u2753,-0.13219213791635495,-0.6353849735331712,1.0311219388063284
u4902,-0.32772330939210287,1.465209660411122,0.6806098712572648
u2477,0.32154701504081634,1.07347965637846,0.07109527166432487
u2215,-1.4915994862882502,1.0581837287808273,-0.6426760385081405
u6888,-0.04877654310398522,0.18767260870824554,-1.9971529264924515
u6970,1.331523075269802,0.4641218723276528,-0.8770385499246928
u1334,1.6970377222402357,0.7982115061536874,-0.012224061844343612
u2423,-0.49289787371242116,-0.4177571935150259,1.3697411608024062
u5774,-1.3634005507973477,-0.44716793531565674,0.9789935835165656
u8946,-0.9144703090145441,0.7099792807517946,-1.1844667937018647
u6372,-0.04877654310398522,0.18767260870824554,-1.9971529264924515
u9921,0.5122692753421967,-1.5788323914100133,-0.7818263708630389
u1000,-1.146977109319708,-0.577744603326544,0.7758220503189189
u5552,-0.7189391375387961,-1.3906153531924987,-0.8339547261528016
u7493,0.07942239238691717,-1.3176790553882387,-0.37548330446774564
u2508,-1.3473171919698237,0.9711326167735691,-0.7781237273065716
u9973,-0.27166552106041386,0.003383552318267018,2.370003337681186
u1137,-0.19952437390120056,-0.04014200368536215,2.302279493281971
u8495,-0.4207567265532079,-0.46128274951865494,1.3020173164031905
u7720,0.23978804553286798,0.013570384693729134,-2.2680483040893136
u5009,-1.146977109319708,-0.577744603326544,0.7758220503189189
u6629,-0.3373411317408382,0.3617748327227619,-1.7262575488955891
u6822,-0.4720056037105295,1.5522607724183801,0.816057560055696
u4435,-0.18344101507367647,1.3781585484038639,0.5451621824588337
u7260,-0.5537645732184778,0.4923515007336492,-1.5230860156979424
u7716,1.1872407809513754,0.551172984334911,-0.7415908611262617
u9695,0.15637245072049807,-0.8094871975476876,0.760226561209466
u1617,-0.12091769026319837,0.2311981647118746,-1.9294290820932358
u3349,-0.8536036095084873,-0.20012941349688035,1.708360382798484
u8436,2.2741668995139417,0.45000705812465464,-0.554014817038068
u9234,-2.2339032278822746,-0.4765786771162876,0.588246006230725
u4599,-0.1112998679144632,1.3346329924002347,0.4774383380596183
u5134,-1.2912594036381344,-0.4906934913192859,0.91126973911735
u6353,-1.2751760448106104,0.9276070607699402,-0.8458475717057872
u2688,0.25421477905597056,1.6687226262262693,1.3422528261399678
u2747,0.8217261339809415,0.2170833505088765,-1.6064053492066108
u4690,-0.6932379563625368,1.1311200265850871,-0.18420461682308453
u4458,0.6661693920093585,-0.5624486757289112,1.4895933604913842
u3571,0.9660084282993681,0.13003223850161827,-1.741853038005042
u9281,1.7482865993975574,-1.2153320157833478,0.47373569450315084
u6476,1.1711574221238512,-0.8671275677543148,1.0155264496968754
u8257,0.03298242640396329,1.2475818803929766,0.3419906492611871
u5663,-0.6980468675369044,0.5794026127409073,-1.3876383268995114
u1265,-0.19305883742241164,0.27472372071550366,-1.8617052376940204
u2040,0.2237046867053437,-1.404730167395497,-0.5109309932661767
u1172,0.007281245227703905,-1.2741534993846098,-0.30775946006853
u6325,-0.3486155793939946,-0.5048083055222841,1.2342934720039749
u3913,-1.6358817806066765,1.1452348407880855,-0.5072283497097094
u5859,-0.6467979903795829,-1.434140909196128,-0.9016785705520172
u9501,-0.4207567265532079,-0.46128274951865494,1.3020173164031905
u6133,0.521887097690932,-0.4753975637216531,1.6250410492898155
u9863,1.4084731336033827,0.9723137301682039,0.2586713157525187
u2290,-0.5746568432203696,-1.4776664651997569,-0.9694024149512328
u9077,0.31673810386644863,0.5217622425342802,-1.1323384384121022
u7028,0.028173515229595658,0.6958644665487965,-0.86144306081524
u7063,-0.9866114561737573,0.7535048367554237,-1.1167429493026493
u5851,-0.5489556620441103,1.044068914577829,-0.31965230562151553
u9821,-1.2030348976513972,0.884081504766311,-0.9135714161050027
u4275,-0.5746568432203696,-1.4776664651997569,-0.9694024149512328
u6592,-0.7093213151900608,-0.28718052550413853,1.5729126940000528
u2151,0.3006547450389246,-0.8965383095549458,0.6247788724110349
u6804,-0.06966881310587675,-1.7823453572251606,-1.4434693257457414
u9233,-1.0026948150012815,-0.6647957153338022,0.6403743615204877
u3935,-0.1112998679144632,1.3346329924002347,0.4774383380596183
u4856,-1.3634005507973477,-0.44716793531565674,0.9789935835165656
u9998,-0.9353625790164358,-1.2600386851816114,-0.630783192955155
u6799,0.028173515229595658,0.6958644665487965,-0.86144306081524
u8173,-0.40948227890005134,0.40530038872639096,-1.6585337044963737
u1184,-1.1982259864770295,1.435798918610491,0.28986229397142443
u5001,-1.2030348976513972,0.884081504766311,-0.9135714161050027
u3375,-0.7814624623492741,-0.2436549695005094,1.6406365383992683
u2368,-0.6162878980289559,1.6393118844256385,0.951505248854127
u6715,-0.9305536678420683,-0.7083212713374313,0.5726505171212721
u6448,1.1711574221238512,-0.8671275677543148,1.0155264496968754
u7311,-0.7141302263644286,-0.8388979393483185,0.3694789839236256
u6046,0.18207363189675732,1.7122481822298983,1.4099766705391832
u6187,0.9499250694718439,-1.2882683135876076,0.015264272818094882
u1904,0.4706382205336104,1.538145958215382,1.139081292942321
u2634,1.1150996337921621,0.5946985403385401,-0.6738670167270463
u9017,-1.9453386392454213,-0.650680901130804,0.31735062863386293
u2189,-0.8536036095084873,-0.20012941349688035,1.708360382798484
u2735,-0.6980468675369044,0.5794026127409073,-1.3876383268995114
u3764,1.0220662166310572,-1.3317938695912368,-0.05245957158112065
u5156,0.6661693920093585,-0.5624486757289112,1.4895933604913842
u8845,-0.8632214318572226,-1.3035642411852406,-0.6985070373543705
u7501,1.8413200165586623,0.7111603941464293,-0.14767175064277455
u2412,-0.28609225458351656,-1.6517686892142733,-1.2402977925480947
u7946,0.1676468983736547,0.05709594069735831,-2.200324459690098
u8972,0.8217261339809415,0.2170833505088765,-1.6064053492066108
u3165,1.769178869399449,0.7546859501500583,-0.07994790624355914
u6314,-0.04877654310398522,0.18767260870824554,-1.9971529264924515
u6031,-0.5441467508697426,1.5957863284220093,0.8837814044549115
u7061,-0.32772330939210287,1.465209660411122,0.6806098712572648
u2462,0.24940586788160307,1.1170052123820893,0.13881911606354047
u8100,-1.4915994862882502,1.0581837287808273,-0.6426760385081405
u2904,-0.6210968092033236,1.0875944705814582,-0.2519284612223
u8246,-0.28609225458351656,-1.6517686892142733,-1.2402977925480947
u6435,-0.2091421962499358,-1.1435768313737225,-0.10458792687088339
u6432,0.5844104225014101,-1.6223579474136425,-0.8495502152622545
u6389,-0.18344101507367647,1.3781585484038639,0.5451621824588337
u2911,0.6613604808349909,-1.1141660895730914,0.28615965041495717
u9249,0.6101116036776694,0.8993774323639437,-0.19980010593253733
u1258,-0.6980468675369044,0.5794026127409073,-1.3876383268995114
u6363,-0.5441467508697426,1.5957863284220093,0.8837814044549115
u7270,1.1150996337921621,0.5946985403385401,-0.6738670167270463
u3914,0.810451686327785,-0.6494997877361693,1.3541456716929532
u4498,-1.0587526033329706,0.7970303927590529,-1.0490191049034336
u9283,-0.7701880146961176,0.6229281687445365,-1.319914482500296
u3739,-0.9096613978401766,1.2616966945959744,0.018966916374562277
u2034,0.007281245227703905,-1.2741534993846098,-0.30775946006853
u1029,0.23978804553286798,0.013570384693729134,-2.2680483040893136
u4884,-1.3473171919698237,0.9711326167735691,-0.7781237273065716
u2096,-1.1260848393178164,1.3922733626068617,0.22213844957220885
u1834,1.1150996337921621,0.5946985403385401,-0.6738670167270463
u6079,0.16118136189486568,-0.25776978370350767,1.9636602712858933
u2600,0.5122692753421967,-1.5788323914100133,-0.7818263708630389
u8481,-0.6371801680308475,-0.3307060815077677,1.5051888496008372
u9937,0.36798698102377025,-1.4917812794027552,-0.6463786820646078
u5013,1.1711574221238512,-0.8671275677543148,1.0155264496968754
u4418,-0.18344101507367647,1.3781585484038639,0.5451621824588337
u9317,-0.6210968092033236,1.0875944705814582,-0.2519284612223
u3243,0.8986761923145224,0.7252752083494274,-0.47069548352939955
u1654,0.07942239238691717,-1.3176790553882387,-0.37548330446774564
u9217,-1.5846329034493551,-0.8683086811489495,-0.02126859336221494
u4042,0.6870616620112502,1.4075692902044947,0.9359097597446742
u5176,0.15156353954613044,-1.3612046113918679,-0.44320714886696116
u2687,0.3984970733743971,1.581671514219011,1.2068051373415367
u8207,-0.6259057203776911,0.5358770567372783,-1.455362171298727
u3183,1.9647100408751972,-1.345908683794235,0.27056416130550426
u3105,1.9856023108770888,0.624109282139171,-0.2831194394412056
u7953,1.769178869399449,0.7546859501500583,-0.07994790624355914
u6842,0.5844104225014101,-1.6223579474136425,-0.8495502152622545
u8827,-0.6980468675369044,0.5794026127409073,-1.3876383268995114
u9773,0.17245580954802214,0.6088133545415383,-0.9968907496136711
u6056,-0.26039107340725737,0.8699666905633129,-0.5905476832183778
u5002,-0.4303745489019431,-1.5647175772070152,-1.1048501037496636
u6850,-1.3682094619717153,-0.9988853491598367,-0.22444012655986154
u7883,-0.8632214318572226,-1.3035642411852406,-0.6985070373543705
u7263,-0.5441467508697426,1.5957863284220093,0.8837814044549115
u6190,0.6565515696606233,-1.6658835034172714,-0.91727405966147
u8193,2.129884605195515,0.5370581701319129,-0.41856712823963665
u9775,0.5892193336757776,-1.0706405335694622,0.3538834948141727
u2779,1.331523075269802,0.4641218723276528,-0.8770385499246928
u5399,-0.27647443223478135,-0.5483338615259131,1.1665696276047595
u4422,0.6613604808349909,-1.1141660895730914,0.28615965041495717
u1600,-1.8523052220843164,1.2758115087989728,-0.3040568165120627
u3663,-0.2139511074243033,-1.6952942452179025,-1.3080216369473103
u2263,-0.1273832267419873,-0.08366755968899121,2.2345556488827554
u6130,1.1663485109494836,-1.418844981598495,-0.1879072603795517
u7818,-0.6371801680308475,-0.3307060815077677,1.5051888496008372
u1496,-0.19305883742241164,0.27472372071550366,-1.8617052376940204
u3819,-0.9144703090145441,0.7099792807517946,-1.1844667937018647
u8404,-0.18344101507367647,1.3781585484038639,0.5451621824588337
u1881,0.39368816220002956,1.029954100374831,0.0033714272651093505
u1031,0.023364604055228163,0.14414705270461642,-2.064876770891667
u7923,-1.1308937504921839,0.8405559487626818,-0.9812952605042182
u5925,-1.435541697956561,-0.4036423793120277,1.0467174279157812
u8194,-0.9305536678420683,-0.7083212713374313,0.5726505171212721
u7058,0.25421477905597056,1.6687226262262693,1.3422528261399678
u4388,-1.146977109319708,-0.577744603326544,0.7758220503189189
u5015,0.4497459505317186,-0.43187200771802403,1.692764893689031
u6602,0.8825928334869982,-0.6930253437397985,1.2864218272937376
u6789,0.10031466238880893,0.6523389105451675,-0.9291669052144556
u1443,0.39368816220002956,1.029954100374831,0.0033714272651093505
u3292,-1.0796448733348623,-1.1729875731743533,-0.4953355041567238
u2845,0.9756262506481033,1.2334670661899783,0.6650143821478119
u8990,0.5170781865165643,-1.027114977565833,0.4216073392133883
u5145,0.36798698102377025,-1.4917812794027552,-0.6463786820646078
u4570,-0.4768145148848971,1.0005433585741998,-0.38737615002073106
u8578,0.3006547450389246,-0.8965383095549458,0.6247788724110349
u1121,1.769178869399449,0.7546859501500583,-0.07994790624355914
u3235,0.90348510348889,1.2769926221936074,0.7327382265470276
u3585,0.37279589219813786,-0.9400638655585749,0.5570550280118193
u3930,0.01689906757643924,-0.17071867169624946,2.099107960084324
u7080,-1.1308937504921839,0.8405559487626818,-0.9812952605042182
u3037,-0.7653791035217501,1.1746455825887163,-0.1164807724238689
u7730,0.5122692753421967,-1.5788323914100133,-0.7818263708630389
u6410,0.5427793676928238,1.4946204022117529,1.0713574485431054
u4167,-0.3486155793939946,-0.5048083055222841,1.2342934720039749
u9992,-0.28609225458351656,-1.6517686892142733,-1.2402977925480947
u5884,1.3363319864441694,1.0158392861718328,0.32639516015173425
u2856,0.37279589219813786,-0.9400638655585749,0.5570550280118193
u6003,0.25421477905597056,1.6687226262262693,1.3422528261399678
u1412,-0.5650390208716344,-0.3742316375113967,1.4374650052016218
u1262,0.6613604808349909,-1.1141660895730914,0.28615965041495717
u5917,0.36798698102377025,-1.4917812794027552,-0.6463786820646078
u4423,-1.4403506091309286,-0.9553597931562077,-0.156716282160646
u4318,-0.9257447566677006,-0.15660385749325118,1.7760842271976993
u5429,1.2641908392849563,1.0593648421754618,0.3941190045509498
u8633,1.0268751278054247,-0.7800764557470566,1.1509741384953065
u2983,0.22851359787971134,-0.8530127535513168,0.6925027168102504
u9559,-1.7801640749251033,1.2322859527953436,-0.3717806609112782
u2725,-1.0539436921586032,1.3487478066032328,0.15441460517299332
u4559,0.9499250694718439,-1.2882683135876076,0.015264272818094882
u7668,0.9756262506481033,1.2334670661899783,0.6650143821478119
u5726,0.08904021473565239,-0.21424422769987847,2.0313841156851087
u2798,1.4758053695882285,0.37707076032039466,-1.0124862387231237
u2773,-0.9818025449993898,1.3052222505996036,0.08669076077377769
u7425,1.6040043050791306,-1.1282809037760895,0.609183383301582
u5513,-0.9096613978401766,1.2616966945959744,0.018966916374562277
u8170,0.90348510348889,1.2769926221936074,0.7327382265470276
u6529,-1.0026948150012815,-0.6647957153338022,0.6403743615204877
u6895,0.5379704565184561,0.9429029883675729,-0.13207626153332175
u5419,-0.26039107340725737,0.8699666905633129,-0.5905476832183778
u7149,1.4758053695882285,0.37707076032039466,-1.0124862387231237
u5982,-0.26039107340725737,0.8699666905633129,-0.5905476832183778
u2444,1.0942073637902705,-1.375319425594866,-0.12018341598033629
u2377,1.3363319864441694,1.0158392861718328,0.32639516015173425
u8674,0.5122692753421967,-1.5788323914100133,-0.7818263708630389
u5520,-0.1112998679144632,1.3346329924002347,0.4774383380596183
u7713,-1.3473171919698237,0.9711326167735691,-0.7781237273065716
u3201,1.6040043050791306,-1.1282809037760895,0.609183383301582
u4021,-1.5076828451157742,-0.3601168233083986,1.1144412723149968
u9599,-0.3325322205664706,0.913492246566942,-0.5228238388191623
u5385,-0.4303745489019431,-1.5647175772070152,-1.1048501037496636
u5666,0.32154701504081634,1.07347965637846,0.07109527166432487
u7579,-1.9453386392454213,-0.650680901130804,0.31735062863386293
u1783,-0.2139511074243033,-1.6952942452179025,-1.3080216369473103
u5132,1.620087663906655,0.2900196483131364,-1.147933927521555
u2428,-1.1260848393178164,1.3922733626068617,0.22213844957220885
u2659,-0.9305536678420683,-0.7083212713374313,0.5726505171212721
u9426,-1.1982259864770295,1.435798918610491,0.28986229397142443
u1963,-1.3682094619717153,-0.9988853491598367,-0.22444012655986154
u5871,1.331523075269802,0.4641218723276528,-0.8770385499246928
u9002,-0.8584125206828551,-0.7518468273410603,0.5049266727220566
u6153,-0.20433328507556822,-0.5918594175295422,1.0988457832055438
u9311,-1.6567740506085684,-0.8247831251453205,0.046455251037000586
u5895,-0.13700104909072258,-1.1871023873773514,-0.17231177127009892
u7244,0.3054636562132922,-0.3448208957107659,1.828212582487462
u2063,-1.4403506091309286,-0.9553597931562077,-0.156716282160646
u8871,-0.9257447566677006,-0.15660385749325118,1.7760842271976993
u8693,1.099016274964638,-0.8236020117506858,1.0832502940960909
u6025,1.192049692125743,1.102890398179091,0.46184284895016536
u6067,0.01689906757643924,-0.17071867169624946,2.099107960084324
u1042,-0.4768145148848971,1.0005433585741998,-0.38737615002073106
u3098,-0.5489556620441103,1.044068914577829,-0.31965230562151553
u5630,0.17245580954802214,0.6088133545415383,-0.9968907496136711
u1199,2.0577434580363017,0.5805837261355419,-0.35084328384042124
u9602,-0.4977067848867888,-0.9694746073592058,0.16630745072597886
u9638,0.16118136189486568,-0.25776978370350767,1.9636602712858933
u6382,-0.3373411317408382,0.3617748327227619,-1.7262575488955891
u5596,-1.419458339129037,1.0146581727771982,-0.710399882907356
u9079,0.5892193336757776,-1.0706405335694622,0.3538834948141727
u5977,0.5331615453440884,0.39118557452339275,-1.3355099716097487
u3845,1.0268751278054247,-0.7800764557470566,1.1509741384953065
u2320,1.4597220107607043,-1.0412297917688313,0.744631072100013
u3997,0.39368816220002956,1.029954100374831,0.0033714272651093505
u7660,-1.6358817806066765,1.1452348407880855,-0.5072283497097094
u5032,-0.3486155793939946,-0.5048083055222841,1.2342934720039749
u9751,1.1711574221238512,-0.8671275677543148,1.0155264496968754
u2254,1.0268751278054247,-0.7800764557470566,1.1509741384953065
u9810,-1.3682094619717153,-0.9988853491598367,-0.22444012655986154
u9875,-1.146977109319708,-0.577744603326544,0.7758220503189189
u4726,0.8056427751534174,-1.2012172015803495,0.15071196161652597
u7756,-1.2703671336362428,1.47932447461412,0.35758613837063996
u5839,-2.089620933563848,-0.5636297891235458,0.452798317432294
u6834,-0.49289787371242116,-0.4177571935150259,1.3697411608024062
u5970,1.3106308052679103,-1.505896093605753,-0.32335494917798285
u2362,-0.6932379563625368,1.1311200265850871,-0.18420461682308453
u6462,-0.05524207958277403,-0.1271931156926203,2.16683180448354
u4150,0.17245580954802214,0.6088133545415383,-0.9968907496136711
u4111,-1.0748359621604948,-0.621270159330173,0.7080982059197033
u2239,1.4084731336033827,0.9723137301682039,0.2586713157525187
u3453,0.6101116036776694,0.8993774323639437,-0.19980010593253733
u1953,1.6248965750810225,0.8417370621573166,0.05549978255487202
u3457,-0.19952437390120056,-0.04014200368536215,2.302279493281971
u3039,0.0024723340533365193,-1.8258709132287896,-1.511193170144957
u7736,-0.3325322205664706,0.913492246566942,-0.5228238388191623
u9600,-0.9096613978401766,1.2616966945959744,0.018966916374562277
u4316,-1.4915994862882502,1.0581837287808273,-0.6426760385081405
u1743,1.387580863601491,-0.9977042357652021,0.8123549164992285
u9266,0.8265350451553091,0.7688007643530564,-0.4029716391301839
u9601,-0.6162878980289559,1.6393118844256385,0.951505248854127
u3135,-1.1517860204940755,-1.1294620171707241,-0.4276116597575082
u6440,-0.1273832267419873,-0.08366755968899121,2.2345556488827554
u2495,0.2237046867053437,-1.404730167395497,-0.5109309932661767
u8920,1.892568893715984,-1.302383127790606,0.3382880057047198
u6326,0.8056427751534174,-1.2012172015803495,0.15071196161652597
u9148,-0.26039107340725737,0.8699666905633129,-0.5905476832183778
u9866,1.5527554279218092,0.8852626181609456,0.12322362695408755
u7096,-0.5489556620441103,1.044068914577829,-0.31965230562151553
u3890,-1.6358817806066765,1.1452348407880855,-0.5072283497097094
u4339,1.192049692125743,1.102890398179091,0.46184284895016536
u2190,0.810451686327785,-0.6494997877361693,1.3541456716929532
u6856,1.3106308052679103,-1.505896093605753,-0.32335494917798285
u7926,-0.5537645732184778,0.4923515007336492,-1.5230860156979424
u2142,0.8265350451553091,0.7688007643530564,-0.4029716391301839
u3726,-0.3534244905683623,-1.0565257193664641,0.030859761927547753
u1751,2.0577434580363017,0.5805837261355419,-0.35084328384042124
u6387,-0.9818025449993898,1.3052222505996036,0.08669076077377769
u4829,0.6822527508368826,0.8558518763603147,-0.26752395033175286
u3196,0.23332250905407895,-0.30129533970713673,1.8959364268866776
u3855,1.238489658108697,-1.462370537602124,-0.2556311047787673
u9054,0.5331615453440884,0.39118557452339275,-1.3355099716097487
u4420,-0.6419890792052153,-0.8824234953519476,0.30175513952440997
u5844,-1.5124917562901419,-0.9118342371525786,-0.08899243776143047
u5430,0.7495849868217282,0.2606089065125054,-1.5386815048073954
u9282,0.7383105391685717,-0.6059742317325403,1.4218695160921688
u6557,0.8938672811401548,0.17355779450524733,-1.6741291936058265
u4767,-0.6162878980289559,1.6393118844256385,0.951505248854127
u5509,1.099016274964638,-0.8236020117506858,1.0832502940960909
u8147,0.8313439563296767,1.3205181781972364,0.8004620709462431
u7708,0.31192919269208125,-0.029955171309899928,-2.3357721484885294
u7078,-1.2030348976513972,0.884081504766311,-0.9135714161050027
u2356,0.0842313035612848,-0.7659616415440585,0.8279504056086815
u1564,0.3054636562132922,-0.3448208957107659,1.828212582487462
u1499,-0.13219213791635495,-0.6353849735331712,1.0311219388063284
u1089,-2.2339032278822746,-0.4765786771162876,0.588246006230725
u6078,0.8986761923145224,0.7252752083494274,-0.47069548352939955
u4194,0.5892193336757776,-1.0706405335694622,0.3538834948141727
u6968,-0.04877654310398522,0.18767260870824554,-1.9971529264924515
u9438,0.10993248473754415,1.7557737382335274,1.4777005149383988
u8774,0.5379704565184561,0.9429029883675729,-0.13207626153332175
u9898,-0.6162878980289559,1.6393118844256385,0.951505248854127
u2247,0.37760480337250546,-0.38834645171439497,1.7604887380882466
u6711,-1.3682094619717153,-0.9988853491598367,-0.22444012655986154
u9593,2.0577434580363017,0.5805837261355419,-0.35084328384042124
u4122,-1.2239271676532888,-1.085936461167095,-0.3598878153582927
u8394,-0.6371801680308475,-0.3307060815077677,1.5051888496008372
u3682,0.7592028091704635,1.3640437342008656,0.8681859153454586
u1322,-0.13700104909072258,-1.1871023873773514,-0.17231177127009892
u8596,0.2958458338645569,-1.448255723399126,-0.5786548376653923
u7725,1.1872407809513754,0.551172984334911,-0.7415908611262617
u1234,-0.49289787371242116,-0.4177571935150259,1.3697411608024062
u3193,0.15156353954613044,-1.3612046113918679,-0.44320714886696116
u2108,-0.05524207958277403,-0.1271931156926203,2.16683180448354
u3934,1.4084731336033827,0.9723137301682039,0.2586713157525187
u4034,1.9134611637178753,0.6676348381428002,-0.21539559504199018
u3623,-1.5124917562901419,-0.9118342371525786,-0.08899243776143047
u4514,-1.146977109319708,-0.577744603326544,0.7758220503189189
u1399,-0.3325322205664706,0.913492246566942,-0.5228238388191623
u3245,-0.5025156960611563,-1.521192021203386,-1.0371262593504482
u8335,-0.18344101507367647,1.3781585484038639,0.5451621824588337
u7095,-0.2651999845816249,0.3182492767191327,-1.7939813932948048
u9396,0.37760480337250546,-0.38834645171439497,1.7604887380882466
u7552,0.15637245072049807,-0.8094871975476876,0.760226561209466
u4488,1.5479465167474418,0.3335452043167655,-1.0802100831223393
u9322,-1.146977109319708,-0.577744603326544,0.7758220503189189
u8957,-0.5025156960611563,-1.521192021203386,-1.0371262593504482
u5637,0.8986761923145224,0.7252752083494274,-0.47069548352939955
u7623,-1.2030348976513972,0.884081504766311,-0.9135714161050027
u4518,1.1150996337921621,0.5946985403385401,-0.6738670167270463
u5984,1.0268751278054247,-0.7800764557470566,1.1509741384953065
u6492,-1.70802292776589,1.1887603967917146,-0.43950450531049373
u7642,1.4597220107607043,-1.0412297917688313,0.744631072100013
u8282,-2.1617620807230615,-0.5201042331199167,0.5205221618315096
u7144,1.0220662166310572,-1.3317938695912368,-0.05245957158112065
u3514,-1.1517860204940755,-1.1294620171707241,-0.4276116597575082
u9178,-0.8536036095084873,-0.20012941349688035,1.708360382798484
u7173,0.8777839223126307,-1.2447427575839787,0.08298811721731043
u5706,-1.419458339129037,1.0146581727771982,-0.710399882907356
u4951,-0.8584125206828551,-0.7518468273410603,0.5049266727220566
u5221,1.8413200165586623,0.7111603941464293,-0.14767175064277455
u6512,-1.8731974920862082,-0.6942064571344331,0.2496267842346475
u2589,0.8265350451553091,0.7688007643530564,-0.4029716391301839
u5745,0.3006547450389246,-0.8965383095549458,0.6247788724110349
u9180,0.8825928334869982,-0.6930253437397985,1.2864218272937376
u2452,1.1663485109494836,-1.418844981598495,-0.1879072603795517
u9933,-0.9353625790164358,-1.2600386851816114,-0.630783192955155
u7107,-0.8584125206828551,-0.7518468273410603,0.5049266727220566
u5173,-0.9096613978401766,1.2616966945959744,0.018966916374562277
u9786,1.7482865993975574,-1.2153320157833478,0.47373569450315084
u9490,0.9499250694718439,-1.2882683135876076,0.015264272818094882
u6769,1.9134611637178753,0.6676348381428002,-0.21539559504199018
u1201,0.8313439563296767,1.3205181781972364,0.8004620709462431
u3936,0.1772647207223898,1.1605307683857182,0.20654296046275605
u5442,0.5844104225014101,-1.6223579474136425,-0.8495502152622545
u7048,-0.13219213791635495,-0.6353849735331712,1.0311219388063284
u4613,0.32635592621518394,1.6251970702226401,1.2745289817407521
u4162,-0.2555821622328897,1.4216841044074928,0.6128860268580494
u5267,0.7383105391685717,-0.6059742317325403,1.4218695160921688
u2093,0.9499250694718439,-1.2882683135876076,0.015264272818094882
u3390,1.3106308052679103,-1.505896093605753,-0.32335494917798285
u9387,0.16118136189486568,-0.25776978370350767,1.9636602712858933
u1420,-1.146977109319708,-0.577744603326544,0.7758220503189189
u8537,-1.1260848393178164,1.3922733626068617,0.22213844957220885
u8683,0.2958458338645569,-1.448255723399126,-0.5786548376653923
u9658,1.8413200165586623,0.7111603941464293,-0.14767175064277455
u1081,1.387580863601491,-0.9977042357652021,0.8123549164992285
u4741,-1.7289151977677817,-0.7812575691416913,0.11417909543621622
u1659,0.5844104225014101,-1.6223579474136425,-0.8495502152622545
u8200,-0.20433328507556822,-0.5918594175295422,1.0988457832055438
u6984,-0.9353625790164358,-1.2600386851816114,-0.630783192955155
u3405,1.5527554279218092,0.8852626181609456,0.12322362695408755
u2391,1.1150996337921621,0.5946985403385401,-0.6738670167270463
u9707,0.037791337578330884,1.7992992942371566,1.5454243593376142
u2551,1.2593819281105885,0.507647428331282,-0.8093147055254774
u2008,-1.8523052220843164,1.2758115087989728,-0.3040568165120627
u1859,0.6101116036776694,0.8993774323639437,-0.19980010593253733
u2132,1.620087663906655,0.2900196483131364,-1.147933927521555
u3387,-0.7910802846980094,-1.3470897971888696,-0.766230881753586
u1316,1.7482865993975574,-1.2153320157833478,0.47373569450315084
u6348,0.24459695670723547,0.5652877985379092,-1.0646145940128866
u9611,1.3363319864441694,1.0158392861718328,0.32639516015173425
u8872,1.099016274964638,-0.8236020117506858,1.0832502940960909
u8169,1.8413200165586623,0.7111603941464293,-0.14767175064277455
u1714,1.0220662166310572,-1.3317938695912368,-0.05245957158112065
u1321,-0.40467336772568385,0.9570178025705711,-0.45509999441994664
u4081,0.3006547450389246,-0.8965383095549458,0.6247788724110349
u7819,1.0220662166310572,-1.3317938695912368,-0.05245957158112065
u4441,1.3363319864441694,1.0158392861718328,0.32639516015173425
u4688,1.331523075269802,0.4641218723276528,-0.8770385499246928
u4517,0.23332250905407895,-0.30129533970713673,1.8959364268866776
u7943,-0.9144703090145441,0.7099792807517946,-1.1844667937018647
u1579,0.17245580954802214,0.6088133545415383,-0.9968907496136711
u4576,0.9547339806462115,-0.7365508997434276,1.2186979828945221
u3902,0.37760480337250546,-0.38834645171439497,1.7604887380882466
u6509,0.39368816220002956,1.029954100374831,0.0033714272651093505
u5261,0.37760480337250546,-0.38834645171439497,1.7604887380882466
u1102,0.6053026925033016,0.3476600185197637,-1.4032338160089644
u9597,1.892568893715984,-1.302383127790606,0.3382880057047198
u6180,0.6101116036776694,0.8993774323639437,-0.19980010593253733
u4652,-0.5537645732184778,0.4923515007336492,-1.5230860156979424
u9336,0.46102039818487517,0.4347111305270218,-1.2677861272105333
u1552,1.8204277465567704,-1.2588575717869768,0.4060118501039354
u7031,-1.8731974920862082,-0.6942064571344331,0.2496267842346475
u8996,-1.5798239922749875,-0.31659126730476944,1.1821651167142122
u2162,-0.6419890792052153,-0.8824234953519476,0.30175513952440997
u1518,1.9134611637178753,0.6676348381428002,-0.21539559504199018
u1467,0.10031466238880893,0.6523389105451675,-0.9291669052144556
u9084,1.1663485109494836,-1.418844981598495,-0.1879072603795517
u6934,-1.7801640749251033,1.2322859527953436,-0.3717806609112782
u5760,-0.27166552106041386,0.003383552318267018,2.370003337681186
u1701,0.8986761923145224,0.7252752083494274,-0.47069548352939955
u3589,-0.27647443223478135,-0.5483338615259131,1.1665696276047595
u2539,-0.7701880146961176,0.6229281687445365,-1.319914482500296
u5717,-1.5798239922749875,-0.31659126730476944,1.1821651167142122
u7703,-1.1517860204940755,-1.1294620171707241,-0.4276116597575082
u4718,0.9708173394737356,0.6817496523457983,-0.5384193279286151
u6343,0.037791337578330884,1.7992992942371566,1.5454243593376142
u5193,0.9499250694718439,-1.2882683135876076,0.015264272818094882
u9833,0.7495849868217282,0.2606089065125054,-1.5386815048073954
u7606,-0.1273832267419873,-0.08366755968899121,2.2345556488827554
u5234,-0.6371801680308475,-0.3307060815077677,1.5051888496008372
u1962,0.37279589219813786,-0.9400638655585749,0.5570550280118193
u3795,1.892568893715984,-1.302383127790606,0.3382880057047198
u2111,1.5527554279218092,0.8852626181609456,0.12322362695408755
u7869,1.5479465167474418,0.3335452043167655,-1.0802100831223393
u9913,0.32154701504081634,1.07347965637846,0.07109527166432487
u4637,0.32154701504081634,1.07347965637846,0.07109527166432487
u5654,1.4597220107607043,-1.0412297917688313,0.744631072100013
u1849,0.3006547450389246,-0.8965383095549458,0.6247788724110349
u1733,-1.801056344926995,-0.7377320131380622,0.18190293983543185
u9264,0.7543938979960959,0.8123263203566856,-0.3352477947309684
u2867,0.9660084282993681,0.13003223850161827,-1.741853038005042
u8384,1.7482865993975574,-1.2153320157833478,0.47373569450315084
u8533,-0.5489556620441103,1.044068914577829,-0.31965230562151553
u9482,-0.40948227890005134,0.40530038872639096,-1.6585337044963737
u6044,0.03298242640396329,1.2475818803929766,0.3419906492611871
u5331,0.521887097690932,-0.4753975637216531,1.6250410492898155
u3146,-1.5846329034493551,-0.8683086811489495,-0.02126859336221494
u8597,-1.5637406334474635,1.1017092847844563,-0.5749521941089248
u7113,0.5844104225014101,-1.6223579474136425,-0.8495502152622545
u7157,-1.0748359621604948,-0.621270159330173,0.7080982059197033
u1928,0.16118136189486568,-0.25776978370350767,1.9636602712858933
u9756,-1.3682094619717153,-0.9988853491598367,-0.22444012655986154
u9034,0.8265350451553091,0.7688007643530564,-0.4029716391301839
u5449,0.31673810386644863,0.5217622425342802,-1.1323384384121022
u8755,1.238489658108697,-1.462370537602124,-0.2556311047787673
u5842,-0.13219213791635495,-0.6353849735331712,1.0311219388063284
u8679,0.521887097690932,-0.4753975637216531,1.6250410492898155
u2750,-0.14180996026509013,-1.7388198012215315,-1.3757454813465257
u2490,-0.40948227890005134,0.40530038872639096,-1.6585337044963737
u9575,0.24940586788160307,1.1170052123820893,0.13881911606354047
u3896,1.480614280762596,0.9287881741645747,0.1909474713533032
u9853,-1.0026948150012815,-0.6647957153338022,0.6403743615204877
u9083,-0.2091421962499358,-1.1435768313737225,-0.10458792687088339
u2706,0.677443839662515,0.3041344625161346,-1.4709576604081798
u2003,-0.8375202506809634,1.2181711385923455,-0.04875692802465336
u8236,1.4036642224290152,0.4205963163240236,-0.9447623943239084
u8838,-0.4977067848867888,-0.9694746073592058,0.16630745072597886
u1697,0.007281245227703905,-1.2741534993846098,-0.30775946006853
u2923,-0.9353625790164358,-1.2600386851816114,-0.630783192955155
u2703,0.07942239238691717,-1.3176790553882387,-0.37548330446774564
u6614,-0.19305883742241164,0.27472372071550366,-1.8617052376940204
u6508,-0.8584125206828551,-0.7518468273410603,0.5049266727220566
u9783,-0.06966881310587675,-1.7823453572251606,-1.4434693257457414
u7534,-0.32772330939210287,1.465209660411122,0.6806098712572648
u4745,-0.11610877908883083,0.7829155785560548,-0.725995372016809
u3797,-0.27166552106041386,0.003383552318267018,2.370003337681186
u9325,0.32635592621518394,1.6251970702226401,1.2745289817407521
u2350,0.1676468983736547,0.05709594069735831,-2.200324459690098
u8670,0.9660084282993681,0.13003223850161827,-1.741853038005042
u3559,1.620087663906655,0.2900196483131364,-1.147933927521555
u4661,-0.8536036095084873,-0.20012941349688035,1.708360382798484
u7650,-0.5441467508697426,1.5957863284220093,0.8837814044549115
u3671,0.1772647207223898,1.1605307683857182,0.20654296046275605
u6088,0.7495849868217282,0.2606089065125054,-1.5386815048073954
u4190,0.8986761923145224,0.7252752083494274,-0.47069548352939955
u4707,-1.2912594036381344,-0.4906934913192859,0.91126973911735
u4368,1.4758053695882285,0.37707076032039466,-1.0124862387231237
u6630,0.4497459505317186,-0.43187200771802403,1.692764893689031
u1490,-0.7141302263644286,-0.8388979393483185,0.3694789839236256
u3406,0.6101116036776694,0.8993774323639437,-0.19980010593253733
u9758,0.012090156402071593,-0.7224360855404295,0.895674250007897
u8795,-1.6358817806066765,1.1452348407880855,-0.5072283497097094
u5746,0.10512357356317653,1.2040563243893474,0.2742668048619716
u6678,0.25421477905597056,1.6687226262262693,1.3422528261399678
u9446,0.24459695670723547,0.5652877985379092,-1.0646145940128866
u8776,-1.0796448733348623,-1.1729875731743533,-0.4953355041567238
u3424,0.32154701504081634,1.07347965637846,0.07109527166432487
u5501,1.331523075269802,0.4641218723276528,-0.8770385499246928
u5290,-1.7801640749251033,1.2322859527953436,-0.3717806609112782
u3952,0.17245580954802214,0.6088133545415383,-0.9968907496136711
u7737,1.387580863601491,-0.9977042357652021,0.8123549164992285
u3599,-1.8523052220843164,1.2758115087989728,-0.3040568165120627
u3057,-1.7289151977677817,-0.7812575691416913,0.11417909543621622
u5901,1.0429584866329489,0.6382240963421691,-0.6061431723278308
u5938,0.810451686327785,-0.6494997877361693,1.3541456716929532
u3266,-0.9096613978401766,1.2616966945959744,0.018966916374562277
u2454,0.17245580954802214,0.6088133545415383,-0.9968907496136711
u9981,2.2741668995139417,0.45000705812465464,-0.554014817038068
u8285,-1.801056344926995,-0.7377320131380622,0.18190293983543185
u5928,1.2432985692830645,-0.9106531237579439,0.9478026052976597
u7405,-0.9144703090145441,0.7099792807517946,-1.1844667937018647
u8323,-0.3486155793939946,-0.5048083055222841,1.2342934720039749
u7417,0.9547339806462115,-0.7365508997434276,1.2186979828945221
u2826,0.521887097690932,-0.4753975637216531,1.6250410492898155
u5131,-0.5650390208716344,-0.3742316375113967,1.4374650052016218
u1806,-0.04877654310398522,0.18767260870824554,-1.9971529264924515
u7288,-1.1308937504921839,0.8405559487626818,-0.9812952605042182
u1814,0.4706382205336104,1.538145958215382,1.139081292942321
u7387,0.7383105391685717,-0.6059742317325403,1.4218695160921688
u7860,-1.5798239922749875,-0.31659126730476944,1.1821651167142122
u5220,-1.2239271676532888,-1.085936461167095,-0.3598878153582927
u1208,0.012090156402071593,-0.7224360855404295,0.895674250007897
u6580,-0.19305883742241164,0.27472372071550366,-1.8617052376940204
u9360,-0.40467336772568385,0.9570178025705711,-0.45509999441994664
u5351,0.07942239238691717,-1.3176790553882387,-0.37548330446774564
u3148,1.1711574221238512,-0.8671275677543148,1.0155264496968754
u3811,-0.3325322205664706,0.913492246566942,-0.5228238388191623
u3386,-0.569847932046002,-0.9259490513555767,0.23403129512519438
u5373,-0.13700104909072258,-1.1871023873773514,-0.17231177127009892
u9606,-0.3486155793939946,-0.5048083055222841,1.2342934720039749
u8393,0.9547339806462115,-0.7365508997434276,1.2186979828945221
u5702,-1.2191182564789214,-0.5342190473229148,0.8435458947181346
u9087,0.4449370393573511,-0.9835894215622041,0.4893311836126038
u1118,0.25421477905597056,1.6687226262262693,1.3422528261399678
u4560,0.23332250905407895,-0.30129533970713673,1.8959364268866776
u7118,0.6822527508368826,0.8558518763603147,-0.26752395033175286
u7021,-0.5489556620441103,1.044068914577829,-0.31965230562151553
u9437,-1.0748359621604948,-0.621270159330173,0.7080982059197033
u4590,1.892568893715984,-1.302383127790606,0.3382880057047198
u8945,0.03298242640396329,1.2475818803929766,0.3419906492611871
u2649,2.0577434580363017,0.5805837261355419,-0.35084328384042124
u8470,-0.6371801680308475,-0.3307060815077677,1.5051888496008372
u4569,-1.5076828451157742,-0.3601168233083986,1.1144412723149968
u9332,2.202025752354728,0.4935326141282837,-0.4862909726388523
u8003,0.1772647207223898,1.1605307683857182,0.20654296046275605
u9371,-0.7910802846980094,-1.3470897971888696,-0.766230881753586
u7680,-0.8632214318572226,-1.3035642411852406,-0.6985070373543705
u2963,1.1150996337921621,0.5946985403385401,-0.6738670167270463
u4430,-0.5650390208716344,-0.3742316375113967,1.4374650052016218
u7333,-0.20433328507556822,-0.5918594175295422,1.0988457832055438
u7374,-0.2139511074243033,-1.6952942452179025,-1.3080216369473103
u4761,0.37279589219813786,-0.9400638655585749,0.5570550280118193
u7281,-0.3534244905683623,-1.0565257193664641,0.030859761927547753
u2430,0.1676468983736547,0.05709594069735831,-2.200324459690098
u1786,-0.18344101507367647,1.3781585484038639,0.5451621824588337
u7436,-0.7701880146961176,0.6229281687445365,-1.319914482500296
u2175,-0.48162342605926467,0.44882594473002,-1.590809860097158
u9953,-0.7910802846980094,-1.3470897971888696,-0.766230881753586
u7621,-1.0539436921586032,1.3487478066032328,0.15441460517299332
u7069,0.6565515696606233,-1.6658835034172714,-0.91727405966147
u7878,0.18207363189675732,1.7122481822298983,1.4099766705391832
u9983,0.5844104225014101,-1.6223579474136425,-0.8495502152622545
u3428,-0.5025156960611563,-1.521192021203386,-1.0371262593504482
u8309,1.1663485109494836,-1.418844981598495,-0.1879072603795517
u8804,-0.05524207958277403,-0.1271931156926203,2.16683180448354
u7914,-0.9866114561737573,0.7535048367554237,-1.1167429493026493
u5241,-0.039158720755249926,1.2911074363966055,0.40971449366040263
u8357,1.3154397164422778,-0.9541786797615731,0.8800787608984442
u2016,1.4597220107607043,-1.0412297917688313,0.744631072100013
u3529,0.3006547450389246,-0.8965383095549458,0.6247788724110349
u4144,0.9547339806462115,-0.7365508997434276,1.2186979828945221
u4811,-0.4977067848867888,-0.9694746073592058,0.16630745072597886
u1054,1.0220662166310572,-1.3317938695912368,-0.05245957158112065
u5841,0.1772647207223898,1.1605307683857182,0.20654296046275605
u9117,-0.7653791035217501,1.1746455825887163,-0.1164807724238689
u8407,1.1663485109494836,-1.418844981598495,-0.1879072603795517
u4320,0.677443839662515,0.3041344625161346,-1.4709576604081798
u3310,0.614920514852037,1.4510948462081237,1.0036336041438898
u4184,0.09550575121444144,0.10062149670098726,-2.1326006152908827
u2967,0.6101116036776694,0.8993774323639437,-0.19980010593253733
u9177,-0.9096613978401766,1.2616966945959744,0.018966916374562277
u7528,-0.9866114561737573,0.7535048367554237,-1.1167429493026493
u9025,-1.5637406334474635,1.1017092847844563,-0.5749521941089248
u5741,-1.146977109319708,-0.577744603326544,0.7758220503189189
u1680,-0.6371801680308475,-0.3307060815077677,1.5051888496008372
u5185,-0.4720056037105295,1.5522607724183801,0.816057560055696
u2085,-0.27647443223478135,-0.5483338615259131,1.1665696276047595
u4238,1.8204277465567704,-1.2588575717869768,0.4060118501039354
u1439,0.4658293093592428,0.986428544371202,-0.06435241713410624
u6861,-0.8584125206828551,-0.7518468273410603,0.5049266727220566
u2237,-2.089620933563848,-0.5636297891235458,0.452798317432294
u1360,0.39368816220002956,1.029954100374831,0.0033714272651093505
u7056,0.8313439563296767,1.3205181781972364,0.8004620709462431
u5314,0.24459695670723547,0.5652877985379092,-1.0646145940128866
u9592,-1.5798239922749875,-0.31659126730476944,1.1821651167142122
u3656,0.5940282448501453,-0.518923119725282,1.5573172048905999
u7242,1.5479465167474418,0.3335452043167655,-1.0802100831223393
u6318,0.4658293093592428,0.986428544371202,-0.06435241713410624
u3445,-0.5746568432203696,-1.4776664651997569,-0.9694024149512328
u2045,-1.146977109319708,-0.577744603326544,0.7758220503189189
u2819,-1.146977109319708,-0.577744603326544,0.7758220503189189
u9008,-1.5637406334474635,1.1017092847844563,-0.5749521941089248
u8192,-0.7814624623492741,-0.2436549695005094,1.6406365383992683
u8504,1.1663485109494836,-1.418844981598495,-0.1879072603795517
u3283,0.1772647207223898,1.1605307683857182,0.20654296046275605
u2192,-0.3486155793939946,-0.5048083055222841,1.2342934720039749
u5866,-0.12091769026319837,0.2311981647118746,-1.9294290820932358
u9780,0.4497459505317186,-0.43187200771802403,1.692764893689031
u7685,0.08904021473565239,-0.21424422769987847,2.0313841156851087
u9400,-0.7862713735236418,-0.7953723833446894,0.43720282832284113
u7122,0.15637245072049807,-0.8094871975476876,0.760226561209466
u4414,-0.7189391375387961,-1.3906153531924987,-0.8339547261528016
u3720,1.2432985692830645,-0.9106531237579439,0.9478026052976597
u4268,1.5527554279218092,0.8852626181609456,0.12322362695408755
u4588,-1.5637406334474635,1.1017092847844563,-0.5749521941089248
u6877,-0.7862713735236418,-0.7953723833446894,0.43720282832284113
u1495,-1.70802292776589,1.1887603967917146,-0.43950450531049373
u7981,-0.3534244905683623,-1.0565257193664641,0.030859761927547753
u5502,0.5379704565184561,0.9429029883675729,-0.13207626153332175
u7237,-0.7653791035217501,1.1746455825887163,-0.1164807724238689
u5875,1.620087663906655,0.2900196483131364,-1.147933927521555
u1223,0.24940586788160307,1.1170052123820893,0.13881911606354047
u5857,-0.32772330939210287,1.465209660411122,0.6806098712572648
u9395,-1.7801640749251033,1.2322859527953436,-0.3717806609112782
u5619,1.769178869399449,0.7546859501500583,-0.07994790624355914
u5181,-0.6259057203776911,0.5358770567372783,-1.455362171298727
u1720,-1.9453386392454213,-0.650680901130804,0.31735062863386293
u5275,1.2641908392849563,1.0593648421754618,0.3941190045509498
u2757,0.3984970733743971,1.581671514219011,1.2068051373415367
u3191,0.3054636562132922,-0.3448208957107659,1.828212582487462
u5465,0.8825928334869982,-0.6930253437397985,1.2864218272937376
u5382,-0.20433328507556822,-0.5918594175295422,1.0988457832055438
u6974,1.0477673978073165,1.189941510186349,0.5972905377485964
u2280,-0.9353625790164358,-1.2600386851816114,-0.630783192955155
u1105,0.4658293093592428,0.986428544371202,-0.06435241713410624
u9138,-0.4303745489019431,-1.5647175772070152,-1.1048501037496636
u3401,-0.6162878980289559,1.6393118844256385,0.951505248854127
u1605,0.39368816220002956,1.029954100374831,0.0033714272651093505
u5137,-0.13700104909072258,-1.1871023873773514,-0.17231177127009892
u8558,-0.6371801680308475,-0.3307060815077677,1.5051888496008372
u9203,-0.2091421962499358,-1.1435768313737225,-0.10458792687088339
u6139,-1.2912594036381344,-0.4906934913192859,0.91126973911735
u5863,1.620087663906655,0.2900196483131364,-1.147933927521555
u7959,0.810451686327785,-0.6494997877361693,1.3541456716929532
u9294,0.5427793676928238,1.4946204022117529,1.0713574485431054
u6707,-0.14180996026509013,-1.7388198012215315,-1.3757454813465257
u6833,-0.2651999845816249,0.3182492767191327,-1.7939813932948048
u7929,-1.2191182564789214,-0.5342190473229148,0.8435458947181346
u2501,0.1772647207223898,1.1605307683857182,0.20654296046275605
u8970,1.3106308052679103,-1.505896093605753,-0.32335494917798285
u1533,-0.7093213151900608,-0.28718052550413853,1.5729126940000528
u5643,-0.4977067848867888,-0.9694746073592058,0.16630745072597886
u3160,0.10512357356317653,1.2040563243893474,0.2742668048619716
u5854,-1.0587526033329706,0.7970303927590529,-1.0490191049034336
u4888,1.099016274964638,-0.8236020117506858,1.0832502940960909
u6542,-0.569847932046002,-0.9259490513555767,0.23403129512519438
u6411,1.1711574221238512,-0.8671275677543148,1.0155264496968754
u3531,-0.9818025449993898,1.3052222505996036,0.08669076077377769
u1708,0.5940282448501453,-0.518923119725282,1.5573172048905999
u5443,-1.5076828451157742,-0.3601168233083986,1.1144412723149968
u3808,0.8313439563296767,1.3205181781972364,0.8004620709462431
u3414,-1.8731974920862082,-0.6942064571344331,0.2496267842346475
u2443,0.09550575121444144,0.10062149670098726,-2.1326006152908827
u1363,0.007281245227703905,-1.2741534993846098,-0.30775946006853
u3171,-2.089620933563848,-0.5636297891235458,0.452798317432294
u9764,0.37760480337250546,-0.38834645171439497,1.7604887380882466
u9848,-0.5537645732184778,0.4923515007336492,-1.5230860156979424
u5228,-0.5025156960611563,-1.521192021203386,-1.0371262593504482
u5187,-0.05524207958277403,-0.1271931156926203,2.16683180448354
u8406,0.6870616620112502,1.4075692902044947,0.9359097597446742
u7559,1.2593819281105885,0.507647428331282,-0.8093147055254774
u5734,-0.18344101507367647,1.3781585484038639,0.5451621824588337
u9572,-0.3534244905683623,-1.0565257193664641,0.030859761927547753
u9531,-0.13700104909072258,-1.1871023873773514,-0.17231177127009892
u1465,0.5892193336757776,-1.0706405335694622,0.3538834948141727
u7999,0.9756262506481033,1.2334670661899783,0.6650143821478119
u8576,-0.04396763192961756,0.7393900225524256,-0.7937192164160245
u8023,-0.27166552106041386,0.003383552318267018,2.370003337681186
u4073,1.1150996337921621,0.5946985403385401,-0.6738670167270463
u8104,0.9708173394737356,0.6817496523457983,-0.5384193279286151
u9504,0.3888792510256619,0.4782366865306509,-1.2000622828113179
u7540,0.5170781865165643,-1.027114977565833,0.4216073392133883
u2550,0.17245580954802214,0.6088133545415383,-0.9968907496136711
u5034,-1.0796448733348623,-1.1729875731743533,-0.4953355041567238
u2314,1.8204277465567704,-1.2588575717869768,0.4060118501039354
u7632,1.9647100408751972,-1.345908683794235,0.27056416130550426
u3347,0.18207363189675732,1.7122481822298983,1.4099766705391832
u5583,-0.9144703090145441,0.7099792807517946,-1.1844667937018647
u3288,0.012090156402071593,-0.7224360855404295,0.895674250007897
u2915,-0.49289787371242116,-0.4177571935150259,1.3697411608024062
u8074,0.1676468983736547,0.05709594069735831,-2.200324459690098
u4694,-1.5846329034493551,-0.8683086811489495,-0.02126859336221494
u6658,1.1150996337921621,0.5946985403385401,-0.6738670167270463
u7258,0.09550575121444144,0.10062149670098726,-2.1326006152908827
u4548,1.4036642224290152,0.4205963163240236,-0.9447623943239084
u3032,-1.419458339129037,1.0146581727771982,-0.710399882907356
u8237,0.31192919269208125,-0.029955171309899928,-2.3357721484885294
u1387,-0.20433328507556822,-0.5918594175295422,1.0988457832055438
u4232,1.0220662166310572,-1.3317938695912368,-0.05245957158112065
u8917,-0.6371801680308475,-0.3307060815077677,1.5051888496008372
u8062,1.620087663906655,0.2900196483131364,-1.147933927521555
u9382,-1.435541697956561,-0.4036423793120277,1.0467174279157812
u7961,0.15156353954613044,-1.3612046113918679,-0.44320714886696116
u8209,0.7543938979960959,0.8123263203566856,-0.3352477947309684
u2996,0.3054636562132922,-0.3448208957107659,1.828212582487462
u2676,1.3363319864441694,1.0158392861718328,0.32639516015173425
u7010,-0.8375202506809634,1.2181711385923455,-0.04875692802465336
u5146,-1.9244463692435296,1.319337064802602,-0.23633297211284718
u5358,0.03298242640396329,1.2475818803929766,0.3419906492611871
u3194,0.6053026925033016,0.3476600185197637,-1.4032338160089644
u1869,0.521887097690932,-0.4753975637216531,1.6250410492898155
u9415,0.0842313035612848,-0.7659616415440585,0.8279504056086815
u5380,-0.48162342605926467,0.44882594473002,-1.590809860097158
u2572,-0.19305883742241164,0.27472372071550366,-1.8617052376940204
u4180,1.9134611637178753,0.6676348381428002,-0.21539559504199018
u6669,1.4597220107607043,-1.0412297917688313,0.744631072100013
u6523,0.8986761923145224,0.7252752083494274,-0.47069548352939955
u2520,-0.5489556620441103,1.044068914577829,-0.31965230562151553
u4814,-0.2555821622328897,1.4216841044074928,0.6128860268580494
u2461,-0.4720056037105295,1.5522607724183801,0.816057560055696
u1101,0.1676468983736547,0.05709594069735831,-2.200324459690098
u9031,1.0220662166310572,-1.3317938695912368,-0.05245957158112065
u6050,-1.0026948150012815,-0.6647957153338022,0.6403743615204877
u4482,0.22851359787971134,-0.8530127535513168,0.6925027168102504
u8417,1.3154397164422778,-0.9541786797615731,0.8800787608984442
u7447,0.6822527508368826,0.8558518763603147,-0.26752395033175286
u6767,-0.19952437390120056,-0.04014200368536215,2.302279493281971
u2788,-0.7910802846980094,-1.3470897971888696,-0.766230881753586
u8621,-1.6358817806066765,1.1452348407880855,-0.5072283497097094
u1408,-0.6980468675369044,0.5794026127409073,-1.3876383268995114
u4215,0.31192919269208125,-0.029955171309899928,-2.3357721484885294
u3815,-0.7862713735236418,-0.7953723833446894,0.43720282832284113
u4687,-0.5746568432203696,-1.4776664651997569,-0.9694024149512328
u2179,0.39368816220002956,1.029954100374831,0.0033714272651093505
u1458,-1.296068314812502,-1.042410905163466,-0.29216397095907715
u1229,-0.19952437390120056,-0.04014200368536215,2.302279493281971
u9952,1.6970377222402357,0.7982115061536874,-0.012224061844343612
u1260,0.24459695670723547,0.5652877985379092,-1.0646145940128866
u2584,-0.6210968092033236,1.0875944705814582,-0.2519284612223
u8376,-0.5537645732184778,0.4923515007336492,-1.5230860156979424
u4526,-1.7801640749251033,1.2322859527953436,-0.3717806609112782
u8303,1.8204277465567704,-1.2588575717869768,0.4060118501039354
u7291,-1.6567740506085684,-0.8247831251453205,0.046455251037000586
u2210,-1.2239271676532888,-1.085936461167095,-0.3598878153582927
u2106,1.1663485109494836,-1.418844981598495,-0.1879072603795517
u3748,0.5892193336757776,-1.0706405335694622,0.3538834948141727
u8811,0.17245580954802214,0.6088133545415383,-0.9968907496136711
u9665,-0.14180996026509013,-1.7388198012215315,-1.3757454813465257
u2427,-0.2139511074243033,-1.6952942452179025,-1.3080216369473103
u9683,1.7482865993975574,-1.2153320157833478,0.47373569450315084
u8047,1.1872407809513754,0.551172984334911,-0.7415908611262617
u7864,-2.089620933563848,-0.5636297891235458,0.452798317432294
u1062,0.37279589219813786,-0.9400638655585749,0.5570550280118193
u2809,-1.2191182564789214,-0.5342190473229148,0.8435458947181346
u9883,1.5318631579199176,-1.0847553477724605,0.6769072277007975
u6459,-0.2091421962499358,-1.1435768313737225,-0.10458792687088339
u3368,-2.017479786404635,-0.6071553451271748,0.38507447303307857
u4596,0.31192919269208125,-0.029955171309899928,-2.3357721484885294
u1410,-1.2030348976513972,0.884081504766311,-0.9135714161050027
u8956,-0.1112998679144632,1.3346329924002347,0.4774383380596183
u8754,0.3006547450389246,-0.8965383095549458,0.6247788724110349
u7690,0.24459695670723547,0.5652877985379092,-1.0646145940128866
u7795,0.24940586788160307,1.1170052123820893,0.13881911606354047
u8154,-1.2239271676532888,-1.085936461167095,-0.3598878153582927
u2453,-0.1882499262480441,0.8264411345596838,-0.6582715276175934
u7053,1.769178869399449,0.7546859501500583,-0.07994790624355914
u6194,-2.089620933563848,-0.5636297891235458,0.452798317432294
u2133,-0.6371801680308475,-0.3307060815077677,1.5051888496008372
u6656,1.2593819281105885,0.507647428331282,-0.8093147055254774
u9643,-1.4915994862882502,1.0581837287808273,-0.6426760385081405
u3268,-2.2339032278822746,-0.4765786771162876,0.588246006230725
u2221,-1.0748359621604948,-0.621270159330173,0.7080982059197033
u5633,0.3984970733743971,1.581671514219011,1.2068051373415367
u6137,-0.39986445655131625,1.5087352164147512,0.7483337156564804
u7343,-0.20433328507556822,-0.5918594175295422,1.0988457832055438
u2823,-0.9096613978401766,1.2616966945959744,0.018966916374562277
u9480,-0.3534244905683623,-1.0565257193664641,0.030859761927547753
u1426,1.4084731336033827,0.9723137301682039,0.2586713157525187
u4451,1.387580863601491,-0.9977042357652021,0.8123549164992285
u5878,1.099016274964638,-0.8236020117506858,1.0832502940960909
u3137,0.5170781865165643,-1.027114977565833,0.4216073392133883
u4487,-1.1982259864770295,1.435798918610491,0.28986229397142443
u4313,1.4758053695882285,0.37707076032039466,-1.0124862387231237
u9591,0.6822527508368826,0.8558518763603147,-0.26752395033175286
u9379,0.5844104225014101,-1.6223579474136425,-0.8495502152622545
u3699,1.3363319864441694,1.0158392861718328,0.32639516015173425
u9188,0.6565515696606233,-1.6658835034172714,-0.91727405966147
u7749,-0.04396763192961756,0.7393900225524256,-0.7937192164160245
u6611,1.331523075269802,0.4641218723276528,-0.8770385499246928
u2420,0.3888792510256619,0.4782366865306509,-1.2000622828113179
u2937,0.10512357356317653,1.2040563243893474,0.2742668048619716
u4481,-0.1273832267419873,-0.08366755968899121,2.2345556488827554
u4456,0.4497459505317186,-0.43187200771802403,1.692764893689031
u7845,-2.2339032278822746,-0.4765786771162876,0.588246006230725
u9583,-1.1982259864770295,1.435798918610491,0.28986229397142443
u6317,1.387580863601491,-0.9977042357652021,0.8123549164992285
u6688,-0.6162878980289559,1.6393118844256385,0.951505248854127
u4621,-0.6162878980289559,1.6393118844256385,0.951505248854127
u6956,-0.06005099075714168,-0.6789105295368003,0.9633980944071127
u2304,1.6040043050791306,-1.1282809037760895,0.609183383301582
u7665,-1.5798239922749875,-0.31659126730476944,1.1821651167142122
u7727,-0.9305536678420683,-0.7083212713374313,0.5726505171212721
u7504,2.0577434580363017,0.5805837261355419,-0.35084328384042124
u3100,0.5940282448501453,-0.518923119725282,1.5573172048905999
u7600,-1.419458339129037,1.0146581727771982,-0.710399882907356
u2940,0.24459695670723547,0.5652877985379092,-1.0646145940128866
u3065,-1.4915994862882502,1.0581837287808273,-0.6426760385081405
u4947,-0.5537645732184778,0.4923515007336492,-1.5230860156979424
u3691,-1.1308937504921839,0.8405559487626818,-0.9812952605042182
u2282,-1.7289151977677817,-0.7812575691416913,0.11417909543621622
u8637,-0.40467336772568385,0.9570178025705711,-0.45509999441994664
u8097,-2.1617620807230615,-0.5201042331199167,0.5205221618315096
u8977,-1.0026948150012815,-0.6647957153338022,0.6403743615204877
u7377,1.4084731336033827,0.9723137301682039,0.2586713157525187
u7625,-0.42556563772757555,-1.0130001633628352,0.09858360632676327
u2366,1.892568893715984,-1.302383127790606,0.3382880057047198
u4181,-0.04396763192961756,0.7393900225524256,-0.7937192164160245
u1637,0.07942239238691717,-1.3176790553882387,-0.37548330446774564
u8123,-0.1882499262480441,0.8264411345596838,-0.6582715276175934
u1566,-0.3486155793939946,-0.5048083055222841,1.2342934720039749
u9641,-1.2912594036381344,-0.4906934913192859,0.91126973911735
u7475,1.099016274964638,-0.8236020117506858,1.0832502940960909
u9000,-0.4977067848867888,-0.9694746073592058,0.16630745072597886
u3227,-0.12091769026319837,0.2311981647118746,-1.9294290820932358
u3794,0.5940282448501453,-0.518923119725282,1.5573172048905999
u4043,-0.6467979903795829,-1.434140909196128,-0.9016785705520172
u2334,0.10993248473754415,1.7557737382335274,1.4777005149383988
u6954,-0.3373411317408382,0.3617748327227619,-1.7262575488955891
u6616,1.8204277465567704,-1.2588575717869768,0.4060118501039354
u2281,-1.4403506091309286,-0.9553597931562077,-0.156716282160646
u3234,-1.3473171919698237,0.9711326167735691,-0.7781237273065716
u2802,0.10993248473754415,1.7557737382335274,1.4777005149383988
u2965,0.8313439563296767,1.3205181781972364,0.8004620709462431
u5405,1.6970377222402357,0.7982115061536874,-0.012224061844343612
u3173,-0.7189391375387961,-1.3906153531924987,-0.8339547261528016
u9651,-0.9096613978401766,1.2616966945959744,0.018966916374562277
u7086,0.90348510348889,1.2769926221936074,0.7327382265470276
u4822,0.810451686327785,-0.6494997877361693,1.3541456716929532
u7397,0.10031466238880893,0.6523389105451675,-0.9291669052144556
u4008,-0.19305883742241164,0.27472372071550366,-1.8617052376940204
u1906,-0.4207567265532079,-0.46128274951865494,1.3020173164031905
u6287,-0.18344101507367647,1.3781585484038639,0.5451621824588337
u9181,0.677443839662515,0.3041344625161346,-1.4709576604081798
u7414,-0.26039107340725737,0.8699666905633129,-0.5905476832183778
u8949,-0.32772330939210287,1.465209660411122,0.6806098712572648
u6782,0.5170781865165643,-1.027114977565833,0.4216073392133883
u3694,-0.6980468675369044,0.5794026127409073,-1.3876383268995114
u5850,0.8265350451553091,0.7688007643530564,-0.4029716391301839
u6952,-0.6259057203776911,0.5358770567372783,-1.455362171298727
u8650,0.5940282448501453,-0.518923119725282,1.5573172048905999
u1170,0.007281245227703905,-1.2741534993846098,-0.30775946006853
u1374,1.769178869399449,0.7546859501500583,-0.07994790624355914
u1290,-0.4977067848867888,-0.9694746073592058,0.16630745072597886
u1112,0.5940282448501453,-0.518923119725282,1.5573172048905999
u2394,-0.12091769026319837,0.2311981647118746,-1.9294290820932358
u1890,0.8938672811401548,0.17355779450524733,-1.6741291936058265
u6958,1.7482865993975574,-1.2153320157833478,0.47373569450315084
u6572,0.677443839662515,0.3041344625161346,-1.4709576604081798
u6426,-0.9866114561737573,0.7535048367554237,-1.1167429493026493
u9502,0.15637245072049807,-0.8094871975476876,0.760226561209466
u7620,1.5527554279218092,0.8852626181609456,0.12322362695408755
u8523,-0.4768145148848971,1.0005433585741998,-0.38737615002073106
u7032,-0.13219213791635495,-0.6353849735331712,1.0311219388063284
u5069,-0.20433328507556822,-0.5918594175295422,1.0988457832055438
u6537,0.6565515696606233,-1.6658835034172714,-0.91727405966147
u3780,0.8777839223126307,-1.2447427575839787,0.08298811721731043
u1354,0.36798698102377025,-1.4917812794027552,-0.6463786820646078
u7403,0.31673810386644863,0.5217622425342802,-1.1323384384121022
u8661,-0.28609225458351656,-1.6517686892142733,-1.2402977925480947
u5536,0.007281245227703905,-1.2741534993846098,-0.30775946006853
u7656,0.4706382205336104,1.538145958215382,1.139081292942321
u2376,-0.14180996026509013,-1.7388198012215315,-1.3757454813465257
u1356,-2.017479786404635,-0.6071553451271748,0.38507447303307857
u3897,-1.8731974920862082,-0.6942064571344331,0.2496267842346475
u9803,-0.3373411317408382,0.3617748327227619,-1.7262575488955891
u4575,0.6661693920093585,-0.5624486757289112,1.4895933604913842
u2146,1.5318631579199176,-1.0847553477724605,0.6769072277007975
u5019,0.23978804553286798,0.013570384693729134,-2.2680483040893136
u6753,1.5479465167474418,0.3335452043167655,-1.0802100831223393
u4098,0.6661693920093585,-0.5624486757289112,1.4895933604913842
u4906,0.521887097690932,-0.4753975637216531,1.6250410492898155
u1441,-0.9144703090145441,0.7099792807517946,-1.1844667937018647
u8438,0.4497459505317186,-0.43187200771802403,1.692764893689031
u3843,-2.017479786404635,-0.6071553451271748,0.38507447303307857
u6736,0.8056427751534174,-1.2012172015803495,0.15071196161652597
u4053,-1.5124917562901419,-0.9118342371525786,-0.08899243776143047
u4606,1.1150996337921621,0.5946985403385401,-0.6738670167270463
u1719,0.8313439563296767,1.3205181781972364,0.8004620709462431
u6828,0.7543938979960959,0.8123263203566856,-0.3352477947309684
u7968,-1.419458339129037,1.0146581727771982,-0.710399882907356
u7634,0.07942239238691717,-1.3176790553882387,-0.37548330446774564
u4543,0.9547339806462115,-0.7365508997434276,1.2186979828945221
u1795,-1.2191182564789214,-0.5342190473229148,0.8435458947181346
u6051,-1.3473171919698237,0.9711326167735691,-0.7781237273065716
u4105,0.3888792510256619,0.4782366865306509,-1.2000622828113179
u9615,0.8825928334869982,-0.6930253437397985,1.2864218272937376
u8331,-1.6358817806066765,1.1452348407880855,-0.5072283497097094
u8521,-0.8423291618553308,0.6664537247481656,-1.2521906381010803
u3076,-0.06005099075714168,-0.6789105295368003,0.9633980944071127
u1437,-1.3682094619717153,-0.9988853491598367,-0.22444012655986154
u4267,-0.7910802846980094,-1.3470897971888696,-0.766230881753586
u1966,-1.0026948150012815,-0.6647957153338022,0.6403743615204877
u9018,-0.5441467508697426,1.5957863284220093,0.8837814044549115
u5667,0.8265350451553091,0.7688007643530564,-0.4029716391301839
u2105,-0.4977067848867888,-0.9694746073592058,0.16630745072597886
u7757,-2.2339032278822746,-0.4765786771162876,0.588246006230725
u4723,0.23332250905407895,-0.30129533970713673,1.8959364268866776
u3893,0.7335016279942042,-1.1576916455767203,0.2184358060157415
u9914,-0.8536036095084873,-0.20012941349688035,1.708360382798484
u8550,0.37760480337250546,-0.38834645171439497,1.7604887380882466
u6312,0.90348510348889,1.2769926221936074,0.7327382265470276
u6378,-1.2703671336362428,1.47932447461412,0.35758613837063996
u6203,-0.4720056037105295,1.5522607724183801,0.816057560055696
u3650,-1.6567740506085684,-0.8247831251453205,0.046455251037000586
u6645,0.007281245227703905,-1.2741534993846098,-0.30775946006853
u6486,1.6248965750810225,0.8417370621573166,0.05549978255487202
u1599,-0.4303745489019431,-1.5647175772070152,-1.1048501037496636
u6311,0.25421477905597056,1.6687226262262693,1.3422528261399678
u3189,2.202025752354728,0.4935326141282837,-0.4862909726388523
u3834,-0.32772330939210287,1.465209660411122,0.6806098712572648
u5652,0.31673810386644863,0.5217622425342802,-1.1323384384121022
u9301,-1.8523052220843164,1.2758115087989728,-0.3040568165120627
u6719,0.39368816220002956,1.029954100374831,0.0033714272651093505
u1994,-1.7801640749251033,1.2322859527953436,-0.3717806609112782
u9246,-0.9353625790164358,-1.2600386851816114,-0.630783192955155
u8348,-0.5489556620441103,1.044068914577829,-0.31965230562151553
u3915,-1.801056344926995,-0.7377320131380622,0.18190293983543185
u1521,-0.18344101507367647,1.3781585484038639,0.5451621824588337
u9734,0.9499250694718439,-1.2882683135876076,0.015264272818094882
u4138,0.5892193336757776,-1.0706405335694622,0.3538834948141727
u1652,0.22851359787971134,-0.8530127535513168,0.6925027168102504
u6766,-0.4303745489019431,-1.5647175772070152,-1.1048501037496636
u6268,1.2593819281105885,0.507647428331282,-0.8093147055254774
u8220,-0.26039107340725737,0.8699666905633129,-0.5905476832183778
u8343,-1.419458339129037,1.0146581727771982,-0.710399882907356
u5113,-0.9305536678420683,-0.7083212713374313,0.5726505171212721
u2536,0.0842313035612848,-0.7659616415440585,0.8279504056086815
u4178,0.6565515696606233,-1.6658835034172714,-0.91727405966147
u4127,1.8413200165586623,0.7111603941464293,-0.14767175064277455
u2053,1.5479465167474418,0.3335452043167655,-1.0802100831223393
u5913,-0.8632214318572226,-1.3035642411852406,-0.6985070373543705
u7948,0.3888792510256619,0.4782366865306509,-1.2000622828113179
u8888,-1.4915994862882502,1.0581837287808273,-0.6426760385081405
u9069,0.22851359787971134,-0.8530127535513168,0.6925027168102504
u1015,-0.3373411317408382,0.3617748327227619,-1.7262575488955891
u8362,0.10031466238880893,0.6523389105451675,-0.9291669052144556
u3624,0.17245580954802214,0.6088133545415383,-0.9968907496136711
u9788,0.90348510348889,1.2769926221936074,0.7327382265470276
u1128,0.3984970733743971,1.581671514219011,1.2068051373415367
u1967,-0.9818025449993898,1.3052222505996036,0.08669076077377769
u4139,1.1199085449665298,1.1464159541827201,0.5295666933493809
u9290,1.331523075269802,0.4641218723276528,-0.8770385499246928
u3092,-1.1982259864770295,1.435798918610491,0.28986229397142443
u5529,0.6565515696606233,-1.6658835034172714,-0.91727405966147
u3762,0.3888792510256619,0.4782366865306509,-1.2000622828113179
u5182,-0.2651999845816249,0.3182492767191327,-1.7939813932948048
u3270,1.1663485109494836,-1.418844981598495,-0.1879072603795517
u7793,-0.6371801680308475,-0.3307060815077677,1.5051888496008372
u6383,1.1663485109494836,-1.418844981598495,-0.1879072603795517
u1160,-0.32772330939210287,1.465209660411122,0.6806098712572648
u2663,-0.4768145148848971,1.0005433585741998,-0.38737615002073106
u7496,1.6248965750810225,0.8417370621573166,0.05549978255487202
u3920,0.6101116036776694,0.8993774323639437,-0.19980010593253733
u6554,0.8265350451553091,0.7688007643530564,-0.4029716391301839
u9852,0.037791337578330884,1.7992992942371566,1.5454243593376142
u1263,0.6565515696606233,-1.6658835034172714,-0.91727405966147
u8290,-0.40467336772568385,0.9570178025705711,-0.45509999441994664
u2860,0.10031466238880893,0.6523389105451675,-0.9291669052144556
u6394,-0.4768145148848971,1.0005433585741998,-0.38737615002073106
u5715,0.5427793676928238,1.4946204022117529,1.0713574485431054
u1099,-2.2339032278822746,-0.4765786771162876,0.588246006230725
u4015,1.0477673978073165,1.189941510186349,0.5972905377485964
u8770,-0.27647443223478135,-0.5483338615259131,1.1665696276047595
u9401,-1.5798239922749875,-0.31659126730476944,1.1821651167142122
u9499,0.012090156402071593,-0.7224360855404295,0.895674250007897
u2104,-1.3682094619717153,-0.9988853491598367,-0.22444012655986154
u9223,-0.2091421962499358,-1.1435768313737225,-0.10458792687088339
u4587,-1.5846329034493551,-0.8683086811489495,-0.02126859336221494
u3372,1.3106308052679103,-1.505896093605753,-0.32335494917798285
u6290,0.32635592621518394,1.6251970702226401,1.2745289817407521
u1690,-1.3473171919698237,0.9711326167735691,-0.7781237273065716
u5527,1.892568893715984,-1.302383127790606,0.3382880057047198
u9358,0.012090156402071593,-0.7224360855404295,0.895674250007897
u4556,0.5170781865165643,-1.027114977565833,0.4216073392133883
u4447,-0.6162878980289559,1.6393118844256385,0.951505248854127
u3030,0.0842313035612848,-0.7659616415440585,0.8279504056086815
u8554,0.9499250694718439,-1.2882683135876076,0.015264272818094882
u7190,-0.28128334340914907,-1.1000512753700933,-0.0368640824716678
u8026,-0.2091421962499358,-1.1435768313737225,-0.10458792687088339
u8398,2.202025752354728,0.4935326141282837,-0.4862909726388523
u4009,-1.4915994862882502,1.0581837287808273,-0.6426760385081405
u3321,-1.007503726175649,-1.2165131291779823,-0.5630593485559393
u5099,-1.0539436921586032,1.3487478066032328,0.15441460517299332
u6724,1.0429584866329489,0.6382240963421691,-0.6061431723278308
u9307,0.5170781865165643,-1.027114977565833,0.4216073392133883
u6625,-1.2191182564789214,-0.5342190473229148,0.8435458947181346
u2760,-0.7814624623492741,-0.2436549695005094,1.6406365383992683
u9516,-2.017479786404635,-0.6071553451271748,0.38507447303307857
u4063,0.8056427751534174,-1.2012172015803495,0.15071196161652597
u6419,-0.8536036095084873,-0.20012941349688035,1.708360382798484
u7739,-2.089620933563848,-0.5636297891235458,0.452798317432294
u3360,-0.6980468675369044,0.5794026127409073,-1.3876383268995114
u8842,-1.5076828451157742,-0.3601168233083986,1.1144412723149968
u7875,0.9499250694718439,-1.2882683135876076,0.015264272818094882
u2686,1.769178869399449,0.7546859501500583,-0.07994790624355914
u6231,0.23978804553286798,0.013570384693729134,-2.2680483040893136
u7030,-1.7289151977677817,-0.7812575691416913,0.11417909543621622
u2654,-1.801056344926995,-0.7377320131380622,0.18190293983543185
u4755,0.1676468983736547,0.05709594069735831,-2.200324459690098
u6228,-1.3473171919698237,0.9711326167735691,-0.7781237273065716
u9662,0.23978804553286798,0.013570384693729134,-2.2680483040893136
u3058,0.07942239238691717,-1.3176790553882387,-0.37548330446774564
u4524,-0.039158720755249926,1.2911074363966055,0.40971449366040263
u8919,0.10993248473754415,1.7557737382335274,1.4777005149383988
u3003,0.16118136189486568,-0.25776978370350767,1.9636602712858933
u6012,1.769178869399449,0.7546859501500583,-0.07994790624355914
u9250,-0.06005099075714168,-0.6789105295368003,0.9633980944071127
u7593,1.8204277465567704,-1.2588575717869768,0.4060118501039354
u9227,1.4036642224290152,0.4205963163240236,-0.9447623943239084
u7365,0.8056427751534174,-1.2012172015803495,0.15071196161652597
u6499,-0.1112998679144632,1.3346329924002347,0.4774383380596183
u7231,-0.6162878980289559,1.6393118844256385,0.951505248854127
u9731,-0.1273832267419873,-0.08366755968899121,2.2345556488827554
u8904,-0.1112998679144632,1.3346329924002347,0.4774383380596183
u8803,0.9660084282993681,0.13003223850161827,-1.741853038005042
u3727,-0.6259057203776911,0.5358770567372783,-1.455362171298727
u2891,-1.70802292776589,1.1887603967917146,-0.43950450531049373
u2143,-1.2751760448106104,0.9276070607699402,-0.8458475717057872
u6858,-0.04396763192961756,0.7393900225524256,-0.7937192164160245
u8367,-0.9353625790164358,-1.2600386851816114,-0.630783192955155
u8647,1.480614280762596,0.9287881741645747,0.1909474713533032
u3392,0.8313439563296767,1.3205181781972364,0.8004620709462431
u2685,-0.8584125206828551,-0.7518468273410603,0.5049266727220566
u7743,0.9660084282993681,0.13003223850161827,-1.741853038005042
u3231,-0.9096613978401766,1.2616966945959744,0.018966916374562277
u7791,-1.2191182564789214,-0.5342190473229148,0.8435458947181346
u3230,-0.6467979903795829,-1.434140909196128,-0.9016785705520172
u5927,1.331523075269802,0.4641218723276528,-0.8770385499246928
u1643,-0.4303745489019431,-1.5647175772070152,-1.1048501037496636
u3114,-0.7653791035217501,1.1746455825887163,-0.1164807724238689
u9143,1.5527554279218092,0.8852626181609456,0.12322362695408755
u3239,-0.9305536678420683,-0.7083212713374313,0.5726505171212721
u8886,-0.06485990193150931,-1.2306279433809806,-0.2400356156693145
u8125,-2.1617620807230615,-0.5201042331199167,0.5205221618315096
u9179,-0.06005099075714168,-0.6789105295368003,0.9633980944071127
u4738,-0.6259057203776911,0.5358770567372783,-1.455362171298727
u1346,0.6565515696606233,-1.6658835034172714,-0.91727405966147
u4740,1.2432985692830645,-0.9106531237579439,0.9478026052976597
u2227,0.5892193336757776,-1.0706405335694622,0.3538834948141727
u3069,-0.9096613978401766,1.2616966945959744,0.018966916374562277
u9716,2.202025752354728,0.4935326141282837,-0.4862909726388523
u1650,-0.05524207958277403,-0.1271931156926203,2.16683180448354
u3164,2.202025752354728,0.4935326141282837,-0.4862909726388523
u2390,0.10512357356317653,1.2040563243893474,0.2742668048619716
u2182,0.3006547450389246,-0.8965383095549458,0.6247788724110349
u7669,0.3888792510256619,0.4782366865306509,-1.2000622828113179
u2843,-1.8523052220843164,1.2758115087989728,-0.3040568165120627
u3229,-1.7801640749251033,1.2322859527953436,-0.3717806609112782
u4658,0.5379704565184561,0.9429029883675729,-0.13207626153332175
u4632,-0.6932379563625368,1.1311200265850871,-0.18420461682308453
u7557,0.028173515229595658,0.6958644665487965,-0.86144306081524
u2167,-0.04396763192961756,0.7393900225524256,-0.7937192164160245
u8612,-1.5637406334474635,1.1017092847844563,-0.5749521941089248
u7769,1.0429584866329489,0.6382240963421691,-0.6061431723278308
u4346,-1.0539436921586032,1.3487478066032328,0.15441460517299332
u3673,-0.7701880146961176,0.6229281687445365,-1.319914482500296
u9900,0.1676468983736547,0.05709594069735831,-2.200324459690098
u1954,-0.6467979903795829,-1.434140909196128,-0.9016785705520172
u8477,0.5122692753421967,-1.5788323914100133,-0.7818263708630389
u6866,1.4758053695882285,0.37707076032039466,-1.0124862387231237
u3326,1.0268751278054247,-0.7800764557470566,1.1509741384953065
u9714,0.17245580954802214,0.6088133545415383,-0.9968907496136711
u4343,0.4497459505317186,-0.43187200771802403,1.692764893689031
u2865,-0.6980468675369044,0.5794026127409073,-1.3876383268995114
u5885,0.23978804553286798,0.013570384693729134,-2.2680483040893136
u2517,1.3106308052679103,-1.505896093605753,-0.32335494917798285
u7583,-0.5746568432203696,-1.4776664651997569,-0.9694024149512328
u8248,-0.8423291618553308,0.6664537247481656,-1.2521906381010803
u4033,0.0024723340533365193,-1.8258709132287896,-1.511193170144957
u6354,0.6822527508368826,0.8558518763603147,-0.26752395033175286
u9004,-1.3473171919698237,0.9711326167735691,-0.7781237273065716
u6266,-0.11610877908883083,0.7829155785560548,-0.725995372016809
u3412,-1.1517860204940755,-1.1294620171707241,-0.4276116597575082
u1782,-1.8731974920862082,-0.6942064571344331,0.2496267842346475
u5830,-0.6259057203776911,0.5358770567372783,-1.455362171298727
u4937,0.1676468983736547,0.05709594069735831,-2.200324459690098
u3888,-1.3634005507973477,-0.44716793531565674,0.9789935835165656
u7628,-0.5489556620441103,1.044068914577829,-0.31965230562151553
u4592,0.10031466238880893,0.6523389105451675,-0.9291669052144556
u1385,1.0477673978073165,1.189941510186349,0.5972905377485964
u1935,0.07942239238691717,-1.3176790553882387,-0.37548330446774564
u9888,-0.6932379563625368,1.1311200265850871,-0.18420461682308453
u5948,1.5479465167474418,0.3335452043167655,-1.0802100831223393
u4067,1.480614280762596,0.9287881741645747,0.1909474713533032
u8046,0.677443839662515,0.3041344625161346,-1.4709576604081798
u5544,0.10512357356317653,1.2040563243893474,0.2742668048619716
u5323,-0.6210968092033236,1.0875944705814582,-0.2519284612223
u8272,0.03298242640396329,1.2475818803929766,0.3419906492611871
u9076,1.3363319864441694,1.0158392861718328,0.32639516015173425
u5293,-0.19305883742241164,0.27472372071550366,-1.8617052376940204
u1633,0.9660084282993681,0.13003223850161827,-1.741853038005042
u6076,-0.6162878980289559,1.6393118844256385,0.951505248854127
u9168,-1.0796448733348623,-1.1729875731743533,-0.4953355041567238
u9067,-0.28128334340914907,-1.1000512753700933,-0.0368640824716678
u5135,0.6101116036776694,0.8993774323639437,-0.19980010593253733
u6240,-0.2651999845816249,0.3182492767191327,-1.7939813932948048
u8492,0.5170781865165643,-1.027114977565833,0.4216073392133883
u2422,0.2237046867053437,-1.404730167395497,-0.5109309932661767
u8997,-0.7701880146961176,0.6229281687445365,-1.319914482500296
u9543,-0.9353625790164358,-1.2600386851816114,-0.630783192955155
u6835,-1.7801640749251033,1.2322859527953436,-0.3717806609112782
u2278,0.90348510348889,1.2769926221936074,0.7327382265470276
u4622,-1.5076828451157742,-0.3601168233083986,1.1144412723149968
u8866,-1.6567740506085684,-0.8247831251453205,0.046455251037000586
u3564,1.620087663906655,0.2900196483131364,-1.147933927521555
u6526,0.5940282448501453,-0.518923119725282,1.5573172048905999
u5402,0.9660084282993681,0.13003223850161827,-1.741853038005042
u4362,-2.2339032278822746,-0.4765786771162876,0.588246006230725
u5571,0.9660084282993681,0.13003223850161827,-1.741853038005042
u3308,-0.6210968092033236,1.0875944705814582,-0.2519284612223
u6949,-0.7910802846980094,-1.3470897971888696,-0.766230881753586
u8965,-0.19305883742241164,0.27472372071550366,-1.8617052376940204
u4648,-0.28609225458351656,-1.6517686892142733,-1.2402977925480947
u2595,-0.4720056037105295,1.5522607724183801,0.816057560055696
u5209,0.6870616620112502,1.4075692902044947,0.9359097597446742
u3515,1.3363319864441694,1.0158392861718328,0.32639516015173425
u5716,0.16118136189486568,-0.25776978370350767,1.9636602712858933
u2022,0.8825928334869982,-0.6930253437397985,1.2864218272937376
u6689,0.09550575121444144,0.10062149670098726,-2.1326006152908827
u1212,1.1150996337921621,0.5946985403385401,-0.6738670167270463
u7992,1.6248965750810225,0.8417370621573166,0.05549978255487202
u4778,1.8204277465567704,-1.2588575717869768,0.4060118501039354
u8418,-0.28609225458351656,-1.6517686892142733,-1.2402977925480947
u5758,-0.4768145148848971,1.0005433585741998,-0.38737615002073106
u1730,-0.7653791035217501,1.1746455825887163,-0.1164807724238689
u3877,0.9547339806462115,-0.7365508997434276,1.2186979828945221
u8653,0.23978804553286798,0.013570384693729134,-2.2680483040893136
u5915,-1.7801640749251033,1.2322859527953436,-0.3717806609112782
u6254,-0.14180996026509013,-1.7388198012215315,-1.3757454813465257
u8080,0.15156353954613044,-1.3612046113918679,-0.44320714886696116
u2523,0.8217261339809415,0.2170833505088765,-1.6064053492066108
u1611,0.5844104225014101,-1.6223579474136425,-0.8495502152622545
u9560,0.31192919269208125,-0.029955171309899928,-2.3357721484885294
u4258,-2.017479786404635,-0.6071553451271748,0.38507447303307857
u7812,0.6565515696606233,-1.6658835034172714,-0.91727405966147
u8617,1.1711574221238512,-0.8671275677543148,1.0155264496968754
u2200,0.8056427751534174,-1.2012172015803495,0.15071196161652597
u9078,-0.4303745489019431,-1.5647175772070152,-1.1048501037496636
u6049,-1.7289151977677817,-0.7812575691416913,0.11417909543621622
u2905,-0.32772330939210287,1.465209660411122,0.6806098712572648
u8564,0.7592028091704635,1.3640437342008656,0.8681859153454586
u2361,-1.1982259864770295,1.435798918610491,0.28986229397142443
u3226,-0.6259057203776911,0.5358770567372783,-1.455362171298727
u2518,-0.7814624623492741,-0.2436549695005094,1.6406365383992683
u9897,0.521887097690932,-0.4753975637216531,1.6250410492898155
u7865,-0.18344101507367647,1.3781585484038639,0.5451621824588337
u1196,0.6565515696606233,-1.6658835034172714,-0.91727405966147
u9261,-0.5650390208716344,-0.3742316375113967,1.4374650052016218
u3873,1.6248965750810225,0.8417370621573166,0.05549978255487202
u6729,-0.7653791035217501,1.1746455825887163,-0.1164807724238689
u1380,1.2593819281105885,0.507647428331282,-0.8093147055254774
u9660,-1.9453386392454213,-0.650680901130804,0.31735062863386293
u7928,-0.7141302263644286,-0.8388979393483185,0.3694789839236256
u9295,0.5844104225014101,-1.6223579474136425,-0.8495502152622545
u8517,0.24940586788160307,1.1170052123820893,0.13881911606354047
u1861,-0.7189391375387961,-1.3906153531924987,-0.8339547261528016
u7803,-0.27166552106041386,0.003383552318267018,2.370003337681186
u1058,0.012090156402071593,-0.7224360855404295,0.895674250007897
u2781,-0.7093213151900608,-0.28718052550413853,1.5729126940000528
u1644,0.8986761923145224,0.7252752083494274,-0.47069548352939955
u4732,-0.8632214318572226,-1.3035642411852406,-0.6985070373543705
u7223,-0.2139511074243033,-1.6952942452179025,-1.3080216369473103
u1530,1.3106308052679103,-1.505896093605753,-0.32335494917798285
u1917,-1.2703671336362428,1.47932447461412,0.35758613837063996
u9737,0.6565515696606233,-1.6658835034172714,-0.91727405966147
u1139,0.9756262506481033,1.2334670661899783,0.6650143821478119
u4114,-0.28128334340914907,-1.1000512753700933,-0.0368640824716678
u9772,-0.28128334340914907,-1.1000512753700933,-0.0368640824716678
u2886,-0.7814624623492741,-0.2436549695005094,1.6406365383992683
u7193,0.7543938979960959,0.8123263203566856,-0.3352477947309684
u6415,-1.5124917562901419,-0.9118342371525786,-0.08899243776143047
u5905,-0.6932379563625368,1.1311200265850871,-0.18420461682308453
u4119,1.1150996337921621,0.5946985403385401,-0.6738670167270463
u1462,2.129884605195515,0.5370581701319129,-0.41856712823963665
u3857,0.07942239238691717,-1.3176790553882387,-0.37548330446774564
u3279,0.5122692753421967,-1.5788323914100133,-0.7818263708630389
u6731,0.37279589219813786,-0.9400638655585749,0.5570550280118193
u7104,1.9856023108770888,0.624109282139171,-0.2831194394412056
u2977,-0.8536036095084873,-0.20012941349688035,1.708360382798484
u2902,0.90348510348889,1.2769926221936074,0.7327382265470276
u8270,0.18207363189675732,1.7122481822298983,1.4099766705391832
u9513,1.5479465167474418,0.3335452043167655,-1.0802100831223393
u6258,-0.5489556620441103,1.044068914577829,-0.31965230562151553
u6489,-1.296068314812502,-1.042410905163466,-0.29216397095907715
u5065,-0.26039107340725737,0.8699666905633129,-0.5905476832183778
u4134,-0.32772330939210287,1.465209660411122,0.6806098712572648
u9774,0.4706382205336104,1.538145958215382,1.139081292942321
u9771,0.10993248473754415,1.7557737382335274,1.4777005149383988
u9830,-0.9096613978401766,1.2616966945959744,0.018966916374562277
u2769,-1.2030348976513972,0.884081504766311,-0.9135714161050027
u2689,0.9499250694718439,-1.2882683135876076,0.015264272818094882
u9652,-0.19952437390120056,-0.04014200368536215,2.302279493281971
u4400,-0.06005099075714168,-0.6789105295368003,0.9633980944071127
u5098,-1.5798239922749875,-0.31659126730476944,1.1821651167142122
u5305,2.202025752354728,0.4935326141282837,-0.4862909726388523
u5431,1.9134611637178753,0.6676348381428002,-0.21539559504199018
u8453,-0.1273832267419873,-0.08366755968899121,2.2345556488827554
u5650,1.1663485109494836,-1.418844981598495,-0.1879072603795517
u5730,0.31192919269208125,-0.029955171309899928,-2.3357721484885294
u4608,1.099016274964638,-0.8236020117506858,1.0832502940960909
u8793,-0.5441467508697426,1.5957863284220093,0.8837814044549115
u7666,-0.28128334340914907,-1.1000512753700933,-0.0368640824716678
u7449,1.0220662166310572,-1.3317938695912368,-0.05245957158112065
u4863,-0.06485990193150931,-1.2306279433809806,-0.2400356156693145
u3075,1.1663485109494836,-1.418844981598495,-0.1879072603795517
u9436,-0.039158720755249926,1.2911074363966055,0.40971449366040263
u6057,-0.04396763192961756,0.7393900225524256,-0.7937192164160245
u5682,1.6248965750810225,0.8417370621573166,0.05549978255487202
u4716,-1.9244463692435296,1.319337064802602,-0.23633297211284718
u2522,-0.2091421962499358,-1.1435768313737225,-0.10458792687088339
u1925,-0.9866114561737573,0.7535048367554237,-1.1167429493026493
u3033,0.7495849868217282,0.2606089065125054,-1.5386815048073954
u1572,0.32154701504081634,1.07347965637846,0.07109527166432487
u6975,1.2641908392849563,1.0593648421754618,0.3941190045509498
u9115,0.90348510348889,1.2769926221936074,0.7327382265470276
u2267,-2.017479786404635,-0.6071553451271748,0.38507447303307857
u3839,-0.3534244905683623,-1.0565257193664641,0.030859761927547753
u8772,-0.28128334340914907,-1.1000512753700933,-0.0368640824716678
u3068,0.3888792510256619,0.4782366865306509,-1.2000622828113179
u9674,-1.0539436921586032,1.3487478066032328,0.15441460517299332
u3123,-1.8731974920862082,-0.6942064571344331,0.2496267842346475
u7464,-1.4403506091309286,-0.9553597931562077,-0.156716282160646
u3043,-1.3473171919698237,0.9711326167735691,-0.7781237273065716
u9703,-1.0587526033329706,0.7970303927590529,-1.0490191049034336
u4218,0.3888792510256619,0.4782366865306509,-1.2000622828113179
u8333,-1.296068314812502,-1.042410905163466,-0.29216397095907715
u3214,-1.2239271676532888,-1.085936461167095,-0.3598878153582927
u4936,0.012090156402071593,-0.7224360855404295,0.895674250007897
u2669,0.3006547450389246,-0.8965383095549458,0.6247788724110349
u6624,-0.14180996026509013,-1.7388198012215315,-1.3757454813465257
u7176,1.3106308052679103,-1.505896093605753,-0.32335494917798285
u9373,1.3106308052679103,-1.505896093605753,-0.32335494917798285
u4886,-0.8536036095084873,-0.20012941349688035,1.708360382798484
u3355,-0.7814624623492741,-0.2436549695005094,1.6406365383992683
u2381,0.9547339806462115,-0.7365508997434276,1.2186979828945221
u7735,-0.28128334340914907,-1.1000512753700933,-0.0368640824716678
u1558,0.6101116036776694,0.8993774323639437,-0.19980010593253733
u5223,-0.569847932046002,-0.9259490513555767,0.23403129512519438
u4095,-0.06485990193150931,-1.2306279433809806,-0.2400356156693145
u1361,0.8056427751534174,-1.2012172015803495,0.15071196161652597
u4810,0.3888792510256619,0.4782366865306509,-1.2000622828113179
u3064,0.3984970733743971,1.581671514219011,1.2068051373415367
u6589,-1.0539436921586032,1.3487478066032328,0.15441460517299332
u8358,-0.6210968092033236,1.0875944705814582,-0.2519284612223
u4126,-0.4768145148848971,1.0005433585741998,-0.38737615002073106
u6310,-0.6371801680308475,-0.3307060815077677,1.5051888496008372
u7345,0.4449370393573511,-0.9835894215622041,0.4893311836126038
u5670,0.32635592621518394,1.6251970702226401,1.2745289817407521
u8033,-0.4977067848867888,-0.9694746073592058,0.16630745072597886
u4196,0.6101116036776694,0.8993774323639437,-0.19980010593253733
u2675,-1.2239271676532888,-1.085936461167095,-0.3598878153582927
u1264,-1.7289151977677817,-0.7812575691416913,0.11417909543621622
u8753,-0.9257447566677006,-0.15660385749325118,1.7760842271976993
u8710,-1.6567740506085684,-0.8247831251453205,0.046455251037000586
u9807,0.521887097690932,-0.4753975637216531,1.6250410492898155
u5177,-0.9257447566677006,-0.15660385749325118,1.7760842271976993
u2928,-1.2912594036381344,-0.4906934913192859,0.91126973911735
u6271,0.3054636562132922,-0.3448208957107659,1.828212582487462
u7192,-0.9257447566677006,-0.15660385749325118,1.7760842271976993
u4715,2.2741668995139417,0.45000705812465464,-0.554014817038068
u1154,0.8217261339809415,0.2170833505088765,-1.6064053492066108
u9121,-1.296068314812502,-1.042410905163466,-0.29216397095907715
u9470,-0.42556563772757555,-1.0130001633628352,0.09858360632676327
u3947,-1.1260848393178164,1.3922733626068617,0.22213844957220885
u5435,-0.8423291618553308,0.6664537247481656,-1.2521906381010803
u2804,0.5427793676928238,1.4946204022117529,1.0713574485431054
u8598,0.6822527508368826,0.8558518763603147,-0.26752395033175286
u3400,1.331523075269802,0.4641218723276528,-0.8770385499246928
u6911,0.7383105391685717,-0.6059742317325403,1.4218695160921688
u8701,1.1663485109494836,-1.418844981598495,-0.1879072603795517
u3964,-0.5441467508697426,1.5957863284220093,0.8837814044549115
u4796,-0.9096613978401766,1.2616966945959744,0.018966916374562277
u4867,-0.6210968092033236,1.0875944705814582,-0.2519284612223
u1457,1.480614280762596,0.9287881741645747,0.1909474713533032
u9216,-1.0587526033329706,0.7970303927590529,-1.0490191049034336
u3807,-0.28609225458351656,-1.6517686892142733,-1.2402977925480947
u6269,-0.26039107340725737,0.8699666905633129,-0.5905476832183778
u8016,-1.5124917562901419,-0.9118342371525786,-0.08899243776143047
u4786,-0.3486155793939946,-0.5048083055222841,1.2342934720039749
u2643,0.6053026925033016,0.3476600185197637,-1.4032338160089644
u3672,-0.9866114561737573,0.7535048367554237,-1.1167429493026493
u8847,-2.089620933563848,-0.5636297891235458,0.452798317432294
u5022,1.1663485109494836,-1.418844981598495,-0.1879072603795517
u4549,-0.2091421962499358,-1.1435768313737225,-0.10458792687088339
u3580,-0.35823340174272994,-1.6082431332106442,-1.1725739481488793
u4397,-0.4303745489019431,-1.5647175772070152,-1.1048501037496636
u7605,0.31192919269208125,-0.029955171309899928,-2.3357721484885294
u6186,1.1199085449665298,1.1464159541827201,0.5295666933493809
u8487,-0.4207567265532079,-0.46128274951865494,1.3020173164031905
u6276,0.4497459505317186,-0.43187200771802403,1.692764893689031
u4501,-1.8523052220843164,1.2758115087989728,-0.3040568165120627
u6697,-1.2912594036381344,-0.4906934913192859,0.91126973911735
u7787,1.4036642224290152,0.4205963163240236,-0.9447623943239084
u7402,0.8217261339809415,0.2170833505088765,-1.6064053492066108
u7170,-0.13219213791635495,-0.6353849735331712,1.0311219388063284
u6405,0.614920514852037,1.4510948462081237,1.0036336041438898
u6517,0.7592028091704635,1.3640437342008656,0.8681859153454586
u3558,-1.1517860204940755,-1.1294620171707241,-0.4276116597575082
u6521,1.769178869399449,0.7546859501500583,-0.07994790624355914
u8069,0.6870616620112502,1.4075692902044947,0.9359097597446742
u2064,0.15156353954613044,-1.3612046113918679,-0.44320714886696116
u1914,-1.2030348976513972,0.884081504766311,-0.9135714161050027
u3452,0.8217261339809415,0.2170833505088765,-1.6064053492066108
u2144,-0.27166552106041386,0.003383552318267018,2.370003337681186
u9024,-0.27166552106041386,0.003383552318267018,2.370003337681186
u5954,-1.9244463692435296,1.319337064802602,-0.23633297211284718
u5020,-0.2651999845816249,0.3182492767191327,-1.7939813932948048
u1461,-0.2091421962499358,-1.1435768313737225,-0.10458792687088339
u9428,0.7383105391685717,-0.6059742317325403,1.4218695160921688
u6013,-0.3486155793939946,-0.5048083055222841,1.2342934720039749
u2565,0.6053026925033016,0.3476600185197637,-1.4032338160089644
u2544,-0.5650390208716344,-0.3742316375113967,1.4374650052016218
u2999,-0.28128334340914907,-1.1000512753700933,-0.0368640824716678
u8546,0.5427793676928238,1.4946204022117529,1.0713574485431054
u9844,0.8825928334869982,-0.6930253437397985,1.2864218272937376
u9625,-0.7862713735236418,-0.7953723833446894,0.43720282832284113
u3300,-1.5076828451157742,-0.3601168233083986,1.1144412723149968
u4243,-0.1112998679144632,1.3346329924002347,0.4774383380596183
u2890,-0.27166552106041386,0.003383552318267018,2.370003337681186
u3261,0.023364604055228163,0.14414705270461642,-2.064876770891667
u8568,0.24940586788160307,1.1170052123820893,0.13881911606354047
u3942,-1.2030348976513972,0.884081504766311,-0.9135714161050027
u5354,-0.7910802846980094,-1.3470897971888696,-0.766230881753586
u4494,-0.28128334340914907,-1.1000512753700933,-0.0368640824716678
u8305,-1.5076828451157742,-0.3601168233083986,1.1144412723149968
u8258,0.1676468983736547,0.05709594069735831,-2.200324459690098
u3754,0.7543938979960959,0.8123263203566856,-0.3352477947309684
u3620,-0.3534244905683623,-1.0565257193664641,0.030859761927547753
u9462,1.1711574221238512,-0.8671275677543148,1.0155264496968754
u4030,-0.2651999845816249,0.3182492767191327,-1.7939813932948048
u8392,-1.0539436921586032,1.3487478066032328,0.15441460517299332
u7686,-0.18344101507367647,1.3781585484038639,0.5451621824588337
u1152,-0.9818025449993898,1.3052222505996036,0.08669076077377769
u4708,-1.3473171919698237,0.9711326167735691,-0.7781237273065716
u2134,-0.06966881310587675,-1.7823453572251606,-1.4434693257457414
u6014,-0.7141302263644286,-0.8388979393483185,0.3694789839236256
u9997,1.2641908392849563,1.0593648421754618,0.3941190045509498
u3140,0.7383105391685717,-0.6059742317325403,1.4218695160921688
u9987,0.6101116036776694,0.8993774323639437,-0.19980010593253733
u7581,-0.27166552106041386,0.003383552318267018,2.370003337681186
u8723,-0.39986445655131625,1.5087352164147512,0.7483337156564804
u5023,0.5940282448501453,-0.518923119725282,1.5573172048905999
u4749,0.6661693920093585,-0.5624486757289112,1.4895933604913842
u8223,-1.419458339129037,1.0146581727771982,-0.710399882907356
u6600,-0.13700104909072258,-1.1871023873773514,-0.17231177127009892
u4748,-1.6358817806066765,1.1452348407880855,-0.5072283497097094
u2898,0.7543938979960959,0.8123263203566856,-0.3352477947309684
u6742,1.892568893715984,-1.302383127790606,0.3382880057047198
u5003,-1.146977109319708,-0.577744603326544,0.7758220503189189
u4303,1.1872407809513754,0.551172984334911,-0.7415908611262617
u8141,-0.5746568432203696,-1.4776664651997569,-0.9694024149512328
u6080,0.3054636562132922,-0.3448208957107659,1.828212582487462
u5989,0.08904021473565239,-0.21424422769987847,2.0313841156851087
u9595,-0.7862713735236418,-0.7953723833446894,0.43720282832284113
u3489,0.8056427751534174,-1.2012172015803495,0.15071196161652597
u6932,-0.8584125206828551,-0.7518468273410603,0.5049266727220566
u7294,-0.26039107340725737,0.8699666905633129,-0.5905476832183778
u2896,0.5379704565184561,0.9429029883675729,-0.13207626153332175
u1327,-0.06966881310587675,-1.7823453572251606,-1.4434693257457414
u1422,-0.7814624623492741,-0.2436549695005094,1.6406365383992683
u3562,0.5379704565184561,0.9429029883675729,-0.13207626153332175
u3125,0.6053026925033016,0.3476600185197637,-1.4032338160089644
u8605,-0.13700104909072258,-1.1871023873773514,-0.17231177127009892
u1846,-0.1112998679144632,1.3346329924002347,0.4774383380596183
u3675,0.5892193336757776,-1.0706405335694622,0.3538834948141727
u5560,-1.4403506091309286,-0.9553597931562077,-0.156716282160646
u4515,0.5940282448501453,-0.518923119725282,1.5573172048905999
u9608,0.5331615453440884,0.39118557452339275,-1.3355099716097487
u7473,0.1772647207223898,1.1605307683857182,0.20654296046275605
u9466,-1.6358817806066765,1.1452348407880855,-0.5072283497097094
u4667,-1.2703671336362428,1.47932447461412,0.35758613837063996
u7925,1.676145452238344,-1.1718064597797186,0.5414595389023664
u6971,-0.7701880146961176,0.6229281687445365,-1.319914482500296
u5296,0.01689906757643924,-0.17071867169624946,2.099107960084324
u1679,1.0220662166310572,-1.3317938695912368,-0.05245957158112065
u4993,-0.13700104909072258,-1.1871023873773514,-0.17231177127009892
u3922,-1.419458339129037,1.0146581727771982,-0.710399882907356
u7611,-0.5441467508697426,1.5957863284220093,0.8837814044549115
u7409,-0.6467979903795829,-1.434140909196128,-0.9016785705520172
u1157,-1.9453386392454213,-0.650680901130804,0.31735062863386293
u9247,0.32154701504081634,1.07347965637846,0.07109527166432487
u5140,-1.1982259864770295,1.435798918610491,0.28986229397142443
u3029,0.8265350451553091,0.7688007643530564,-0.4029716391301839
u3598,-0.7862713735236418,-0.7953723833446894,0.43720282832284113
u9530,-0.19305883742241164,0.27472372071550366,-1.8617052376940204
u4834,0.023364604055228163,0.14414705270461642,-2.064876770891667
u8377,1.4036642224290152,0.4205963163240236,-0.9447623943239084
u6720,-0.9866114561737573,0.7535048367554237,-1.1167429493026493
u5727,-1.6358817806066765,1.1452348407880855,-0.5072283497097094
u2136,1.480614280762596,0.9287881741645747,0.1909474713533032
u8725,1.6040043050791306,-1.1282809037760895,0.609183383301582
u2158,1.2641908392849563,1.0593648421754618,0.3941190045509498
u4764,0.46102039818487517,0.4347111305270218,-1.2677861272105333
u7717,0.9547339806462115,-0.7365508997434276,1.2186979828945221
u5366,0.4658293093592428,0.986428544371202,-0.06435241713410624
u4973,2.0577434580363017,0.5805837261355419,-0.35084328384042124
u6754,-1.2912594036381344,-0.4906934913192859,0.91126973911735
u5129,0.10993248473754415,1.7557737382335274,1.4777005149383988
u5843,0.6101116036776694,0.8993774323639437,-0.19980010593253733
u5117,1.2432985692830645,-0.9106531237579439,0.9478026052976597
u8511,1.5318631579199176,-1.0847553477724605,0.6769072277007975
u3534,-2.089620933563848,-0.5636297891235458,0.452798317432294
u6821,1.8413200165586623,0.7111603941464293,-0.14767175064277455
u5327,2.0577434580363017,0.5805837261355419,-0.35084328384042124
u4542,-1.6567740506085684,-0.8247831251453205,0.046455251037000586
u8330,1.676145452238344,-1.1718064597797186,0.5414595389023664
u4919,-0.2555821622328897,1.4216841044074928,0.6128860268580494
u2414,1.1872407809513754,0.551172984334911,-0.7415908611262617
u2661,1.8413200165586623,0.7111603941464293,-0.14767175064277455
u8276,0.6101116036776694,0.8993774323639437,-0.19980010593253733
u7844,0.1676468983736547,0.05709594069735831,-2.200324459690098
u9877,0.037791337578330884,1.7992992942371566,1.5454243593376142
u6008,1.892568893715984,-1.302383127790606,0.3382880057047198
u7488,0.6565515696606233,-1.6658835034172714,-0.91727405966147
u3728,-0.6980468675369044,0.5794026127409073,-1.3876383268995114
u7164,-0.12091769026319837,0.2311981647118746,-1.9294290820932358
u2853,1.5527554279218092,0.8852626181609456,0.12322362695408755
u8320,-0.19952437390120056,-0.04014200368536215,2.302279493281971
u8649,-0.6467979903795829,-1.434140909196128,-0.9016785705520172
u4155,0.9708173394737356,0.6817496523457983,-0.5384193279286151
u9390,-1.0796448733348623,-1.1729875731743533,-0.4953355041567238
u5505,-0.4768145148848971,1.0005433585741998,-0.38737615002073106
u2433,1.1663485109494836,-1.418844981598495,-0.1879072603795517
u9696,-0.7189391375387961,-1.3906153531924987,-0.8339547261528016
u9344,1.1711574221238512,-0.8671275677543148,1.0155264496968754
u5522,-0.5746568432203696,-1.4776664651997569,-0.9694024149512328
u1435,1.6970377222402357,0.7982115061536874,-0.012224061844343612
u4791,-0.19305883742241164,0.27472372071550366,-1.8617052376940204
u2645,0.10993248473754415,1.7557737382335274,1.4777005149383988
u6597,-0.04877654310398522,0.18767260870824554,-1.9971529264924515
u7879,-0.6162878980289559,1.6393118844256385,0.951505248854127
u3721,0.6870616620112502,1.4075692902044947,0.9359097597446742
u2763,0.5892193336757776,-1.0706405335694622,0.3538834948141727
u9642,-0.5441467508697426,1.5957863284220093,0.8837814044549115
u4028,-0.6371801680308475,-0.3307060815077677,1.5051888496008372
u2196,0.22851359787971134,-0.8530127535513168,0.6925027168102504
u9357,-2.2339032278822746,-0.4765786771162876,0.588246006230725
u7918,0.012090156402071593,-0.7224360855404295,0.895674250007897
u1609,1.1711574221238512,-0.8671275677543148,1.0155264496968754
u2004,0.08904021473565239,-0.21424422769987847,2.0313841156851087
u8936,-1.5124917562901419,-0.9118342371525786,-0.08899243776143047
u1431,-1.146977109319708,-0.577744603326544,0.7758220503189189
u7930,0.2958458338645569,-1.448255723399126,-0.5786548376653923
u9750,1.099016274964638,-0.8236020117506858,1.0832502940960909
u2771,-0.5537645732184778,0.4923515007336492,-1.5230860156979424
u8519,-0.48162342605926467,0.44882594473002,-1.590809860097158
u3619,1.3106308052679103,-1.505896093605753,-0.32335494917798285
u9195,0.5892193336757776,-1.0706405335694622,0.3538834948141727
u6506,1.387580863601491,-0.9977042357652021,0.8123549164992285
u2372,-0.6932379563625368,1.1311200265850871,-0.18420461682308453
u2130,0.007281245227703905,-1.2741534993846098,-0.30775946006853
u4363,-0.12091769026319837,0.2311981647118746,-1.9294290820932358
u3977,-1.435541697956561,-0.4036423793120277,1.0467174279157812
u5058,-1.8731974920862082,-0.6942064571344331,0.2496267842346475
u2112,-1.6567740506085684,-0.8247831251453205,0.046455251037000586
u8624,-1.2191182564789214,-0.5342190473229148,0.8435458947181346
u5721,-0.28609225458351656,-1.6517686892142733,-1.2402977925480947
u4470,-0.04877654310398522,0.18767260870824554,-1.9971529264924515
u3569,-1.2751760448106104,0.9276070607699402,-0.8458475717057872
u9423,1.387580863601491,-0.9977042357652021,0.8123549164992285
u2496,0.1676468983736547,0.05709594069735831,-2.200324459690098
u4291,0.5427793676928238,1.4946204022117529,1.0713574485431054
u1353,0.4449370393573511,-0.9835894215622041,0.4893311836126038
u1298,-0.4977067848867888,-0.9694746073592058,0.16630745072597886
u9923,-1.146977109319708,-0.577744603326544,0.7758220503189189
u1050,-0.6467979903795829,-1.434140909196128,-0.9016785705520172
u5983,0.31673810386644863,0.5217622425342802,-1.1323384384121022
u9454,0.07942239238691717,-1.3176790553882387,-0.37548330446774564
u4164,1.238489658108697,-1.462370537602124,-0.2556311047787673
u8824,0.6101116036776694,0.8993774323639437,-0.19980010593253733
u8050,1.676145452238344,-1.1718064597797186,0.5414595389023664
u5055,0.6101116036776694,0.8993774323639437,-0.19980010593253733
u5085,0.0842313035612848,-0.7659616415440585,0.8279504056086815
u4058,0.8986761923145224,0.7252752083494274,-0.47069548352939955
u3570,-0.35823340174272994,-1.6082431332106442,-1.1725739481488793
u9107,0.08904021473565239,-0.21424422769987847,2.0313841156851087
u6020,-1.2912594036381344,-0.4906934913192859,0.91126973911735
u1307,0.3006547450389246,-0.8965383095549458,0.6247788724110349
u6847,0.23332250905407895,-0.30129533970713673,1.8959364268866776
u6237,0.18207363189675732,1.7122481822298983,1.4099766705391832
u4340,0.15637245072049807,-0.8094871975476876,0.760226561209466
u2530,-0.11610877908883083,0.7829155785560548,-0.725995372016809
u7979,-1.0796448733348623,-1.1729875731743533,-0.4953355041567238
u8347,0.8313439563296767,1.3205181781972364,0.8004620709462431
u1892,0.007281245227703905,-1.2741534993846098,-0.30775946006853
u3464,-0.49289787371242116,-0.4177571935150259,1.3697411608024062
u4736,1.2432985692830645,-0.9106531237579439,0.9478026052976597
u2582,-0.40948227890005134,0.40530038872639096,-1.6585337044963737
u9903,1.480614280762596,0.9287881741645747,0.1909474713533032
u6604,1.676145452238344,-1.1718064597797186,0.5414595389023664
u8974,0.3984970733743971,1.581671514219011,1.2068051373415367
u4900,0.1676468983736547,0.05709594069735831,-2.200324459690098
u9936,-2.1617620807230615,-0.5201042331199167,0.5205221618315096
u6205,-1.2912594036381344,-0.4906934913192859,0.91126973911735
u6595,-1.1982259864770295,1.435798918610491,0.28986229397142443
u7873,2.129884605195515,0.5370581701319129,-0.41856712823963665
u4935,-1.1260848393178164,1.3922733626068617,0.22213844957220885
u7577,-0.6371801680308475,-0.3307060815077677,1.5051888496008372
u7429,0.23978804553286798,0.013570384693729134,-2.2680483040893136
u7292,0.5379704565184561,0.9429029883675729,-0.13207626153332175
u3632,0.23978804553286798,0.013570384693729134,-2.2680483040893136
u3109,-0.35823340174272994,-1.6082431332106442,-1.1725739481488793
u8493,-0.06966881310587675,-1.7823453572251606,-1.4434693257457414
u2442,-0.9353625790164358,-1.2600386851816114,-0.630783192955155
u8160,-1.5846329034493551,-0.8683086811489495,-0.02126859336221494
u9310,-1.1308937504921839,0.8405559487626818,-0.9812952605042182
u6762,1.5527554279218092,0.8852626181609456,0.12322362695408755
u1220,-1.007503726175649,-1.2165131291779823,-0.5630593485559393
u3325,-0.28128334340914907,-1.1000512753700933,-0.0368640824716678
u1818,0.90348510348889,1.2769926221936074,0.7327382265470276
u3345,0.46102039818487517,0.4347111305270218,-1.2677861272105333
u6798,-0.1112998679144632,1.3346329924002347,0.4774383380596183
u9224,-2.089620933563848,-0.5636297891235458,0.452798317432294
u5553,0.6613604808349909,-1.1141660895730914,0.28615965041495717
u2500,-0.7862713735236418,-0.7953723833446894,0.43720282832284113
u7658,2.129884605195515,0.5370581701319129,-0.41856712823963665
u5911,1.5479465167474418,0.3335452043167655,-1.0802100831223393
u1002,-0.7093213151900608,-0.28718052550413853,1.5729126940000528
u5575,-0.14180996026509013,-1.7388198012215315,-1.3757454813465257
u9893,0.012090156402071593,-0.7224360855404295,0.895674250007897
u7806,-0.18344101507367647,1.3781585484038639,0.5451621824588337
u7248,0.5170781865165643,-1.027114977565833,0.4216073392133883
u2673,0.36798698102377025,-1.4917812794027552,-0.6463786820646078
u5852,-1.3682094619717153,-0.9988853491598367,-0.22444012655986154
u3093,-1.1308937504921839,0.8405559487626818,-0.9812952605042182
u7444,-0.9144703090145441,0.7099792807517946,-1.1844667937018647
u8696,-0.19952437390120056,-0.04014200368536215,2.302279493281971
u1649,-0.7189391375387961,-1.3906153531924987,-0.8339547261528016
u6341,-1.5798239922749875,-0.31659126730476944,1.1821651167142122
u2872,-1.8731974920862082,-0.6942064571344331,0.2496267842346475
u7233,-0.9257447566677006,-0.15660385749325118,1.7760842271976993
u1851,-0.28128334340914907,-1.1000512753700933,-0.0368640824716678
u2807,1.3106308052679103,-1.505896093605753,-0.32335494917798285
u9609,0.2958458338645569,-1.448255723399126,-0.5786548376653923
u9071,-1.2751760448106104,0.9276070607699402,-0.8458475717057872
u3340,1.892568893715984,-1.302383127790606,0.3382880057047198
u8614,-0.3373411317408382,0.3617748327227619,-1.7262575488955891
u8089,-0.6419890792052153,-0.8824234953519476,0.30175513952440997
u2013,-2.1617620807230615,-0.5201042331199167,0.5205221618315096
u7171,-0.6932379563625368,1.1311200265850871,-0.18420461682308453
u9114,0.0024723340533365193,-1.8258709132287896,-1.511193170144957
u9165,-1.435541697956561,-0.4036423793120277,1.0467174279157812
u9536,1.0268751278054247,-0.7800764557470566,1.1509741384953065
u2364,-0.9866114561737573,0.7535048367554237,-1.1167429493026493
u3821,-0.8423291618553308,0.6664537247481656,-1.2521906381010803
u5298,-1.146977109319708,-0.577744603326544,0.7758220503189189
u1043,-0.6162878980289559,1.6393118844256385,0.951505248854127
u5638,-1.6358817806066765,1.1452348407880855,-0.5072283497097094
u1370,1.8413200165586623,0.7111603941464293,-0.14767175064277455
u9061,-1.1260848393178164,1.3922733626068617,0.22213844957220885
u9573,-1.0796448733348623,-1.1729875731743533,-0.4953355041567238
u7983,-0.6467979903795829,-1.434140909196128,-0.9016785705520172
u6349,0.8777839223126307,-1.2447427575839787,0.08298811721731043
u5888,0.6661693920093585,-0.5624486757289112,1.4895933604913842
u4014,-0.4977067848867888,-0.9694746073592058,0.16630745072597886
u3252,-0.49289787371242116,-0.4177571935150259,1.3697411608024062
u4963,-1.6567740506085684,-0.8247831251453205,0.046455251037000586
u5394,0.8217261339809415,0.2170833505088765,-1.6064053492066108
u4537,-0.18344101507367647,1.3781585484038639,0.5451621824588337
u2713,0.7383105391685717,-0.6059742317325403,1.4218695160921688
u9907,1.7482865993975574,-1.2153320157833478,0.47373569450315084
u8522,1.8204277465567704,-1.2588575717869768,0.4060118501039354
u4979,-0.2091421962499358,-1.1435768313737225,-0.10458792687088339
u9237,-1.7801640749251033,1.2322859527953436,-0.3717806609112782
u7598,-0.7189391375387961,-1.3906153531924987,-0.8339547261528016
u9804,0.4658293093592428,0.986428544371202,-0.06435241713410624
u6892,-0.7189391375387961,-1.3906153531924987,-0.8339547261528016
u5335,0.9547339806462115,-0.7365508997434276,1.2186979828945221
u1691,0.4706382205336104,1.538145958215382,1.139081292942321
u4869,2.202025752354728,0.4935326141282837,-0.4862909726388523
u4069,-0.11610877908883083,0.7829155785560548,-0.725995372016809
u9016,-0.19305883742241164,0.27472372071550366,-1.8617052376940204
u6066,1.2641908392849563,1.0593648421754618,0.3941190045509498
u3177,-0.4720056037105295,1.5522607724183801,0.816057560055696
u6937,-0.7189391375387961,-1.3906153531924987,-0.8339547261528016
u5639,0.10512357356317653,1.2040563243893474,0.2742668048619716
u1792,1.620087663906655,0.2900196483131364,-1.147933927521555
u6967,1.3154397164422778,-0.9541786797615731,0.8800787608984442
u4499,0.6661693920093585,-0.5624486757289112,1.4895933604913842
u4966,0.8825928334869982,-0.6930253437397985,1.2864218272937376
u1466,0.6822527508368826,0.8558518763603147,-0.26752395033175286
u3761,0.8986761923145224,0.7252752083494274,-0.47069548352939955
u9645,1.099016274964638,-0.8236020117506858,1.0832502940960909
u5111,-0.9818025449993898,1.3052222505996036,0.08669076077377769
u5606,1.0942073637902705,-1.375319425594866,-0.12018341598033629
u1156,1.9856023108770888,0.624109282139171,-0.2831194394412056
u4306,-0.1273832267419873,-0.08366755968899121,2.2345556488827554
u1712,-0.1882499262480441,0.8264411345596838,-0.6582715276175934
u3573,2.129884605195515,0.5370581701319129,-0.41856712823963665
u4326,1.6970377222402357,0.7982115061536874,-0.012224061844343612
u4045,-1.5798239922749875,-0.31659126730476944,1.1821651167142122
u6890,-0.5489556620441103,1.044068914577829,-0.31965230562151553
u3384,-1.5846329034493551,-0.8683086811489495,-0.02126859336221494
u5492,-0.18344101507367647,1.3781585484038639,0.5451621824588337
u5693,0.15637245072049807,-0.8094871975476876,0.760226561209466
u4393,0.31192919269208125,-0.029955171309899928,-2.3357721484885294
u7785,-0.5441467508697426,1.5957863284220093,0.8837814044549115
u7240,-1.7289151977677817,-0.7812575691416913,0.11417909543621622
u7156,0.0842313035612848,-0.7659616415440585,0.8279504056086815
u1764,0.810451686327785,-0.6494997877361693,1.3541456716929532
u7940,-1.435541697956561,-0.4036423793120277,1.0467174279157812
u2642,0.10031466238880893,0.6523389105451675,-0.9291669052144556
u4773,-1.1982259864770295,1.435798918610491,0.28986229397142443
u8429,0.39368816220002956,1.029954100374831,0.0033714272651093505
u8332,0.6661693920093585,-0.5624486757289112,1.4895933604913842
u2545,-0.13700104909072258,-1.1871023873773514,-0.17231177127009892
u3789,-1.6567740506085684,-0.8247831251453205,0.046455251037000586
u2425,-0.7093213151900608,-0.28718052550413853,1.5729126940000528
u8579,0.9708173394737356,0.6817496523457983,-0.5384193279286151
u8215,0.5427793676928238,1.4946204022117529,1.0713574485431054
u5664,-0.27647443223478135,-0.5483338615259131,1.1665696276047595
u2328,0.6565515696606233,-1.6658835034172714,-0.91727405966147
u9596,-0.11610877908883083,0.7829155785560548,-0.725995372016809
u5071,-1.5637406334474635,1.1017092847844563,-0.5749521941089248
u1339,-1.9453386392454213,-0.650680901130804,0.31735062863386293
u8287,-0.27647443223478135,-0.5483338615259131,1.1665696276047595
u8496,-0.4303745489019431,-1.5647175772070152,-1.1048501037496636
u8112,0.5379704565184561,0.9429029883675729,-0.13207626153332175
u6997,-0.4977067848867888,-0.9694746073592058,0.16630745072597886
u1842,1.769178869399449,0.7546859501500583,-0.07994790624355914
u9794,0.6053026925033016,0.3476600185197637,-1.4032338160089644
u5387,0.8777839223126307,-1.2447427575839787,0.08298811721731043
u9528,0.007281245227703905,-1.2741534993846098,-0.30775946006853
u3710,0.4401281281829835,-1.5353068354063844,-0.7141025264638234
u8690,0.8825928334869982,-0.6930253437397985,1.2864218272937376
u5110,0.677443839662515,0.3041344625161346,-1.4709576604081798
u8654,0.3006547450389246,-0.8965383095549458,0.6247788724110349
u3063,-0.5537645732184778,0.4923515007336492,-1.5230860156979424
u1396,1.8413200165586623,0.7111603941464293,-0.14767175064277455
u7903,-0.039158720755249926,1.2911074363966055,0.40971449366040263
u5632,0.10512357356317653,1.2040563243893474,0.2742668048619716
u5028,-1.1982259864770295,1.435798918610491,0.28986229397142443
u3509,0.9756262506481033,1.2334670661899783,0.6650143821478119
u9646,0.7383105391685717,-0.6059742317325403,1.4218695160921688
u8449,-1.5798239922749875,-0.31659126730476944,1.1821651167142122
u4673,-2.2339032278822746,-0.4765786771162876,0.588246006230725
u5073,0.614920514852037,1.4510948462081237,1.0036336041438898
u3607,-0.13219213791635495,-0.6353849735331712,1.0311219388063284
u8561,-0.7701880146961176,0.6229281687445365,-1.319914482500296
u8174,1.0477673978073165,1.189941510186349,0.5972905377485964
u5708,-2.017479786404635,-0.6071553451271748,0.38507447303307857
u1749,-0.6371801680308475,-0.3307060815077677,1.5051888496008372
u1596,-1.296068314812502,-1.042410905163466,-0.29216397095907715
u7416,0.08904021473565239,-0.21424422769987847,2.0313841156851087
u2578,0.08904021473565239,-0.21424422769987847,2.0313841156851087
u8501,0.6822527508368826,0.8558518763603147,-0.26752395033175286
u4096,0.9708173394737356,0.6817496523457983,-0.5384193279286151
u1203,0.1676468983736547,0.05709594069735831,-2.200324459690098
u6412,-0.2651999845816249,0.3182492767191327,-1.7939813932948048
u7040,-0.9257447566677006,-0.15660385749325118,1.7760842271976993
u3259,1.7482865993975574,-1.2153320157833478,0.47373569450315084
u6421,-0.6932379563625368,1.1311200265850871,-0.18420461682308453
u3008,0.7495849868217282,0.2606089065125054,-1.5386815048073954
u7385,1.2432985692830645,-0.9106531237579439,0.9478026052976597
u2791,-0.27166552106041386,0.003383552318267018,2.370003337681186
u7942,1.2593819281105885,0.507647428331282,-0.8093147055254774
u1613,0.15156353954613044,-1.3612046113918679,-0.44320714886696116
u2921,-0.05524207958277403,-0.1271931156926203,2.16683180448354
u6824,1.4597220107607043,-1.0412297917688313,0.744631072100013
u8420,1.1199085449665298,1.1464159541827201,0.5295666933493809
u2526,-0.4303745489019431,-1.5647175772070152,-1.1048501037496636
u7437,1.676145452238344,-1.1718064597797186,0.5414595389023664
u8234,-1.9453386392454213,-0.650680901130804,0.31735062863386293
u6991,-0.4977067848867888,-0.9694746073592058,0.16630745072597886
u8933,1.5527554279218092,0.8852626181609456,0.12322362695408755
u8520,0.9756262506481033,1.2334670661899783,0.6650143821478119
u9823,-1.0026948150012815,-0.6647957153338022,0.6403743615204877
u9420,0.012090156402071593,-0.7224360855404295,0.895674250007897
u6206,1.1199085449665298,1.1464159541827201,0.5295666933493809
u9474,2.202025752354728,0.4935326141282837,-0.4862909726388523
u3946,-0.14180996026509013,-1.7388198012215315,-1.3757454813465257
u7472,0.6565515696606233,-1.6658835034172714,-0.91727405966147
u9364,0.08904021473565239,-0.21424422769987847,2.0313841156851087
u6912,-0.11610877908883083,0.7829155785560548,-0.725995372016809
u2734,-1.2703671336362428,1.47932447461412,0.35758613837063996
u8448,1.2641908392849563,1.0593648421754618,0.3941190045509498
u1393,-0.5489556620441103,1.044068914577829,-0.31965230562151553
u9986,0.7592028091704635,1.3640437342008656,0.8681859153454586
u4595,0.023364604055228163,0.14414705270461642,-2.064876770891667
u1883,-0.13219213791635495,-0.6353849735331712,1.0311219388063284
u1768,-1.8523052220843164,1.2758115087989728,-0.3040568165120627
u1913,0.15637245072049807,-0.8094871975476876,0.760226561209466
u7461,0.24459695670723547,0.5652877985379092,-1.0646145940128866
u3765,-0.9305536678420683,-0.7083212713374313,0.5726505171212721
u2435,1.1872407809513754,0.551172984334911,-0.7415908611262617
u7060,-0.13700104909072258,-1.1871023873773514,-0.17231177127009892
u3989,-1.296068314812502,-1.042410905163466,-0.29216397095907715
u5115,1.8204277465567704,-1.2588575717869768,0.4060118501039354
u7607,-0.18344101507367647,1.3781585484038639,0.5451621824588337
u1535,0.5427793676928238,1.4946204022117529,1.0713574485431054
u4634,1.8413200165586623,0.7111603941464293,-0.14767175064277455
u6097,-0.6210968092033236,1.0875944705814582,-0.2519284612223
u4904,-0.9305536678420683,-0.7083212713374313,0.5726505171212721
u9711,-0.6210968092033236,1.0875944705814582,-0.2519284612223
u6204,0.9756262506481033,1.2334670661899783,0.6650143821478119
u8730,0.37279589219813786,-0.9400638655585749,0.5570550280118193
u4057,-1.3473171919698237,0.9711326167735691,-0.7781237273065716
u5285,-0.7701880146961176,0.6229281687445365,-1.319914482500296
u6665,-0.28128334340914907,-1.1000512753700933,-0.0368640824716678
u2780,0.10993248473754415,1.7557737382335274,1.4777005149383988
u9367,0.0842313035612848,-0.7659616415440585,0.8279504056086815
u3128,-0.5650390208716344,-0.3742316375113967,1.4374650052016218
u1703,1.9647100408751972,-1.345908683794235,0.27056416130550426
u1641,1.7482865993975574,-1.2153320157833478,0.47373569450315084
u5307,1.4036642224290152,0.4205963163240236,-0.9447623943239084
u4140,0.677443839662515,0.3041344625161346,-1.4709576604081798
u4217,1.1199085449665298,1.1464159541827201,0.5295666933493809
u4307,-1.0796448733348623,-1.1729875731743533,-0.4953355041567238
u9705,1.387580863601491,-0.9977042357652021,0.8123549164992285
u3916,1.0220662166310572,-1.3317938695912368,-0.05245957158112065
u8092,-1.5846329034493551,-0.8683086811489495,-0.02126859336221494
u2764,0.1772647207223898,1.1605307683857182,0.20654296046275605
u7400,0.8777839223126307,-1.2447427575839787,0.08298811721731043
u9304,-1.1308937504921839,0.8405559487626818,-0.9812952605042182
u9308,1.3363319864441694,1.0158392861718328,0.32639516015173425
u7259,-0.5650390208716344,-0.3742316375113967,1.4374650052016218
u5601,-1.8523052220843164,1.2758115087989728,-0.3040568165120627
u6352,0.8265350451553091,0.7688007643530564,-0.4029716391301839
u1761,0.31192919269208125,-0.029955171309899928,-2.3357721484885294
u6735,-0.3534244905683623,-1.0565257193664641,0.030859761927547753
u7213,-0.18344101507367647,1.3781585484038639,0.5451621824588337
u4227,1.238489658108697,-1.462370537602124,-0.2556311047787673
u3431,-1.6358817806066765,1.1452348407880855,-0.5072283497097094
u8228,-0.2651999845816249,0.3182492767191327,-1.7939813932948048
u4511,-0.40948227890005134,0.40530038872639096,-1.6585337044963737
u1934,0.09550575121444144,0.10062149670098726,-2.1326006152908827
u2908,0.23332250905407895,-0.30129533970713673,1.8959364268866776
u2564,0.521887097690932,-0.4753975637216531,1.6250410492898155
u6113,1.769178869399449,0.7546859501500583,-0.07994790624355914
u8727,0.31673810386644863,0.5217622425342802,-1.1323384384121022
u3866,-0.6162878980289559,1.6393118844256385,0.951505248854127
u8906,1.4597220107607043,-1.0412297917688313,0.744631072100013
u4680,1.0477673978073165,1.189941510186349,0.5972905377485964
u5036,0.24940586788160307,1.1170052123820893,0.13881911606354047
u5958,1.4597220107607043,-1.0412297917688313,0.744631072100013
u9816,0.03298242640396329,1.2475818803929766,0.3419906492611871
u4881,-0.3534244905683623,-1.0565257193664641,0.030859761927547753
u3371,-0.14180996026509013,-1.7388198012215315,-1.3757454813465257
u4324,-0.04396763192961756,0.7393900225524256,-0.7937192164160245
u8631,-0.18344101507367647,1.3781585484038639,0.5451621824588337
u4677,0.39368816220002956,1.029954100374831,0.0033714272651093505
u6201,2.129884605195515,0.5370581701319129,-0.41856712823963665
u4084,0.01689906757643924,-0.17071867169624946,2.099107960084324
u8452,-1.6358817806066765,1.1452348407880855,-0.5072283497097094
u2920,-2.2339032278822746,-0.4765786771162876,0.588246006230725
u5804,0.3984970733743971,1.581671514219011,1.2068051373415367
u4504,0.810451686327785,-0.6494997877361693,1.3541456716929532
u6241,-0.7653791035217501,1.1746455825887163,-0.1164807724238689
u7160,-0.7093213151900608,-0.28718052550413853,1.5729126940000528
u2622,-0.40467336772568385,0.9570178025705711,-0.45509999441994664
u1480,0.37279589219813786,-0.9400638655585749,0.5570550280118193
u2529,-1.2751760448106104,0.9276070607699402,-0.8458475717057872
u3528,-0.4303745489019431,-1.5647175772070152,-1.1048501037496636
u6101,0.5379704565184561,0.9429029883675729,-0.13207626153332175
u1330,-0.5537645732184778,0.4923515007336492,-1.5230860156979424
u9979,1.620087663906655,0.2900196483131364,-1.147933927521555
u4209,2.2741668995139417,0.45000705812465464,-0.554014817038068
u8505,0.9547339806462115,-0.7365508997434276,1.2186979828945221
u8269,-1.9453386392454213,-0.650680901130804,0.31735062863386293
u8553,-1.1308937504921839,0.8405559487626818,-0.9812952605042182
u7934,0.5331615453440884,0.39118557452339275,-1.3355099716097487
u7651,-2.2339032278822746,-0.4765786771162876,0.588246006230725
u5955,1.1150996337921621,0.5946985403385401,-0.6738670167270463
u1964,0.8056427751534174,-1.2012172015803495,0.15071196161652597
u4495,0.5170781865165643,-1.027114977565833,0.4216073392133883
u6284,-1.2703671336362428,1.47932447461412,0.35758613837063996
u3976,0.18207363189675732,1.7122481822298983,1.4099766705391832
u1727,-0.49289787371242116,-0.4177571935150259,1.3697411608024062
u8790,-0.13700104909072258,-1.1871023873773514,-0.17231177127009892
u1554,-0.8584125206828551,-0.7518468273410603,0.5049266727220566
u1901,-0.5025156960611563,-1.521192021203386,-1.0371262593504482
u7132,-0.8632214318572226,-1.3035642411852406,-0.6985070373543705
u2301,1.480614280762596,0.9287881741645747,0.1909474713533032
u1664,-0.569847932046002,-0.9259490513555767,0.23403129512519438
u1780,-0.4720056037105295,1.5522607724183801,0.816057560055696
u2608,-1.0748359621604948,-0.621270159330173,0.7080982059197033
u6150,-0.2139511074243033,-1.6952942452179025,-1.3080216369473103
u9163,-1.1260848393178164,1.3922733626068617,0.22213844957220885
u1183,0.8986761923145224,0.7252752083494274,-0.47069548352939955
u5612,0.007281245227703905,-1.2741534993846098,-0.30775946006853
u4828,0.5940282448501453,-0.518923119725282,1.5573172048905999
u3767,-0.19952437390120056,-0.04014200368536215,2.302279493281971
u7550,1.6248965750810225,0.8417370621573166,0.05549978255487202
u1805,0.23978804553286798,0.013570384693729134,-2.2680483040893136
u7832,-0.1273832267419873,-0.08366755968899121,2.2345556488827554
u7019,-0.28128334340914907,-1.1000512753700933,-0.0368640824716678
u6841,0.0842313035612848,-0.7659616415440585,0.8279504056086815
u2949,1.480614280762596,0.9287881741645747,0.1909474713533032
u1178,0.39368816220002956,1.029954100374831,0.0033714272651093505
u8954,-0.8632214318572226,-1.3035642411852406,-0.6985070373543705
u2298,-0.4303745489019431,-1.5647175772070152,-1.1048501037496636
u2006,-1.801056344926995,-0.7377320131380622,0.18190293983543185
u4385,-1.7801640749251033,1.2322859527953436,-0.3717806609112782
u7112,1.769178869399449,0.7546859501500583,-0.07994790624355914
u9376,-0.42556563772757555,-1.0130001633628352,0.09858360632676327
u6098,0.1676468983736547,0.05709594069735831,-2.200324459690098
u2914,1.0942073637902705,-1.375319425594866,-0.12018341598033629
u6679,0.023364604055228163,0.14414705270461642,-2.064876770891667
u5319,0.10993248473754415,1.7557737382335274,1.4777005149383988
u6404,-0.1882499262480441,0.8264411345596838,-0.6582715276175934
u7827,-0.5489556620441103,1.044068914577829,-0.31965230562151553
u8227,0.614920514852037,1.4510948462081237,1.0036336041438898
u9558,-0.8584125206828551,-0.7518468273410603,0.5049266727220566
u7916,1.6970377222402357,0.7982115061536874,-0.012224061844343612
u9607,1.3154397164422778,-0.9541786797615731,0.8800787608984442
u4357,0.15156353954613044,-1.3612046113918679,-0.44320714886696116
u2574,0.01689906757643924,-0.17071867169624946,2.099107960084324
u5232,0.24940586788160307,1.1170052123820893,0.13881911606354047
u6738,1.3363319864441694,1.0158392861718328,0.32639516015173425
u3046,-1.0587526033329706,0.7970303927590529,-1.0490191049034336
u4816,-1.8523052220843164,1.2758115087989728,-0.3040568165120627
u3070,-0.7189391375387961,-1.3906153531924987,-0.8339547261528016
u7533,0.09550575121444144,0.10062149670098726,-2.1326006152908827
u7497,0.10993248473754415,1.7557737382335274,1.4777005149383988
u6646,0.23332250905407895,-0.30129533970713673,1.8959364268866776
u4300,0.32635592621518394,1.6251970702226401,1.2745289817407521
u2017,-1.5124917562901419,-0.9118342371525786,-0.08899243776143047
u2357,-2.1617620807230615,-0.5201042331199167,0.5205221618315096
u2738,-1.8731974920862082,-0.6942064571344331,0.2496267842346475
u4477,-0.06485990193150931,-1.2306279433809806,-0.2400356156693145
u1825,0.5122692753421967,-1.5788323914100133,-0.7818263708630389
u2855,1.620087663906655,0.2900196483131364,-1.147933927521555
u6273,1.6970377222402357,0.7982115061536874,-0.012224061844343612
u7396,-0.4768145148848971,1.0005433585741998,-0.38737615002073106
u5258,0.08904021473565239,-0.21424422769987847,2.0313841156851087
u2989,1.1199085449665298,1.1464159541827201,0.5295666933493809
u4912,0.6822527508368826,0.8558518763603147,-0.26752395033175286
u9271,-0.5746568432203696,-1.4776664651997569,-0.9694024149512328
u6026,1.2641908392849563,1.0593648421754618,0.3941190045509498
u2697,-1.3473171919698237,0.9711326167735691,-0.7781237273065716
u7191,1.5527554279218092,0.8852626181609456,0.12322362695408755
u8039,-0.11610877908883083,0.7829155785560548,-0.725995372016809
u6457,0.6565515696606233,-1.6658835034172714,-0.91727405966147
u3970,-0.8632214318572226,-1.3035642411852406,-0.6985070373543705
u4497,-1.0796448733348623,-1.1729875731743533,-0.4953355041567238
u5838,-1.435541697956561,-0.4036423793120277,1.0467174279157812
u1487,0.1676468983736547,0.05709594069735831,-2.200324459690098
u8616,-0.26039107340725737,0.8699666905633129,-0.5905476832183778
u5620,-1.5846329034493551,-0.8683086811489495,-0.02126859336221494
u5805,1.2432985692830645,-0.9106531237579439,0.9478026052976597
u9206,0.5844104225014101,-1.6223579474136425,-0.8495502152622545
u4631,1.0268751278054247,-0.7800764557470566,1.1509741384953065
u5105,-1.2912594036381344,-0.4906934913192859,0.91126973911735
u2051,-0.2651999845816249,0.3182492767191327,-1.7939813932948048
u1576,-0.2651999845816249,0.3182492767191327,-1.7939813932948048
u1735,0.5940282448501453,-0.518923119725282,1.5573172048905999
u9849,1.4597220107607043,-1.0412297917688313,0.744631072100013
u1744,0.677443839662515,0.3041344625161346,-1.4709576604081798
u1937,1.238489658108697,-1.462370537602124,-0.2556311047787673
u1100,-0.39986445655131625,1.5087352164147512,0.7483337156564804
u5480,0.012090156402071593,-0.7224360855404295,0.895674250007897
u6560,0.8265350451553091,0.7688007643530564,-0.4029716391301839
u8239,-0.5537645732184778,0.4923515007336492,-1.5230860156979424
u3955,0.4706382205336104,1.538145958215382,1.139081292942321
u5790,1.0220662166310572,-1.3317938695912368,-0.05245957158112065
u9202,0.8056427751534174,-1.2012172015803495,0.15071196161652597
u4802,0.3984970733743971,1.581671514219011,1.2068051373415367
u5060,-0.5489556620441103,1.044068914577829,-0.31965230562151553
u4823,-0.5489556620441103,1.044068914577829,-0.31965230562151553
u9556,-1.007503726175649,-1.2165131291779823,-0.5630593485559393
u9850,-0.8375202506809634,1.2181711385923455,-0.04875692802465336
u7316,0.6822527508368826,0.8558518763603147,-0.26752395033175286
u3637,1.387580863601491,-0.9977042357652021,0.8123549164992285
u2089,-0.4720056037105295,1.5522607724183801,0.816057560055696
u1839,0.3054636562132922,-0.3448208957107659,1.828212582487462
u8785,-0.9866114561737573,0.7535048367554237,-1.1167429493026493
u9335,-1.0796448733348623,-1.1729875731743533,-0.4953355041567238
u6607,0.8986761923145224,0.7252752083494274,-0.47069548352939955
u2736,0.2958458338645569,-1.448255723399126,-0.5786548376653923
u3298,0.2237046867053437,-1.404730167395497,-0.5109309932661767
u4817,-0.6467979903795829,-1.434140909196128,-0.9016785705520172
u8031,-0.1273832267419873,-0.08366755968899121,2.2345556488827554
u9334,0.3984970733743971,1.581671514219011,1.2068051373415367
u9919,-1.5124917562901419,-0.9118342371525786,-0.08899243776143047
u2976,-1.0587526033329706,0.7970303927590529,-1.0490191049034336
u2120,1.1663485109494836,-1.418844981598495,-0.1879072603795517
u2330,0.5331615453440884,0.39118557452339275,-1.3355099716097487
u7094,-0.6419890792052153,-0.8824234953519476,0.30175513952440997
u1593,-1.1260848393178164,1.3922733626068617,0.22213844957220885
u8594,-0.039158720755249926,1.2911074363966055,0.40971449366040263
u3696,-1.5637406334474635,1.1017092847844563,-0.5749521941089248
u2755,-0.5489556620441103,1.044068914577829,-0.31965230562151553
u4230,-0.4207567265532079,-0.46128274951865494,1.3020173164031905
u6744,1.4084731336033827,0.9723137301682039,0.2586713157525187
u5123,-1.0748359621604948,-0.621270159330173,0.7080982059197033
u3871,1.480614280762596,0.9287881741645747,0.1909474713533032
u2652,0.0842313035612848,-0.7659616415440585,0.8279504056086815
u7542,-0.569847932046002,-0.9259490513555767,0.23403129512519438
u4065,-1.7289151977677817,-0.7812575691416913,0.11417909543621622
u7604,-0.40467336772568385,0.9570178025705711,-0.45509999441994664
u5588,0.0842313035612848,-0.7659616415440585,0.8279504056086815
u9858,1.1199085449665298,1.1464159541827201,0.5295666933493809
u8877,0.4401281281829835,-1.5353068354063844,-0.7141025264638234
u2399,1.620087663906655,0.2900196483131364,-1.147933927521555
u6131,-0.5441467508697426,1.5957863284220093,0.8837814044549115
u3048,0.8217261339809415,0.2170833505088765,-1.6064053492066108
u6615,1.4036642224290152,0.4205963163240236,-0.9447623943239084
u1819,-0.1273832267419873,-0.08366755968899121,2.2345556488827554
u1270,0.810451686327785,-0.6494997877361693,1.3541456716929532
u7480,0.6870616620112502,1.4075692902044947,0.9359097597446742
u6726,0.7543938979960959,0.8123263203566856,-0.3352477947309684
u2692,0.037791337578330884,1.7992992942371566,1.5454243593376142
u2710,-1.6358817806066765,1.1452348407880855,-0.5072283497097094
u5599,-1.7801640749251033,1.2322859527953436,-0.3717806609112782
u7487,-1.801056344926995,-0.7377320131380622,0.18190293983543185
u8288,1.3106308052679103,-1.505896093605753,-0.32335494917798285
u9228,-0.3534244905683623,-1.0565257193664641,0.030859761927547753
u9293,-0.6419890792052153,-0.8824234953519476,0.30175513952440997
u5464,-1.296068314812502,-1.042410905163466,-0.29216397095907715
u6107,0.9499250694718439,-1.2882683135876076,0.015264272818094882
u7852,-0.9866114561737573,0.7535048367554237,-1.1167429493026493
u1181,0.09550575121444144,0.10062149670098726,-2.1326006152908827
u1384,-0.27166552106041386,0.003383552318267018,2.370003337681186
u5932,0.6101116036776694,0.8993774323639437,-0.19980010593253733
u5661,-2.089620933563848,-0.5636297891235458,0.452798317432294
u6765,1.8413200165586623,0.7111603941464293,-0.14767175064277455
u5260,0.8265350451553091,0.7688007643530564,-0.4029716391301839
u6403,-0.40948227890005134,0.40530038872639096,-1.6585337044963737
u1087,0.07942239238691717,-1.3176790553882387,-0.37548330446774564
u2363,-1.0587526033329706,0.7970303927590529,-1.0490191049034336
u9045,0.10031466238880893,0.6523389105451675,-0.9291669052144556
u3886,0.7383105391685717,-0.6059742317325403,1.4218695160921688
u7310,-0.5537645732184778,0.4923515007336492,-1.5230860156979424
u4390,1.7482865993975574,-1.2153320157833478,0.47373569450315084
u5175,1.2641908392849563,1.0593648421754618,0.3941190045509498
u4584,-2.089620933563848,-0.5636297891235458,0.452798317432294
u3391,1.0268751278054247,-0.7800764557470566,1.1509741384953065
u7047,0.9660084282993681,0.13003223850161827,-1.741853038005042
u8589,-1.2239271676532888,-1.085936461167095,-0.3598878153582927
u2436,1.620087663906655,0.2900196483131364,-1.147933927521555
u8536,-0.3534244905683623,-1.0565257193664641,0.030859761927547753
u3712,-0.6162878980289559,1.6393118844256385,0.951505248854127
u3745,0.6101116036776694,0.8993774323639437,-0.19980010593253733
u6931,-1.2912594036381344,-0.4906934913192859,0.91126973911735
u7290,1.6970377222402357,0.7982115061536874,-0.012224061844343612
u7307,1.892568893715984,-1.302383127790606,0.3382880057047198
u5280,-0.48162342605926467,0.44882594473002,-1.590809860097158
u3166,-0.13219213791635495,-0.6353849735331712,1.0311219388063284
u2109,1.0268751278054247,-0.7800764557470566,1.1509741384953065
u8020,1.6248965750810225,0.8417370621573166,0.05549978255487202
u7303,-0.8632214318572226,-1.3035642411852406,-0.6985070373543705
u2505,0.6613604808349909,-1.1141660895730914,0.28615965041495717
u8172,0.3888792510256619,0.4782366865306509,-1.2000622828113179
u3253,-0.28128334340914907,-1.1000512753700933,-0.0368640824716678
u1591,1.1872407809513754,0.551172984334911,-0.7415908611262617
u6135,0.037791337578330884,1.7992992942371566,1.5454243593376142
u7334,2.2741668995139417,0.45000705812465464,-0.554014817038068
u3817,0.3888792510256619,0.4782366865306509,-1.2000622828113179
u4539,0.5892193336757776,-1.0706405335694622,0.3538834948141727
u8242,-0.1273832267419873,-0.08366755968899121,2.2345556488827554
u4995,-0.5025156960611563,-1.521192021203386,-1.0371262593504482
u1210,-0.9257447566677006,-0.15660385749325118,1.7760842271976993
u6367,0.7335016279942042,-1.1576916455767203,0.2184358060157415
u7145,1.1150996337921621,0.5946985403385401,-0.6738670167270463
u4353,0.2237046867053437,-1.404730167395497,-0.5109309932661767
u7764,-0.11610877908883083,0.7829155785560548,-0.725995372016809
u5617,0.614920514852037,1.4510948462081237,1.0036336041438898
u3813,0.01689906757643924,-0.17071867169624946,2.099107960084324
u9648,0.9660084282993681,0.13003223850161827,-1.741853038005042
u7275,0.01689906757643924,-0.17071867169624946,2.099107960084324
u1292,0.10512357356317653,1.2040563243893474,0.2742668048619716
u2795,-0.13700104909072258,-1.1871023873773514,-0.17231177127009892
u2991,1.6040043050791306,-1.1282809037760895,0.609183383301582
u7706,-0.42556563772757555,-1.0130001633628352,0.09858360632676327
u3790,-0.4977067848867888,-0.9694746073592058,0.16630745072597886
u8139,-0.9818025449993898,1.3052222505996036,0.08669076077377769
u8277,-0.4768145148848971,1.0005433585741998,-0.38737615002073106
u8105,0.32154701504081634,1.07347965637846,0.07109527166432487
u8570,1.1663485109494836,-1.418844981598495,-0.1879072603795517
u6329,0.6870616620112502,1.4075692902044947,0.9359097597446742
u6461,-0.40467336772568385,0.9570178025705711,-0.45509999441994664
u4220,-0.26039107340725737,0.8699666905633129,-0.5905476832183778
u3260,0.8777839223126307,-1.2447427575839787,0.08298811721731043
u4925,0.3984970733743971,1.581671514219011,1.2068051373415367
u4926,-0.32772330939210287,1.465209660411122,0.6806098712572648
u3667,0.6565515696606233,-1.6658835034172714,-0.91727405966147
u9687,-0.8423291618553308,0.6664537247481656,-1.2521906381010803
u5749,0.08904021473565239,-0.21424422769987847,2.0313841156851087
u2668,0.7495849868217282,0.2606089065125054,-1.5386815048073954
u3499,0.23978804553286798,0.013570384693729134,-2.2680483040893136
u3612,0.677443839662515,0.3041344625161346,-1.4709576604081798
u8203,1.4597220107607043,-1.0412297917688313,0.744631072100013
u5573,1.3154397164422778,-0.9541786797615731,0.8800787608984442
u7631,0.7592028091704635,1.3640437342008656,0.8681859153454586
u6973,-0.2139511074243033,-1.6952942452179025,-1.3080216369473103
u2583,-0.7910802846980094,-1.3470897971888696,-0.766230881753586
u9015,0.5844104225014101,-1.6223579474136425,-0.8495502152622545
u3052,1.9647100408751972,-1.345908683794235,0.27056416130550426
u5960,0.8777839223126307,-1.2447427575839787,0.08298811721731043
u8297,-0.039158720755249926,1.2911074363966055,0.40971449366040263
u5613,1.480614280762596,0.9287881741645747,0.1909474713533032
u8898,-0.6371801680308475,-0.3307060815077677,1.5051888496008372
u7218,-0.20433328507556822,-0.5918594175295422,1.0988457832055438
u3188,0.08904021473565239,-0.21424422769987847,2.0313841156851087
u4321,0.07942239238691717,-1.3176790553882387,-0.37548330446774564
u4953,-0.7701880146961176,0.6229281687445365,-1.319914482500296
u8620,-0.039158720755249926,1.2911074363966055,0.40971449366040263
u5555,0.5427793676928238,1.4946204022117529,1.0713574485431054
u7284,0.5122692753421967,-1.5788323914100133,-0.7818263708630389
u1985,0.4706382205336104,1.538145958215382,1.139081292942321
u6996,0.6565515696606233,-1.6658835034172714,-0.91727405966147
u5943,-0.32772330939210287,1.465209660411122,0.6806098712572648
u1484,0.22851359787971134,-0.8530127535513168,0.6925027168102504
u3236,0.9708173394737356,0.6817496523457983,-0.5384193279286151
u1486,-0.3486155793939946,-0.5048083055222841,1.2342934720039749
u4206,0.028173515229595658,0.6958644665487965,-0.86144306081524
u9498,0.8313439563296767,1.3205181781972364,0.8004620709462431
u1526,0.6565515696606233,-1.6658835034172714,-0.91727405966147
u6340,-1.419458339129037,1.0146581727771982,-0.710399882907356
u9999,-1.1517860204940755,-1.1294620171707241,-0.4276116597575082
u8458,-0.3325322205664706,0.913492246566942,-0.5228238388191623
u5324,-0.9866114561737573,0.7535048367554237,-1.1167429493026493
u1848,-0.28128334340914907,-1.1000512753700933,-0.0368640824716678
u7198,1.0220662166310572,-1.3317938695912368,-0.05245957158112065
u6279,-1.435541697956561,-0.4036423793120277,1.0467174279157812
u1986,-0.49289787371242116,-0.4177571935150259,1.3697411608024062
u9879,0.08904021473565239,-0.21424422769987847,2.0313841156851087
u6718,1.8204277465567704,-1.2588575717869768,0.4060118501039354
u4961,-0.32772330939210287,1.465209660411122,0.6806098712572648
u4371,-0.4977067848867888,-0.9694746073592058,0.16630745072597886
u2199,-0.5489556620441103,1.044068914577829,-0.31965230562151553
u5213,0.9708173394737356,0.6817496523457983,-0.5384193279286151
u9878,-0.19305883742241164,0.27472372071550366,-1.8617052376940204
u7595,-1.5798239922749875,-0.31659126730476944,1.1821651167142122
u9296,0.03298242640396329,1.2475818803929766,0.3419906492611871
u3418,-0.2139511074243033,-1.6952942452179025,-1.3080216369473103
u2054,-1.0796448733348623,-1.1729875731743533,-0.4953355041567238
u4770,1.5479465167474418,0.3335452043167655,-1.0802100831223393
u3047,0.17245580954802214,0.6088133545415383,-0.9968907496136711
u9413,-0.5746568432203696,-1.4776664651997569,-0.9694024149512328
u9546,-0.3373411317408382,0.3617748327227619,-1.7262575488955891
u8839,-1.801056344926995,-0.7377320131380622,0.18190293983543185
u5714,0.18207363189675732,1.7122481822298983,1.4099766705391832
u2090,1.1150996337921621,0.5946985403385401,-0.6738670167270463
u2359,0.01689906757643924,-0.17071867169624946,2.099107960084324
u1827,-0.04877654310398522,0.18767260870824554,-1.9971529264924515
u8146,-0.14180996026509013,-1.7388198012215315,-1.3757454813465257
u6086,0.1772647207223898,1.1605307683857182,0.20654296046275605
u7481,-1.2751760448106104,0.9276070607699402,-0.8458475717057872
u2342,-0.4720056037105295,1.5522607724183801,0.816057560055696
u3044,-1.1517860204940755,-1.1294620171707241,-0.4276116597575082
u8084,-0.2555821622328897,1.4216841044074928,0.6128860268580494
u9550,0.4658293093592428,0.986428544371202,-0.06435241713410624
u7457,0.3888792510256619,0.4782366865306509,-1.2000622828113179
u4016,-0.7653791035217501,1.1746455825887163,-0.1164807724238689
u7688,0.7543938979960959,0.8123263203566856,-0.3352477947309684
u3560,1.4036642224290152,0.4205963163240236,-0.9447623943239084
u3167,-0.06966881310587675,-1.7823453572251606,-1.4434693257457414
u5755,-0.8632214318572226,-1.3035642411852406,-0.6985070373543705
u7206,-0.6932379563625368,1.1311200265850871,-0.18420461682308453
u3616,-0.14180996026509013,-1.7388198012215315,-1.3757454813465257
u4679,1.4758053695882285,0.37707076032039466,-1.0124862387231237
u1119,0.90348510348889,1.2769926221936074,0.7327382265470276
u2141,0.8777839223126307,-1.2447427575839787,0.08298811721731043
u2256,-0.5441467508697426,1.5957863284220093,0.8837814044549115
u5813,-0.2139511074243033,-1.6952942452179025,-1.3080216369473103
u3510,-1.3473171919698237,0.9711326167735691,-0.7781237273065716
u8925,1.0942073637902705,-1.375319425594866,-0.12018341598033629
u5204,-1.3682094619717153,-0.9988853491598367,-0.22444012655986154
u1311,0.32154701504081634,1.07347965637846,0.07109527166432487
u4510,0.7335016279942042,-1.1576916455767203,0.2184358060157415
u1948,0.24940586788160307,1.1170052123820893,0.13881911606354047
u2240,0.6822527508368826,0.8558518763603147,-0.26752395033175286
u8370,-0.4977067848867888,-0.9694746073592058,0.16630745072597886
u5767,-0.6980468675369044,0.5794026127409073,-1.3876383268995114
u4843,0.4658293093592428,0.986428544371202,-0.06435241713410624
u6642,-0.5441467508697426,1.5957863284220093,0.8837814044549115
u6701,-0.6162878980289559,1.6393118844256385,0.951505248854127
u2812,-1.5846329034493551,-0.8683086811489495,-0.02126859336221494
u7821,-0.19305883742241164,0.27472372071550366,-1.8617052376940204
u6166,-0.3325322205664706,0.913492246566942,-0.5228238388191623
u7129,0.8825928334869982,-0.6930253437397985,1.2864218272937376
u1843,-0.3534244905683623,-1.0565257193664641,0.030859761927547753
u1877,-0.49289787371242116,-0.4177571935150259,1.3697411608024062
u2631,-0.13700104909072258,-1.1871023873773514,-0.17231177127009892
u2087,0.09550575121444144,0.10062149670098726,-2.1326006152908827
u6502,1.2593819281105885,0.507647428331282,-0.8093147055254774
u9621,-0.7701880146961176,0.6229281687445365,-1.319914482500296
u9116,-1.0539436921586032,1.3487478066032328,0.15441460517299332
u3178,0.8313439563296767,1.3205181781972364,0.8004620709462431
u2152,0.5892193336757776,-1.0706405335694622,0.3538834948141727
u4508,-0.4207567265532079,-0.46128274951865494,1.3020173164031905
u1297,0.10993248473754415,1.7557737382335274,1.4777005149383988
u2561,1.1872407809513754,0.551172984334911,-0.7415908611262617
u2149,-0.28609225458351656,-1.6517686892142733,-1.2402977925480947
u8211,-0.9353625790164358,-1.2600386851816114,-0.630783192955155
u1990,0.8938672811401548,0.17355779450524733,-1.6741291936058265
u3614,-0.9866114561737573,0.7535048367554237,-1.1167429493026493
u3202,0.31673810386644863,0.5217622425342802,-1.1323384384121022
u6992,0.5379704565184561,0.9429029883675729,-0.13207626153332175
u9565,-0.3373411317408382,0.3617748327227619,-1.7262575488955891
u4187,-1.0796448733348623,-1.1729875731743533,-0.4953355041567238
u1124,-1.7289151977677817,-0.7812575691416913,0.11417909543621622
u4466,-1.8731974920862082,-0.6942064571344331,0.2496267842346475
u9930,-1.5846329034493551,-0.8683086811489495,-0.02126859336221494
u5120,1.4758053695882285,0.37707076032039466,-1.0124862387231237
u3582,-0.18344101507367647,1.3781585484038639,0.5451621824588337
u7639,-0.19952437390120056,-0.04014200368536215,2.302279493281971
u1189,0.39368816220002956,1.029954100374831,0.0033714272651093505
u2369,0.5892193336757776,-1.0706405335694622,0.3538834948141727
u5897,-1.2912594036381344,-0.4906934913192859,0.91126973911735
u1280,-0.1273832267419873,-0.08366755968899121,2.2345556488827554
u8479,-1.0026948150012815,-0.6647957153338022,0.6403743615204877
u9170,-0.9818025449993898,1.3052222505996036,0.08669076077377769
u9381,0.3888792510256619,0.4782366865306509,-1.2000622828113179
u3348,-0.2091421962499358,-1.1435768313737225,-0.10458792687088339
u5780,1.4036642224290152,0.4205963163240236,-0.9447623943239084
u2228,0.3984970733743971,1.581671514219011,1.2068051373415367
u9274,-1.3634005507973477,-0.44716793531565674,0.9789935835165656
u2100,-0.05524207958277403,-0.1271931156926203,2.16683180448354
u5203,0.8056427751534174,-1.2012172015803495,0.15071196161652597
u7007,1.1711574221238512,-0.8671275677543148,1.0155264496968754
u9510,0.8825928334869982,-0.6930253437397985,1.2864218272937376
u8471,0.0842313035612848,-0.7659616415440585,0.8279504056086815
u5499,-0.04877654310398522,0.18767260870824554,-1.9971529264924515
u5626,-0.8375202506809634,1.2181711385923455,-0.04875692802465336
u3814,-0.28128334340914907,-1.1000512753700933,-0.0368640824716678
u7462,-0.20433328507556822,-0.5918594175295422,1.0988457832055438
u4806,-0.1273832267419873,-0.08366755968899121,2.2345556488827554
u1067,1.331523075269802,0.4641218723276528,-0.8770385499246928
u9679,-0.9144703090145441,0.7099792807517946,-1.1844667937018647
u5497,1.2432985692830645,-0.9106531237579439,0.9478026052976597
u5161,-0.9353625790164358,-1.2600386851816114,-0.630783192955155
u3516,0.22851359787971134,-0.8530127535513168,0.6925027168102504
u7704,-0.2555821622328897,1.4216841044074928,0.6128860268580494
u8894,0.6613604808349909,-1.1141660895730914,0.28615965041495717
u9125,0.23978804553286798,0.013570384693729134,-2.2680483040893136
u7181,-1.2912594036381344,-0.4906934913192859,0.91126973911735
u4298,-1.3682094619717153,-0.9988853491598367,-0.22444012655986154
u8981,-1.0796448733348623,-1.1729875731743533,-0.4953355041567238
u2538,-2.1617620807230615,-0.5201042331199167,0.5205221618315096
u5047,0.3006547450389246,-0.8965383095549458,0.6247788724110349
u5608,-1.2751760448106104,0.9276070607699402,-0.8458475717057872
u9603,0.07942239238691717,-1.3176790553882387,-0.37548330446774564
u5043,-1.419458339129037,1.0146581727771982,-0.710399882907356
u6671,-1.0748359621604948,-0.621270159330173,0.7080982059197033
u2712,1.2641908392849563,1.0593648421754618,0.3941190045509498
u3722,-0.4768145148848971,1.0005433585741998,-0.38737615002073106
u9134,1.331523075269802,0.4641218723276528,-0.8770385499246928
u3479,1.1711574221238512,-0.8671275677543148,1.0155264496968754
u5338,-0.32772330939210287,1.465209660411122,0.6806098712572648
u1130,-0.7093213151900608,-0.28718052550413853,1.5729126940000528
u3330,1.387580863601491,-0.9977042357652021,0.8123549164992285
u8210,0.3888792510256619,0.4782366865306509,-1.2000622828113179
u4960,1.0220662166310572,-1.3317938695912368,-0.05245957158112065
u3240,-0.40467336772568385,0.9570178025705711,-0.45509999441994664
u1276,1.1150996337921621,0.5946985403385401,-0.6738670167270463
u9209,-0.39986445655131625,1.5087352164147512,0.7483337156564804
u9478,0.037791337578330884,1.7992992942371566,1.5454243593376142
u8018,0.7592028091704635,1.3640437342008656,0.8681859153454586
u6550,-0.6932379563625368,1.1311200265850871,-0.18420461682308453
u1147,0.8825928334869982,-0.6930253437397985,1.2864218272937376
u5916,0.7543938979960959,0.8123263203566856,-0.3352477947309684
u3455,-1.5124917562901419,-0.9118342371525786,-0.08899243776143047
u4323,-1.2751760448106104,0.9276070607699402,-0.8458475717057872
u6248,-1.0796448733348623,-1.1729875731743533,-0.4953355041567238
u8446,-2.089620933563848,-0.5636297891235458,0.452798317432294
u7015,0.028173515229595658,0.6958644665487965,-0.86144306081524
u9632,2.2741668995139417,0.45000705812465464,-0.554014817038068
u7470,0.9708173394737356,0.6817496523457983,-0.5384193279286151
u9861,0.023364604055228163,0.14414705270461642,-2.064876770891667
u7675,-1.1260848393178164,1.3922733626068617,0.22213844957220885
u2291,-0.9096613978401766,1.2616966945959744,0.018966916374562277
u6716,0.8777839223126307,-1.2447427575839787,0.08298811721731043
u1404,1.4084731336033827,0.9723137301682039,0.2586713157525187
u7273,-1.8731974920862082,-0.6942064571344331,0.2496267842346475
u2028,-0.5025156960611563,-1.521192021203386,-1.0371262593504482
u9094,0.36798698102377025,-1.4917812794027552,-0.6463786820646078
u8718,-1.146977109319708,-0.577744603326544,0.7758220503189189
u1460,-2.2339032278822746,-0.4765786771162876,0.588246006230725
u8868,-0.1112998679144632,1.3346329924002347,0.4774383380596183
u1158,-0.1882499262480441,0.8264411345596838,-0.6582715276175934
u1325,-0.2091421962499358,-1.1435768313737225,-0.10458792687088339
u4478,1.6970377222402357,0.7982115061536874,-0.012224061844343612
u9551,0.0842313035612848,-0.7659616415440585,0.8279504056086815
u2603,0.37279589219813786,-0.9400638655585749,0.5570550280118193
u8251,-0.6210968092033236,1.0875944705814582,-0.2519284612223
u5322,0.521887097690932,-0.4753975637216531,1.6250410492898155
u7071,0.5122692753421967,-1.5788323914100133,-0.7818263708630389
u7724,-1.9453386392454213,-0.650680901130804,0.31735062863386293
u4520,-1.1260848393178164,1.3922733626068617,0.22213844957220885
u9876,0.677443839662515,0.3041344625161346,-1.4709576604081798
u1725,0.6053026925033016,0.3476600185197637,-1.4032338160089644
u4416,-1.0587526033329706,0.7970303927590529,-1.0490191049034336
u8307,1.8204277465567704,-1.2588575717869768,0.4060118501039354
u2445,1.0268751278054247,-0.7800764557470566,1.1509741384953065
u4116,-0.4720056037105295,1.5522607724183801,0.816057560055696
u4493,0.7543938979960959,0.8123263203566856,-0.3352477947309684
u2319,-0.7814624623492741,-0.2436549695005094,1.6406365383992683
u8412,-0.4977067848867888,-0.9694746073592058,0.16630745072597886
u9747,0.8217261339809415,0.2170833505088765,-1.6064053492066108
u7034,-0.13219213791635495,-0.6353849735331712,1.0311219388063284
u2739,-1.007503726175649,-1.2165131291779823,-0.5630593485559393
u8339,0.4401281281829835,-1.5353068354063844,-0.7141025264638234
u9448,-0.14180996026509013,-1.7388198012215315,-1.3757454813465257
u8822,-0.40948227890005134,0.40530038872639096,-1.6585337044963737
u7652,-0.42556563772757555,-1.0130001633628352,0.09858360632676327
u4044,0.5170781865165643,-1.027114977565833,0.4216073392133883
u9219,1.9134611637178753,0.6676348381428002,-0.21539559504199018
u1996,1.5527554279218092,0.8852626181609456,0.12322362695408755
u6250,1.676145452238344,-1.1718064597797186,0.5414595389023664
u9868,-0.7701880146961176,0.6229281687445365,-1.319914482500296
u1294,0.5379704565184561,0.9429029883675729,-0.13207626153332175
u2307,-0.8375202506809634,1.2181711385923455,-0.04875692802465336
u5770,-0.9866114561737573,0.7535048367554237,-1.1167429493026493
u2558,-0.8584125206828551,-0.7518468273410603,0.5049266727220566
u2147,-0.1882499262480441,0.8264411345596838,-0.6582715276175934
u3621,-0.7189391375387961,-1.3906153531924987,-0.8339547261528016
u3689,-0.19305883742241164,0.27472372071550366,-1.8617052376940204
u5576,-0.39986445655131625,1.5087352164147512,0.7483337156564804
u5018,-0.6259057203776911,0.5358770567372783,-1.455362171298727
u2789,0.24459695670723547,0.5652877985379092,-1.0646145940128866
u5829,-0.1112998679144632,1.3346329924002347,0.4774383380596183
u3636,-1.2912594036381344,-0.4906934913192859,0.91126973911735
u7933,-0.7814624623492741,-0.2436549695005094,1.6406365383992683
u2074,-1.1260848393178164,1.3922733626068617,0.22213844957220885
u8557,0.22851359787971134,-0.8530127535513168,0.6925027168102504
u7641,-1.8731974920862082,-0.6942064571344331,0.2496267842346475
u4705,0.37760480337250546,-0.38834645171439497,1.7604887380882466
u8940,0.007281245227703905,-1.2741534993846098,-0.30775946006853
u1876,-0.6932379563625368,1.1311200265850871,-0.18420461682308453
u8606,-0.5650390208716344,-0.3742316375113967,1.4374650052016218
u4010,-0.2651999845816249,0.3182492767191327,-1.7939813932948048
u1195,-0.40948227890005134,0.40530038872639096,-1.6585337044963737
u8880,-0.8536036095084873,-0.20012941349688035,1.708360382798484
u5478,-1.7801640749251033,1.2322859527953436,-0.3717806609112782
u4448,-1.5124917562901419,-0.9118342371525786,-0.08899243776143047
u4682,0.39368816220002956,1.029954100374831,0.0033714272651093505
u4693,-0.6419890792052153,-0.8824234953519476,0.30175513952440997
u8713,0.24940586788160307,1.1170052123820893,0.13881911606354047
u8485,1.192049692125743,1.102890398179091,0.46184284895016536
u5444,0.8265350451553091,0.7688007643530564,-0.4029716391301839
u1895,1.0220662166310572,-1.3317938695912368,-0.05245957158112065
u4145,-1.5124917562901419,-0.9118342371525786,-0.08899243776143047
u5785,-1.2191182564789214,-0.5342190473229148,0.8435458947181346
u7949,1.2432985692830645,-0.9106531237579439,0.9478026052976597
u9468,-0.2139511074243033,-1.6952942452179025,-1.3080216369473103
u1444,-0.28609225458351656,-1.6517686892142733,-1.2402977925480947
u7870,-1.8523052220843164,1.2758115087989728,-0.3040568165120627
u7321,-1.5798239922749875,-0.31659126730476944,1.1821651167142122
u1415,0.6613604808349909,-1.1141660895730914,0.28615965041495717
u2248,1.3106308052679103,-1.505896093605753,-0.32335494917798285
u8512,-0.05524207958277403,-0.1271931156926203,2.16683180448354
u4849,-0.6932379563625368,1.1311200265850871,-0.18420461682308453
u4147,-0.20433328507556822,-0.5918594175295422,1.0988457832055438
u3276,1.387580863601491,-0.9977042357652021,0.8123549164992285
u4475,-1.2191182564789214,-0.5342190473229148,0.8435458947181346
u6663,1.1199085449665298,1.1464159541827201,0.5295666933493809
u6673,-1.2751760448106104,0.9276070607699402,-0.8458475717057872
u6776,-0.4720056037105295,1.5522607724183801,0.816057560055696
u7330,1.387580863601491,-0.9977042357652021,0.8123549164992285
u5026,0.677443839662515,0.3041344625161346,-1.4709576604081798
u8027,-0.6210968092033236,1.0875944705814582,-0.2519284612223
u8480,-0.4768145148848971,1.0005433585741998,-0.38737615002073106
u4562,0.8938672811401548,0.17355779450524733,-1.6741291936058265
u9732,-0.9257447566677006,-0.15660385749325118,1.7760842271976993
u7003,-0.04877654310398522,0.18767260870824554,-1.9971529264924515
u8032,1.1150996337921621,0.5946985403385401,-0.6738670167270463
u6515,-0.27647443223478135,-0.5483338615259131,1.1665696276047595
u7065,0.4401281281829835,-1.5353068354063844,-0.7141025264638234
u8705,1.769178869399449,0.7546859501500583,-0.07994790624355914
u8469,0.0024723340533365193,-1.8258709132287896,-1.511193170144957
u9666,-0.6210968092033236,1.0875944705814582,-0.2519284612223
u6364,0.7335016279942042,-1.1576916455767203,0.2184358060157415
u1681,-0.4303745489019431,-1.5647175772070152,-1.1048501037496636
u5942,-0.7093213151900608,-0.28718052550413853,1.5729126940000528
u3870,0.3054636562132922,-0.3448208957107659,1.828212582487462
u7719,1.6040043050791306,-1.1282809037760895,0.609183383301582
u9801,0.614920514852037,1.4510948462081237,1.0036336041438898
u4669,0.521887097690932,-0.4753975637216531,1.6250410492898155
u5672,-0.4303745489019431,-1.5647175772070152,-1.1048501037496636
u7711,0.4497459505317186,-0.43187200771802403,1.692764893689031
u5124,-0.7910802846980094,-1.3470897971888696,-0.766230881753586
u6522,-1.2191182564789214,-0.5342190473229148,0.8435458947181346
u2485,0.6565515696606233,-1.6658835034172714,-0.91727405966147
u5361,0.2958458338645569,-1.448255723399126,-0.5786548376653923
u9252,1.1663485109494836,-1.418844981598495,-0.1879072603795517
u3301,-1.4915994862882502,1.0581837287808273,-0.6426760385081405
u3941,-0.6932379563625368,1.1311200265850871,-0.18420461682308453
u1411,-0.5489556620441103,1.044068914577829,-0.31965230562151553
u3007,0.31673810386644863,0.5217622425342802,-1.1323384384121022
u9037,-0.42556563772757555,-1.0130001633628352,0.09858360632676327
u4161,0.31192919269208125,-0.029955171309899928,-2.3357721484885294
u8510,-1.2030348976513972,0.884081504766311,-0.9135714161050027
u6796,0.8056427751534174,-1.2012172015803495,0.15071196161652597
u4295,0.24459695670723547,0.5652877985379092,-1.0646145940128866
u1060,0.9547339806462115,-0.7365508997434276,1.2186979828945221
u1478,-0.12091769026319837,0.2311981647118746,-1.9294290820932358
u1910,0.31192919269208125,-0.029955171309899928,-2.3357721484885294
u5904,-0.039158720755249926,1.2911074363966055,0.40971449366040263
u1369,-0.11610877908883083,0.7829155785560548,-0.725995372016809
u6982,1.480614280762596,0.9287881741645747,0.1909474713533032
u3785,0.8056427751534174,-1.2012172015803495,0.15071196161652597
u3012,0.677443839662515,0.3041344625161346,-1.4709576604081798
u3530,1.1199085449665298,1.1464159541827201,0.5295666933493809
u2214,0.6661693920093585,-0.5624486757289112,1.4895933604913842
u3905,-1.9244463692435296,1.319337064802602,-0.23633297211284718
u8423,0.10993248473754415,1.7557737382335274,1.4777005149383988
u8291,0.7592028091704635,1.3640437342008656,0.8681859153454586
u6889,-1.801056344926995,-0.7377320131380622,0.18190293983543185
u9272,0.6870616620112502,1.4075692902044947,0.9359097597446742
u6395,-0.7862713735236418,-0.7953723833446894,0.43720282832284113
u1821,-0.8584125206828551,-0.7518468273410603,0.5049266727220566
u3111,-2.1617620807230615,-0.5201042331199167,0.5205221618315096
u1702,-0.5025156960611563,-1.521192021203386,-1.0371262593504482
u1185,-0.9866114561737573,0.7535048367554237,-1.1167429493026493
u8689,-0.3486155793939946,-0.5048083055222841,1.2342934720039749
u6168,1.2593819281105885,0.507647428331282,-0.8093147055254774
u8121,1.8204277465567704,-1.2588575717869768,0.4060118501039354
u6005,1.0942073637902705,-1.375319425594866,-0.12018341598033629
u1240,0.1772647207223898,1.1605307683857182,0.20654296046275605
u5295,-0.9305536678420683,-0.7083212713374313,0.5726505171212721
u9824,0.3888792510256619,0.4782366865306509,-1.2000622828113179
u4467,-0.19952437390120056,-0.04014200368536215,2.302279493281971
u9827,-1.1308937504921839,0.8405559487626818,-0.9812952605042182
u6111,0.5331615453440884,0.39118557452339275,-1.3355099716097487
u9568,0.6565515696606233,-1.6658835034172714,-0.91727405966147
u2343,-1.1260848393178164,1.3922733626068617,0.22213844957220885
u2956,-0.06005099075714168,-0.6789105295368003,0.9633980944071127
u8196,-0.28128334340914907,-1.1000512753700933,-0.0368640824716678
u8158,0.3888792510256619,0.4782366865306509,-1.2000622828113179
u3688,-1.0587526033329706,0.7970303927590529,-1.0490191049034336
u1402,0.7335016279942042,-1.1576916455767203,0.2184358060157415
u9859,-0.7189391375387961,-1.3906153531924987,-0.8339547261528016
u3331,-0.8423291618553308,0.6664537247481656,-1.2521906381010803
u2294,0.9708173394737356,0.6817496523457983,-0.5384193279286151
u8162,-0.6162878980289559,1.6393118844256385,0.951505248854127
u4827,-0.4207567265532079,-0.46128274951865494,1.3020173164031905
u7700,-1.3682094619717153,-0.9988853491598367,-0.22444012655986154
u5407,0.4706382205336104,1.538145958215382,1.139081292942321
u5876,-0.7910802846980094,-1.3470897971888696,-0.766230881753586
u5160,0.8265350451553091,0.7688007643530564,-0.4029716391301839
u5311,-1.8523052220843164,1.2758115087989728,-0.3040568165120627
u6351,0.5940282448501453,-0.518923119725282,1.5573172048905999
u1999,0.521887097690932,-0.4753975637216531,1.6250410492898155
u7320,0.8825928334869982,-0.6930253437397985,1.2864218272937376
u8259,0.5844104225014101,-1.6223579474136425,-0.8495502152622545
u2796,-1.3473171919698237,0.9711326167735691,-0.7781237273065716
u6818,-0.27647443223478135,-0.5483338615259131,1.1665696276047595
u8821,-2.089620933563848,-0.5636297891235458,0.452798317432294
u8837,1.9856023108770888,0.624109282139171,-0.2831194394412056
u4945,1.6040043050791306,-1.1282809037760895,0.609183383301582
u2527,1.1711574221238512,-0.8671275677543148,1.0155264496968754
u5931,-1.5124917562901419,-0.9118342371525786,-0.08899243776143047
u6961,0.7335016279942042,-1.1576916455767203,0.2184358060157415
u4376,-0.4768145148848971,1.0005433585741998,-0.38737615002073106
u1798,0.4706382205336104,1.538145958215382,1.139081292942321
u3635,0.9708173394737356,0.6817496523457983,-0.5384193279286151
u3769,0.6870616620112502,1.4075692902044947,0.9359097597446742
u8740,1.9647100408751972,-1.345908683794235,0.27056416130550426
u1822,-1.2751760448106104,0.9276070607699402,-0.8458475717057872
u6698,0.4401281281829835,-1.5353068354063844,-0.7141025264638234
u5490,1.9647100408751972,-1.345908683794235,0.27056416130550426
u1155,0.36798698102377025,-1.4917812794027552,-0.6463786820646078
u1802,1.8413200165586623,0.7111603941464293,-0.14767175064277455
u5066,-0.2139511074243033,-1.6952942452179025,-1.3080216369473103
u5046,1.9134611637178753,0.6676348381428002,-0.21539559504199018
u1125,0.4449370393573511,-0.9835894215622041,0.4893311836126038
u5992,-0.6210968092033236,1.0875944705814582,-0.2519284612223
u6951,-0.39986445655131625,1.5087352164147512,0.7483337156564804
u7220,-1.2751760448106104,0.9276070607699402,-0.8458475717057872
u4055,0.8986761923145224,0.7252752083494274,-0.47069548352939955
u4378,-0.27647443223478135,-0.5483338615259131,1.1665696276047595
u1796,-0.39986445655131625,1.5087352164147512,0.7483337156564804
u9314,-0.8375202506809634,1.2181711385923455,-0.04875692802465336
u8355,0.23978804553286798,0.013570384693729134,-2.2680483040893136
u9439,0.9547339806462115,-0.7365508997434276,1.2186979828945221
u6929,0.007281245227703905,-1.2741534993846098,-0.30775946006853
u1213,-1.1260848393178164,1.3922733626068617,0.22213844957220885
u1738,-0.2651999845816249,0.3182492767191327,-1.7939813932948048
u8265,-0.569847932046002,-0.9259490513555767,0.23403129512519438
u4564,0.01689906757643924,-0.17071867169624946,2.099107960084324
u8844,0.8217261339809415,0.2170833505088765,-1.6064053492066108
u4860,-0.3486155793939946,-0.5048083055222841,1.2342934720039749
u8475,-0.2091421962499358,-1.1435768313737225,-0.10458792687088339
u5093,-1.1308937504921839,0.8405559487626818,-0.9812952605042182
u9757,-0.48162342605926467,0.44882594473002,-1.590809860097158
u3312,-0.4977067848867888,-0.9694746073592058,0.16630745072597886
u1477,-0.5489556620441103,1.044068914577829,-0.31965230562151553
u8225,0.5379704565184561,0.9429029883675729,-0.13207626153332175
u1104,-1.435541697956561,-0.4036423793120277,1.0467174279157812
u6854,0.7383105391685717,-0.6059742317325403,1.4218695160921688
u6868,-0.7093213151900608,-0.28718052550413853,1.5729126940000528
u6737,2.2741668995139417,0.45000705812465464,-0.554014817038068
u5089,-0.039158720755249926,1.2911074363966055,0.40971449366040263
u1777,0.23332250905407895,-0.30129533970713673,1.8959364268866776
u4492,0.9547339806462115,-0.7365508997434276,1.2186979828945221
u1366,2.2741668995139417,0.45000705812465464,-0.554014817038068
u6862,1.5527554279218092,0.8852626181609456,0.12322362695408755
u9578,-1.3634005507973477,-0.44716793531565674,0.9789935835165656
u4086,0.6565515696606233,-1.6658835034172714,-0.91727405966147
u1492,-0.04877654310398522,0.18767260870824554,-1.9971529264924515
u4262,-0.9818025449993898,1.3052222505996036,0.08669076077377769
u6368,-0.4303745489019431,-1.5647175772070152,-1.1048501037496636
u5611,0.614920514852037,1.4510948462081237,1.0036336041438898
u9353,0.15637245072049807,-0.8094871975476876,0.760226561209466
u9846,-0.39986445655131625,1.5087352164147512,0.7483337156564804
u9171,-0.1882499262480441,0.8264411345596838,-0.6582715276175934
u4029,1.7482865993975574,-1.2153320157833478,0.47373569450315084
u6119,-1.6358817806066765,1.1452348407880855,-0.5072283497097094
u4277,-1.801056344926995,-0.7377320131380622,0.18190293983543185
u3544,-1.5124917562901419,-0.9118342371525786,-0.08899243776143047
u8588,-0.18344101507367647,1.3781585484038639,0.5451621824588337
u2552,-1.8731974920862082,-0.6942064571344331,0.2496267842346475
u4615,1.4036642224290152,0.4205963163240236,-0.9447623943239084
u3434,1.0268751278054247,-0.7800764557470566,1.1509741384953065
u3867,0.22851359787971134,-0.8530127535513168,0.6925027168102504
u7692,1.676145452238344,-1.1718064597797186,0.5414595389023664
u6882,0.46102039818487517,0.4347111305270218,-1.2677861272105333
u7038,0.5844104225014101,-1.6223579474136425,-0.8495502152622545
u5648,-0.2555821622328897,1.4216841044074928,0.6128860268580494
u5011,-0.28128334340914907,-1.1000512753700933,-0.0368640824716678
u7776,-0.42556563772757555,-1.0130001633628352,0.09858360632676327
u5595,0.521887097690932,-0.4753975637216531,1.6250410492898155
u7484,0.8313439563296767,1.3205181781972364,0.8004620709462431
u4789,-0.06005099075714168,-0.6789105295368003,0.9633980944071127
u6914,-0.2555821622328897,1.4216841044074928,0.6128860268580494
u1813,-0.9353625790164358,-1.2600386851816114,-0.630783192955155
u4891,-2.2339032278822746,-0.4765786771162876,0.588246006230725
u6876,-0.40467336772568385,0.9570178025705711,-0.45509999441994664
u1284,-0.9818025449993898,1.3052222505996036,0.08669076077377769
u7676,0.037791337578330884,1.7992992942371566,1.5454243593376142
u8850,-0.7814624623492741,-0.2436549695005094,1.6406365383992683
u4901,-2.089620933563848,-0.5636297891235458,0.452798317432294
u8840,-1.2239271676532888,-1.085936461167095,-0.3598878153582927
u6561,0.39368816220002956,1.029954100374831,0.0033714272651093505
u2128,1.238489658108697,-1.462370537602124,-0.2556311047787673
u3524,0.8986761923145224,0.7252752083494274,-0.47069548352939955
u6016,-2.017479786404635,-0.6071553451271748,0.38507447303307857
u9555,0.5427793676928238,1.4946204022117529,1.0713574485431054
u3145,-0.4720056037105295,1.5522607724183801,0.816057560055696
u1657,-1.0748359621604948,-0.621270159330173,0.7080982059197033
u1133,0.09550575121444144,0.10062149670098726,-2.1326006152908827
u5301,0.521887097690932,-0.4753975637216531,1.6250410492898155
u8094,0.9708173394737356,0.6817496523457983,-0.5384193279286151
u2816,-0.04396763192961756,0.7393900225524256,-0.7937192164160245
u1893,-0.28609225458351656,-1.6517686892142733,-1.2402977925480947
u4927,-0.06005099075714168,-0.6789105295368003,0.9633980944071127
u3880,0.8217261339809415,0.2170833505088765,-1.6064053492066108
u5735,-0.4207567265532079,-0.46128274951865494,1.3020173164031905
u9019,-0.11610877908883083,0.7829155785560548,-0.725995372016809
u1475,0.3054636562132922,-0.3448208957107659,1.828212582487462
u3911,-1.4915994862882502,1.0581837287808273,-0.6426760385081405
u1277,1.2432985692830645,-0.9106531237579439,0.9478026052976597
u3511,-0.2651999845816249,0.3182492767191327,-1.7939813932948048
u8059,-0.14180996026509013,-1.7388198012215315,-1.3757454813465257
u9939,1.1150996337921621,0.5946985403385401,-0.6738670167270463
u4921,1.0477673978073165,1.189941510186349,0.5972905377485964
u7932,-0.2139511074243033,-1.6952942452179025,-1.3080216369473103
u2114,0.07942239238691717,-1.3176790553882387,-0.37548330446774564
u1245,0.8986761923145224,0.7252752083494274,-0.47069548352939955
u3306,-0.4977067848867888,-0.9694746073592058,0.16630745072597886
u6643,-0.2091421962499358,-1.1435768313737225,-0.10458792687088339
u3495,0.15156353954613044,-1.3612046113918679,-0.44320714886696116
u5024,-0.4207567265532079,-0.46128274951865494,1.3020173164031905
u7839,1.6970377222402357,0.7982115061536874,-0.012224061844343612
u7500,-0.1882499262480441,0.8264411345596838,-0.6582715276175934
u8005,0.028173515229595658,0.6958644665487965,-0.86144306081524
u8788,-1.1517860204940755,-1.1294620171707241,-0.4276116597575082
u3427,0.8777839223126307,-1.2447427575839787,0.08298811721731043
u4254,1.769178869399449,0.7546859501500583,-0.07994790624355914
u4968,-0.06966881310587675,-1.7823453572251606,-1.4434693257457414
u1032,0.9756262506481033,1.2334670661899783,0.6650143821478119
u8828,0.31673810386644863,0.5217622425342802,-1.1323384384121022
u1357,-0.1882499262480441,0.8264411345596838,-0.6582715276175934
u7361,-0.6162878980289559,1.6393118844256385,0.951505248854127
u1969,-0.3534244905683623,-1.0565257193664641,0.030859761927547753
u2878,1.2593819281105885,0.507647428331282,-0.8093147055254774
u6781,-0.3534244905683623,-1.0565257193664641,0.030859761927547753
u9185,-1.2703671336362428,1.47932447461412,0.35758613837063996
u3267,-1.0796448733348623,-1.1729875731743533,-0.4953355041567238
u2868,-0.2091421962499358,-1.1435768313737225,-0.10458792687088339
u9068,0.4706382205336104,1.538145958215382,1.139081292942321
u1494,0.08904021473565239,-0.21424422769987847,2.0313841156851087
u2235,-1.3682094619717153,-0.9988853491598367,-0.22444012655986154
u4861,-0.28609225458351656,-1.6517686892142733,-1.2402977925480947
u6676,-1.146977109319708,-0.577744603326544,0.7758220503189189
u8396,0.023364604055228163,0.14414705270461642,-2.064876770891667
u3563,1.620087663906655,0.2900196483131364,-1.147933927521555
u1027,-0.2651999845816249,0.3182492767191327,-1.7939813932948048
u5468,0.5427793676928238,1.4946204022117529,1.0713574485431054
u6010,0.1772647207223898,1.1605307683857182,0.20654296046275605
u1193,1.9647100408751972,-1.345908683794235,0.27056416130550426
u3377,0.023364604055228163,0.14414705270461642,-2.064876770891667
u9175,-0.28609225458351656,-1.6517686892142733,-1.2402977925480947
u4942,-0.8423291618553308,0.6664537247481656,-1.2521906381010803
u1359,-1.435541697956561,-0.4036423793120277,1.0467174279157812
u9221,0.4706382205336104,1.538145958215382,1.139081292942321
u7298,0.6565515696606233,-1.6658835034172714,-0.91727405966147
u7381,-0.9096613978401766,1.2616966945959744,0.018966916374562277
u9417,0.7495849868217282,0.2606089065125054,-1.5386815048073954
u6922,0.90348510348889,1.2769926221936074,0.7327382265470276
u9309,0.32154701504081634,1.07347965637846,0.07109527166432487
u9196,-1.0587526033329706,0.7970303927590529,-1.0490191049034336
u9806,0.2958458338645569,-1.448255723399126,-0.5786548376653923
u4974,0.5427793676928238,1.4946204022117529,1.0713574485431054
u8263,1.3363319864441694,1.0158392861718328,0.32639516015173425
u2251,-1.296068314812502,-1.042410905163466,-0.29216397095907715
u1127,0.6053026925033016,0.3476600185197637,-1.4032338160089644
u1573,0.8056427751534174,-1.2012172015803495,0.15071196161652597
u6757,-1.9453386392454213,-0.650680901130804,0.31735062863386293
u7463,0.3006547450389246,-0.8965383095549458,0.6247788724110349
u7653,-1.0539436921586032,1.3487478066032328,0.15441460517299332
u8038,-0.6467979903795829,-1.434140909196128,-0.9016785705520172
u4213,-1.2703671336362428,1.47932447461412,0.35758613837063996
u2062,-1.5798239922749875,-0.31659126730476944,1.1821651167142122
u6188,1.676145452238344,-1.1718064597797186,0.5414595389023664
u2303,-0.039158720755249926,1.2911074363966055,0.40971449366040263
u7863,0.37279589219813786,-0.9400638655585749,0.5570550280118193
u3207,-1.9244463692435296,1.319337064802602,-0.23633297211284718
u9369,-0.26039107340725737,0.8699666905633129,-0.5905476832183778
u5685,-1.3682094619717153,-0.9988853491598367,-0.22444012655986154
u5033,-0.6467979903795829,-1.434140909196128,-0.9016785705520172
u4490,0.4401281281829835,-1.5353068354063844,-0.7141025264638234
u8819,-0.18344101507367647,1.3781585484038639,0.5451621824588337
u2570,-0.9866114561737573,0.7535048367554237,-1.1167429493026493
u8143,0.1676468983736547,0.05709594069735831,-2.200324459690098
u8300,-1.8523052220843164,1.2758115087989728,-0.3040568165120627
u9940,-0.7141302263644286,-0.8388979393483185,0.3694789839236256
u1479,-1.7289151977677817,-0.7812575691416913,0.11417909543621622
u4984,1.331523075269802,0.4641218723276528,-0.8770385499246928
u6578,1.892568893715984,-1.302383127790606,0.3382880057047198
u5172,0.1772647207223898,1.1605307683857182,0.20654296046275605
u8466,-0.40467336772568385,0.9570178025705711,-0.45509999441994664
u5695,-0.1273832267419873,-0.08366755968899121,2.2345556488827554
u9157,0.8938672811401548,0.17355779450524733,-1.6741291936058265
u8408,0.7495849868217282,0.2606089065125054,-1.5386815048073954
u8111,1.3363319864441694,1.0158392861718328,0.32639516015173425
u4480,0.9660084282993681,0.13003223850161827,-1.741853038005042
u9443,1.1663485109494836,-1.418844981598495,-0.1879072603795517
u7135,0.8313439563296767,1.3205181781972364,0.8004620709462431
u8905,0.17245580954802214,0.6088133545415383,-0.9968907496136711
u7525,0.1676468983736547,0.05709594069735831,-2.200324459690098
u7466,-0.5441467508697426,1.5957863284220093,0.8837814044549115
u5362,1.4084731336033827,0.9723137301682039,0.2586713157525187
u2156,0.9547339806462115,-0.7365508997434276,1.2186979828945221
u8076,-0.1882499262480441,0.8264411345596838,-0.6582715276175934
u2953,1.9647100408751972,-1.345908683794235,0.27056416130550426
u9785,1.676145452238344,-1.1718064597797186,0.5414595389023664
u5680,-0.6932379563625368,1.1311200265850871,-0.18420461682308453
u2397,-0.7189391375387961,-1.3906153531924987,-0.8339547261528016
u7874,0.22851359787971134,-0.8530127535513168,0.6925027168102504
u1762,0.8056427751534174,-1.2012172015803495,0.15071196161652597
u3837,1.387580863601491,-0.9977042357652021,0.8123549164992285
u6155,1.2641908392849563,1.0593648421754618,0.3941190045509498
u8878,1.3363319864441694,1.0158392861718328,0.32639516015173425
u4645,-1.4915994862882502,1.0581837287808273,-0.6426760385081405
u9829,-2.017479786404635,-0.6071553451271748,0.38507447303307857
u9449,-0.7653791035217501,1.1746455825887163,-0.1164807724238689
u6988,-1.9244463692435296,1.319337064802602,-0.23633297211284718
u2041,-1.5846329034493551,-0.8683086811489495,-0.02126859336221494
u1215,-1.70802292776589,1.1887603967917146,-0.43950450531049373
u6989,0.5379704565184561,0.9429029883675729,-0.13207626153332175
u4380,0.4706382205336104,1.538145958215382,1.139081292942321
u8851,1.1150996337921621,0.5946985403385401,-0.6738670167270463
u8056,-2.2339032278822746,-0.4765786771162876,0.588246006230725
u9075,1.1199085449665298,1.1464159541827201,0.5295666933493809
u3129,-0.5746568432203696,-1.4776664651997569,-0.9694024149512328
u4261,2.202025752354728,0.4935326141282837,-0.4862909726388523
u7945,-0.27647443223478135,-0.5483338615259131,1.1665696276047595
u4461,-1.2030348976513972,0.884081504766311,-0.9135714161050027
u6297,-1.5637406334474635,1.1017092847844563,-0.5749521941089248
u3005,0.8986761923145224,0.7252752083494274,-0.47069548352939955
u1463,-0.5746568432203696,-1.4776664651997569,-0.9694024149512328
u4113,2.202025752354728,0.4935326141282837,-0.4862909726388523
u3677,-2.2339032278822746,-0.4765786771162876,0.588246006230725
u6174,-0.039158720755249926,1.2911074363966055,0.40971449366040263
u2650,-0.8584125206828551,-0.7518468273410603,0.5049266727220566
u4128,-1.8731974920862082,-0.6942064571344331,0.2496267842346475
u3138,-0.6259057203776911,0.5358770567372783,-1.455362171298727
u6919,0.31192919269208125,-0.029955171309899928,-2.3357721484885294
u8079,-0.7141302263644286,-0.8388979393483185,0.3694789839236256
u6402,1.192049692125743,1.102890398179091,0.46184284895016536
u9112,0.012090156402071593,-0.7224360855404295,0.895674250007897
u5947,1.9647100408751972,-1.345908683794235,0.27056416130550426
u3233,1.892568893715984,-1.302383127790606,0.3382880057047198
u3957,0.7543938979960959,0.8123263203566856,-0.3352477947309684
u3307,0.8265350451553091,0.7688007643530564,-0.4029716391301839
u7388,-0.05524207958277403,-0.1271931156926203,2.16683180448354
u1168,0.9499250694718439,-1.2882683135876076,0.015264272818094882
u4439,-1.801056344926995,-0.7377320131380622,0.18190293983543185
u2662,0.7383105391685717,-0.6059742317325403,1.4218695160921688
u5272,1.5527554279218092,0.8852626181609456,0.12322362695408755
u7443,0.4401281281829835,-1.5353068354063844,-0.7141025264638234
u2229,-0.9305536678420683,-0.7083212713374313,0.5726505171212721
u1882,0.32635592621518394,1.6251970702226401,1.2745289817407521
u1642,-0.06005099075714168,-0.6789105295368003,0.9633980944071127
u3658,0.0842313035612848,-0.7659616415440585,0.8279504056086815
u4085,-1.7801640749251033,1.2322859527953436,-0.3717806609112782
u6070,1.4597220107607043,-1.0412297917688313,0.744631072100013
u4712,1.3363319864441694,1.0158392861718328,0.32639516015173425
u8893,-0.7814624623492741,-0.2436549695005094,1.6406365383992683
u5763,1.3363319864441694,1.0158392861718328,0.32639516015173425
u6176,0.1772647207223898,1.1605307683857182,0.20654296046275605
u2585,0.9756262506481033,1.2334670661899783,0.6650143821478119
u7941,-0.1112998679144632,1.3346329924002347,0.4774383380596183
u9047,1.3106308052679103,-1.505896093605753,-0.32335494917798285
u7637,-0.04396763192961756,0.7393900225524256,-0.7937192164160245
u9729,-0.7093213151900608,-0.28718052550413853,1.5729126940000528
u8478,1.4036642224290152,0.4205963163240236,-0.9447623943239084
u9967,0.23978804553286798,0.013570384693729134,-2.2680483040893136
u8138,1.620087663906655,0.2900196483131364,-1.147933927521555
u5508,0.7335016279942042,-1.1576916455767203,0.2184358060157415
u8601,-1.2030348976513972,0.884081504766311,-0.9135714161050027
u3978,2.202025752354728,0.4935326141282837,-0.4862909726388523
u3366,0.1676468983736547,0.05709594069735831,-2.200324459690098
u1625,0.5379704565184561,0.9429029883675729,-0.13207626153332175
u2068,1.0268751278054247,-0.7800764557470566,1.1509741384953065
u4401,0.25421477905597056,1.6687226262262693,1.3422528261399678
u8101,-1.8731974920862082,-0.6942064571344331,0.2496267842346475
u2126,-2.1617620807230615,-0.5201042331199167,0.5205221618315096
u9090,-0.49289787371242116,-0.4177571935150259,1.3697411608024062
u8103,0.677443839662515,0.3041344625161346,-1.4709576604081798
u7267,1.0268751278054247,-0.7800764557470566,1.1509741384953065
u7752,-1.296068314812502,-1.042410905163466,-0.29216397095907715
u3613,0.4658293093592428,0.986428544371202,-0.06435241713410624
u9201,-1.7289151977677817,-0.7812575691416913,0.11417909543621622
u5433,-0.04396763192961756,0.7393900225524256,-0.7937192164160245
u3449,-1.0026948150012815,-0.6647957153338022,0.6403743615204877
u2398,-0.7093213151900608,-0.28718052550413853,1.5729126940000528
u7326,-0.3325322205664706,0.913492246566942,-0.5228238388191623
u1425,1.387580863601491,-0.9977042357652021,0.8123549164992285
u4248,0.4449370393573511,-0.9835894215622041,0.4893311836126038
u2378,0.5892193336757776,-1.0706405335694622,0.3538834948141727
u6034,1.6970377222402357,0.7982115061536874,-0.012224061844343612
u1267,-0.48162342605926467,0.44882594473002,-1.590809860097158
u1163,0.8986761923145224,0.7252752083494274,-0.47069548352939955
u3849,-1.007503726175649,-1.2165131291779823,-0.5630593485559393
u1919,1.4084731336033827,0.9723137301682039,0.2586713157525187
u8604,0.32635592621518394,1.6251970702226401,1.2745289817407521
u7196,-2.2339032278822746,-0.4765786771162876,0.588246006230725
u2365,-0.6467979903795829,-1.434140909196128,-0.9016785705520172
u9486,-1.5637406334474635,1.1017092847844563,-0.5749521941089248
u8836,0.7543938979960959,0.8123263203566856,-0.3352477947309684
u6723,-1.3634005507973477,-0.44716793531565674,0.9789935835165656
u3192,0.6822527508368826,0.8558518763603147,-0.26752395033175286
u2519,0.677443839662515,0.3041344625161346,-1.4709576604081798
u5417,0.22851359787971134,-0.8530127535513168,0.6925027168102504
u4845,-1.8731974920862082,-0.6942064571344331,0.2496267842346475
u9994,-1.9453386392454213,-0.650680901130804,0.31735062863386293
u3350,-0.5650390208716344,-0.3742316375113967,1.4374650052016218
u8025,1.892568893715984,-1.302383127790606,0.3382880057047198
u4269,0.5331615453440884,0.39118557452339275,-1.3355099716097487
u2799,-0.6162878980289559,1.6393118844256385,0.951505248854127
u1923,1.620087663906655,0.2900196483131364,-1.147933927521555
u2473,-0.3534244905683623,-1.0565257193664641,0.030859761927547753
u3247,-0.06966881310587675,-1.7823453572251606,-1.4434693257457414
u4722,-0.9144703090145441,0.7099792807517946,-1.1844667937018647
u3825,-0.8423291618553308,0.6664537247481656,-1.2521906381010803
u2204,1.3154397164422778,-0.9541786797615731,0.8800787608984442
u2001,-1.0026948150012815,-0.6647957153338022,0.6403743615204877
u1672,-0.40948227890005134,0.40530038872639096,-1.6585337044963737
u1817,1.2432985692830645,-0.9106531237579439,0.9478026052976597
u4070,-1.6358817806066765,1.1452348407880855,-0.5072283497097094
u4799,0.4497459505317186,-0.43187200771802403,1.692764893689031
u7588,0.32635592621518394,1.6251970702226401,1.2745289817407521
u4256,-1.8731974920862082,-0.6942064571344331,0.2496267842346475
u2038,0.10993248473754415,1.7557737382335274,1.4777005149383988
u7515,-0.9305536678420683,-0.7083212713374313,0.5726505171212721
u9359,-0.06485990193150931,-1.2306279433809806,-0.2400356156693145
u4659,-1.70802292776589,1.1887603967917146,-0.43950450531049373
u3238,0.012090156402071593,-0.7224360855404295,0.895674250007897
u4197,-0.1273832267419873,-0.08366755968899121,2.2345556488827554
u2966,0.24940586788160307,1.1170052123820893,0.13881911606354047
u4839,-0.6467979903795829,-1.434140909196128,-0.9016785705520172
u9088,0.5122692753421967,-1.5788323914100133,-0.7818263708630389
u7603,-0.9144703090145441,0.7099792807517946,-1.1844667937018647
u8762,-0.8423291618553308,0.6664537247481656,-1.2521906381010803
u7640,0.01689906757643924,-0.17071867169624946,2.099107960084324
u6264,0.37760480337250546,-0.38834645171439497,1.7604887380882466
u1468,-0.7814624623492741,-0.2436549695005094,1.6406365383992683
u5037,0.15637245072049807,-0.8094871975476876,0.760226561209466
u7532,-1.7289151977677817,-0.7812575691416913,0.11417909543621622
u5039,0.810451686327785,-0.6494997877361693,1.3541456716929532
u6793,-1.9453386392454213,-0.650680901130804,0.31735062863386293
u2885,0.7592028091704635,1.3640437342008656,0.8681859153454586
u5306,-0.28128334340914907,-1.1000512753700933,-0.0368640824716678
u7570,1.7482865993975574,-1.2153320157833478,0.47373569450315084
u2324,0.4658293093592428,0.986428544371202,-0.06435241713410624
u1096,-0.9866114561737573,0.7535048367554237,-1.1167429493026493
u4179,0.4497459505317186,-0.43187200771802403,1.692764893689031
u8004,0.32154701504081634,1.07347965637846,0.07109527166432487
u2406,0.4658293093592428,0.986428544371202,-0.06435241713410624
u7214,-0.5025156960611563,-1.521192021203386,-1.0371262593504482
u6238,0.6101116036776694,0.8993774323639437,-0.19980010593253733
u8216,-1.7801640749251033,1.2322859527953436,-0.3717806609112782
u2174,-2.089620933563848,-0.5636297891235458,0.452798317432294
u5912,-0.27166552106041386,0.003383552318267018,2.370003337681186
u8873,-0.7862713735236418,-0.7953723833446894,0.43720282832284113
u6809,0.16118136189486568,-0.25776978370350767,1.9636602712858933
u2844,-0.20433328507556822,-0.5918594175295422,1.0988457832055438
u6495,-0.40467336772568385,0.9570178025705711,-0.45509999441994664
u5321,0.012090156402071593,-0.7224360855404295,0.895674250007897
u8910,0.6565515696606233,-1.6658835034172714,-0.91727405966147
u4792,-0.40948227890005134,0.40530038872639096,-1.6585337044963737
u8202,0.1772647207223898,1.1605307683857182,0.20654296046275605
u1040,-0.9096613978401766,1.2616966945959744,0.018966916374562277
u3649,0.3984970733743971,1.581671514219011,1.2068051373415367
u8944,-1.801056344926995,-0.7377320131380622,0.18190293983543185
u2321,-1.8731974920862082,-0.6942064571344331,0.2496267842346475
u4203,1.331523075269802,0.4641218723276528,-0.8770385499246928
u4821,-0.3486155793939946,-0.5048083055222841,1.2342934720039749
u7681,-0.13700104909072258,-1.1871023873773514,-0.17231177127009892
u6212,0.1676468983736547,0.05709594069735831,-2.200324459690098
u4239,-0.28609225458351656,-1.6517686892142733,-1.2402977925480947
u2601,1.620087663906655,0.2900196483131364,-1.147933927521555
u9672,-0.04877654310398522,0.18767260870824554,-1.9971529264924515
u4676,1.192049692125743,1.102890398179091,0.46184284895016536
u5259,-0.11610877908883083,0.7829155785560548,-0.725995372016809
u8150,-1.2239271676532888,-1.085936461167095,-0.3598878153582927
u9776,-2.2339032278822746,-0.4765786771162876,0.588246006230725
u2541,0.0024723340533365193,-1.8258709132287896,-1.511193170144957
u5481,-0.6419890792052153,-0.8824234953519476,0.30175513952440997
u1569,-0.5441467508697426,1.5957863284220093,0.8837814044549115
u7420,1.099016274964638,-0.8236020117506858,1.0832502940960909
u3532,0.8986761923145224,0.7252752083494274,-0.47069548352939955
u5367,-1.801056344926995,-0.7377320131380622,0.18190293983543185
u8799,0.90348510348889,1.2769926221936074,0.7327382265470276
u3382,-0.7910802846980094,-1.3470897971888696,-0.766230881753586
u7608,-1.146977109319708,-0.577744603326544,0.7758220503189189
u8222,-0.04396763192961756,0.7393900225524256,-0.7937192164160245
u8460,-0.9096613978401766,1.2616966945959744,0.018966916374562277
u1989,-0.9353625790164358,-1.2600386851816114,-0.630783192955155
u1442,1.331523075269802,0.4641218723276528,-0.8770385499246928
u5860,-0.039158720755249926,1.2911074363966055,0.40971449366040263
u8240,-1.2751760448106104,0.9276070607699402,-0.8458475717057872
u1982,-0.12091769026319837,0.2311981647118746,-1.9294290820932358
u6239,-0.05524207958277403,-0.1271931156926203,2.16683180448354
u2493,-0.13700104909072258,-1.1871023873773514,-0.17231177127009892
u2612,1.4758053695882285,0.37707076032039466,-1.0124862387231237
u8329,1.0220662166310572,-1.3317938695912368,-0.05245957158112065
u9421,1.480614280762596,0.9287881741645747,0.1909474713533032
u8921,0.521887097690932,-0.4753975637216531,1.6250410492898155
u7584,-1.0587526033329706,0.7970303927590529,-1.0490191049034336
u1771,-0.14180996026509013,-1.7388198012215315,-1.3757454813465257
u5949,-0.6980468675369044,0.5794026127409073,-1.3876383268995114
u5350,-0.40467336772568385,0.9570178025705711,-0.45509999441994664
u2810,0.7543938979960959,0.8123263203566856,-0.3352477947309684
u9566,1.6248965750810225,0.8417370621573166,0.05549978255487202
u7937,0.9499250694718439,-1.2882683135876076,0.015264272818094882
u8155,0.023364604055228163,0.14414705270461642,-2.064876770891667
u5415,-0.04396763192961756,0.7393900225524256,-0.7937192164160245
u4457,-0.32772330939210287,1.465209660411122,0.6806098712572648
u5097,-0.8423291618553308,0.6664537247481656,-1.2521906381010803
u8712,1.1711574221238512,-0.8671275677543148,1.0155264496968754
u8968,-0.7910802846980094,-1.3470897971888696,-0.766230881753586
u4004,-0.6467979903795829,-1.434140909196128,-0.9016785705520172
u2002,-0.27647443223478135,-0.5483338615259131,1.1665696276047595
u8508,-0.6419890792052153,-0.8824234953519476,0.30175513952440997
u5005,1.3154397164422778,-0.9541786797615731,0.8800787608984442
u3523,1.9856023108770888,0.624109282139171,-0.2831194394412056
u4663,1.7482865993975574,-1.2153320157833478,0.47373569450315084
u1115,-0.569847932046002,-0.9259490513555767,0.23403129512519438
u7802,0.4497459505317186,-0.43187200771802403,1.692764893689031
u8226,-0.14180996026509013,-1.7388198012215315,-1.3757454813465257
u3994,-0.7653791035217501,1.1746455825887163,-0.1164807724238689
u4182,1.9134611637178753,0.6676348381428002,-0.21539559504199018
u1453,-0.42556563772757555,-1.0130001633628352,0.09858360632676327
u1800,-1.7801640749251033,1.2322859527953436,-0.3717806609112782
u5233,-0.6162878980289559,1.6393118844256385,0.951505248854127
u7276,0.9660084282993681,0.13003223850161827,-1.741853038005042
u4589,-0.18344101507367647,1.3781585484038639,0.5451621824588337
u9337,-0.13700104909072258,-1.1871023873773514,-0.17231177127009892
u8342,-1.8523052220843164,1.2758115087989728,-0.3040568165120627
u2684,-0.27647443223478135,-0.5483338615259131,1.1665696276047595
u3859,1.892568893715984,-1.302383127790606,0.3382880057047198
u1930,1.2641908392849563,1.0593648421754618,0.3941190045509498
u1231,-0.18344101507367647,1.3781585484038639,0.5451621824588337
u6185,-1.2912594036381344,-0.4906934913192859,0.91126973911735
u3858,1.0942073637902705,-1.375319425594866,-0.12018341598033629
u5824,-0.05524207958277403,-0.1271931156926203,2.16683180448354
u9424,-0.6419890792052153,-0.8824234953519476,0.30175513952440997
u9374,1.0429584866329489,0.6382240963421691,-0.6061431723278308
u9950,-1.435541697956561,-0.4036423793120277,1.0467174279157812
u8364,-0.7141302263644286,-0.8388979393483185,0.3694789839236256
u2095,-1.7801640749251033,1.2322859527953436,-0.3717806609112782
u8301,-1.419458339129037,1.0146581727771982,-0.710399882907356
u6558,-0.3534244905683623,-1.0565257193664641,0.030859761927547753
u5870,1.3363319864441694,1.0158392861718328,0.32639516015173425
u5681,-0.05524207958277403,-0.1271931156926203,2.16683180448354
u7341,-0.6210968092033236,1.0875944705814582,-0.2519284612223
u9584,-1.435541697956561,-0.4036423793120277,1.0467174279157812
u5408,-1.4403506091309286,-0.9553597931562077,-0.156716282160646
u5238,1.387580863601491,-0.9977042357652021,0.8123549164992285
u7938,-1.8731974920862082,-0.6942064571344331,0.2496267842346475
u8400,1.3363319864441694,1.0158392861718328,0.32639516015173425
u7662,1.6248965750810225,0.8417370621573166,0.05549978255487202
u8675,-0.7093213151900608,-0.28718052550413853,1.5729126940000528
u8122,-1.1260848393178164,1.3922733626068617,0.22213844957220885
u4352,0.3006547450389246,-0.8965383095549458,0.6247788724110349
u8697,0.5427793676928238,1.4946204022117529,1.0713574485431054
u2851,-0.5746568432203696,-1.4776664651997569,-0.9694024149512328
u8699,0.5844104225014101,-1.6223579474136425,-0.8495502152622545
u1131,1.620087663906655,0.2900196483131364,-1.147933927521555
u4226,-0.19952437390120056,-0.04014200368536215,2.302279493281971
u9831,1.769178869399449,0.7546859501500583,-0.07994790624355914
u6999,1.0220662166310572,-1.3317938695912368,-0.05245957158112065
u6749,-0.8375202506809634,1.2181711385923455,-0.04875692802465336
u2426,0.10512357356317653,1.2040563243893474,0.2742668048619716
u5474,-0.5650390208716344,-0.3742316375113967,1.4374650052016218
u3828,-0.9353625790164358,-1.2600386851816114,-0.630783192955155
u3117,-2.089620933563848,-0.5636297891235458,0.452798317432294
u7684,-0.06005099075714168,-0.6789105295368003,0.9633980944071127
u9553,0.7543938979960959,0.8123263203566856,-0.3352477947309684
u1614,1.6040043050791306,-1.1282809037760895,0.609183383301582
u6236,0.8938672811401548,0.17355779450524733,-1.6741291936058265
u3647,1.769178869399449,0.7546859501500583,-0.07994790624355914
u9275,-0.2651999845816249,0.3182492767191327,-1.7939813932948048
u4341,-1.5076828451157742,-0.3601168233083986,1.1144412723149968
u5909,0.7495849868217282,0.2606089065125054,-1.5386815048073954
u8724,-1.6358817806066765,1.1452348407880855,-0.5072283497097094
u2723,1.892568893715984,-1.302383127790606,0.3382880057047198
u9410,0.39368816220002956,1.029954100374831,0.0033714272651093505
u5539,0.03298242640396329,1.2475818803929766,0.3419906492611871
u7338,-1.2191182564789214,-0.5342190473229148,0.8435458947181346
u1841,-0.6419890792052153,-0.8824234953519476,0.30175513952440997
u2959,0.8265350451553091,0.7688007643530564,-0.4029716391301839
u4001,-1.2703671336362428,1.47932447461412,0.35758613837063996
u9890,-0.3486155793939946,-0.5048083055222841,1.2342934720039749
u9975,-1.2751760448106104,0.9276070607699402,-0.8458475717057872
u2389,-0.28609225458351656,-1.6517686892142733,-1.2402977925480947
u7750,0.8986761923145224,0.7252752083494274,-0.47069548352939955
u5155,0.5844104225014101,-1.6223579474136425,-0.8495502152622545
u2176,-0.7910802846980094,-1.3470897971888696,-0.766230881753586
u9323,0.10512357356317653,1.2040563243893474,0.2742668048619716
u1237,0.5892193336757776,-1.0706405335694622,0.3538834948141727
u3625,-0.28128334340914907,-1.1000512753700933,-0.0368640824716678
u8295,-0.6932379563625368,1.1311200265850871,-0.18420461682308453
u3385,0.8313439563296767,1.3205181781972364,0.8004620709462431
u7904,-0.2091421962499358,-1.1435768313737225,-0.10458792687088339
u7486,-1.8731974920862082,-0.6942064571344331,0.2496267842346475
u4337,-0.8423291618553308,0.6664537247481656,-1.2521906381010803
u3655,-1.3682094619717153,-0.9988853491598367,-0.22444012655986154
u5122,-0.5650390208716344,-0.3742316375113967,1.4374650052016218
u3757,-0.06005099075714168,-0.6789105295368003,0.9633980944071127
u4650,0.0842313035612848,-0.7659616415440585,0.8279504056086815
u1850,-1.007503726175649,-1.2165131291779823,-0.5630593485559393
u9032,0.810451686327785,-0.6494997877361693,1.3541456716929532
u8515,-0.039158720755249926,1.2911074363966055,0.40971449366040263
u9208,1.2641908392849563,1.0593648421754618,0.3941190045509498
u8284,0.03298242640396329,1.2475818803929766,0.3419906492611871
u9276,-1.4403506091309286,-0.9553597931562077,-0.156716282160646
u2031,0.32635592621518394,1.6251970702226401,1.2745289817407521
u5801,1.2593819281105885,0.507647428331282,-0.8093147055254774
u3743,0.0024723340533365193,-1.8258709132287896,-1.511193170144957
u7906,-0.5441467508697426,1.5957863284220093,0.8837814044549115
u3537,-0.6932379563625368,1.1311200265850871,-0.18420461682308453
u9864,-0.6980468675369044,0.5794026127409073,-1.3876383268995114
u1900,1.0429584866329489,0.6382240963421691,-0.6061431723278308
u8163,1.6040043050791306,-1.1282809037760895,0.609183383301582
u5582,0.9499250694718439,-1.2882683135876076,0.015264272818094882
u6167,-0.27166552106041386,0.003383552318267018,2.370003337681186
u4624,0.8938672811401548,0.17355779450524733,-1.6741291936058265
u5326,-0.3325322205664706,0.913492246566942,-0.5228238388191623
u1303,-0.1273832267419873,-0.08366755968899121,2.2345556488827554
u2861,0.9708173394737356,0.6817496523457983,-0.5384193279286151
u7931,0.4497459505317186,-0.43187200771802403,1.692764893689031
u2803,-0.06485990193150931,-1.2306279433809806,-0.2400356156693145
u5747,0.2958458338645569,-1.448255723399126,-0.5786548376653923
u6539,-0.04396763192961756,0.7393900225524256,-0.7937192164160245
u9103,1.4597220107607043,-1.0412297917688313,0.744631072100013
u6704,-1.5076828451157742,-0.3601168233083986,1.1144412723149968
u3793,0.8986761923145224,0.7252752083494274,-0.47069548352939955
u8567,0.8825928334869982,-0.6930253437397985,1.2864218272937376
u2160,0.2958458338645569,-1.448255723399126,-0.5786548376653923
u3982,0.18207363189675732,1.7122481822298983,1.4099766705391832
u2118,-0.13700104909072258,-1.1871023873773514,-0.17231177127009892
u5778,-1.801056344926995,-0.7377320131380622,0.18190293983543185
u3732,-1.435541697956561,-0.4036423793120277,1.0467174279157812
u5189,0.8056427751534174,-1.2012172015803495,0.15071196161652597
u6171,-1.2239271676532888,-1.085936461167095,-0.3598878153582927
u9052,0.25421477905597056,1.6687226262262693,1.3422528261399678
u5832,0.15156353954613044,-1.3612046113918679,-0.44320714886696116
u1692,-0.9144703090145441,0.7099792807517946,-1.1844667937018647
u5286,-0.1273832267419873,-0.08366755968899121,2.2345556488827554
u1516,-1.2030348976513972,0.884081504766311,-0.9135714161050027
u8805,1.0220662166310572,-1.3317938695912368,-0.05245957158112065
u6281,0.18207363189675732,1.7122481822298983,1.4099766705391832
u4915,1.4036642224290152,0.4205963163240236,-0.9447623943239084
u2655,-0.2091421962499358,-1.1435768313737225,-0.10458792687088339
u7315,1.2641908392849563,1.0593648421754618,0.3941190045509498
u2620,-1.296068314812502,-1.042410905163466,-0.29216397095907715
u5476,-0.48162342605926467,0.44882594473002,-1.590809860097158
u4199,0.614920514852037,1.4510948462081237,1.0036336041438898
u7960,0.23978804553286798,0.013570384693729134,-2.2680483040893136
u6114,0.7383105391685717,-0.6059742317325403,1.4218695160921688
u3820,-0.1112998679144632,1.3346329924002347,0.4774383380596183
u9904,-0.4207567265532079,-0.46128274951865494,1.3020173164031905
u2592,-0.4207567265532079,-0.46128274951865494,1.3020173164031905
u8715,1.0429584866329489,0.6382240963421691,-0.6061431723278308
u8581,-0.3325322205664706,0.913492246566942,-0.5228238388191623
u7714,0.3984970733743971,1.581671514219011,1.2068051373415367
u8892,2.0577434580363017,0.5805837261355419,-0.35084328384042124
u8243,-0.7141302263644286,-0.8388979393483185,0.3694789839236256
u7189,-1.801056344926995,-0.7377320131380622,0.18190293983543185
u2630,0.2958458338645569,-1.448255723399126,-0.5786548376653923
u7616,-0.9144703090145441,0.7099792807517946,-1.1844667937018647
u8057,-1.2751760448106104,0.9276070607699402,-0.8458475717057872
u6473,-0.13219213791635495,-0.6353849735331712,1.0311219388063284
u3586,2.129884605195515,0.5370581701319129,-0.41856712823963665
u9285,-0.6371801680308475,-0.3307060815077677,1.5051888496008372
u1077,0.24459695670723547,0.5652877985379092,-1.0646145940128866
u5733,-1.435541697956561,-0.4036423793120277,1.0467174279157812
u7609,-0.9818025449993898,1.3052222505996036,0.08669076077377769
u4793,-0.12091769026319837,0.2311981647118746,-1.9294290820932358
u4040,-1.4403506091309286,-0.9553597931562077,-0.156716282160646
u1956,-0.4720056037105295,1.5522607724183801,0.816057560055696
u9205,0.17245580954802214,0.6088133545415383,-0.9968907496136711
u6717,1.8413200165586623,0.7111603941464293,-0.14767175064277455
u3714,-0.9257447566677006,-0.15660385749325118,1.7760842271976993
u8430,-0.42556563772757555,-1.0130001633628352,0.09858360632676327
u6234,-0.6210968092033236,1.0875944705814582,-0.2519284612223
u6640,1.5479465167474418,0.3335452043167655,-1.0802100831223393
u3121,-1.5637406334474635,1.1017092847844563,-0.5749521941089248
u5389,0.3888792510256619,0.4782366865306509,-1.2000622828113179
u9540,0.7543938979960959,0.8123263203566856,-0.3352477947309684
u9589,0.8938672811401548,0.17355779450524733,-1.6741291936058265
u4578,-1.3682094619717153,-0.9988853491598367,-0.22444012655986154
u6649,0.0842313035612848,-0.7659616415440585,0.8279504056086815
u5130,-0.3373411317408382,0.3617748327227619,-1.7262575488955891
u2813,0.17245580954802214,0.6088133545415383,-0.9968907496136711
u7920,-0.19952437390120056,-0.04014200368536215,2.302279493281971
u3282,-0.7910802846980094,-1.3470897971888696,-0.766230881753586
u1515,1.892568893715984,-1.302383127790606,0.3382880057047198
u8494,0.36798698102377025,-1.4917812794027552,-0.6463786820646078
u4231,-1.5076828451157742,-0.3601168233083986,1.1144412723149968
u9613,0.8217261339809415,0.2170833505088765,-1.6064053492066108
u8862,1.1150996337921621,0.5946985403385401,-0.6738670167270463
u1272,-0.7701880146961176,0.6229281687445365,-1.319914482500296
u3020,-0.9353625790164358,-1.2600386851816114,-0.630783192955155
u3258,1.1663485109494836,-1.418844981598495,-0.1879072603795517
u7224,1.1663485109494836,-1.418844981598495,-0.1879072603795517
u6655,-1.9244463692435296,1.319337064802602,-0.23633297211284718
u1586,-1.2912594036381344,-0.4906934913192859,0.91126973911735
u6657,0.023364604055228163,0.14414705270461642,-2.064876770891667
u2024,0.8938672811401548,0.17355779450524733,-1.6741291936058265
u3933,1.4084731336033827,0.9723137301682039,0.2586713157525187
u7360,1.9134611637178753,0.6676348381428002,-0.21539559504199018
u5732,-0.4977067848867888,-0.9694746073592058,0.16630745072597886
u8802,-0.40948227890005134,0.40530038872639096,-1.6585337044963737
u1088,-0.6371801680308475,-0.3307060815077677,1.5051888496008372
u8706,0.9708173394737356,0.6817496523457983,-0.5384193279286151
u3846,1.8204277465567704,-1.2588575717869768,0.4060118501039354
u8741,0.31673810386644863,0.5217622425342802,-1.1323384384121022
u6255,-1.2751760448106104,0.9276070607699402,-0.8458475717057872
u3462,1.9134611637178753,0.6676348381428002,-0.21539559504199018
u2873,-0.48162342605926467,0.44882594473002,-1.590809860097158
u2693,0.03298242640396329,1.2475818803929766,0.3419906492611871
u8809,-1.9244463692435296,1.319337064802602,-0.23633297211284718
u2086,-0.039158720755249926,1.2911074363966055,0.40971449366040263
u1715,-0.04396763192961756,0.7393900225524256,-0.7937192164160245
u4833,0.16118136189486568,-0.25776978370350767,1.9636602712858933
u5000,-0.9353625790164358,-1.2600386851816114,-0.630783192955155
u4804,-0.12091769026319837,0.2311981647118746,-1.9294290820932358
u9813,0.8986761923145224,0.7252752083494274,-0.47069548352939955
u6675,0.810451686327785,-0.6494997877361693,1.3541456716929532
u6081,0.17245580954802214,0.6088133545415383,-0.9968907496136711
u2511,-0.9096613978401766,1.2616966945959744,0.018966916374562277
u7137,1.8204277465567704,-1.2588575717869768,0.4060118501039354
u4958,-0.27647443223478135,-0.5483338615259131,1.1665696276047595
u1957,-0.9818025449993898,1.3052222505996036,0.08669076077377769
u9585,0.09550575121444144,0.10062149670098726,-2.1326006152908827
u4636,-0.5025156960611563,-1.521192021203386,-1.0371262593504482
u6398,0.24940586788160307,1.1170052123820893,0.13881911606354047
u4421,-0.7862713735236418,-0.7953723833446894,0.43720282832284113
u8635,1.6970377222402357,0.7982115061536874,-0.012224061844343612
u5053,0.8217261339809415,0.2170833505088765,-1.6064053492066108
u6549,-1.0796448733348623,-1.1729875731743533,-0.4953355041567238
u1474,1.1663485109494836,-1.418844981598495,-0.1879072603795517
u7352,1.769178869399449,0.7546859501500583,-0.07994790624355914
u3272,-0.5441467508697426,1.5957863284220093,0.8837814044549115
u4853,1.892568893715984,-1.302383127790606,0.3382880057047198
u1875,0.01689906757643924,-0.17071867169624946,2.099107960084324
u2667,-0.40948227890005134,0.40530038872639096,-1.6585337044963737
u2666,-1.2751760448106104,0.9276070607699402,-0.8458475717057872
u8319,2.0577434580363017,0.5805837261355419,-0.35084328384042124
u1209,-1.2703671336362428,1.47932447461412,0.35758613837063996
u5141,0.8313439563296767,1.3205181781972364,0.8004620709462431
u7128,0.9756262506481033,1.2334670661899783,0.6650143821478119
u1519,1.6248965750810225,0.8417370621573166,0.05549978255487202
u2349,-0.1112998679144632,1.3346329924002347,0.4774383380596183
u7502,-1.0796448733348623,-1.1729875731743533,-0.4953355041567238
u3293,0.4497459505317186,-0.43187200771802403,1.692764893689031
u1974,1.1872407809513754,0.551172984334911,-0.7415908611262617
u8181,1.620087663906655,0.2900196483131364,-1.147933927521555
u9882,-0.2091421962499358,-1.1435768313737225,-0.10458792687088339
u9333,-1.8523052220843164,1.2758115087989728,-0.3040568165120627
u3082,0.5844104225014101,-1.6223579474136425,-0.8495502152622545
u5493,0.32635592621518394,1.6251970702226401,1.2745289817407521
u9169,1.9647100408751972,-1.345908683794235,0.27056416130550426
u8930,-1.007503726175649,-1.2165131291779823,-0.5630593485559393
u2978,0.3054636562132922,-0.3448208957107659,1.828212582487462
u8988,-1.3473171919698237,0.9711326167735691,-0.7781237273065716
u6095,1.5479465167474418,0.3335452043167655,-1.0802100831223393
u6358,-1.2751760448106104,0.9276070607699402,-0.8458475717057872
u3907,0.8265350451553091,0.7688007643530564,-0.4029716391301839
u1391,-0.7910802846980094,-1.3470897971888696,-0.766230881753586
u9738,-2.017479786404635,-0.6071553451271748,0.38507447303307857
u9972,0.5379704565184561,0.9429029883675729,-0.13207626153332175
u2850,0.2237046867053437,-1.404730167395497,-0.5109309932661767
u2866,0.1772647207223898,1.1605307683857182,0.20654296046275605
u4108,-2.089620933563848,-0.5636297891235458,0.452798317432294
u8789,0.25421477905597056,1.6687226262262693,1.3422528261399678
u6893,0.31673810386644863,0.5217622425342802,-1.1323384384121022
u8176,1.8204277465567704,-1.2588575717869768,0.4060118501039354
u1629,-1.801056344926995,-0.7377320131380622,0.18190293983543185
u7777,0.6053026925033016,0.3476600185197637,-1.4032338160089644
u2870,0.007281245227703905,-1.2741534993846098,-0.30775946006853
u4090,-0.6467979903795829,-1.434140909196128,-0.9016785705520172
u9432,0.7592028091704635,1.3640437342008656,0.8681859153454586
u7187,0.25421477905597056,1.6687226262262693,1.3422528261399678
u2498,-0.19305883742241164,0.27472372071550366,-1.8617052376940204
u1440,0.10031466238880893,0.6523389105451675,-0.9291669052144556
u1911,0.677443839662515,0.3041344625161346,-1.4709576604081798
u9194,-1.5637406334474635,1.1017092847844563,-0.5749521941089248
u7807,0.037791337578330884,1.7992992942371566,1.5454243593376142
u3708,0.037791337578330884,1.7992992942371566,1.5454243593376142
u6265,0.3984970733743971,1.581671514219011,1.2068051373415367
u8660,-1.9244463692435296,1.319337064802602,-0.23633297211284718
u8058,0.0842313035612848,-0.7659616415440585,0.8279504056086815
u9093,-2.2339032278822746,-0.4765786771162876,0.588246006230725
u7398,-0.5650390208716344,-0.3742316375113967,1.4374650052016218
u3463,1.6970377222402357,0.7982115061536874,-0.012224061844343612
u4500,-1.6567740506085684,-0.8247831251453205,0.046455251037000586
u4022,1.5479465167474418,0.3335452043167655,-1.0802100831223393
u8132,0.3984970733743971,1.581671514219011,1.2068051373415367
u2951,0.8825928334869982,-0.6930253437397985,1.2864218272937376
u1497,1.9856023108770888,0.624109282139171,-0.2831194394412056
u2065,-0.3373411317408382,0.3617748327227619,-1.7262575488955891
u4522,2.129884605195515,0.5370581701319129,-0.41856712823963665
u9347,1.2641908392849563,1.0593648421754618,0.3941190045509498
u1886,0.31673810386644863,0.5217622425342802,-1.1323384384121022
u4971,0.8777839223126307,-1.2447427575839787,0.08298811721731043
u2817,1.5318631579199176,-1.0847553477724605,0.6769072277007975
u4729,-0.8632214318572226,-1.3035642411852406,-0.6985070373543705
u9943,-0.9257447566677006,-0.15660385749325118,1.7760842271976993
u8151,1.6040043050791306,-1.1282809037760895,0.609183383301582
u1174,1.4597220107607043,-1.0412297917688313,0.744631072100013
u3777,0.15637245072049807,-0.8094871975476876,0.760226561209466
u3974,1.0942073637902705,-1.375319425594866,-0.12018341598033629
u8391,0.15637245072049807,-0.8094871975476876,0.760226561209466
u7459,-1.9244463692435296,1.319337064802602,-0.23633297211284718
u4842,-0.18344101507367647,1.3781585484038639,0.5451621824588337
u2524,-1.296068314812502,-1.042410905163466,-0.29216397095907715
u9841,1.0477673978073165,1.189941510186349,0.5972905377485964
u3147,-0.2555821622328897,1.4216841044074928,0.6128860268580494
u8732,0.31673810386644863,0.5217622425342802,-1.1323384384121022
u1211,-0.4303745489019431,-1.5647175772070152,-1.1048501037496636
u5188,0.8825928334869982,-0.6930253437397985,1.2864218272937376
u5166,-0.7701880146961176,0.6229281687445365,-1.319914482500296
u3460,-1.5637406334474635,1.1017092847844563,-0.5749521941089248
u3680,-1.0587526033329706,0.7970303927590529,-1.0490191049034336
u1831,1.0429584866329489,0.6382240963421691,-0.6061431723278308
u6586,0.5844104225014101,-1.6223579474136425,-0.8495502152622545
u8372,-0.5489556620441103,1.044068914577829,-0.31965230562151553
u5469,1.0268751278054247,-0.7800764557470566,1.1509741384953065
u3152,0.6870616620112502,1.4075692902044947,0.9359097597446742
u4727,0.5122692753421967,-1.5788323914100133,-0.7818263708630389
u2633,0.2958458338645569,-1.448255723399126,-0.5786548376653923
u8375,-2.1617620807230615,-0.5201042331199167,0.5205221618315096
u1836,1.099016274964638,-0.8236020117506858,1.0832502940960909
u4106,-1.0748359621604948,-0.621270159330173,0.7080982059197033
u1927,-0.26039107340725737,0.8699666905633129,-0.5905476832183778
u8760,0.7495849868217282,0.2606089065125054,-1.5386815048073954
u6910,0.614920514852037,1.4510948462081237,1.0036336041438898
u7524,-1.0587526033329706,0.7970303927590529,-1.0490191049034336
u7586,-0.04877654310398522,0.18767260870824554,-1.9971529264924515
u8942,0.8986761923145224,0.7252752083494274,-0.47069548352939955
u5491,1.3154397164422778,-0.9541786797615731,0.8800787608984442
u2217,0.39368816220002956,1.029954100374831,0.0033714272651093505
u4757,-0.569847932046002,-0.9259490513555767,0.23403129512519438
u5108,-1.9244463692435296,1.319337064802602,-0.23633297211284718
u1543,0.32635592621518394,1.6251970702226401,1.2745289817407521
u5855,-0.2139511074243033,-1.6952942452179025,-1.3080216369473103
u8030,0.39368816220002956,1.029954100374831,0.0033714272651093505
u1810,-0.06485990193150931,-1.2306279433809806,-0.2400356156693145
u9316,0.1676468983736547,0.05709594069735831,-2.200324459690098
u3865,0.8777839223126307,-1.2447427575839787,0.08298811721731043
u5143,0.32154701504081634,1.07347965637846,0.07109527166432487
u8182,0.3984970733743971,1.581671514219011,1.2068051373415367
u2543,-0.9096613978401766,1.2616966945959744,0.018966916374562277
u2765,0.007281245227703905,-1.2741534993846098,-0.30775946006853
u2260,-0.5537645732184778,0.4923515007336492,-1.5230860156979424
u2371,-1.9453386392454213,-0.650680901130804,0.31735062863386293
u8998,0.5892193336757776,-1.0706405335694622,0.3538834948141727
u6105,-1.3473171919698237,0.9711326167735691,-0.7781237273065716
u3543,-0.2091421962499358,-1.1435768313737225,-0.10458792687088339
u2629,1.099016274964638,-0.8236020117506858,1.0832502940960909
u7880,-1.4915994862882502,1.0581837287808273,-0.6426760385081405
u8963,-0.14180996026509013,-1.7388198012215315,-1.3757454813465257
u8716,-0.8423291618553308,0.6664537247481656,-1.2521906381010803
u3115,0.8825928334869982,-0.6930253437397985,1.2864218272937376
u7302,0.677443839662515,0.3041344625161346,-1.4709576604081798
u4336,-0.04877654310398522,0.18767260870824554,-1.9971529264924515
u8036,-0.6467979903795829,-1.434140909196128,-0.9016785705520172
u5987,0.5427793676928238,1.4946204022117529,1.0713574485431054
u5998,0.677443839662515,0.3041344625161346,-1.4709576604081798
u8073,-0.04396763192961756,0.7393900225524256,-0.7937192164160245
u4762,1.4084731336033827,0.9723137301682039,0.2586713157525187
u1074,0.90348510348889,1.2769926221936074,0.7327382265470276
u5940,-0.9866114561737573,0.7535048367554237,-1.1167429493026493
u5475,-1.70802292776589,1.1887603967917146,-0.43950450531049373
u8714,-0.9305536678420683,-0.7083212713374313,0.5726505171212721
u6373,-0.27647443223478135,-0.5483338615259131,1.1665696276047595
u6987,-0.2555821622328897,1.4216841044074928,0.6128860268580494
u4769,0.4706382205336104,1.538145958215382,1.139081292942321
u5014,-0.8375202506809634,1.2181711385923455,-0.04875692802465336
u7536,-0.7093213151900608,-0.28718052550413853,1.5729126940000528
u8454,0.37279589219813786,-0.9400638655585749,0.5570550280118193
u4060,1.4084731336033827,0.9723137301682039,0.2586713157525187
u2213,-1.0026948150012815,-0.6647957153338022,0.6403743615204877
u2808,1.1872407809513754,0.551172984334911,-0.7415908611262617
u9475,0.677443839662515,0.3041344625161346,-1.4709576604081798
u7177,1.9134611637178753,0.6676348381428002,-0.21539559504199018
u3549,0.9708173394737356,0.6817496523457983,-0.5384193279286151
u6670,-0.06966881310587675,-1.7823453572251606,-1.4434693257457414
u3388,-0.9353625790164358,-1.2600386851816114,-0.630783192955155
u8066,-0.4977067848867888,-0.9694746073592058,0.16630745072597886
u9384,-1.435541697956561,-0.4036423793120277,1.0467174279157812
u6375,-0.6371801680308475,-0.3307060815077677,1.5051888496008372
u2707,0.3888792510256619,0.4782366865306509,-1.2000622828113179
u8846,-0.32772330939210287,1.465209660411122,0.6806098712572648
u7622,0.4401281281829835,-1.5353068354063844,-0.7141025264638234
u3187,-0.9096613978401766,1.2616966945959744,0.018966916374562277
u1452,0.3054636562132922,-0.3448208957107659,1.828212582487462
u4050,-0.6932379563625368,1.1311200265850871,-0.18420461682308453
u8531,-0.7189391375387961,-1.3906153531924987,-0.8339547261528016
u9242,-1.4403506091309286,-0.9553597931562077,-0.156716282160646
u7070,0.810451686327785,-0.6494997877361693,1.3541456716929532
u8995,1.1199085449665298,1.1464159541827201,0.5295666933493809
u1871,0.32635592621518394,1.6251970702226401,1.2745289817407521
u9404,2.0577434580363017,0.5805837261355419,-0.35084328384042124
u3433,1.0429584866329489,0.6382240963421691,-0.6061431723278308
u9340,0.9660084282993681,0.13003223850161827,-1.741853038005042
u6708,-1.5798239922749875,-0.31659126730476944,1.1821651167142122
u9122,-0.04877654310398522,0.18767260870824554,-1.9971529264924515
u4554,-2.089620933563848,-0.5636297891235458,0.452798317432294
u8534,-1.5637406334474635,1.1017092847844563,-0.5749521941089248
u1332,-0.1112998679144632,1.3346329924002347,0.4774383380596183
u2797,-0.1882499262480441,0.8264411345596838,-0.6582715276175934
u8559,0.08904021473565239,-0.21424422769987847,2.0313841156851087
u5138,0.32154701504081634,1.07347965637846,0.07109527166432487
u3168,-1.2751760448106104,0.9276070607699402,-0.8458475717057872
u5864,1.5527554279218092,0.8852626181609456,0.12322362695408755
u2512,-2.017479786404635,-0.6071553451271748,0.38507447303307857
u1563,0.1772647207223898,1.1605307683857182,0.20654296046275605
u6972,-1.4915994862882502,1.0581837287808273,-0.6426760385081405
u3323,-1.146977109319708,-0.577744603326544,0.7758220503189189
u1028,2.0577434580363017,0.5805837261355419,-0.35084328384042124
u5867,-0.4977067848867888,-0.9694746073592058,0.16630745072597886
u5057,-1.5798239922749875,-0.31659126730476944,1.1821651167142122
u2502,1.9856023108770888,0.624109282139171,-0.2831194394412056
u1481,-1.1517860204940755,-1.1294620171707241,-0.4276116597575082
u2202,-2.089620933563848,-0.5636297891235458,0.452798317432294
u8000,0.39368816220002956,1.029954100374831,0.0033714272651093505
u2729,-0.19305883742241164,0.27472372071550366,-1.8617052376940204
u3557,0.09550575121444144,0.10062149670098726,-2.1326006152908827
u7950,-0.9096613978401766,1.2616966945959744,0.018966916374562277
u8607,-1.3682094619717153,-0.9988853491598367,-0.22444012655986154
u6136,-0.8632214318572226,-1.3035642411852406,-0.6985070373543705
u4051,-1.0748359621604948,-0.621270159330173,0.7080982059197033
u2403,0.521887097690932,-0.4753975637216531,1.6250410492898155
u7277,0.6613604808349909,-1.1141660895730914,0.28615965041495717
u6061,0.9756262506481033,1.2334670661899783,0.6650143821478119
u9984,1.1199085449665298,1.1464159541827201,0.5295666933493809
u1016,1.8413200165586623,0.7111603941464293,-0.14767175064277455
u7362,0.6661693920093585,-0.5624486757289112,1.4895933604913842
u9527,1.1199085449665298,1.1464159541827201,0.5295666933493809
u1085,-0.9096613978401766,1.2616966945959744,0.018966916374562277
u3380,-1.70802292776589,1.1887603967917146,-0.43950450531049373
u8191,-0.8632214318572226,-1.3035642411852406,-0.6985070373543705
u2504,0.7335016279942042,-1.1576916455767203,0.2184358060157415
u8340,1.3363319864441694,1.0158392861718328,0.32639516015173425
u8849,0.9499250694718439,-1.2882683135876076,0.015264272818094882
u8457,0.46102039818487517,0.4347111305270218,-1.2677861272105333
u7441,-1.0748359621604948,-0.621270159330173,0.7080982059197033
u1698,-0.05524207958277403,-0.1271931156926203,2.16683180448354
u7424,1.331523075269802,0.4641218723276528,-0.8770385499246928
u3969,2.0577434580363017,0.5805837261355419,-0.35084328384042124
u9654,1.892568893715984,-1.302383127790606,0.3382880057047198
u3737,-1.1260848393178164,1.3922733626068617,0.22213844957220885
u4091,-0.40467336772568385,0.9570178025705711,-0.45509999441994664
u7077,-2.017479786404635,-0.6071553451271748,0.38507447303307857
u9791,1.620087663906655,0.2900196483131364,-1.147933927521555
u2099,-0.5489556620441103,1.044068914577829,-0.31965230562151553
u5823,0.15637245072049807,-0.8094871975476876,0.760226561209466
u3363,0.39368816220002956,1.029954100374831,0.0033714272651093505
u9349,1.9856023108770888,0.624109282139171,-0.2831194394412056
u2035,-1.8523052220843164,1.2758115087989728,-0.3040568165120627
u7580,0.0842313035612848,-0.7659616415440585,0.8279504056086815
u7511,-0.5650390208716344,-0.3742316375113967,1.4374650052016218
u1865,0.39368816220002956,1.029954100374831,0.0033714272651093505
u6756,-0.06005099075714168,-0.6789105295368003,0.9633980944071127
u4332,-0.1273832267419873,-0.08366755968899121,2.2345556488827554
u4183,0.37279589219813786,-0.9400638655585749,0.5570550280118193
u4870,-1.1308937504921839,0.8405559487626818,-0.9812952605042182
u1545,0.1772647207223898,1.1605307683857182,0.20654296046275605
u1376,-0.7701880146961176,0.6229281687445365,-1.319914482500296
u3713,-0.2651999845816249,0.3182492767191327,-1.7939813932948048
u6160,-0.4207567265532079,-0.46128274951865494,1.3020173164031905
u5078,1.4597220107607043,-1.0412297917688313,0.744631072100013
u9030,-1.0587526033329706,0.7970303927590529,-1.0490191049034336
u8086,0.6053026925033016,0.3476600185197637,-1.4032338160089644
u8659,-1.1308937504921839,0.8405559487626818,-0.9812952605042182
u9548,0.15637245072049807,-0.8094871975476876,0.760226561209466
u5438,1.1711574221238512,-0.8671275677543148,1.0155264496968754
u8748,-0.8584125206828551,-0.7518468273410603,0.5049266727220566
u7025,-0.8632214318572226,-1.3035642411852406,-0.6985070373543705
u3566,-0.3486155793939946,-0.5048083055222841,1.2342934720039749
u9649,0.028173515229595658,0.6958644665487965,-0.86144306081524
u7955,0.4449370393573511,-0.9835894215622041,0.4893311836126038
u4783,-0.1112998679144632,1.3346329924002347,0.4774383380596183
u9200,1.4036642224290152,0.4205963163240236,-0.9447623943239084
u8959,0.5940282448501453,-0.518923119725282,1.5573172048905999
u3840,-1.1982259864770295,1.435798918610491,0.28986229397142443
u2825,-0.28128334340914907,-1.1000512753700933,-0.0368640824716678
u7105,-0.7141302263644286,-0.8388979393483185,0.3694789839236256
u7022,1.9134611637178753,0.6676348381428002,-0.21539559504199018
u5696,1.0942073637902705,-1.375319425594866,-0.12018341598033629
u5554,0.028173515229595658,0.6958644665487965,-0.86144306081524
u7111,-1.2030348976513972,0.884081504766311,-0.9135714161050027
u4784,-0.5746568432203696,-1.4776664651997569,-0.9694024149512328
u1428,0.9499250694718439,-1.2882683135876076,0.015264272818094882
u8061,-1.1982259864770295,1.435798918610491,0.28986229397142443
u8311,-0.1112998679144632,1.3346329924002347,0.4774383380596183
u9517,0.4706382205336104,1.538145958215382,1.139081292942321
u6294,-0.27166552106041386,0.003383552318267018,2.370003337681186
u2549,0.012090156402071593,-0.7224360855404295,0.895674250007897
u4132,0.5427793676928238,1.4946204022117529,1.0713574485431054
u2489,0.2958458338645569,-1.448255723399126,-0.5786548376653923
u5207,0.037791337578330884,1.7992992942371566,1.5454243593376142
u5679,1.238489658108697,-1.462370537602124,-0.2556311047787673
u6777,0.5122692753421967,-1.5788323914100133,-0.7818263708630389
u9650,0.8056427751534174,-1.2012172015803495,0.15071196161652597
u7043,-0.11610877908883083,0.7829155785560548,-0.725995372016809
u9880,0.8265350451553091,0.7688007643530564,-0.4029716391301839
u9744,-0.5746568432203696,-1.4776664651997569,-0.9694024149512328
u4173,-1.70802292776589,1.1887603967917146,-0.43950450531049373
u9473,0.08904021473565239,-0.21424422769987847,2.0313841156851087
u7141,-0.9257447566677006,-0.15660385749325118,1.7760842271976993
u2338,1.238489658108697,-1.462370537602124,-0.2556311047787673
u3640,-1.7801640749251033,1.2322859527953436,-0.3717806609112782
u7373,0.023364604055228163,0.14414705270461642,-2.064876770891667
u5783,-0.7910802846980094,-1.3470897971888696,-0.766230881753586
u4186,-0.8536036095084873,-0.20012941349688035,1.708360382798484
u3541,0.8825928334869982,-0.6930253437397985,1.2864218272937376
u9525,-1.3473171919698237,0.9711326167735691,-0.7781237273065716
u5103,1.4036642224290152,0.4205963163240236,-0.9447623943239084
u8879,-1.0748359621604948,-0.621270159330173,0.7080982059197033
u6930,0.37279589219813786,-0.9400638655585749,0.5570550280118193
u3953,0.39368816220002956,1.029954100374831,0.0033714272651093505
u2927,0.08904021473565239,-0.21424422769987847,2.0313841156851087
u8502,1.0429584866329489,0.6382240963421691,-0.6061431723278308
u9581,0.1676468983736547,0.05709594069735831,-2.200324459690098
u1666,-0.2555821622328897,1.4216841044074928,0.6128860268580494
u8768,0.5427793676928238,1.4946204022117529,1.0713574485431054
u8380,-1.1260848393178164,1.3922733626068617,0.22213844957220885
u4934,1.238489658108697,-1.462370537602124,-0.2556311047787673
u2758,0.5844104225014101,-1.6223579474136425,-0.8495502152622545
u8078,-0.13219213791635495,-0.6353849735331712,1.0311219388063284
u5133,-0.2091421962499358,-1.1435768313737225,-0.10458792687088339
u6202,-1.0748359621604948,-0.621270159330173,0.7080982059197033
u2037,-1.5124917562901419,-0.9118342371525786,-0.08899243776143047
u7247,0.2237046867053437,-1.404730167395497,-0.5109309932661767
u3376,1.9134611637178753,0.6676348381428002,-0.21539559504199018
u7435,1.1872407809513754,0.551172984334911,-0.7415908611262617
u1507,-0.26039107340725737,0.8699666905633129,-0.5905476832183778
u5775,-0.7141302263644286,-0.8388979393483185,0.3694789839236256
u7175,0.07942239238691717,-1.3176790553882387,-0.37548330446774564
u5594,1.5527554279218092,0.8852626181609456,0.12322362695408755
u3011,-0.12091769026319837,0.2311981647118746,-1.9294290820932358
u1590,1.238489658108697,-1.462370537602124,-0.2556311047787673
u3208,0.5122692753421967,-1.5788323914100133,-0.7818263708630389
u8668,0.24940586788160307,1.1170052123820893,0.13881911606354047
u5386,0.32154701504081634,1.07347965637846,0.07109527166432487
u8599,-0.06485990193150931,-1.2306279433809806,-0.2400356156693145
u4671,-1.6567740506085684,-0.8247831251453205,0.046455251037000586
u9631,-0.5746568432203696,-1.4776664651997569,-0.9694024149512328
u1008,-0.7814624623492741,-0.2436549695005094,1.6406365383992683
u6811,-0.3373411317408382,0.3617748327227619,-1.7262575488955891
u8188,-1.4403506091309286,-0.9553597931562077,-0.156716282160646
u7991,-0.6932379563625368,1.1311200265850871,-0.18420461682308453
u7848,-1.1308937504921839,0.8405559487626818,-0.9812952605042182
u3218,0.2237046867053437,-1.404730167395497,-0.5109309932661767
u8765,-1.5124917562901419,-0.9118342371525786,-0.08899243776143047
u4600,1.3363319864441694,1.0158392861718328,0.32639516015173425
u2049,1.9134611637178753,0.6676348381428002,-0.21539559504199018
u6211,-0.6932379563625368,1.1311200265850871,-0.18420461682308453
u5849,0.32635592621518394,1.6251970702226401,1.2745289817407521
u6747,-0.27647443223478135,-0.5483338615259131,1.1665696276047595
u6881,-0.3486155793939946,-0.5048083055222841,1.2342934720039749
u2681,-1.2703671336362428,1.47932447461412,0.35758613837063996
u5288,-1.0587526033329706,0.7970303927590529,-1.0490191049034336
u5398,-0.2091421962499358,-1.1435768313737225,-0.10458792687088339
u7587,-1.4403506091309286,-0.9553597931562077,-0.156716282160646
u6864,-1.2030348976513972,0.884081504766311,-0.9135714161050027
u5692,-0.3486155793939946,-0.5048083055222841,1.2342934720039749
u2721,1.0942073637902705,-1.375319425594866,-0.12018341598033629
u3967,-0.9144703090145441,0.7099792807517946,-1.1844667937018647
u2535,0.7495849868217282,0.2606089065125054,-1.5386815048073954
u5653,1.9856023108770888,0.624109282139171,-0.2831194394412056
u9959,-0.40467336772568385,0.9570178025705711,-0.45509999441994664
u8912,0.023364604055228163,0.14414705270461642,-2.064876770891667
u2790,0.521887097690932,-0.4753975637216531,1.6250410492898155
u6430,0.8938672811401548,0.17355779450524733,-1.6741291936058265
u7410,0.32154701504081634,1.07347965637846,0.07109527166432487
u2355,-1.6567740506085684,-0.8247831251453205,0.046455251037000586
u4473,1.2432985692830645,-0.9106531237579439,0.9478026052976597
u6661,-0.9305536678420683,-0.7083212713374313,0.5726505171212721
u9522,-1.8731974920862082,-0.6942064571344331,0.2496267842346475
u7407,-0.6259057203776911,0.5358770567372783,-1.455362171298727
u6953,0.03298242640396329,1.2475818803929766,0.3419906492611871
u4507,-0.26039107340725737,0.8699666905633129,-0.5905476832183778
u1765,-0.7910802846980094,-1.3470897971888696,-0.766230881753586
u9028,0.1676468983736547,0.05709594069735831,-2.200324459690098
u2960,-1.0748359621604948,-0.621270159330173,0.7080982059197033
u5644,1.2641908392849563,1.0593648421754618,0.3941190045509498
u1606,-1.5076828451157742,-0.3601168233083986,1.1144412723149968
u7203,-1.0539436921586032,1.3487478066032328,0.15441460517299332
u5125,-1.0026948150012815,-0.6647957153338022,0.6403743615204877
u4798,-1.1517860204940755,-1.1294620171707241,-0.4276116597575082
u6263,-0.9818025449993898,1.3052222505996036,0.08669076077377769
u9352,-0.9353625790164358,-1.2600386851816114,-0.630783192955155
u7020,-1.2239271676532888,-1.085936461167095,-0.3598878153582927
u4251,0.3888792510256619,0.4782366865306509,-1.2000622828113179
u7013,1.5479465167474418,0.3335452043167655,-1.0802100831223393
u4489,1.3106308052679103,-1.505896093605753,-0.32335494917798285
u7964,0.39368816220002956,1.029954100374831,0.0033714272651093505
u2479,-1.4403506091309286,-0.9553597931562077,-0.156716282160646
u8256,-1.1517860204940755,-1.1294620171707241,-0.4276116597575082
u5686,0.4497459505317186,-0.43187200771802403,1.692764893689031
u4454,-0.18344101507367647,1.3781585484038639,0.5451621824588337
u3195,0.15156353954613044,-1.3612046113918679,-0.44320714886696116
u8098,1.1199085449665298,1.1464159541827201,0.5295666933493809
u7784,0.6870616620112502,1.4075692902044947,0.9359097597446742
u1550,-0.7189391375387961,-1.3906153531924987,-0.8339547261528016
u9799,-0.3534244905683623,-1.0565257193664641,0.030859761927547753
u8262,-0.8423291618553308,0.6664537247481656,-1.2521906381010803
u9060,-0.6162878980289559,1.6393118844256385,0.951505248854127
u2252,-0.6371801680308475,-0.3307060815077677,1.5051888496008372
u2145,0.677443839662515,0.3041344625161346,-1.4709576604081798
u7951,1.3154397164422778,-0.9541786797615731,0.8800787608984442
u7272,-0.8375202506809634,1.2181711385923455,-0.04875692802465336
u3497,-1.007503726175649,-1.2165131291779823,-0.5630593485559393
u9058,0.31192919269208125,-0.029955171309899928,-2.3357721484885294
u8991,0.3984970733743971,1.581671514219011,1.2068051373415367
u6559,-1.0796448733348623,-1.1729875731743533,-0.4953355041567238
u5592,-1.1308937504921839,0.8405559487626818,-0.9812952605042182
u6117,-0.4768145148848971,1.0005433585741998,-0.38737615002073106
u3021,-0.9257447566677006,-0.15660385749325118,1.7760842271976993
u3299,-1.1982259864770295,1.435798918610491,0.28986229397142443
u8694,0.17245580954802214,0.6088133545415383,-0.9968907496136711
u1891,1.8413200165586623,0.7111603941464293,-0.14767175064277455
u2597,1.8413200165586623,0.7111603941464293,-0.14767175064277455
u4154,1.2641908392849563,1.0593648421754618,0.3941190045509498
u7734,0.32154701504081634,1.07347965637846,0.07109527166432487
u8198,-0.9305536678420683,-0.7083212713374313,0.5726505171212721
u4257,0.8217261339809415,0.2170833505088765,-1.6064053492066108
u7179,-1.296068314812502,-1.042410905163466,-0.29216397095907715
u8947,-1.1260848393178164,1.3922733626068617,0.22213844957220885
u2639,1.4597220107607043,-1.0412297917688313,0.744631072100013
u9020,1.1711574221238512,-0.8671275677543148,1.0155264496968754
u8389,0.8217261339809415,0.2170833505088765,-1.6064053492066108
u8294,-0.7141302263644286,-0.8388979393483185,0.3694789839236256
u6449,0.028173515229595658,0.6958644665487965,-0.86144306081524
u7510,-0.9818025449993898,1.3052222505996036,0.08669076077377769
u8937,-0.9353625790164358,-1.2600386851816114,-0.630783192955155
u4768,1.6040043050791306,-1.1282809037760895,0.609183383301582
u7299,-0.14180996026509013,-1.7388198012215315,-1.3757454813465257
u4837,0.01689906757643924,-0.17071867169624946,2.099107960084324
u3687,0.5940282448501453,-0.518923119725282,1.5573172048905999
u8134,0.39368816220002956,1.029954100374831,0.0033714272651093505
u7257,1.8413200165586623,0.7111603941464293,-0.14767175064277455
u3719,0.08904021473565239,-0.21424422769987847,2.0313841156851087
u9039,0.2958458338645569,-1.448255723399126,-0.5786548376653923
u1647,-0.7862713735236418,-0.7953723833446894,0.43720282832284113
u8939,-0.8423291618553308,0.6664537247481656,-1.2521906381010803
u9951,0.8056427751534174,-1.2012172015803495,0.15071196161652597
u6935,1.2641908392849563,1.0593648421754618,0.3941190045509498
u9529,1.0477673978073165,1.189941510186349,0.5972905377485964
u2011,-0.4977067848867888,-0.9694746073592058,0.16630745072597886
u6770,-0.9866114561737573,0.7535048367554237,-1.1167429493026493
u9183,-0.8423291618553308,0.6664537247481656,-1.2521906381010803
u4877,-1.435541697956561,-0.4036423793120277,1.0467174279157812
u5495,-0.06485990193150931,-1.2306279433809806,-0.2400356156693145
u7368,0.10993248473754415,1.7557737382335274,1.4777005149383988
u1053,0.7335016279942042,-1.1576916455767203,0.2184358060157415
u3216,-1.2751760448106104,0.9276070607699402,-0.8458475717057872
u8566,-0.9866114561737573,0.7535048367554237,-1.1167429493026493
u7238,0.007281245227703905,-1.2741534993846098,-0.30775946006853
u2250,0.9660084282993681,0.13003223850161827,-1.741853038005042
u5822,0.1676468983736547,0.05709594069735831,-2.200324459690098
u9509,0.5379704565184561,0.9429029883675729,-0.13207626153332175
u3971,1.480614280762596,0.9287881741645747,0.1909474713533032
u9618,1.480614280762596,0.9287881741645747,0.1909474713533032
u3584,-0.14180996026509013,-1.7388198012215315,-1.3757454813465257
u6424,0.22851359787971134,-0.8530127535513168,0.6925027168102504
u6309,1.5527554279218092,0.8852626181609456,0.12322362695408755
u7810,0.9547339806462115,-0.7365508997434276,1.2186979828945221
u4719,-0.7814624623492741,-0.2436549695005094,1.6406365383992683
u6261,0.5170781865165643,-1.027114977565833,0.4216073392133883
u3001,-1.2239271676532888,-1.085936461167095,-0.3598878153582927
u7152,-0.7862713735236418,-0.7953723833446894,0.43720282832284113
u8224,-0.4977067848867888,-0.9694746073592058,0.16630745072597886
u1073,0.08904021473565239,-0.21424422769987847,2.0313841156851087
u8152,-0.9866114561737573,0.7535048367554237,-1.1167429493026493
u8794,0.9499250694718439,-1.2882683135876076,0.015264272818094882
u7695,-1.007503726175649,-1.2165131291779823,-0.5630593485559393
u9055,0.10031466238880893,0.6523389105451675,-0.9291669052144556
u6108,-0.7814624623492741,-0.2436549695005094,1.6406365383992683
u5975,-0.7701880146961176,0.6229281687445365,-1.319914482500296
u5558,1.099016274964638,-0.8236020117506858,1.0832502940960909
u1820,-1.5637406334474635,1.1017092847844563,-0.5749521941089248
u9106,-0.12091769026319837,0.2311981647118746,-1.9294290820932358
u4052,-0.18344101507367647,1.3781585484038639,0.5451621824588337
u6695,-0.5650390208716344,-0.3742316375113967,1.4374650052016218
u6355,0.521887097690932,-0.4753975637216531,1.6250410492898155
u3228,1.192049692125743,1.102890398179091,0.46184284895016536
u5694,-0.48162342605926467,0.44882594473002,-1.590809860097158
u8681,0.17245580954802214,0.6088133545415383,-0.9968907496136711
u2924,-0.9096613978401766,1.2616966945959744,0.018966916374562277
u1143,1.0477673978073165,1.189941510186349,0.5972905377485964
u3071,-0.6371801680308475,-0.3307060815077677,1.5051888496008372
u9346,0.46102039818487517,0.4347111305270218,-1.2677861272105333
u6125,1.5527554279218092,0.8852626181609456,0.12322362695408755
u2487,-0.9144703090145441,0.7099792807517946,-1.1844667937018647
u8413,-0.20433328507556822,-0.5918594175295422,1.0988457832055438
u4233,-1.6567740506085684,-0.8247831251453205,0.046455251037000586
u1310,-2.017479786404635,-0.6071553451271748,0.38507447303307857
u7226,-0.7814624623492741,-0.2436549695005094,1.6406365383992683
u8638,-1.0587526033329706,0.7970303927590529,-1.0490191049034336
u3277,0.9660084282993681,0.13003223850161827,-1.741853038005042
u9050,-1.5637406334474635,1.1017092847844563,-0.5749521941089248
u4649,-2.2339032278822746,-0.4765786771162876,0.588246006230725
u9012,-0.6210968092033236,1.0875944705814582,-0.2519284612223
u8054,0.01689906757643924,-0.17071867169624946,2.099107960084324
u7799,-0.8536036095084873,-0.20012941349688035,1.708360382798484
u7301,0.5892193336757776,-1.0706405335694622,0.3538834948141727
u8187,0.9660084282993681,0.13003223850161827,-1.741853038005042
u3120,-0.9353625790164358,-1.2600386851816114,-0.630783192955155
u7882,-0.1882499262480441,0.8264411345596838,-0.6582715276175934
u3062,1.0942073637902705,-1.375319425594866,-0.12018341598033629
u8815,1.4758053695882285,0.37707076032039466,-1.0124862387231237
u5487,0.3054636562132922,-0.3448208957107659,1.828212582487462
u6773,-1.007503726175649,-1.2165131291779823,-0.5630593485559393
u9549,-0.42556563772757555,-1.0130001633628352,0.09858360632676327
u5964,-1.801056344926995,-0.7377320131380622,0.18190293983543185
u4204,0.5170781865165643,-1.027114977565833,0.4216073392133883
u4242,0.22851359787971134,-0.8530127535513168,0.6925027168102504
u6104,-0.7910802846980094,-1.3470897971888696,-0.766230881753586
u1365,-0.5537645732184778,0.4923515007336492,-1.5230860156979424
u6230,-0.6162878980289559,1.6393118844256385,0.951505248854127
u3704,0.9660084282993681,0.13003223850161827,-1.741853038005042
u6825,-0.1112998679144632,1.3346329924002347,0.4774383380596183
u1344,0.0024723340533365193,-1.8258709132287896,-1.511193170144957
u2483,0.10031466238880893,0.6523389105451675,-0.9291669052144556
u4211,0.6870616620112502,1.4075692902044947,0.9359097597446742
u6596,-0.6467979903795829,-1.434140909196128,-0.9016785705520172
u9725,-1.5637406334474635,1.1017092847844563,-0.5749521941089248
u2042,0.3054636562132922,-0.3448208957107659,1.828212582487462
u4794,0.037791337578330884,1.7992992942371566,1.5454243593376142
u3139,-0.9305536678420683,-0.7083212713374313,0.5726505171212721
u1247,0.8056427751534174,-1.2012172015803495,0.15071196161652597
u2297,1.6970377222402357,0.7982115061536874,-0.012224061844343612
u7418,0.23978804553286798,0.013570384693729134,-2.2680483040893136
u4818,-0.2139511074243033,-1.6952942452179025,-1.3080216369473103
u1918,-0.13219213791635495,-0.6353849735331712,1.0311219388063284
u6371,-0.20433328507556822,-0.5918594175295422,1.0988457832055438
u4054,-1.2912594036381344,-0.4906934913192859,0.91126973911735
u8402,0.37279589219813786,-0.9400638655585749,0.5570550280118193
u3119,0.03298242640396329,1.2475818803929766,0.3419906492611871
u9189,-0.6980468675369044,0.5794026127409073,-1.3876383268995114
u3026,-1.3473171919698237,0.9711326167735691,-0.7781237273065716
u7596,1.4036642224290152,0.4205963163240236,-0.9447623943239084
u4752,0.8217261339809415,0.2170833505088765,-1.6064053492066108
u6253,-0.1273832267419873,-0.08366755968899121,2.2345556488827554
u9046,0.25421477905597056,1.6687226262262693,1.3422528261399678
u3838,0.24459695670723547,0.5652877985379092,-1.0646145940128866
u9965,-0.48162342605926467,0.44882594473002,-1.590809860097158
u8569,0.08904021473565239,-0.21424422769987847,2.0313841156851087
u4651,-1.1982259864770295,1.435798918610491,0.28986229397142443
u9100,0.01689906757643924,-0.17071867169624946,2.099107960084324
u4174,0.10031466238880893,0.6523389105451675,-0.9291669052144556
u6112,-1.3682094619717153,-0.9988853491598367,-0.22444012655986154
u2857,-0.6162878980289559,1.6393118844256385,0.951505248854127
u7820,0.012090156402071593,-0.7224360855404295,0.895674250007897
u9842,-0.5537645732184778,0.4923515007336492,-1.5230860156979424
u9694,-1.5124917562901419,-0.9118342371525786,-0.08899243776143047
u5618,-1.8523052220843164,1.2758115087989728,-0.3040568165120627
u8361,0.0842313035612848,-0.7659616415440585,0.8279504056086815
u6810,-1.146977109319708,-0.577744603326544,0.7758220503189189
u6256,0.9708173394737356,0.6817496523457983,-0.5384193279286151
u7965,-0.6371801680308475,-0.3307060815077677,1.5051888496008372
u4157,-1.1308937504921839,0.8405559487626818,-0.9812952605042182
u9386,-0.42556563772757555,-1.0130001633628352,0.09858360632676327
u5395,1.1199085449665298,1.1464159541827201,0.5295666933493809
u6815,0.5379704565184561,0.9429029883675729,-0.13207626153332175
u9362,0.5844104225014101,-1.6223579474136425,-0.8495502152622545
u2276,1.9134611637178753,0.6676348381428002,-0.21539559504199018
u5628,-0.8375202506809634,1.2181711385923455,-0.04875692802465336
u6106,-0.4303745489019431,-1.5647175772070152,-1.1048501037496636
u7329,0.5844104225014101,-1.6223579474136425,-0.8495502152622545
u5374,-0.6162878980289559,1.6393118844256385,0.951505248854127
u1598,0.10993248473754415,1.7557737382335274,1.4777005149383988
u6591,1.892568893715984,-1.302383127790606,0.3382880057047198
u7370,1.4084731336033827,0.9723137301682039,0.2586713157525187
u6377,-0.9818025449993898,1.3052222505996036,0.08669076077377769
u3353,1.9134611637178753,0.6676348381428002,-0.21539559504199018
u2123,0.037791337578330884,1.7992992942371566,1.5454243593376142
u4819,-1.0587526033329706,0.7970303927590529,-1.0490191049034336
u5423,-0.6162878980289559,1.6393118844256385,0.951505248854127
u2656,1.0268751278054247,-0.7800764557470566,1.1509741384953065
u2129,-1.2703671336362428,1.47932447461412,0.35758613837063996
u9070,-0.4720056037105295,1.5522607724183801,0.816057560055696
u6904,0.01689906757643924,-0.17071867169624946,2.099107960084324
u5102,1.0220662166310572,-1.3317938695912368,-0.05245957158112065
u7106,1.3363319864441694,1.0158392861718328,0.32639516015173425
u5891,0.8313439563296767,1.3205181781972364,0.8004620709462431
u3467,1.5318631579199176,-1.0847553477724605,0.6769072277007975
u2405,-1.7289151977677817,-0.7812575691416913,0.11417909543621622
u3285,1.620087663906655,0.2900196483131364,-1.147933927521555
u5169,-1.9453386392454213,-0.650680901130804,0.31735062863386293
u4614,-1.2239271676532888,-1.085936461167095,-0.3598878153582927
u9910,-0.5489556620441103,1.044068914577829,-0.31965230562151553
u5779,0.7383105391685717,-0.6059742317325403,1.4218695160921688
u8556,-1.6358817806066765,1.1452348407880855,-0.5072283497097094
u9948,-1.2191182564789214,-0.5342190473229148,0.8435458947181346
u8985,1.331523075269802,0.4641218723276528,-0.8770385499246928
u3435,-0.39986445655131625,1.5087352164147512,0.7483337156564804
u7972,-1.6358817806066765,1.1452348407880855,-0.5072283497097094
u4288,-0.7141302263644286,-0.8388979393483185,0.3694789839236256
u9003,1.5527554279218092,0.8852626181609456,0.12322362695408755
u5428,0.1772647207223898,1.1605307683857182,0.20654296046275605
u9160,-0.9096613978401766,1.2616966945959744,0.018966916374562277
u8124,1.4758053695882285,0.37707076032039466,-1.0124862387231237
u5512,0.32635592621518394,1.6251970702226401,1.2745289817407521
u8461,0.8217261339809415,0.2170833505088765,-1.6064053492066108
u8044,1.9856023108770888,0.624109282139171,-0.2831194394412056
u7562,-1.5846329034493551,-0.8683086811489495,-0.02126859336221494
u8135,1.9856023108770888,0.624109282139171,-0.2831194394412056
u7356,-0.2555821622328897,1.4216841044074928,0.6128860268580494
u6740,-1.3473171919698237,0.9711326167735691,-0.7781237273065716
u6235,1.6970377222402357,0.7982115061536874,-0.012224061844343612
u7745,-0.5537645732184778,0.4923515007336492,-1.5230860156979424
u4807,1.2641908392849563,1.0593648421754618,0.3941190045509498
u1194,-1.0539436921586032,1.3487478066032328,0.15441460517299332
u9710,-1.0587526033329706,0.7970303927590529,-1.0490191049034336
u3669,1.5527554279218092,0.8852626181609456,0.12322362695408755
u6795,-0.4303745489019431,-1.5647175772070152,-1.1048501037496636
u9256,1.3154397164422778,-0.9541786797615731,0.8800787608984442
u7682,1.9134611637178753,0.6676348381428002,-0.21539559504199018
u2935,-2.017479786404635,-0.6071553451271748,0.38507447303307857
u5206,-1.0587526033329706,0.7970303927590529,-1.0490191049034336
u4883,-0.5489556620441103,1.044068914577829,-0.31965230562151553
u4433,-0.5489556620441103,1.044068914577829,-0.31965230562151553
u2039,-0.6259057203776911,0.5358770567372783,-1.455362171298727
u6667,-0.6162878980289559,1.6393118844256385,0.951505248854127
u5164,0.6661693920093585,-0.5624486757289112,1.4895933604913842
u3812,-1.0587526033329706,0.7970303927590529,-1.0490191049034336
u1242,-1.801056344926995,-0.7377320131380622,0.18190293983543185
u4851,0.037791337578330884,1.7992992942371566,1.5454243593376142
u9514,1.3106308052679103,-1.505896093605753,-0.32335494917798285
u4878,0.24940586788160307,1.1170052123820893,0.13881911606354047
u4581,-0.2651999845816249,0.3182492767191327,-1.7939813932948048
u1524,-1.2912594036381344,-0.4906934913192859,0.91126973911735
u2139,-1.0748359621604948,-0.621270159330173,0.7080982059197033
u6546,0.32154701504081634,1.07347965637846,0.07109527166432487
u6145,0.10993248473754415,1.7557737382335274,1.4777005149383988
u8189,-0.9353625790164358,-1.2600386851816114,-0.630783192955155
u7911,-2.017479786404635,-0.6071553451271748,0.38507447303307857
u8764,-1.8523052220843164,1.2758115087989728,-0.3040568165120627
u5445,-0.05524207958277403,-0.1271931156926203,2.16683180448354
u6872,2.202025752354728,0.4935326141282837,-0.4862909726388523
u6901,-1.8731974920862082,-0.6942064571344331,0.2496267842346475
u3590,-0.04877654310398522,0.18767260870824554,-1.9971529264924515
u9836,2.2741668995139417,0.45000705812465464,-0.554014817038068
u3212,1.4036642224290152,0.4205963163240236,-0.9447623943239084
u8729,0.007281245227703905,-1.2741534993846098,-0.30775946006853
u6303,0.5892193336757776,-1.0706405335694622,0.3538834948141727
u9934,0.6613604808349909,-1.1141660895730914,0.28615965041495717
u9095,-0.6980468675369044,0.5794026127409073,-1.3876383268995114
u3072,-0.9257447566677006,-0.15660385749325118,1.7760842271976993
u2716,-1.0587526033329706,0.7970303927590529,-1.0490191049034336
u3358,1.8204277465567704,-1.2588575717869768,0.4060118501039354
u9260,0.0842313035612848,-0.7659616415440585,0.8279504056086815
u5262,-1.6567740506085684,-0.8247831251453205,0.046455251037000586
u9239,0.31673810386644863,0.5217622425342802,-1.1323384384121022
u6852,0.09550575121444144,0.10062149670098726,-2.1326006152908827
u7205,-0.2139511074243033,-1.6952942452179025,-1.3080216369473103
u3374,0.2958458338645569,-1.448255723399126,-0.5786548376653923
u3197,-2.1617620807230615,-0.5201042331199167,0.5205221618315096
u3013,0.1676468983736547,0.05709594069735831,-2.200324459690098
u9419,-0.6419890792052153,-0.8824234953519476,0.30175513952440997
u2262,0.1676468983736547,0.05709594069735831,-2.200324459690098
u1007,0.9708173394737356,0.6817496523457983,-0.5384193279286151
u3158,-2.017479786404635,-0.6071553451271748,0.38507447303307857
u3035,0.6822527508368826,0.8558518763603147,-0.26752395033175286
u3302,-0.2091421962499358,-1.1435768313737225,-0.10458792687088339
u1693,-0.6371801680308475,-0.3307060815077677,1.5051888496008372
u3887,-1.0026948150012815,-0.6647957153338022,0.6403743615204877
u7024,-0.8632214318572226,-1.3035642411852406,-0.6985070373543705
u8267,-0.5025156960611563,-1.521192021203386,-1.0371262593504482
u6936,0.5844104225014101,-1.6223579474136425,-0.8495502152622545
u5941,0.4449370393573511,-0.9835894215622041,0.4893311836126038
u2091,0.22851359787971134,-0.8530127535513168,0.6925027168102504
u2992,1.2593819281105885,0.507647428331282,-0.8093147055254774
u5997,1.0220662166310572,-1.3317938695912368,-0.05245957158112065
u5776,-0.04877654310398522,0.18767260870824554,-1.9971529264924515
u3991,0.15637245072049807,-0.8094871975476876,0.760226561209466
u4189,1.6040043050791306,-1.1282809037760895,0.609183383301582
u3251,-0.42556563772757555,-1.0130001633628352,0.09858360632676327
u2348,0.4449370393573511,-0.9835894215622041,0.4893311836126038
u2032,0.10031466238880893,0.6523389105451675,-0.9291669052144556
u5400,0.2237046867053437,-1.404730167395497,-0.5109309932661767
u6464,-1.4915994862882502,1.0581837287808273,-0.6426760385081405
u1525,-1.2703671336362428,1.47932447461412,0.35758613837063996
u9557,0.1772647207223898,1.1605307683857182,0.20654296046275605
u4409,1.1711574221238512,-0.8671275677543148,1.0155264496968754
u7000,0.8777839223126307,-1.2447427575839787,0.08298811721731043
u9667,-0.2651999845816249,0.3182492767191327,-1.7939813932948048
u5550,1.0429584866329489,0.6382240963421691,-0.6061431723278308
u4743,0.007281245227703905,-1.2741534993846098,-0.30775946006853
u2641,1.099016274964638,-0.8236020117506858,1.0832502940960909
u5425,0.9708173394737356,0.6817496523457983,-0.5384193279286151
u3577,-0.42556563772757555,-1.0130001633628352,0.09858360632676327
u8784,0.39368816220002956,1.029954100374831,0.0033714272651093505
u5580,0.3984970733743971,1.581671514219011,1.2068051373415367
u1241,1.238489658108697,-1.462370537602124,-0.2556311047787673
u8825,-0.06005099075714168,-0.6789105295368003,0.9633980944071127
u8743,0.007281245227703905,-1.2741534993846098,-0.30775946006853
u7140,0.8313439563296767,1.3205181781972364,0.8004620709462431
u6482,-1.1260848393178164,1.3922733626068617,0.22213844957220885
u5971,-1.419458339129037,1.0146581727771982,-0.710399882907356
u8777,0.3888792510256619,0.4782366865306509,-1.2000622828113179
u3333,1.6970377222402357,0.7982115061536874,-0.012224061844343612
u4444,0.2958458338645569,-1.448255723399126,-0.5786548376653923
u8966,0.4658293093592428,0.986428544371202,-0.06435241713410624
u6741,1.0477673978073165,1.189941510186349,0.5972905377485964
u9065,1.480614280762596,0.9287881741645747,0.1909474713533032
u4221,1.3106308052679103,-1.505896093605753,-0.32335494917798285
u3373,-0.2139511074243033,-1.6952942452179025,-1.3080216369473103
u7805,-1.801056344926995,-0.7377320131380622,0.18190293983543185
u3352,-0.8423291618553308,0.6664537247481656,-1.2521906381010803
u6880,0.5170781865165643,-1.027114977565833,0.4216073392133883
u4571,0.09550575121444144,0.10062149670098726,-2.1326006152908827
u1574,1.0429584866329489,0.6382240963421691,-0.6061431723278308
u9832,1.769178869399449,0.7546859501500583,-0.07994790624355914
u8728,0.10512357356317653,1.2040563243893474,0.2742668048619716
u6289,-1.70802292776589,1.1887603967917146,-0.43950450531049373
u6087,-0.1882499262480441,0.8264411345596838,-0.6582715276175934
u8611,-1.70802292776589,1.1887603967917146,-0.43950450531049373
u1639,2.2741668995139417,0.45000705812465464,-0.554014817038068
u4143,1.9134611637178753,0.6676348381428002,-0.21539559504199018
u4097,1.6248965750810225,0.8417370621573166,0.05549978255487202
u1669,-0.3373411317408382,0.3617748327227619,-1.7262575488955891
u4528,1.331523075269802,0.4641218723276528,-0.8770385499246928
u2982,1.4758053695882285,0.37707076032039466,-1.0124862387231237
u1912,-0.5489556620441103,1.044068914577829,-0.31965230562151553
u1279,1.0429584866329489,0.6382240963421691,-0.6061431723278308
u5605,-0.1882499262480441,0.8264411345596838,-0.6582715276175934
u8253,1.1199085449665298,1.1464159541827201,0.5295666933493809
u1645,-0.8375202506809634,1.2181711385923455,-0.04875692802465336
u8422,0.31673810386644863,0.5217622425342802,-1.1323384384121022
u8857,-0.9096613978401766,1.2616966945959744,0.018966916374562277
u3917,-0.06966881310587675,-1.7823453572251606,-1.4434693257457414
u6124,1.2432985692830645,-0.9106531237579439,0.9478026052976597
u7023,-1.5846329034493551,-0.8683086811489495,-0.02126859336221494
u8148,1.0268751278054247,-0.7800764557470566,1.1509741384953065
u3718,-0.8632214318572226,-1.3035642411852406,-0.6985070373543705
u5325,-1.2239271676532888,-1.085936461167095,-0.3598878153582927
u2417,1.8413200165586623,0.7111603941464293,-0.14767175064277455
u6331,-0.05524207958277403,-0.1271931156926203,2.16683180448354
u7344,0.8056427751534174,-1.2012172015803495,0.15071196161652597
u5669,-0.9096613978401766,1.2616966945959744,0.018966916374562277
u6322,1.676145452238344,-1.1718064597797186,0.5414595389023664
u1557,1.1872407809513754,0.551172984334911,-0.7415908611262617
u1107,-0.6259057203776911,0.5358770567372783,-1.455362171298727
u2464,0.36798698102377025,-1.4917812794027552,-0.6463786820646078
u1943,0.6053026925033016,0.3476600185197637,-1.4032338160089644
u4177,0.7543938979960959,0.8123263203566856,-0.3352477947309684
u4109,-0.2139511074243033,-1.6952942452179025,-1.3080216369473103
u5038,1.2432985692830645,-0.9106531237579439,0.9478026052976597
u9378,0.1772647207223898,1.1605307683857182,0.20654296046275605
u8082,-0.9096613978401766,1.2616966945959744,0.018966916374562277
u1358,-1.0587526033329706,0.7970303927590529,-1.0490191049034336
u4639,-0.28609225458351656,-1.6517686892142733,-1.2402977925480947
u4163,1.0220662166310572,-1.3317938695912368,-0.05245957158112065
u4675,-0.32772330939210287,1.465209660411122,0.6806098712572648
u3550,0.012090156402071593,-0.7224360855404295,0.895674250007897
u3419,-0.9866114561737573,0.7535048367554237,-1.1167429493026493
u2332,1.192049692125743,1.102890398179091,0.46184284895016536
u6545,1.9134611637178753,0.6676348381428002,-0.21539559504199018
u3153,0.2237046867053437,-1.404730167395497,-0.5109309932661767
u1870,-0.7189391375387961,-1.3906153531924987,-0.8339547261528016
u2970,2.129884605195515,0.5370581701319129,-0.41856712823963665
u2289,-2.017479786404635,-0.6071553451271748,0.38507447303307857
u1023,-1.7289151977677817,-0.7812575691416913,0.11417909543621622
u1811,-0.12091769026319837,0.2311981647118746,-1.9294290820932358
u5106,-0.9257447566677006,-0.15660385749325118,1.7760842271976993
u9489,1.9647100408751972,-1.345908683794235,0.27056416130550426
u8524,-0.13219213791635495,-0.6353849735331712,1.0311219388063284
u2125,-0.7141302263644286,-0.8388979393483185,0.3694789839236256
u6054,-0.7910802846980094,-1.3470897971888696,-0.766230881753586
u4503,-0.5537645732184778,0.4923515007336492,-1.5230860156979424
u6466,-0.9818025449993898,1.3052222505996036,0.08669076077377769
u2743,1.4597220107607043,-1.0412297917688313,0.744631072100013
u3653,-1.4915994862882502,1.0581837287808273,-0.6426760385081405
u1502,-2.089620933563848,-0.5636297891235458,0.452798317432294
u9186,1.3363319864441694,1.0158392861718328,0.32639516015173425
u8217,-1.146977109319708,-0.577744603326544,0.7758220503189189
u6431,-0.11610877908883083,0.7829155785560548,-0.725995372016809
u5070,0.90348510348889,1.2769926221936074,0.7327382265470276
u6085,1.6970377222402357,0.7982115061536874,-0.012224061844343612
u4026,-0.28128334340914907,-1.1000512753700933,-0.0368640824716678
u6481,-0.40467336772568385,0.9570178025705711,-0.45509999441994664
u4411,-1.7289151977677817,-0.7812575691416913,0.11417909543621622
u1153,-1.0748359621604948,-0.621270159330173,0.7080982059197033
u1368,-0.40467336772568385,0.9570178025705711,-0.45509999441994664
u8737,-0.5441467508697426,1.5957863284220093,0.8837814044549115
u9569,1.4758053695882285,0.37707076032039466,-1.0124862387231237
u3553,-1.1260848393178164,1.3922733626068617,0.22213844957220885
u4709,0.90348510348889,1.2769926221936074,0.7327382265470276
u4830,0.5331615453440884,0.39118557452339275,-1.3355099716097487
u4483,1.192049692125743,1.102890398179091,0.46184284895016536
u5083,-0.2555821622328897,1.4216841044074928,0.6128860268580494
u5064,-0.1273832267419873,-0.08366755968899121,2.2345556488827554
u8547,0.46102039818487517,0.4347111305270218,-1.2677861272105333
u8671,-0.9257447566677006,-0.15660385749325118,1.7760842271976993
u1349,1.1663485109494836,-1.418844981598495,-0.1879072603795517
u7088,0.0842313035612848,-0.7659616415440585,0.8279504056086815
u9431,-1.419458339129037,1.0146581727771982,-0.710399882907356
u1621,1.4758053695882285,0.37707076032039466,-1.0124862387231237
u6750,2.2741668995139417,0.45000705812465464,-0.554014817038068
u6641,1.3154397164422778,-0.9541786797615731,0.8800787608984442
u8625,-0.7862713735236418,-0.7953723833446894,0.43720282832284113
u7747,-0.8375202506809634,1.2181711385923455,-0.04875692802465336
u2025,1.2593819281105885,0.507647428331282,-0.8093147055254774
u3733,-1.1517860204940755,-1.1294620171707241,-0.4276116597575082
u1406,-0.7653791035217501,1.1746455825887163,-0.1164807724238689
u3287,0.3054636562132922,-0.3448208957107659,1.828212582487462
u1459,0.23332250905407895,-0.30129533970713673,1.8959364268866776
u7312,-0.2555821622328897,1.4216841044074928,0.6128860268580494
u7382,-1.2703671336362428,1.47932447461412,0.35758613837063996
u3094,0.810451686327785,-0.6494997877361693,1.3541456716929532
u6262,-0.6162878980289559,1.6393118844256385,0.951505248854127
u1281,-0.40467336772568385,0.9570178025705711,-0.45509999441994664
u6867,-1.2030348976513972,0.884081504766311,-0.9135714161050027
u7125,-0.3373411317408382,0.3617748327227619,-1.7262575488955891
u2699,-1.5124917562901419,-0.9118342371525786,-0.08899243776143047
u7790,-0.9353625790164358,-1.2600386851816114,-0.630783192955155
u6626,-0.28128334340914907,-1.1000512753700933,-0.0368640824716678
u3275,-0.8584125206828551,-0.7518468273410603,0.5049266727220566
u6146,-0.5025156960611563,-1.521192021203386,-1.0371262593504482
u8035,1.0477673978073165,1.189941510186349,0.5972905377485964
u3172,-0.9305536678420683,-0.7083212713374313,0.5726505171212721
u7389,0.7543938979960959,0.8123263203566856,-0.3352477947309684
u3734,1.1199085449665298,1.1464159541827201,0.5295666933493809
u3318,0.18207363189675732,1.7122481822298983,1.4099766705391832
u3618,1.7482865993975574,-1.2153320157833478,0.47373569450315084
u5372,-2.1617620807230615,-0.5201042331199167,0.5205221618315096
u4978,1.480614280762596,0.9287881741645747,0.1909474713533032
u3200,0.15156353954613044,-1.3612046113918679,-0.44320714886696116
u1942,0.9756262506481033,1.2334670661899783,0.6650143821478119
u7633,1.0477673978073165,1.189941510186349,0.5972905377485964
u6488,1.0220662166310572,-1.3317938695912368,-0.05245957158112065
u8327,1.0429584866329489,0.6382240963421691,-0.6061431723278308
u7139,-0.7653791035217501,1.1746455825887163,-0.1164807724238689
u5211,-0.27166552106041386,0.003383552318267018,2.370003337681186
u5562,-0.5025156960611563,-1.521192021203386,-1.0371262593504482
u8929,1.0429584866329489,0.6382240963421691,-0.6061431723278308
u1414,-0.9866114561737573,0.7535048367554237,-1.1167429493026493
u8640,0.2958458338645569,-1.448255723399126,-0.5786548376653923
u8885,0.8217261339809415,0.2170833505088765,-1.6064053492066108
u9190,0.6661693920093585,-0.5624486757289112,1.4895933604913842
u1832,0.7495849868217282,0.2606089065125054,-1.5386815048073954
u2579,1.3363319864441694,1.0158392861718328,0.32639516015173425
u6127,-1.7289151977677817,-0.7812575691416913,0.11417909543621622
u1975,-1.6567740506085684,-0.8247831251453205,0.046455251037000586
u8442,0.0842313035612848,-0.7659616415440585,0.8279504056086815
u3134,-0.13219213791635495,-0.6353849735331712,1.0311219388063284
u5578,0.9547339806462115,-0.7365508997434276,1.2186979828945221
u3050,-0.06966881310587675,-1.7823453572251606,-1.4434693257457414
u6516,-1.5798239922749875,-0.31659126730476944,1.1821651167142122
u7282,-1.2239271676532888,-1.085936461167095,-0.3598878153582927
u9210,1.238489658108697,-1.462370537602124,-0.2556311047787673
u4207,-1.2703671336362428,1.47932447461412,0.35758613837063996
u4665,-0.6162878980289559,1.6393118844256385,0.951505248854127
u8860,0.17245580954802214,0.6088133545415383,-0.9968907496136711
u5862,-2.1617620807230615,-0.5201042331199167,0.5205221618315096
u7868,-0.7093213151900608,-0.28718052550413853,1.5729126940000528
u7808,-0.42556563772757555,-1.0130001633628352,0.09858360632676327
u8967,-0.5441467508697426,1.5957863284220093,0.8837814044549115
u7131,-1.801056344926995,-0.7377320131380622,0.18190293983543185
u1146,1.5479465167474418,0.3335452043167655,-1.0802100831223393
u7239,0.8056427751534174,-1.2012172015803495,0.15071196161652597
u1781,1.5527554279218092,0.8852626181609456,0.12322362695408755
u9620,-0.6210968092033236,1.0875944705814582,-0.2519284612223
u4691,0.6870616620112502,1.4075692902044947,0.9359097597446742
u2317,-0.7141302263644286,-0.8388979393483185,0.3694789839236256
u2577,0.32635592621518394,1.6251970702226401,1.2745289817407521
u6193,-0.4303745489019431,-1.5647175772070152,-1.1048501037496636
u8951,1.6040043050791306,-1.1282809037760895,0.609183383301582
u7758,0.16118136189486568,-0.25776978370350767,1.9636602712858933
u9698,0.15156353954613044,-1.3612046113918679,-0.44320714886696116
u2772,1.7482865993975574,-1.2153320157833478,0.47373569450315084
u9187,-0.3325322205664706,0.913492246566942,-0.5228238388191623
u2470,0.6101116036776694,0.8993774323639437,-0.19980010593253733
u4892,-0.40948227890005134,0.40530038872639096,-1.6585337044963737
u1395,-0.6259057203776911,0.5358770567372783,-1.455362171298727
u8179,0.2237046867053437,-1.404730167395497,-0.5109309932661767
u9174,1.0220662166310572,-1.3317938695912368,-0.05245957158112065
u1470,-0.12091769026319837,0.2311981647118746,-1.9294290820932358
u4304,-0.8632214318572226,-1.3035642411852406,-0.6985070373543705
u1450,0.5170781865165643,-1.027114977565833,0.4216073392133883
u8435,1.1711574221238512,-0.8671275677543148,1.0155264496968754
u3056,-0.6210968092033236,1.0875944705814582,-0.2519284612223
u9755,-0.7653791035217501,1.1746455825887163,-0.1164807724238689
u1884,1.1711574221238512,-0.8671275677543148,1.0155264496968754
u8383,-1.5076828451157742,-0.3601168233083986,1.1144412723149968
u8590,0.012090156402071593,-0.7224360855404295,0.895674250007897
u9805,-0.5441467508697426,1.5957863284220093,0.8837814044549115
u2969,-1.1308937504921839,0.8405559487626818,-0.9812952605042182
u9892,0.8825928334869982,-0.6930253437397985,1.2864218272937376
u9141,0.3006547450389246,-0.8965383095549458,0.6247788724110349
u3219,-0.11610877908883083,0.7829155785560548,-0.725995372016809
u4012,-0.9144703090145441,0.7099792807517946,-1.1844667937018647
u1603,-0.4720056037105295,1.5522607724183801,0.816057560055696
u7406,1.480614280762596,0.9287881741645747,0.1909474713533032
u9483,0.37279589219813786,-0.9400638655585749,0.5570550280118193
u8110,-0.35823340174272994,-1.6082431332106442,-1.1725739481488793
u9402,0.31673810386644863,0.5217622425342802,-1.1323384384121022
u2382,1.8413200165586623,0.7111603941464293,-0.14767175064277455
u6463,0.6565515696606233,-1.6658835034172714,-0.91727405966147
u7526,-0.20433328507556822,-0.5918594175295422,1.0988457832055438
u9253,1.2641908392849563,1.0593648421754618,0.3941190045509498
u5718,-0.7910802846980094,-1.3470897971888696,-0.766230881753586
u8887,1.0942073637902705,-1.375319425594866,-0.12018341598033629
u7815,-2.089620933563848,-0.5636297891235458,0.452798317432294
u7246,0.6101116036776694,0.8993774323639437,-0.19980010593253733
u6734,-1.3634005507973477,-0.44716793531565674,0.9789935835165656
u9257,0.023364604055228163,0.14414705270461642,-2.064876770891667
u7201,-0.6932379563625368,1.1311200265850871,-0.18420461682308453
u3988,0.15156353954613044,-1.3612046113918679,-0.44320714886696116
u1299,-1.5637406334474635,1.1017092847844563,-0.5749521941089248
u6504,0.4706382205336104,1.538145958215382,1.139081292942321
u7575,-2.2339032278822746,-0.4765786771162876,0.588246006230725
u1824,-0.7814624623492741,-0.2436549695005094,1.6406365383992683
u1534,-0.9144703090145441,0.7099792807517946,-1.1844667937018647
u3987,-0.8536036095084873,-0.20012941349688035,1.708360382798484
u9911,0.23978804553286798,0.013570384693729134,-2.2680483040893136
u4753,-1.0026948150012815,-0.6647957153338022,0.6403743615204877
u7117,-0.12091769026319837,0.2311981647118746,-1.9294290820932358
u6768,0.23332250905407895,-0.30129533970713673,1.8959364268866776
u9126,-0.6259057203776911,0.5358770567372783,-1.455362171298727
u5689,0.8777839223126307,-1.2447427575839787,0.08298811721731043
u2061,0.012090156402071593,-0.7224360855404295,0.895674250007897
u3143,1.387580863601491,-0.9977042357652021,0.8123549164992285
u6650,0.6870616620112502,1.4075692902044947,0.9359097597446742
u6938,0.3888792510256619,0.4782366865306509,-1.2000622828113179
u1959,0.7592028091704635,1.3640437342008656,0.8681859153454586
u3856,0.1676468983736547,0.05709594069735831,-2.200324459690098
u9073,-0.1112998679144632,1.3346329924002347,0.4774383380596183
u5118,-0.05524207958277403,-0.1271931156926203,2.16683180448354
u4924,1.6248965750810225,0.8417370621573166,0.05549978255487202
u4725,-0.12091769026319837,0.2311981647118746,-1.9294290820932358
u4351,0.5844104225014101,-1.6223579474136425,-0.8495502152622545
u1739,-0.1112998679144632,1.3346329924002347,0.4774383380596183
u3556,-0.6210968092033236,1.0875944705814582,-0.2519284612223
u7293,1.0477673978073165,1.189941510186349,0.5972905377485964
u4148,0.24940586788160307,1.1170052123820893,0.13881911606354047
u5029,0.32635592621518394,1.6251970702226401,1.2745289817407521
u2195,-0.14180996026509013,-1.7388198012215315,-1.3757454813465257
u6118,0.8056427751534174,-1.2012172015803495,0.15071196161652597
u6416,-0.569847932046002,-0.9259490513555767,0.23403129512519438
u2416,0.8056427751534174,-1.2012172015803495,0.15071196161652597
u4350,-0.1273832267419873,-0.08366755968899121,2.2345556488827554
u1852,-2.089620933563848,-0.5636297891235458,0.452798317432294
u9524,0.09550575121444144,0.10062149670098726,-2.1326006152908827
u4991,0.3888792510256619,0.4782366865306509,-1.2000622828113179
u6484,-0.7141302263644286,-0.8388979393483185,0.3694789839236256
u2805,1.3154397164422778,-0.9541786797615731,0.8800787608984442
u5961,-0.3486155793939946,-0.5048083055222841,1.2342934720039749
u6985,0.09550575121444144,0.10062149670098726,-2.1326006152908827
u8756,-1.8523052220843164,1.2758115087989728,-0.3040568165120627
u3410,0.7383105391685717,-0.6059742317325403,1.4218695160921688
u4735,1.3106308052679103,-1.505896093605753,-0.32335494917798285
u2580,0.6101116036776694,0.8993774323639437,-0.19980010593253733
u7825,0.31673810386644863,0.5217622425342802,-1.1323384384121022
u8096,0.7495849868217282,0.2606089065125054,-1.5386815048073954
u5969,-0.1112998679144632,1.3346329924002347,0.4774383380596183
u1286,-0.1273832267419873,-0.08366755968899121,2.2345556488827554
u1342,-0.6162878980289559,1.6393118844256385,0.951505248854127
u4072,1.1872407809513754,0.551172984334911,-0.7415908611262617
u2740,-1.4915994862882502,1.0581837287808273,-0.6426760385081405
u2701,2.129884605195515,0.5370581701319129,-0.41856712823963665
u1386,1.6040043050791306,-1.1282809037760895,0.609183383301582
u8010,0.08904021473565239,-0.21424422769987847,2.0313841156851087
u3608,2.0577434580363017,0.5805837261355419,-0.35084328384042124
u5622,0.8938672811401548,0.17355779450524733,-1.6741291936058265
u8318,0.8217261339809415,0.2170833505088765,-1.6064053492066108
u7210,-2.2339032278822746,-0.4765786771162876,0.588246006230725
u9342,-1.0026948150012815,-0.6647957153338022,0.6403743615204877
u6059,0.4497459505317186,-0.43187200771802403,1.692764893689031
u5447,0.9499250694718439,-1.2882683135876076,0.015264272818094882
u1243,-0.35823340174272994,-1.6082431332106442,-1.1725739481488793
u2373,0.8986761923145224,0.7252752083494274,-0.47069548352939955
u7369,0.7495849868217282,0.2606089065125054,-1.5386815048073954
u1655,0.01689906757643924,-0.17071867169624946,2.099107960084324
u3996,-1.7801640749251033,1.2322859527953436,-0.3717806609112782
u2972,0.4401281281829835,-1.5353068354063844,-0.7141025264638234
u5898,-0.039158720755249926,1.2911074363966055,0.40971449366040263
u8810,-0.49289787371242116,-0.4177571935150259,1.3697411608024062
u7963,1.4084731336033827,0.9723137301682039,0.2586713157525187
u7924,-0.40467336772568385,0.9570178025705711,-0.45509999441994664
u6869,-1.9244463692435296,1.319337064802602,-0.23633297211284718
u3343,0.023364604055228163,0.14414705270461642,-2.064876770891667
u6942,-0.8632214318572226,-1.3035642411852406,-0.6985070373543705
u3903,-0.4720056037105295,1.5522607724183801,0.816057560055696
u4403,-1.2191182564789214,-0.5342190473229148,0.8435458947181346
u9465,-1.5124917562901419,-0.9118342371525786,-0.08899243776143047
u7439,-1.0796448733348623,-1.1729875731743533,-0.4953355041567238
u9963,-0.04877654310398522,0.18767260870824554,-1.9971529264924515
u8627,-1.2239271676532888,-1.085936461167095,-0.3598878153582927
u4653,-2.017479786404635,-0.6071553451271748,0.38507447303307857
u6330,-1.2703671336362428,1.47932447461412,0.35758613837063996
u8053,-0.9257447566677006,-0.15660385749325118,1.7760842271976993
u3309,0.3984970733743971,1.581671514219011,1.2068051373415367
u6337,-0.06485990193150931,-1.2306279433809806,-0.2400356156693145
u8405,1.3106308052679103,-1.505896093605753,-0.32335494917798285
u1364,-0.039158720755249926,1.2911074363966055,0.40971449366040263
u2249,-0.6419890792052153,-0.8824234953519476,0.30175513952440997
u7185,0.32154701504081634,1.07347965637846,0.07109527166432487
u8099,0.9499250694718439,-1.2882683135876076,0.015264272818094882
u8060,-0.18344101507367647,1.3781585484038639,0.5451621824588337
u6788,-0.2555821622328897,1.4216841044074928,0.6128860268580494
u1489,-0.6259057203776911,0.5358770567372783,-1.455362171298727
u2912,-1.435541697956561,-0.4036423793120277,1.0467174279157812
u3832,-1.2912594036381344,-0.4906934913192859,0.91126973911735
u3127,1.2432985692830645,-0.9106531237579439,0.9478026052976597
u6498,-1.5637406334474635,1.1017092847844563,-0.5749521941089248
u3394,-1.7289151977677817,-0.7812575691416913,0.11417909543621622
u4848,-0.5746568432203696,-1.4776664651997569,-0.9694024149512328
u2854,0.5940282448501453,-0.518923119725282,1.5573172048905999
u5701,-0.40467336772568385,0.9570178025705711,-0.45509999441994664
u1544,-2.2339032278822746,-0.4765786771162876,0.588246006230725
u6635,-0.28128334340914907,-1.1000512753700933,-0.0368640824716678
u8298,1.480614280762596,0.9287881741645747,0.1909474713533032
u7689,0.0024723340533365193,-1.8258709132287896,-1.511193170144957
u4882,-1.0026948150012815,-0.6647957153338022,0.6403743615204877
u2310,-0.39986445655131625,1.5087352164147512,0.7483337156564804
u9673,0.31192919269208125,-0.029955171309899928,-2.3357721484885294
u2191,-0.6371801680308475,-0.3307060815077677,1.5051888496008372
u8779,-0.7701880146961176,0.6229281687445365,-1.319914482500296
u8190,-1.146977109319708,-0.577744603326544,0.7758220503189189
u8137,0.6101116036776694,0.8993774323639437,-0.19980010593253733
u2995,-0.06005099075714168,-0.6789105295368003,0.9633980944071127
u5569,1.620087663906655,0.2900196483131364,-1.147933927521555
u2952,-0.28609225458351656,-1.6517686892142733,-1.2402977925480947
u7476,-1.9244463692435296,1.319337064802602,-0.23633297211284718
u4278,0.6661693920093585,-0.5624486757289112,1.4895933604913842
u6096,-0.9866114561737573,0.7535048367554237,-1.1167429493026493
u5542,-0.06005099075714168,-0.6789105295368003,0.9633980944071127
u6406,2.0577434580363017,0.5805837261355419,-0.35084328384042124
u1648,-0.3534244905683623,-1.0565257193664641,0.030859761927547753
u9682,-0.4207567265532079,-0.46128274951865494,1.3020173164031905
u2818,-0.9257447566677006,-0.15660385749325118,1.7760842271976993
u9313,-0.569847932046002,-0.9259490513555767,0.23403129512519438
u6553,-0.42556563772757555,-1.0130001633628352,0.09858360632676327
u8807,1.192049692125743,1.102890398179091,0.46184284895016536
u3421,0.9499250694718439,-1.2882683135876076,0.015264272818094882
u9762,1.4758053695882285,0.37707076032039466,-1.0124862387231237
u4579,-1.1982259864770295,1.435798918610491,0.28986229397142443
u6468,0.32154701504081634,1.07347965637846,0.07109527166432487
u3159,-0.9257447566677006,-0.15660385749325118,1.7760842271976993
u1638,-0.19952437390120056,-0.04014200368536215,2.302279493281971
u6584,0.6053026925033016,0.3476600185197637,-1.4032338160089644
u4228,-1.4915994862882502,1.0581837287808273,-0.6426760385081405
u5482,-0.9257447566677006,-0.15660385749325118,1.7760842271976993
u1138,0.37760480337250546,-0.38834645171439497,1.7604887380882466
u8922,0.3006547450389246,-0.8965383095549458,0.6247788724110349
u2548,-0.1273832267419873,-0.08366755968899121,2.2345556488827554
u3630,1.2641908392849563,1.0593648421754618,0.3941190045509498
u1331,-0.9353625790164358,-1.2600386851816114,-0.630783192955155
u7897,0.5940282448501453,-0.518923119725282,1.5573172048905999
u6270,0.31673810386644863,0.5217622425342802,-1.1323384384121022
u8208,-0.19952437390120056,-0.04014200368536215,2.302279493281971
u1838,-1.7801640749251033,1.2322859527953436,-0.3717806609112782
u3512,0.8986761923145224,0.7252752083494274,-0.47069548352939955
u8864,0.25421477905597056,1.6687226262262693,1.3422528261399678
u5397,-0.7701880146961176,0.6229281687445365,-1.319914482500296
u7967,-1.0748359621604948,-0.621270159330173,0.7080982059197033
u9243,0.9708173394737356,0.6817496523457983,-0.5384193279286151
u8063,-1.7289151977677817,-0.7812575691416913,0.11417909543621622
u6092,0.8056427751534174,-1.2012172015803495,0.15071196161652597
u4733,0.46102039818487517,0.4347111305270218,-1.2677861272105333
u6439,-0.1273832267419873,-0.08366755968899121,2.2345556488827554
u4002,1.9647100408751972,-1.345908683794235,0.27056416130550426
u3471,-0.9144703090145441,0.7099792807517946,-1.1844667937018647
u4763,-0.8584125206828551,-0.7518468273410603,0.5049266727220566
u6576,0.3054636562132922,-0.3448208957107659,1.828212582487462
u6779,-0.20433328507556822,-0.5918594175295422,1.0988457832055438
u9820,-0.2555821622328897,1.4216841044074928,0.6128860268580494
u9354,-0.6210968092033236,1.0875944705814582,-0.2519284612223
u6610,-0.27647443223478135,-0.5483338615259131,1.1665696276047595
u6783,-0.04396763192961756,0.7393900225524256,-0.7937192164160245
u7679,-0.40467336772568385,0.9570178025705711,-0.45509999441994664
u7801,0.8825928334869982,-0.6930253437397985,1.2864218272937376
u3909,-1.3634005507973477,-0.44716793531565674,0.9789935835165656
u2777,1.4597220107607043,-1.0412297917688313,0.744631072100013
u3517,0.6101116036776694,0.8993774323639437,-0.19980010593253733
u6840,-1.5798239922749875,-0.31659126730476944,1.1821651167142122
u4031,1.0942073637902705,-1.375319425594866,-0.12018341598033629
u9005,-0.04396763192961756,0.7393900225524256,-0.7937192164160245
u8739,-0.49289787371242116,-0.4177571935150259,1.3697411608024062
u3729,-0.2139511074243033,-1.6952942452179025,-1.3080216369473103
u9487,-1.2912594036381344,-0.4906934913192859,0.91126973911735
u5523,1.1199085449665298,1.1464159541827201,0.5295666933493809
u1907,-0.06966881310587675,-1.7823453572251606,-1.4434693257457414
u8915,-1.9453386392454213,-0.650680901130804,0.31735062863386293
u3378,0.6870616620112502,1.4075692902044947,0.9359097597446742
u7133,0.8938672811401548,0.17355779450524733,-1.6741291936058265
u6336,-0.2139511074243033,-1.6952942452179025,-1.3080216369473103
u4453,2.0577434580363017,0.5805837261355419,-0.35084328384042124
u6267,-0.8423291618553308,0.6664537247481656,-1.2521906381010803
u1785,-1.3634005507973477,-0.44716793531565674,0.9789935835165656
u3198,-2.2339032278822746,-0.4765786771162876,0.588246006230725
u1610,-0.7653791035217501,1.1746455825887163,-0.1164807724238689
u9375,0.677443839662515,0.3041344625161346,-1.4709576604081798
u9456,-2.2339032278822746,-0.4765786771162876,0.588246006230725
u7767,0.5331615453440884,0.39118557452339275,-1.3355099716097487
u4017,-0.28609225458351656,-1.6517686892142733,-1.2402977925480947
u8289,-1.1260848393178164,1.3922733626068617,0.22213844957220885
u8136,0.6565515696606233,-1.6658835034172714,-0.91727405966147
u8908,-0.04396763192961756,0.7393900225524256,-0.7937192164160245
u6307,-1.8523052220843164,1.2758115087989728,-0.3040568165120627
u4859,1.1150996337921621,0.5946985403385401,-0.6738670167270463
u8008,-0.19305883742241164,0.27472372071550366,-1.8617052376940204
u7509,0.01689906757643924,-0.17071867169624946,2.099107960084324
u5051,-0.8584125206828551,-0.7518468273410603,0.5049266727220566
u6525,-0.9866114561737573,0.7535048367554237,-1.1167429493026493
u3242,-0.3534244905683623,-1.0565257193664641,0.030859761927547753
u8385,0.03298242640396329,1.2475818803929766,0.3419906492611871
u8129,-0.49289787371242116,-0.4177571935150259,1.3697411608024062
u8165,-1.7289151977677817,-0.7812575691416913,0.11417909543621622
u8960,-0.28609225458351656,-1.6517686892142733,-1.2402977925480947
u4263,1.769178869399449,0.7546859501500583,-0.07994790624355914
u7889,0.7543938979960959,0.8123263203566856,-0.3352477947309684
u2587,1.192049692125743,1.102890398179091,0.46184284895016536
u8175,-1.4915994862882502,1.0581837287808273,-0.6426760385081405
u4657,1.6248965750810225,0.8417370621573166,0.05549978255487202
u8233,-0.1882499262480441,0.8264411345596838,-0.6582715276175934
u2906,-0.11610877908883083,0.7829155785560548,-0.725995372016809
u6320,-0.05524207958277403,-0.1271931156926203,2.16683180448354
u7295,-2.017479786404635,-0.6071553451271748,0.38507447303307857
u8812,1.676145452238344,-1.1718064597797186,0.5414595389023664
u8745,1.1663485109494836,-1.418844981598495,-0.1879072603795517
u4812,-1.2703671336362428,1.47932447461412,0.35758613837063996
u2984,0.007281245227703905,-1.2741534993846098,-0.30775946006853
u2617,-1.1260848393178164,1.3922733626068617,0.22213844957220885
u2137,-0.4768145148848971,1.0005433585741998,-0.38737615002073106
u7729,0.22851359787971134,-0.8530127535513168,0.6925027168102504
u2180,-0.4977067848867888,-0.9694746073592058,0.16630745072597886
u3017,1.331523075269802,0.4641218723276528,-0.8770385499246928
u7671,1.3106308052679103,-1.505896093605753,-0.32335494917798285
u8865,0.012090156402071593,-0.7224360855404295,0.895674250007897
u5858,0.31673810386644863,0.5217622425342802,-1.1323384384121022
u4546,-1.435541697956561,-0.4036423793120277,1.0467174279157812
u4876,1.620087663906655,0.2900196483131364,-1.147933927521555
u5707,-0.28128334340914907,-1.1000512753700933,-0.0368640824716678
u2023,2.0577434580363017,0.5805837261355419,-0.35084328384042124
u9123,0.4401281281829835,-1.5353068354063844,-0.7141025264638234
u9305,-0.28128334340914907,-1.1000512753700933,-0.0368640824716678
u3281,0.4658293093592428,0.986428544371202,-0.06435241713410624
u8975,-0.05524207958277403,-0.1271931156926203,2.16683180448354
u9458,1.480614280762596,0.9287881741645747,0.1909474713533032
u7800,1.1663485109494836,-1.418844981598495,-0.1879072603795517
u4153,-0.42556563772757555,-1.0130001633628352,0.09858360632676327
u4408,0.028173515229595658,0.6958644665487965,-0.86144306081524
u1122,0.1772647207223898,1.1605307683857182,0.20654296046275605
u5968,0.1676468983736547,0.05709594069735831,-2.200324459690098
u6684,-0.6162878980289559,1.6393118844256385,0.951505248854127
u4630,1.3363319864441694,1.0158392861718328,0.32639516015173425
u8895,0.028173515229595658,0.6958644665487965,-0.86144306081524
u2786,-0.5537645732184778,0.4923515007336492,-1.5230860156979424
u2155,0.521887097690932,-0.4753975637216531,1.6250410492898155
u4509,0.2237046867053437,-1.404730167395497,-0.5109309932661767
u2874,0.521887097690932,-0.4753975637216531,1.6250410492898155
u4101,0.5379704565184561,0.9429029883675729,-0.13207626153332175
u2081,-0.9818025449993898,1.3052222505996036,0.08669076077377769
u4240,1.676145452238344,-1.1718064597797186,0.5414595389023664
u2185,0.25421477905597056,1.6687226262262693,1.3422528261399678
u1583,1.7482865993975574,-1.2153320157833478,0.47373569450315084
u2255,-1.6358817806066765,1.1452348407880855,-0.5072283497097094
u2186,-0.9096613978401766,1.2616966945959744,0.018966916374562277
u7851,-0.4720056037105295,1.5522607724183801,0.816057560055696
u1244,0.39368816220002956,1.029954100374831,0.0033714272651093505
u5216,-0.7814624623492741,-0.2436549695005094,1.6406365383992683
u1483,0.90348510348889,1.2769926221936074,0.7327382265470276
u4946,0.01689906757643924,-0.17071867169624946,2.099107960084324
u2660,0.8265350451553091,0.7688007643530564,-0.4029716391301839
u9085,0.614920514852037,1.4510948462081237,1.0036336041438898
u5777,-0.6467979903795829,-1.434140909196128,-0.9016785705520172
u2419,-0.569847932046002,-0.9259490513555767,0.23403129512519438
u1549,0.24459695670723547,0.5652877985379092,-1.0646145940128866
u3881,-2.1617620807230615,-0.5201042331199167,0.5205221618315096
u4440,-0.6932379563625368,1.1311200265850871,-0.18420461682308453
u1837,-0.4303745489019431,-1.5647175772070152,-1.1048501037496636
u5530,-0.9144703090145441,0.7099792807517946,-1.1844667937018647
u1983,0.23978804553286798,0.013570384693729134,-2.2680483040893136
u1555,-1.7801640749251033,1.2322859527953436,-0.3717806609112782
u5541,-0.18344101507367647,1.3781585484038639,0.5451621824588337
u7705,-1.7289151977677817,-0.7812575691416913,0.11417909543621622
u8219,-1.3682094619717153,-0.9988853491598367,-0.22444012655986154
u2401,1.769178869399449,0.7546859501500583,-0.07994790624355914
u4618,1.9647100408751972,-1.345908683794235,0.27056416130550426
u7468,1.4758053695882285,0.37707076032039466,-1.0124862387231237
u5240,-0.7910802846980094,-1.3470897971888696,-0.766230881753586
u5352,-0.7189391375387961,-1.3906153531924987,-0.8339547261528016
u3209,0.39368816220002956,1.029954100374831,0.0033714272651093505
u7922,-1.8731974920862082,-0.6942064571344331,0.2496267842346475
u7076,-0.13700104909072258,-1.1871023873773514,-0.17231177127009892
u7392,-1.3682094619717153,-0.9988853491598367,-0.22444012655986154
u1148,-0.49289787371242116,-0.4177571935150259,1.3697411608024062
u5310,-0.7701880146961176,0.6229281687445365,-1.319914482500296
u5902,-0.9144703090145441,0.7099792807517946,-1.1844667937018647
u1473,-0.6371801680308475,-0.3307060815077677,1.5051888496008372
u7090,1.2593819281105885,0.507647428331282,-0.8093147055254774
u1144,-0.6210968092033236,1.0875944705814582,-0.2519284612223
u9896,-0.06485990193150931,-1.2306279433809806,-0.2400356156693145
u5659,-0.4768145148848971,1.0005433585741998,-0.38737615002073106
u1413,-0.28128334340914907,-1.1000512753700933,-0.0368640824716678
u1188,0.6101116036776694,0.8993774323639437,-0.19980010593253733
u4283,-1.0539436921586032,1.3487478066032328,0.15441460517299332
u7697,-0.7141302263644286,-0.8388979393483185,0.3694789839236256
u3107,-0.7814624623492741,-0.2436549695005094,1.6406365383992683
u7826,-1.5637406334474635,1.1017092847844563,-0.5749521941089248
u9022,-1.5637406334474635,1.1017092847844563,-0.5749521941089248
u7718,-1.70802292776589,1.1887603967917146,-0.43950450531049373
u5450,0.023364604055228163,0.14414705270461642,-2.064876770891667
u4367,0.25421477905597056,1.6687226262262693,1.3422528261399678
u3826,-1.0587526033329706,0.7970303927590529,-1.0490191049034336
u2476,0.37760480337250546,-0.38834645171439497,1.7604887380882466
u8950,1.620087663906655,0.2900196483131364,-1.147933927521555
u4699,-0.6210968092033236,1.0875944705814582,-0.2519284612223
u3280,-0.8584125206828551,-0.7518468273410603,0.5049266727220566
u1949,0.90348510348889,1.2769926221936074,0.7327382265470276
u9814,-0.9305536678420683,-0.7083212713374313,0.5726505171212721
u2929,-1.2030348976513972,0.884081504766311,-0.9135714161050027
u6654,0.6101116036776694,0.8993774323639437,-0.19980010593253733
u3980,-1.801056344926995,-0.7377320131380622,0.18190293983543185
u9173,0.614920514852037,1.4510948462081237,1.0036336041438898
u7733,-0.06005099075714168,-0.6789105295368003,0.9633980944071127
u7154,1.1150996337921621,0.5946985403385401,-0.6738670167270463
u6939,0.37760480337250546,-0.38834645171439497,1.7604887380882466
u2154,-0.6980468675369044,0.5794026127409073,-1.3876383268995114
u3081,0.39368816220002956,1.029954100374831,0.0033714272651093505
u9610,1.769178869399449,0.7546859501500583,-0.07994790624355914
u4311,-1.6358817806066765,1.1452348407880855,-0.5072283497097094
u8421,-0.26039107340725737,0.8699666905633129,-0.5905476832183778
u5853,0.4497459505317186,-0.43187200771802403,1.692764893689031
u3861,1.9856023108770888,0.624109282139171,-0.2831194394412056
u5769,-0.5650390208716344,-0.3742316375113967,1.4374650052016218
u7786,-0.9257447566677006,-0.15660385749325118,1.7760842271976993
u8881,-0.6419890792052153,-0.8824234953519476,0.30175513952440997
u9899,0.7383105391685717,-0.6059742317325403,1.4218695160921688
u7495,1.7482865993975574,-1.2153320157833478,0.47373569450315084
u1192,-0.8375202506809634,1.2181711385923455,-0.04875692802465336
u8386,0.39368816220002956,1.029954100374831,0.0033714272651093505
u8780,-0.1882499262480441,0.8264411345596838,-0.6582715276175934
u9635,0.07942239238691717,-1.3176790553882387,-0.37548330446774564
u7097,-0.6371801680308475,-0.3307060815077677,1.5051888496008372
u8483,1.2432985692830645,-0.9106531237579439,0.9478026052976597
u1086,-0.8632214318572226,-1.3035642411852406,-0.6985070373543705
u4059,1.238489658108697,-1.462370537602124,-0.2556311047787673
u2393,0.37279589219813786,-0.9400638655585749,0.5570550280118193
u3402,-0.9353625790164358,-1.2600386851816114,-0.630783192955155
u7183,-0.3534244905683623,-1.0565257193664641,0.030859761927547753
u1601,1.1872407809513754,0.551172984334911,-0.7415908611262617
u1378,-0.9096613978401766,1.2616966945959744,0.018966916374562277
u3089,0.3054636562132922,-0.3448208957107659,1.828212582487462
u4068,0.5122692753421967,-1.5788323914100133,-0.7818263708630389
u5540,-0.06966881310587675,-1.7823453572251606,-1.4434693257457414
u7762,-0.4720056037105295,1.5522607724183801,0.816057560055696
u2325,0.8825928334869982,-0.6930253437397985,1.2864218272937376
u1612,-1.5846329034493551,-0.8683086811489495,-0.02126859336221494
u4858,-0.8423291618553308,0.6664537247481656,-1.2521906381010803
u4890,-0.27166552106041386,0.003383552318267018,2.370003337681186
u3683,-1.70802292776589,1.1887603967917146,-0.43950450531049373
u9092,1.5479465167474418,0.3335452043167655,-1.0802100831223393
u7591,2.129884605195515,0.5370581701319129,-0.41856712823963665
u6813,-0.6162878980289559,1.6393118844256385,0.951505248854127
u4774,-0.4303745489019431,-1.5647175772070152,-1.1048501037496636
u3136,0.6101116036776694,0.8993774323639437,-0.19980010593253733
u9902,1.4084731336033827,0.9723137301682039,0.2586713157525187
u6141,-0.7093213151900608,-0.28718052550413853,1.5729126940000528
u5845,0.4497459505317186,-0.43187200771802403,1.692764893689031
u9278,0.36798698102377025,-1.4917812794027552,-0.6463786820646078
u4982,0.3888792510256619,0.4782366865306509,-1.2000622828113179
u5809,-1.70802292776589,1.1887603967917146,-0.43950450531049373
u5180,0.23978804553286798,0.013570384693729134,-2.2680483040893136
u9259,-0.28128334340914907,-1.1000512753700933,-0.0368640824716678
u6960,-1.0539436921586032,1.3487478066032328,0.15441460517299332
u9408,-0.9818025449993898,1.3052222505996036,0.08669076077377769
u9777,1.620087663906655,0.2900196483131364,-1.147933927521555
u9130,-0.13700104909072258,-1.1871023873773514,-0.17231177127009892
u6977,-1.0587526033329706,0.7970303927590529,-1.0490191049034336
u9884,-1.0539436921586032,1.3487478066032328,0.15441460517299332
u2218,0.37760480337250546,-0.38834645171439497,1.7604887380882466
u4402,-0.3534244905683623,-1.0565257193664641,0.030859761927547753
u7319,-1.435541697956561,-0.4036423793120277,1.0467174279157812
u6633,-0.4303745489019431,-1.5647175772070152,-1.1048501037496636
u9235,-0.12091769026319837,0.2311981647118746,-1.9294290820932358
u3454,1.3363319864441694,1.0158392861718328,0.32639516015173425
u4697,-1.6358817806066765,1.1452348407880855,-0.5072283497097094
u7853,-1.2030348976513972,0.884081504766311,-0.9135714161050027
u1343,0.10993248473754415,1.7557737382335274,1.4777005149383988
u4360,0.9660084282993681,0.13003223850161827,-1.741853038005042
u5873,-0.06966881310587675,-1.7823453572251606,-1.4434693257457414
u1381,-0.04396763192961756,0.7393900225524256,-0.7937192164160245
u6979,-0.8584125206828551,-0.7518468273410603,0.5049266727220566
u4803,1.620087663906655,0.2900196483131364,-1.147933927521555
u6752,-1.1308937504921839,0.8405559487626818,-0.9812952605042182
u9909,-1.1517860204940755,-1.1294620171707241,-0.4276116597575082
u8184,0.8777839223126307,-1.2447427575839787,0.08298811721731043
u7947,-1.5076828451157742,-0.3601168233083986,1.1144412723149968
u6637,1.9134611637178753,0.6676348381428002,-0.21539559504199018
u8734,-0.7189391375387961,-1.3906153531924987,-0.8339547261528016
u7386,0.6565515696606233,-1.6658835034172714,-0.91727405966147
u4591,1.6970377222402357,0.7982115061536874,-0.012224061844343612
u3297,1.5318631579199176,-1.0847553477724605,0.6769072277007975
u3440,0.4658293093592428,0.986428544371202,-0.06435241713410624
u1853,-1.1517860204940755,-1.1294620171707241,-0.4276116597575082
u8666,-0.06485990193150931,-1.2306279433809806,-0.2400356156693145
u8336,-1.3634005507973477,-0.44716793531565674,0.9789935835165656
u6243,-0.4207567265532079,-0.46128274951865494,1.3020173164031905
u6175,-1.3634005507973477,-0.44716793531565674,0.9789935835165656
u7006,0.4497459505317186,-0.43187200771802403,1.692764893689031
u5458,1.1150996337921621,0.5946985403385401,-0.6738670167270463
u7661,-0.4207567265532079,-0.46128274951865494,1.3020173164031905
u4100,2.0577434580363017,0.5805837261355419,-0.35084328384042124
u2242,0.1772647207223898,1.1605307683857182,0.20654296046275605
u5457,-0.06966881310587675,-1.7823453572251606,-1.4434693257457414
u9492,-0.7093213151900608,-0.28718052550413853,1.5729126940000528
u6618,-1.4915994862882502,1.0581837287808273,-0.6426760385081405
u1938,-0.7141302263644286,-0.8388979393483185,0.3694789839236256
u8424,0.7592028091704635,1.3640437342008656,0.8681859153454586
u6390,-1.2751760448106104,0.9276070607699402,-0.8458475717057872
u4245,0.6053026925033016,0.3476600185197637,-1.4032338160089644
u4629,-0.3486155793939946,-0.5048083055222841,1.2342934720039749
u6158,-1.8731974920862082,-0.6942064571344331,0.2496267842346475
u3265,-1.0796448733348623,-1.1729875731743533,-0.4953355041567238
u5907,-1.0587526033329706,0.7970303927590529,-1.0490191049034336
u1628,0.3984970733743971,1.581671514219011,1.2068051373415367
u4568,0.7335016279942042,-1.1576916455767203,0.2184358060157415
u3844,1.620087663906655,0.2900196483131364,-1.147933927521555
u6513,1.769178869399449,0.7546859501500583,-0.07994790624355914
u1939,-1.0796448733348623,-1.1729875731743533,-0.4953355041567238
u5919,0.24940586788160307,1.1170052123820893,0.13881911606354047
u2066,1.1711574221238512,-0.8671275677543148,1.0155264496968754
u6948,0.39368816220002956,1.029954100374831,0.0033714272651093505
u6933,-0.8423291618553308,0.6664537247481656,-1.2521906381010803
u7348,0.5170781865165643,-1.027114977565833,0.4216073392133883
u2636,1.6970377222402357,0.7982115061536874,-0.012224061844343612
u5944,-0.8375202506809634,1.2181711385923455,-0.04875692802465336
u3430,0.0024723340533365193,-1.8258709132287896,-1.511193170144957
u8353,0.8265350451553091,0.7688007643530564,-0.4029716391301839
u8019,0.90348510348889,1.2769926221936074,0.7327382265470276
u3473,0.8938672811401548,0.17355779450524733,-1.6741291936058265
u1204,-0.28609225458351656,-1.6517686892142733,-1.2402977925480947
u1903,0.3984970733743971,1.581671514219011,1.2068051373415367
u8344,-1.0748359621604948,-0.621270159330173,0.7080982059197033
u3664,0.8986761923145224,0.7252752083494274,-0.47069548352939955
u9537,-0.9305536678420683,-0.7083212713374313,0.5726505171212721
u7161,0.17245580954802214,0.6088133545415383,-0.9968907496136711
u7289,-1.2751760448106104,0.9276070607699402,-0.8458475717057872
u2955,-2.2339032278822746,-0.4765786771162876,0.588246006230725
u8341,-0.7862713735236418,-0.7953723833446894,0.43720282832284113
u5557,-1.0748359621604948,-0.621270159330173,0.7080982059197033
u9255,-0.7653791035217501,1.1746455825887163,-0.1164807724238689
u1283,1.4036642224290152,0.4205963163240236,-0.9447623943239084
u4523,1.2432985692830645,-0.9106531237579439,0.9478026052976597
u3591,-0.18344101507367647,1.3781585484038639,0.5451621824588337
u1501,-0.49289787371242116,-0.4177571935150259,1.3697411608024062
u6819,-0.9144703090145441,0.7099792807517946,-1.1844667937018647
u1687,0.0024723340533365193,-1.8258709132287896,-1.511193170144957
u6465,0.521887097690932,-0.4753975637216531,1.6250410492898155
u4104,-0.8423291618553308,0.6664537247481656,-1.2521906381010803
u9226,-0.04877654310398522,0.18767260870824554,-1.9971529264924515
u5162,-0.4977067848867888,-0.9694746073592058,0.16630745072597886
u4165,-2.1617620807230615,-0.5201042331199167,0.5205221618315096
u7702,0.9756262506481033,1.2334670661899783,0.6650143821478119
u3004,0.810451686327785,-0.6494997877361693,1.3541456716929532
u6851,-1.296068314812502,-1.042410905163466,-0.29216397095907715
u4041,-0.9096613978401766,1.2616966945959744,0.018966916374562277
u9452,1.3154397164422778,-0.9541786797615731,0.8800787608984442
u3999,0.3888792510256619,0.4782366865306509,-1.2000622828113179
u6651,1.4036642224290152,0.4205963163240236,-0.9447623943239084
u3760,-0.04396763192961756,0.7393900225524256,-0.7937192164160245
u2047,-0.6210968092033236,1.0875944705814582,-0.2519284612223
u9303,-0.5746568432203696,-1.4776664651997569,-0.9694024149512328
u2581,0.2958458338645569,-1.448255723399126,-0.5786548376653923
u1527,0.39368816220002956,1.029954100374831,0.0033714272651093505
u7253,-0.3534244905683623,-1.0565257193664641,0.030859761927547753
u4237,-0.039158720755249926,1.2911074363966055,0.40971449366040263
u6334,-0.8423291618553308,0.6664537247481656,-1.2521906381010803
u6907,0.810451686327785,-0.6494997877361693,1.3541456716929532
u5059,-1.5076828451157742,-0.3601168233083986,1.1144412723149968
u3131,1.5479465167474418,0.3335452043167655,-1.0802100831223393
u2258,1.5479465167474418,0.3335452043167655,-1.0802100831223393
u9748,-0.9144703090145441,0.7099792807517946,-1.1844667937018647
u1774,0.8938672811401548,0.17355779450524733,-1.6741291936058265
u2762,-0.9353625790164358,-1.2600386851816114,-0.630783192955155
u9471,1.6970377222402357,0.7982115061536874,-0.012224061844343612
u7843,0.4497459505317186,-0.43187200771802403,1.692764893689031
u3552,0.8986761923145224,0.7252752083494274,-0.47069548352939955
u7740,0.09550575121444144,0.10062149670098726,-2.1326006152908827
u2173,1.1150996337921621,0.5946985403385401,-0.6738670167270463
u7163,0.8938672811401548,0.17355779450524733,-1.6741291936058265
u9132,-0.4207567265532079,-0.46128274951865494,1.3020173164031905
u2594,0.6870616620112502,1.4075692902044947,0.9359097597446742
u1897,-0.9096613978401766,1.2616966945959744,0.018966916374562277
u1268,1.238489658108697,-1.462370537602124,-0.2556311047787673
u9212,-0.6259057203776911,0.5358770567372783,-1.455362171298727
u9091,-1.7801640749251033,1.2322859527953436,-0.3717806609112782
u5236,0.3006547450389246,-0.8965383095549458,0.6247788724110349
u1548,-0.1112998679144632,1.3346329924002347,0.4774383380596183
u6682,1.5318631579199176,-1.0847553477724605,0.6769072277007975
u7323,2.0577434580363017,0.5805837261355419,-0.35084328384042124
u7742,-0.7910802846980094,-1.3470897971888696,-0.766230881753586
u8388,-1.3473171919698237,0.9711326167735691,-0.7781237273065716
u1136,-0.32772330939210287,1.465209660411122,0.6806098712572648
u1110,0.32635592621518394,1.6251970702226401,1.2745289817407521
