request_id,user_id,adslot_id,timestamp,floor_price,win_price
req000001,u3543,s02,2025-08-20 10:00:00,1.79,0.0
req000002,u5393,s03,2025-08-20 10:00:01,4.89,0.0
req000003,u5652,s02,2025-08-20 10:00:02,3.88,4.58
req000004,u3141,s02,2025-08-20 10:00:03,4.01,0.0
req000005,u4797,s04,2025-08-20 10:00:04,1.75,0.0
req000006,u6326,s01,2025-08-20 10:00:05,0.5,1.26
req000007,u1727,s04,2025-08-20 10:00:06,0.76,0.0
req000008,u7650,s01,2025-08-20 10:00:07,2.99,3.28
req000009,u9950,s02,2025-08-20 10:00:08,1.78,0.0
req000010,u9471,s02,2025-08-20 10:00:09,1.37,3.35
req000011,u6116,s01,2025-08-20 10:00:10,0.72,0.0
req000012,u4527,s04,2025-08-20 10:00:11,4.44,6.11
req000013,u5059,s02,2025-08-20 10:00:12,3.2,4.39
req000014,u4652,s03,2025-08-20 10:00:13,0.98,0.0
req000015,u7379,s02,2025-08-20 10:00:14,3.95,5.52
req000016,u1434,s01,2025-08-20 10:00:15,3.9,5.48
req000017,u7422,s04,2025-08-20 10:00:16,1.8,0.0
req000018,u3375,s04,2025-08-20 10:00:17,1.35,2.7
req000019,u7918,s04,2025-08-20 10:00:18,4.16,4.59
req000020,u4216,s02,2025-08-20 10:00:19,1.98,3.45
req000021,u9893,s02,2025-08-20 10:00:20,4.31,5.49
req000022,u3418,s04,2025-08-20 10:00:21,0.7,0.0
req000023,u4770,s04,2025-08-20 10:00:22,2.75,4.23
req000024,u2796,s03,2025-08-20 10:00:23,1.31,0.0
req000025,u3249,s04,2025-08-20 10:00:24,3.52,4.65
req000026,u5844,s04,2025-08-20 10:00:25,4.99,6.91
req000027,u8704,s04,2025-08-20 10:00:26,2.36,3.65
req000028,u9229,s03,2025-08-20 10:00:27,0.95,0.0
req000029,u8712,s03,2025-08-20 10:00:28,1.93,3.12
req000030,u5564,s04,2025-08-20 10:00:29,4.51,6.21
req000031,u6814,s02,2025-08-20 10:00:30,3.95,4.77
req000032,u5201,s04,2025-08-20 10:00:31,1.54,2.24
req000033,u6896,s04,2025-08-20 10:00:32,4.79,5.85
req000034,u7875,s03,2025-08-20 10:00:33,3.3,0.0
req000035,u1243,s03,2025-08-20 10:00:34,1.26,0.0
req000036,u4147,s04,2025-08-20 10:00:35,3.08,4.29
req000037,u2995,s01,2025-08-20 10:00:36,2.53,0.0
req000038,u9888,s01,2025-08-20 10:00:37,4.19,4.71
req000039,u7740,s04,2025-08-20 10:00:38,2.05,3.45
req000040,u9263,s02,2025-08-20 10:00:39,4.44,6.06
req000041,u7316,s03,2025-08-20 10:00:40,4.15,0.0
req000042,u6907,s01,2025-08-20 10:00:41,3.54,4.74
req000043,u3997,s04,2025-08-20 10:00:42,1.66,2.75
req000044,u8779,s01,2025-08-20 10:00:43,4.87,5.53
req000045,u6088,s04,2025-08-20 10:00:44,2.97,4.8
req000046,u9457,s02,2025-08-20 10:00:45,4.58,6.11
req000047,u2867,s02,2025-08-20 10:00:46,1.47,2.48
req000048,u3893,s04,2025-08-20 10:00:47,4.93,6.28
req000049,u7754,s04,2025-08-20 10:00:48,4.17,0.0
req000050,u5830,s03,2025-08-20 10:00:49,4.77,5.51
req000051,u6278,s04,2025-08-20 10:00:50,1.46,1.67
req000052,u5663,s02,2025-08-20 10:00:51,2.44,2.93
req000053,u9514,s04,2025-08-20 10:00:52,0.94,1.19
req000054,u3129,s04,2025-08-20 10:00:53,1.12,2.19
req000055,u8546,s02,2025-08-20 10:00:54,1.78,3.06
req000056,u9117,s02,2025-08-20 10:00:55,4.78,5.6
req000057,u3046,s04,2025-08-20 10:00:56,3.5,4.61
req000058,u6695,s01,2025-08-20 10:00:57,1.92,2.18
req000059,u2321,s02,2025-08-20 10:00:58,4.8,6.36
req000060,u2993,s04,2025-08-20 10:00:59,3.83,3.99
req000061,u5313,s01,2025-08-20 10:01:00,4.58,5.89
req000062,u2812,s03,2025-08-20 10:01:01,4.67,5.59
req000063,u4724,s02,2025-08-20 10:01:02,3.88,4.33
req000064,u7541,s04,2025-08-20 10:01:03,1.59,2.68
req000065,u5874,s03,2025-08-20 10:01:04,4.98,6.56
req000066,u6082,s01,2025-08-20 10:01:05,1.96,2.85
req000067,u8297,s04,2025-08-20 10:01:06,3.52,4.32
req000068,u8712,s04,2025-08-20 10:01:07,4.3,0.0
req000069,u3634,s02,2025-08-20 10:01:08,1.29,1.66
req000070,u2580,s01,2025-08-20 10:01:09,3.24,4.47
req000071,u2955,s02,2025-08-20 10:01:10,2.19,3.86
req000072,u9886,s02,2025-08-20 10:01:11,1.6,0.0
req000073,u9232,s01,2025-08-20 10:01:12,0.55,1.72
req000074,u5642,s04,2025-08-20 10:01:13,4.42,0.0
req000075,u6087,s03,2025-08-20 10:01:14,1.11,0.0
req000076,u1710,s03,2025-08-20 10:01:15,4.45,4.86
req000077,u2904,s04,2025-08-20 10:01:16,3.2,4.56
req000078,u5190,s02,2025-08-20 10:01:17,3.29,3.45
req000079,u8326,s03,2025-08-20 10:01:18,4.23,0.0
req000080,u1031,s01,2025-08-20 10:01:19,2.79,4.48
req000081,u3897,s02,2025-08-20 10:01:20,2.11,0.0
req000082,u4261,s02,2025-08-20 10:01:21,1.12,2.97
req000083,u2442,s03,2025-08-20 10:01:22,3.07,4.3
req000084,u7176,s03,2025-08-20 10:01:23,2.99,4.77
req000085,u2806,s01,2025-08-20 10:01:24,1.82,2.08
req000086,u8729,s02,2025-08-20 10:01:25,3.2,3.73
req000087,u3345,s02,2025-08-20 10:01:26,2.48,3.18
req000088,u6781,s01,2025-08-20 10:01:27,4.12,0.0
req000089,u9388,s03,2025-08-20 10:01:28,3.02,4.59
req000090,u9946,s01,2025-08-20 10:01:29,4.7,5.72
req000091,u3187,s03,2025-08-20 10:01:30,2.83,3.59
req000092,u9456,s02,2025-08-20 10:01:31,4.49,4.89
req000093,u5234,s01,2025-08-20 10:01:32,2.84,4.48
req000094,u5298,s03,2025-08-20 10:01:33,3.01,3.15
req000095,u3795,s02,2025-08-20 10:01:34,2.15,2.89
req000096,u8244,s03,2025-08-20 10:01:35,2.3,2.86
req000097,u2921,s03,2025-08-20 10:01:36,4.7,5.05
req000098,u9307,s03,2025-08-20 10:01:37,1.5,1.93
req000099,u1477,s01,2025-08-20 10:01:38,1.05,0.0
req000100,u5335,s03,2025-08-20 10:01:39,4.24,5.28
req000101,u6916,s02,2025-08-20 10:01:40,3.1,4.01
req000102,u6340,s03,2025-08-20 10:01:41,1.78,2.86
req000103,u2499,s02,2025-08-20 10:01:42,2.45,0.0
req000104,u3879,s02,2025-08-20 10:01:43,2.86,4.34
req000105,u9891,s03,2025-08-20 10:01:44,3.16,0.0
req000106,u7104,s01,2025-08-20 10:01:45,4.19,5.99
req000107,u2898,s01,2025-08-20 10:01:46,2.27,0.0
req000108,u3640,s04,2025-08-20 10:01:47,3.54,3.87
req000109,u2789,s02,2025-08-20 10:01:48,4.26,4.52
req000110,u8821,s01,2025-08-20 10:01:49,4.3,5.01
req000111,u6010,s03,2025-08-20 10:01:50,1.64,0.0
req000112,u6051,s01,2025-08-20 10:01:51,2.08,3.22
req000113,u8267,s01,2025-08-20 10:01:52,3.18,3.47
req000114,u7131,s02,2025-08-20 10:01:53,4.49,5.95
req000115,u7942,s03,2025-08-20 10:01:54,4.06,0.0
req000116,u4754,s01,2025-08-20 10:01:55,3.13,4.29
req000117,u7414,s03,2025-08-20 10:01:56,4.93,0.0
req000118,u6601,s03,2025-08-20 10:01:57,2.48,4.0
req000119,u3033,s02,2025-08-20 10:01:58,4.29,5.07
req000120,u9252,s02,2025-08-20 10:01:59,4.18,5.04
req000121,u4566,s03,2025-08-20 10:02:00,4.59,6.22
req000122,u8688,s03,2025-08-20 10:02:01,4.94,0.0
req000123,u1386,s02,2025-08-20 10:02:02,2.73,0.0
req000124,u5965,s02,2025-08-20 10:02:03,1.38,1.99
req000125,u8515,s03,2025-08-20 10:02:04,2.57,3.39
req000126,u1691,s02,2025-08-20 10:02:05,4.34,4.47
req000127,u3687,s04,2025-08-20 10:02:06,4.26,5.42
req000128,u4159,s01,2025-08-20 10:02:07,2.01,3.73
req000129,u8424,s04,2025-08-20 10:02:08,0.71,0.86
req000130,u3017,s01,2025-08-20 10:02:09,2.79,4.06
req000131,u3671,s04,2025-08-20 10:02:10,2.63,4.34
req000132,u6943,s04,2025-08-20 10:02:11,0.89,1.93
req000133,u1370,s01,2025-08-20 10:02:12,4.08,4.77
req000134,u7173,s03,2025-08-20 10:02:13,1.78,3.77
req000135,u9348,s04,2025-08-20 10:02:14,3.41,3.63
req000136,u4034,s04,2025-08-20 10:02:15,0.96,1.46
req000137,u2818,s03,2025-08-20 10:02:16,4.37,6.15
req000138,u3249,s02,2025-08-20 10:02:17,3.83,0.0
req000139,u1121,s02,2025-08-20 10:02:18,2.25,2.91
req000140,u4588,s04,2025-08-20 10:02:19,3.33,4.99
req000141,u7031,s01,2025-08-20 10:02:20,1.34,0.0
req000142,u9427,s04,2025-08-20 10:02:21,4.93,5.66
req000143,u2963,s01,2025-08-20 10:02:22,4.08,5.72
req000144,u4936,s02,2025-08-20 10:02:23,4.05,5.45
req000145,u8283,s02,2025-08-20 10:02:24,1.19,0.0
req000146,u6423,s03,2025-08-20 10:02:25,0.58,1.57
req000147,u2359,s02,2025-08-20 10:02:26,3.13,0.0
req000148,u8086,s02,2025-08-20 10:02:27,1.15,2.24
req000149,u3982,s02,2025-08-20 10:02:28,4.01,0.0
req000150,u5324,s03,2025-08-20 10:02:29,2.37,2.81
req000151,u7132,s01,2025-08-20 10:02:30,2.02,0.0
req000152,u3454,s04,2025-08-20 10:02:31,0.83,1.15
req000153,u5335,s04,2025-08-20 10:02:32,4.98,6.44
req000154,u1512,s02,2025-08-20 10:02:33,4.8,0.0
req000155,u6996,s01,2025-08-20 10:02:34,1.09,2.8
req000156,u6933,s01,2025-08-20 10:02:35,2.0,3.47
req000157,u9297,s04,2025-08-20 10:02:36,2.26,4.09
req000158,u8633,s01,2025-08-20 10:02:37,1.84,3.63
req000159,u3846,s01,2025-08-20 10:02:38,4.71,6.29
req000160,u4816,s03,2025-08-20 10:02:39,3.75,5.56
req000161,u6951,s02,2025-08-20 10:02:40,4.8,5.22
req000162,u2038,s03,2025-08-20 10:02:41,4.44,5.93
req000163,u9402,s03,2025-08-20 10:02:42,3.9,5.43
req000164,u9477,s04,2025-08-20 10:02:43,3.64,0.0
req000165,u6150,s01,2025-08-20 10:02:44,4.4,4.79
req000166,u6866,s01,2025-08-20 10:02:45,3.58,0.0
req000167,u3565,s01,2025-08-20 10:02:46,1.35,0.0
req000168,u3777,s02,2025-08-20 10:02:47,3.42,5.25
req000169,u3553,s04,2025-08-20 10:02:48,2.82,2.94
req000170,u8190,s01,2025-08-20 10:02:49,4.92,5.85
req000171,u8906,s04,2025-08-20 10:02:50,2.79,2.93
req000172,u1545,s02,2025-08-20 10:02:51,0.67,1.76
req000173,u3982,s01,2025-08-20 10:02:52,1.69,2.57
req000174,u6979,s03,2025-08-20 10:02:53,4.63,0.0
req000175,u5644,s01,2025-08-20 10:02:54,4.83,6.11
req000176,u6818,s02,2025-08-20 10:02:55,3.78,5.34
req000177,u6237,s04,2025-08-20 10:02:56,0.76,0.0
req000178,u6150,s01,2025-08-20 10:02:57,0.61,2.17
req000179,u5667,s03,2025-08-20 10:02:58,2.66,4.13
req000180,u3229,s02,2025-08-20 10:02:59,5.0,0.0
req000181,u3584,s01,2025-08-20 10:03:00,4.41,0.0
req000182,u1623,s03,2025-08-20 10:03:01,4.7,0.0
req000183,u6265,s02,2025-08-20 10:03:02,3.31,0.0
req000184,u5823,s01,2025-08-20 10:03:03,4.37,4.66
req000185,u9224,s01,2025-08-20 10:03:04,1.94,0.0
req000186,u8408,s04,2025-08-20 10:03:05,0.62,1.51
req000187,u3912,s01,2025-08-20 10:03:06,4.63,6.28
req000188,u2812,s04,2025-08-20 10:03:07,1.48,0.0
req000189,u4044,s04,2025-08-20 10:03:08,3.78,5.12
req000190,u9257,s02,2025-08-20 10:03:09,3.47,4.86
req000191,u7588,s03,2025-08-20 10:03:10,1.21,1.74
req000192,u8338,s04,2025-08-20 10:03:11,1.38,2.1
req000193,u4904,s01,2025-08-20 10:03:12,1.98,3.9
req000194,u5070,s03,2025-08-20 10:03:13,3.91,5.62
req000195,u6997,s04,2025-08-20 10:03:14,0.68,0.0
req000196,u4861,s02,2025-08-20 10:03:15,2.33,2.74
req000197,u8470,s04,2025-08-20 10:03:16,3.49,4.62
req000198,u1468,s04,2025-08-20 10:03:17,1.27,2.3
req000199,u8019,s03,2025-08-20 10:03:18,1.04,0.0
req000200,u4530,s04,2025-08-20 10:03:19,2.26,3.2
req000201,u3394,s03,2025-08-20 10:03:20,1.79,2.78
req000202,u4376,s01,2025-08-20 10:03:21,3.42,4.74
req000203,u1838,s03,2025-08-20 10:03:22,4.86,0.0
req000204,u1057,s03,2025-08-20 10:03:23,0.52,2.46
req000205,u2216,s04,2025-08-20 10:03:24,4.56,0.0
req000206,u8216,s04,2025-08-20 10:03:25,2.45,4.21
req000207,u2401,s01,2025-08-20 10:03:26,3.49,0.0
req000208,u6797,s04,2025-08-20 10:03:27,4.33,0.0
req000209,u6833,s02,2025-08-20 10:03:28,3.08,4.84
req000210,u8815,s03,2025-08-20 10:03:29,0.94,2.38
req000211,u8047,s02,2025-08-20 10:03:30,1.13,0.0
req000212,u4095,s04,2025-08-20 10:03:31,4.05,4.18
req000213,u3172,s04,2025-08-20 10:03:32,1.53,0.0
req000214,u7130,s03,2025-08-20 10:03:33,3.06,4.0
req000215,u2956,s02,2025-08-20 10:03:34,2.43,0.0
req000216,u7438,s01,2025-08-20 10:03:35,1.87,0.0
req000217,u7782,s04,2025-08-20 10:03:36,4.04,0.0
req000218,u3068,s01,2025-08-20 10:03:37,3.79,4.86
req000219,u2156,s01,2025-08-20 10:03:38,3.41,5.11
req000220,u6700,s02,2025-08-20 10:03:39,2.18,4.03
req000221,u7932,s04,2025-08-20 10:03:40,1.52,2.48
req000222,u8745,s02,2025-08-20 10:03:41,2.82,3.49
req000223,u5422,s03,2025-08-20 10:03:42,4.18,4.92
req000224,u7167,s03,2025-08-20 10:03:43,3.09,4.29
req000225,u4361,s02,2025-08-20 10:03:44,4.87,5.49
req000226,u9139,s01,2025-08-20 10:03:45,0.57,2.4
req000227,u5631,s02,2025-08-20 10:03:46,4.99,5.89
req000228,u9050,s02,2025-08-20 10:03:47,3.61,5.59
req000229,u1834,s01,2025-08-20 10:03:48,4.25,4.56
req000230,u4879,s01,2025-08-20 10:03:49,2.01,2.47
req000231,u1267,s02,2025-08-20 10:03:50,2.79,3.86
req000232,u4483,s04,2025-08-20 10:03:51,4.09,5.84
req000233,u7780,s01,2025-08-20 10:03:52,3.92,4.69
req000234,u7441,s04,2025-08-20 10:03:53,2.0,3.69
req000235,u4986,s03,2025-08-20 10:03:54,1.96,0.0
req000236,u9462,s03,2025-08-20 10:03:55,3.48,4.39
req000237,u8003,s03,2025-08-20 10:03:56,4.7,6.42
req000238,u1883,s04,2025-08-20 10:03:57,2.47,3.1
req000239,u3088,s02,2025-08-20 10:03:58,2.09,3.09
req000240,u7323,s01,2025-08-20 10:03:59,4.53,0.0
req000241,u9378,s03,2025-08-20 10:04:00,3.57,4.2
req000242,u8454,s04,2025-08-20 10:04:01,2.25,0.0
req000243,u2909,s01,2025-08-20 10:04:02,0.76,1.27
req000244,u8477,s01,2025-08-20 10:04:03,3.75,0.0
req000245,u6465,s02,2025-08-20 10:04:04,2.09,2.99
req000246,u9235,s01,2025-08-20 10:04:05,0.82,1.56
req000247,u5224,s02,2025-08-20 10:04:06,3.26,4.86
req000248,u1325,s02,2025-08-20 10:04:07,1.95,3.47
req000249,u6466,s04,2025-08-20 10:04:08,2.02,0.0
req000250,u4709,s01,2025-08-20 10:04:09,2.66,0.0
req000251,u2093,s04,2025-08-20 10:04:10,3.73,4.51
req000252,u9706,s01,2025-08-20 10:04:11,1.74,3.73
req000253,u7661,s03,2025-08-20 10:04:12,0.86,0.0
req000254,u6439,s01,2025-08-20 10:04:13,2.41,4.36
req000255,u9948,s02,2025-08-20 10:04:14,0.75,2.59
req000256,u6337,s04,2025-08-20 10:04:15,3.64,4.85
req000257,u3989,s04,2025-08-20 10:04:16,4.82,5.7
req000258,u4053,s04,2025-08-20 10:04:17,3.46,0.0
req000259,u9304,s01,2025-08-20 10:04:18,1.74,2.43
req000260,u9425,s04,2025-08-20 10:04:19,1.32,0.0
req000261,u8685,s03,2025-08-20 10:04:20,1.55,0.0
req000262,u7394,s03,2025-08-20 10:04:21,1.5,1.63
req000263,u3017,s01,2025-08-20 10:04:22,1.91,0.0
req000264,u8309,s02,2025-08-20 10:04:23,0.94,0.0
req000265,u3570,s01,2025-08-20 10:04:24,4.53,5.83
req000266,u8571,s03,2025-08-20 10:04:25,4.48,5.63
req000267,u5467,s04,2025-08-20 10:04:26,3.27,4.57
req000268,u7837,s04,2025-08-20 10:04:27,0.78,1.97
req000269,u1949,s04,2025-08-20 10:04:28,4.12,4.48
req000270,u1171,s01,2025-08-20 10:04:29,0.78,2.2
req000271,u5028,s03,2025-08-20 10:04:30,0.98,0.0
req000272,u5818,s01,2025-08-20 10:04:31,1.96,0.0
req000273,u2472,s04,2025-08-20 10:04:32,2.44,3.22
req000274,u1000,s02,2025-08-20 10:04:33,2.09,3.17
req000275,u7122,s04,2025-08-20 10:04:34,1.24,2.03
req000276,u3827,s01,2025-08-20 10:04:35,1.0,1.14
req000277,u9653,s01,2025-08-20 10:04:36,4.37,0.0
req000278,u8388,s03,2025-08-20 10:04:37,2.13,3.9
req000279,u1459,s03,2025-08-20 10:04:38,1.48,1.86
req000280,u4860,s02,2025-08-20 10:04:39,2.69,3.9
req000281,u7111,s04,2025-08-20 10:04:40,0.67,2.45
req000282,u2453,s02,2025-08-20 10:04:41,3.2,0.0
req000283,u8811,s03,2025-08-20 10:04:42,1.62,2.14
req000284,u2415,s04,2025-08-20 10:04:43,3.19,4.07
req000285,u5411,s03,2025-08-20 10:04:44,3.26,4.08
req000286,u8289,s01,2025-08-20 10:04:45,4.14,4.41
req000287,u5227,s03,2025-08-20 10:04:46,1.53,2.43
req000288,u6549,s01,2025-08-20 10:04:47,2.59,3.6
req000289,u1247,s04,2025-08-20 10:04:48,4.83,0.0
req000290,u1332,s03,2025-08-20 10:04:49,3.77,0.0
req000291,u8810,s03,2025-08-20 10:04:50,4.89,5.04
req000292,u1814,s03,2025-08-20 10:04:51,4.67,0.0
req000293,u7999,s03,2025-08-20 10:04:52,3.25,4.28
req000294,u5380,s01,2025-08-20 10:04:53,1.69,1.97
req000295,u5225,s02,2025-08-20 10:04:54,3.91,5.71
req000296,u1825,s02,2025-08-20 10:04:55,3.64,0.0
req000297,u8745,s03,2025-08-20 10:04:56,3.15,4.49
req000298,u2176,s02,2025-08-20 10:04:57,3.64,3.85
req000299,u3844,s02,2025-08-20 10:04:58,3.26,4.93
req000300,u6248,s03,2025-08-20 10:04:59,2.84,0.0
req000301,u4747,s03,2025-08-20 10:05:00,2.37,0.0
req000302,u5716,s02,2025-08-20 10:05:01,0.7,1.49
req000303,u7848,s04,2025-08-20 10:05:02,4.4,0.0
req000304,u2742,s02,2025-08-20 10:05:03,4.39,4.92
req000305,u2588,s04,2025-08-20 10:05:04,3.17,3.75
req000306,u6322,s02,2025-08-20 10:05:05,1.71,2.95
req000307,u6383,s02,2025-08-20 10:05:06,0.63,0.88
req000308,u6478,s01,2025-08-20 10:05:07,0.51,0.72
req000309,u3988,s04,2025-08-20 10:05:08,0.83,0.0
req000310,u5263,s01,2025-08-20 10:05:09,2.12,3.41
req000311,u1493,s04,2025-08-20 10:05:10,1.35,0.0
req000312,u3252,s04,2025-08-20 10:05:11,1.69,3.66
req000313,u8196,s01,2025-08-20 10:05:12,3.65,4.67
req000314,u4022,s03,2025-08-20 10:05:13,4.82,5.71
req000315,u1881,s02,2025-08-20 10:05:14,1.43,3.33
req000316,u2860,s01,2025-08-20 10:05:15,2.6,3.16
req000317,u6929,s01,2025-08-20 10:05:16,4.96,5.52
req000318,u2045,s01,2025-08-20 10:05:17,4.69,0.0
req000319,u2876,s04,2025-08-20 10:05:18,2.09,3.91
req000320,u4753,s02,2025-08-20 10:05:19,1.94,3.27
req000321,u1492,s01,2025-08-20 10:05:20,1.59,0.0
req000322,u9420,s01,2025-08-20 10:05:21,1.2,1.4
req000323,u4741,s03,2025-08-20 10:05:22,2.57,0.0
req000324,u6746,s03,2025-08-20 10:05:23,2.04,3.42
req000325,u4122,s01,2025-08-20 10:05:24,3.85,5.51
req000326,u2822,s04,2025-08-20 10:05:25,1.57,2.19
req000327,u2221,s04,2025-08-20 10:05:26,3.81,0.0
req000328,u8104,s01,2025-08-20 10:05:27,1.8,2.63
req000329,u6296,s03,2025-08-20 10:05:28,3.17,3.65
req000330,u3021,s01,2025-08-20 10:05:29,3.37,4.67
req000331,u6773,s03,2025-08-20 10:05:30,3.52,0.0
req000332,u3087,s04,2025-08-20 10:05:31,1.29,2.65
req000333,u3406,s04,2025-08-20 10:05:32,1.77,2.0
req000334,u4360,s01,2025-08-20 10:05:33,1.61,3.0
req000335,u5307,s04,2025-08-20 10:05:34,3.09,0.0
req000336,u6364,s01,2025-08-20 10:05:35,0.84,2.19
req000337,u1897,s04,2025-08-20 10:05:36,2.83,0.0
req000338,u7924,s02,2025-08-20 10:05:37,0.89,0.0
req000339,u1477,s02,2025-08-20 10:05:38,2.02,2.19
req000340,u8868,s02,2025-08-20 10:05:39,3.59,4.75
req000341,u2228,s01,2025-08-20 10:05:40,2.36,0.0
req000342,u4552,s01,2025-08-20 10:05:41,1.76,0.0
req000343,u8999,s02,2025-08-20 10:05:42,3.27,4.54
req000344,u7281,s01,2025-08-20 10:05:43,3.83,4.75
req000345,u7277,s01,2025-08-20 10:05:44,1.65,3.46
req000346,u8660,s01,2025-08-20 10:05:45,1.85,2.57
req000347,u1198,s01,2025-08-20 10:05:46,3.38,3.61
req000348,u2008,s03,2025-08-20 10:05:47,4.84,0.0
req000349,u7292,s02,2025-08-20 10:05:48,1.46,2.84
req000350,u1163,s01,2025-08-20 10:05:49,3.44,0.0
req000351,u8012,s04,2025-08-20 10:05:50,4.58,5.83
req000352,u1868,s03,2025-08-20 10:05:51,2.58,4.56
req000353,u6627,s01,2025-08-20 10:05:52,1.93,2.47
req000354,u1981,s03,2025-08-20 10:05:53,3.5,4.35
req000355,u7877,s04,2025-08-20 10:05:54,0.64,1.62
req000356,u5747,s02,2025-08-20 10:05:55,2.12,0.0
req000357,u1458,s02,2025-08-20 10:05:56,1.66,3.4
req000358,u6813,s04,2025-08-20 10:05:57,1.51,2.4
req000359,u2564,s03,2025-08-20 10:05:58,1.31,0.0
req000360,u2443,s04,2025-08-20 10:05:59,3.82,5.39
req000361,u9853,s01,2025-08-20 10:06:00,4.8,5.2
req000362,u4753,s04,2025-08-20 10:06:01,2.23,3.11
req000363,u3916,s01,2025-08-20 10:06:02,0.72,0.0
req000364,u5513,s01,2025-08-20 10:06:03,3.74,0.0
req000365,u1360,s04,2025-08-20 10:06:04,2.92,3.31
req000366,u2593,s01,2025-08-20 10:06:05,3.76,5.66
req000367,u5815,s02,2025-08-20 10:06:06,3.42,3.86
req000368,u5594,s02,2025-08-20 10:06:07,4.57,5.47
req000369,u1666,s02,2025-08-20 10:06:08,1.13,1.39
req000370,u8443,s02,2025-08-20 10:06:09,1.26,3.11
req000371,u1332,s02,2025-08-20 10:06:10,2.04,0.0
req000372,u5479,s02,2025-08-20 10:06:11,2.71,0.0
req000373,u4311,s02,2025-08-20 10:06:12,4.67,0.0
req000374,u9456,s02,2025-08-20 10:06:13,4.58,5.87
req000375,u4143,s03,2025-08-20 10:06:14,4.42,6.35
req000376,u6263,s02,2025-08-20 10:06:15,1.5,1.68
req000377,u4688,s04,2025-08-20 10:06:16,3.78,4.21
req000378,u2658,s03,2025-08-20 10:06:17,2.23,0.0
req000379,u8446,s03,2025-08-20 10:06:18,4.69,5.51
req000380,u4115,s04,2025-08-20 10:06:19,1.47,2.75
req000381,u3399,s02,2025-08-20 10:06:20,1.14,1.87
req000382,u5764,s04,2025-08-20 10:06:21,4.29,5.74
req000383,u8098,s01,2025-08-20 10:06:22,3.73,4.14
req000384,u2788,s03,2025-08-20 10:06:23,4.2,0.0
req000385,u6749,s02,2025-08-20 10:06:24,1.21,2.45
req000386,u6870,s03,2025-08-20 10:06:25,4.48,5.34
req000387,u3560,s01,2025-08-20 10:06:26,3.55,0.0
req000388,u3540,s01,2025-08-20 10:06:27,3.43,4.5
req000389,u5756,s04,2025-08-20 10:06:28,3.12,0.0
req000390,u2314,s02,2025-08-20 10:06:29,3.94,5.12
req000391,u2093,s01,2025-08-20 10:06:30,2.37,2.58
req000392,u5065,s04,2025-08-20 10:06:31,1.1,0.0
req000393,u5268,s04,2025-08-20 10:06:32,2.93,4.79
req000394,u2293,s03,2025-08-20 10:06:33,3.87,5.46
req000395,u5809,s04,2025-08-20 10:06:34,1.19,2.13
req000396,u2703,s04,2025-08-20 10:06:35,1.51,2.65
req000397,u3266,s04,2025-08-20 10:06:36,3.63,3.79
req000398,u7796,s04,2025-08-20 10:06:37,1.71,0.0
req000399,u9997,s04,2025-08-20 10:06:38,1.26,0.0
req000400,u3183,s04,2025-08-20 10:06:39,4.5,5.55
req000401,u7302,s01,2025-08-20 10:06:40,1.22,2.13
req000402,u7060,s02,2025-08-20 10:06:41,2.05,0.0
req000403,u9839,s01,2025-08-20 10:06:42,2.43,3.24
req000404,u4590,s03,2025-08-20 10:06:43,2.64,4.29
req000405,u6373,s02,2025-08-20 10:06:44,2.13,0.0
req000406,u3858,s04,2025-08-20 10:06:45,4.61,5.06
req000407,u8728,s02,2025-08-20 10:06:46,3.46,3.89
req000408,u4929,s01,2025-08-20 10:06:47,2.12,3.21
req000409,u9794,s01,2025-08-20 10:06:48,2.11,3.52
req000410,u4353,s04,2025-08-20 10:06:49,2.76,2.9
req000411,u7717,s04,2025-08-20 10:06:50,0.65,1.79
req000412,u9201,s02,2025-08-20 10:06:51,4.67,0.0
req000413,u9948,s02,2025-08-20 10:06:52,1.5,2.17
req000414,u6306,s03,2025-08-20 10:06:53,3.64,5.18
req000415,u7682,s04,2025-08-20 10:06:54,4.0,0.0
req000416,u1440,s04,2025-08-20 10:06:55,4.22,5.21
req000417,u7705,s03,2025-08-20 10:06:56,1.25,2.93
req000418,u5397,s04,2025-08-20 10:06:57,2.92,3.77
req000419,u6325,s03,2025-08-20 10:06:58,0.88,2.55
req000420,u7646,s02,2025-08-20 10:06:59,4.12,0.0
req000421,u9367,s04,2025-08-20 10:07:00,2.69,4.15
req000422,u5486,s04,2025-08-20 10:07:01,1.21,2.88
req000423,u8193,s01,2025-08-20 10:07:02,3.73,5.37
req000424,u1846,s04,2025-08-20 10:07:03,1.99,3.01
req000425,u4526,s01,2025-08-20 10:07:04,1.02,0.0
req000426,u2320,s04,2025-08-20 10:07:05,2.57,0.0
req000427,u7140,s03,2025-08-20 10:07:06,1.56,0.0
req000428,u9055,s01,2025-08-20 10:07:07,4.78,5.58
req000429,u8027,s01,2025-08-20 10:07:08,2.13,0.0
req000430,u6413,s02,2025-08-20 10:07:09,3.08,0.0
req000431,u2699,s01,2025-08-20 10:07:10,4.77,0.0
req000432,u3956,s03,2025-08-20 10:07:11,2.27,0.0
req000433,u4999,s01,2025-08-20 10:07:12,2.11,3.66
req000434,u5143,s03,2025-08-20 10:07:13,1.23,0.0
req000435,u5206,s02,2025-08-20 10:07:14,4.72,5.51
req000436,u5177,s01,2025-08-20 10:07:15,4.1,4.37
req000437,u4566,s01,2025-08-20 10:07:16,1.49,0.0
req000438,u1081,s03,2025-08-20 10:07:17,2.0,3.73
req000439,u8584,s02,2025-08-20 10:07:18,4.62,5.47
req000440,u6061,s01,2025-08-20 10:07:19,2.92,3.27
req000441,u6388,s03,2025-08-20 10:07:20,3.0,4.33
req000442,u8447,s01,2025-08-20 10:07:21,3.42,5.21
req000443,u9228,s01,2025-08-20 10:07:22,3.93,5.67
req000444,u5296,s03,2025-08-20 10:07:23,4.73,5.88
req000445,u5103,s02,2025-08-20 10:07:24,4.11,4.38
req000446,u2015,s03,2025-08-20 10:07:25,4.71,6.13
req000447,u3762,s02,2025-08-20 10:07:26,4.19,5.45
req000448,u4831,s03,2025-08-20 10:07:27,0.71,0.0
req000449,u1956,s03,2025-08-20 10:07:28,1.03,0.0
req000450,u8869,s03,2025-08-20 10:07:29,4.48,4.98
req000451,u8770,s02,2025-08-20 10:07:30,0.62,2.43
req000452,u2876,s03,2025-08-20 10:07:31,4.07,0.0
req000453,u6072,s03,2025-08-20 10:07:32,4.32,4.58
req000454,u7327,s04,2025-08-20 10:07:33,2.37,3.18
req000455,u6404,s01,2025-08-20 10:07:34,2.1,2.38
req000456,u1518,s03,2025-08-20 10:07:35,1.37,3.2
req000457,u3449,s01,2025-08-20 10:07:36,0.72,0.89
req000458,u7912,s04,2025-08-20 10:07:37,3.85,0.0
req000459,u1214,s03,2025-08-20 10:07:38,0.83,1.74
req000460,u2229,s02,2025-08-20 10:07:39,4.75,6.49
req000461,u2249,s04,2025-08-20 10:07:40,1.84,2.42
req000462,u9317,s04,2025-08-20 10:07:41,4.07,0.0
req000463,u5094,s01,2025-08-20 10:07:42,0.77,1.07
req000464,u8283,s01,2025-08-20 10:07:43,2.91,0.0
req000465,u7694,s02,2025-08-20 10:07:44,2.07,2.41
req000466,u2103,s02,2025-08-20 10:07:45,0.64,1.51
req000467,u1517,s03,2025-08-20 10:07:46,3.45,0.0
req000468,u9367,s04,2025-08-20 10:07:47,4.74,5.65
req000469,u2191,s01,2025-08-20 10:07:48,0.55,2.01
req000470,u9959,s04,2025-08-20 10:07:49,1.72,0.0
req000471,u9842,s03,2025-08-20 10:07:50,3.67,4.22
req000472,u2594,s02,2025-08-20 10:07:51,4.42,5.85
req000473,u4588,s03,2025-08-20 10:07:52,1.36,3.36
req000474,u8745,s02,2025-08-20 10:07:53,0.82,2.56
req000475,u9651,s03,2025-08-20 10:07:54,0.54,1.85
req000476,u1901,s04,2025-08-20 10:07:55,1.47,3.36
req000477,u2843,s02,2025-08-20 10:07:56,0.82,2.8
req000478,u2815,s04,2025-08-20 10:07:57,2.12,3.3
req000479,u1720,s01,2025-08-20 10:07:58,2.48,3.1
req000480,u5667,s03,2025-08-20 10:07:59,2.66,4.5
req000481,u8520,s02,2025-08-20 10:08:00,1.14,2.84
req000482,u1053,s03,2025-08-20 10:08:01,2.59,2.85
req000483,u9333,s01,2025-08-20 10:08:02,0.54,2.42
req000484,u5385,s03,2025-08-20 10:08:03,1.58,0.0
req000485,u5540,s01,2025-08-20 10:08:04,2.16,0.0
req000486,u5145,s01,2025-08-20 10:08:05,1.03,1.83
req000487,u5182,s02,2025-08-20 10:08:06,4.16,4.87
req000488,u6176,s03,2025-08-20 10:08:07,1.41,0.0
req000489,u4773,s01,2025-08-20 10:08:08,3.9,4.65
req000490,u3197,s03,2025-08-20 10:08:09,2.63,3.34
req000491,u6719,s02,2025-08-20 10:08:10,2.66,0.0
req000492,u7650,s02,2025-08-20 10:08:11,3.4,4.48
req000493,u8699,s03,2025-08-20 10:08:12,0.7,1.9
req000494,u3193,s03,2025-08-20 10:08:13,0.85,1.76
req000495,u2464,s03,2025-08-20 10:08:14,1.97,2.85
req000496,u2053,s04,2025-08-20 10:08:15,2.38,3.88
req000497,u6436,s03,2025-08-20 10:08:16,2.43,2.54
req000498,u2242,s02,2025-08-20 10:08:17,3.55,5.45
req000499,u2417,s03,2025-08-20 10:08:18,0.5,0.0
req000500,u1124,s02,2025-08-20 10:08:19,4.82,6.28
req000501,u5465,s03,2025-08-20 10:08:20,1.29,0.0
req000502,u6935,s03,2025-08-20 10:08:21,1.62,0.0
req000503,u3160,s01,2025-08-20 10:08:22,4.58,0.0
req000504,u7586,s02,2025-08-20 10:08:23,0.52,1.96
req000505,u6793,s02,2025-08-20 10:08:24,4.96,5.86
req000506,u9607,s04,2025-08-20 10:08:25,0.66,2.59
req000507,u3175,s03,2025-08-20 10:08:26,1.04,1.14
req000508,u2160,s02,2025-08-20 10:08:27,1.58,1.83
req000509,u7661,s02,2025-08-20 10:08:28,2.47,4.1
req000510,u6594,s02,2025-08-20 10:08:29,2.83,4.33
req000511,u6844,s01,2025-08-20 10:08:30,0.97,1.59
req000512,u2450,s01,2025-08-20 10:08:31,0.83,0.0
req000513,u5915,s04,2025-08-20 10:08:32,0.64,0.0
req000514,u8104,s02,2025-08-20 10:08:33,1.66,0.0
req000515,u3828,s04,2025-08-20 10:08:34,4.65,0.0
req000516,u1179,s03,2025-08-20 10:08:35,2.25,3.48
req000517,u1002,s02,2025-08-20 10:08:36,3.94,0.0
req000518,u1112,s01,2025-08-20 10:08:37,1.36,0.0
req000519,u9734,s01,2025-08-20 10:08:38,0.79,1.9
req000520,u9394,s01,2025-08-20 10:08:39,2.99,4.09
req000521,u9882,s04,2025-08-20 10:08:40,4.2,5.43
req000522,u9537,s02,2025-08-20 10:08:41,4.54,0.0
req000523,u8724,s03,2025-08-20 10:08:42,2.96,4.95
req000524,u7903,s01,2025-08-20 10:08:43,1.82,3.8
req000525,u5888,s01,2025-08-20 10:08:44,0.99,2.96
req000526,u2749,s02,2025-08-20 10:08:45,3.51,4.65
req000527,u6051,s02,2025-08-20 10:08:46,1.76,0.0
req000528,u4931,s03,2025-08-20 10:08:47,4.3,0.0
req000529,u8501,s04,2025-08-20 10:08:48,3.22,3.92
req000530,u8295,s01,2025-08-20 10:08:49,4.36,5.52
req000531,u3712,s03,2025-08-20 10:08:50,3.05,0.0
req000532,u3623,s03,2025-08-20 10:08:51,3.97,0.0
req000533,u3928,s01,2025-08-20 10:08:52,1.82,3.1
req000534,u9307,s03,2025-08-20 10:08:53,2.76,3.45
req000535,u7040,s02,2025-08-20 10:08:54,0.59,1.89
req000536,u6340,s02,2025-08-20 10:08:55,3.24,0.0
req000537,u8038,s03,2025-08-20 10:08:56,2.9,4.18
req000538,u4111,s02,2025-08-20 10:08:57,3.9,5.72
req000539,u2280,s01,2025-08-20 10:08:58,3.78,0.0
req000540,u5570,s02,2025-08-20 10:08:59,3.32,0.0
req000541,u4795,s03,2025-08-20 10:09:00,0.76,0.0
req000542,u6816,s03,2025-08-20 10:09:01,4.56,5.11
req000543,u5707,s03,2025-08-20 10:09:02,0.58,2.01
req000544,u9786,s03,2025-08-20 10:09:03,4.11,0.0
req000545,u2177,s04,2025-08-20 10:09:04,2.66,3.62
req000546,u1735,s02,2025-08-20 10:09:05,4.18,4.53
req000547,u9065,s02,2025-08-20 10:09:06,2.59,0.0
req000548,u4290,s04,2025-08-20 10:09:07,3.41,0.0
req000549,u3344,s03,2025-08-20 10:09:08,2.13,0.0
req000550,u8592,s02,2025-08-20 10:09:09,3.85,0.0
req000551,u7818,s04,2025-08-20 10:09:10,1.64,0.0
req000552,u2181,s01,2025-08-20 10:09:11,3.74,4.44
req000553,u1668,s03,2025-08-20 10:09:12,1.37,1.58
req000554,u4880,s03,2025-08-20 10:09:13,3.75,4.46
req000555,u8332,s01,2025-08-20 10:09:14,1.82,2.05
req000556,u8727,s02,2025-08-20 10:09:15,1.75,3.61
req000557,u8394,s04,2025-08-20 10:09:16,4.15,4.44
req000558,u5047,s02,2025-08-20 10:09:17,4.16,5.81
req000559,u2448,s03,2025-08-20 10:09:18,3.61,5.43
req000560,u2595,s01,2025-08-20 10:09:19,4.66,5.65
req000561,u1153,s03,2025-08-20 10:09:20,1.2,1.4
req000562,u3785,s02,2025-08-20 10:09:21,1.71,2.94
req000563,u6226,s03,2025-08-20 10:09:22,1.82,2.37
req000564,u4165,s02,2025-08-20 10:09:23,1.87,0.0
req000565,u8448,s03,2025-08-20 10:09:24,1.98,2.42
req000566,u6216,s03,2025-08-20 10:09:25,3.64,4.82
req000567,u4592,s04,2025-08-20 10:09:26,1.72,0.0
req000568,u4414,s01,2025-08-20 10:09:27,1.79,2.57
req000569,u6409,s04,2025-08-20 10:09:28,3.07,0.0
req000570,u9909,s02,2025-08-20 10:09:29,1.37,2.86
req000571,u6139,s01,2025-08-20 10:09:30,2.14,3.36
req000572,u2872,s04,2025-08-20 10:09:31,0.76,2.44
req000573,u6684,s01,2025-08-20 10:09:32,4.79,5.0
req000574,u2114,s02,2025-08-20 10:09:33,1.93,0.0
req000575,u5843,s04,2025-08-20 10:09:34,4.33,4.88
req000576,u5490,s04,2025-08-20 10:09:35,2.88,4.06
req000577,u1644,s02,2025-08-20 10:09:36,1.53,3.3
req000578,u1327,s04,2025-08-20 10:09:37,1.37,0.0
req000579,u9108,s02,2025-08-20 10:09:38,3.63,0.0
req000580,u5338,s04,2025-08-20 10:09:39,4.84,0.0
req000581,u8071,s02,2025-08-20 10:09:40,1.32,2.97
req000582,u8749,s01,2025-08-20 10:09:41,1.02,2.41
req000583,u3201,s01,2025-08-20 10:09:42,2.24,0.0
req000584,u4724,s03,2025-08-20 10:09:43,2.27,3.46
req000585,u8505,s02,2025-08-20 10:09:44,4.13,5.43
req000586,u9548,s04,2025-08-20 10:09:45,2.61,3.12
req000587,u9788,s04,2025-08-20 10:09:46,0.78,2.01
req000588,u2334,s02,2025-08-20 10:09:47,4.64,0.0
req000589,u2705,s04,2025-08-20 10:09:48,2.18,3.22
req000590,u9598,s03,2025-08-20 10:09:49,3.51,4.34
req000591,u9271,s01,2025-08-20 10:09:50,3.5,5.29
req000592,u3366,s01,2025-08-20 10:09:51,0.75,2.43
req000593,u2577,s03,2025-08-20 10:09:52,0.52,0.0
req000594,u1769,s03,2025-08-20 10:09:53,0.9,0.0
req000595,u8196,s04,2025-08-20 10:09:54,4.8,0.0
req000596,u7189,s01,2025-08-20 10:09:55,4.07,4.32
req000597,u1526,s03,2025-08-20 10:09:56,1.09,3.06
req000598,u6311,s02,2025-08-20 10:09:57,3.27,3.81
req000599,u6955,s01,2025-08-20 10:09:58,3.25,0.0
req000600,u6212,s03,2025-08-20 10:09:59,0.5,0.0
req000601,u9771,s03,2025-08-20 10:10:00,2.43,2.94
req000602,u8588,s01,2025-08-20 10:10:01,3.7,5.59
req000603,u1738,s01,2025-08-20 10:10:02,1.34,0.0
req000604,u5124,s01,2025-08-20 10:10:03,4.33,0.0
req000605,u3360,s02,2025-08-20 10:10:04,3.47,4.42
req000606,u7038,s03,2025-08-20 10:10:05,0.53,2.16
req000607,u4658,s03,2025-08-20 10:10:06,4.35,5.0
req000608,u8176,s04,2025-08-20 10:10:07,0.59,0.0
req000609,u8675,s02,2025-08-20 10:10:08,4.5,0.0
req000610,u7656,s03,2025-08-20 10:10:09,2.0,3.76
req000611,u7659,s04,2025-08-20 10:10:10,3.64,0.0
req000612,u8839,s02,2025-08-20 10:10:11,4.04,5.72
req000613,u5089,s01,2025-08-20 10:10:12,1.77,0.0
req000614,u3145,s02,2025-08-20 10:10:13,2.1,3.19
req000615,u7115,s01,2025-08-20 10:10:14,2.79,4.23
req000616,u5443,s02,2025-08-20 10:10:15,3.12,5.05
req000617,u7428,s02,2025-08-20 10:10:16,1.81,0.0
req000618,u7260,s01,2025-08-20 10:10:17,4.97,5.93
req000619,u1493,s02,2025-08-20 10:10:18,3.82,4.86
req000620,u8960,s04,2025-08-20 10:10:19,1.73,3.2
req000621,u1124,s02,2025-08-20 10:10:20,3.38,4.21
req000622,u3883,s03,2025-08-20 10:10:21,2.46,4.39
req000623,u9975,s03,2025-08-20 10:10:22,4.37,4.55
req000624,u8693,s01,2025-08-20 10:10:23,1.98,0.0
req000625,u4517,s03,2025-08-20 10:10:24,1.35,2.22
req000626,u9117,s02,2025-08-20 10:10:25,0.71,2.17
req000627,u3081,s02,2025-08-20 10:10:26,4.93,5.85
req000628,u4429,s03,2025-08-20 10:10:27,2.12,0.0
req000629,u1466,s01,2025-08-20 10:10:28,1.49,0.0
req000630,u6910,s01,2025-08-20 10:10:29,2.71,0.0
req000631,u8466,s04,2025-08-20 10:10:30,1.81,2.4
req000632,u2913,s03,2025-08-20 10:10:31,1.55,2.44
req000633,u3553,s04,2025-08-20 10:10:32,3.27,5.04
req000634,u2898,s03,2025-08-20 10:10:33,0.84,0.0
req000635,u7603,s01,2025-08-20 10:10:34,2.79,3.93
req000636,u8141,s04,2025-08-20 10:10:35,2.24,2.98
req000637,u3947,s01,2025-08-20 10:10:36,2.9,0.0
req000638,u7298,s02,2025-08-20 10:10:37,1.94,0.0
req000639,u7325,s02,2025-08-20 10:10:38,3.07,4.45
req000640,u9559,s04,2025-08-20 10:10:39,0.87,0.0
req000641,u3970,s01,2025-08-20 10:10:40,2.19,3.45
req000642,u8824,s04,2025-08-20 10:10:41,1.57,2.73
req000643,u4749,s03,2025-08-20 10:10:42,2.47,0.0
req000644,u5343,s03,2025-08-20 10:10:43,2.29,0.0
req000645,u3770,s01,2025-08-20 10:10:44,3.34,4.18
req000646,u9577,s01,2025-08-20 10:10:45,3.33,3.57
req000647,u1962,s02,2025-08-20 10:10:46,2.36,3.64
req000648,u5350,s01,2025-08-20 10:10:47,1.32,2.22
req000649,u3787,s03,2025-08-20 10:10:48,3.12,0.0
req000650,u7504,s04,2025-08-20 10:10:49,4.85,5.76
req000651,u9882,s03,2025-08-20 10:10:50,1.33,0.0
req000652,u6318,s03,2025-08-20 10:10:51,0.81,0.0
req000653,u5771,s01,2025-08-20 10:10:52,1.69,2.23
req000654,u5761,s02,2025-08-20 10:10:53,2.36,2.93
req000655,u7457,s02,2025-08-20 10:10:54,1.88,3.48
req000656,u1048,s02,2025-08-20 10:10:55,4.26,0.0
req000657,u7606,s01,2025-08-20 10:10:56,2.72,3.73
req000658,u9293,s04,2025-08-20 10:10:57,1.61,1.92
req000659,u9635,s01,2025-08-20 10:10:58,4.78,4.97
req000660,u6436,s03,2025-08-20 10:10:59,1.06,1.59
req000661,u9296,s02,2025-08-20 10:11:00,1.05,0.0
req000662,u4919,s03,2025-08-20 10:11:01,1.6,0.0
req000663,u3384,s01,2025-08-20 10:11:02,0.85,1.88
req000664,u2152,s01,2025-08-20 10:11:03,3.88,0.0
req000665,u2263,s01,2025-08-20 10:11:04,1.91,3.18
req000666,u4759,s04,2025-08-20 10:11:05,3.78,4.15
req000667,u4090,s04,2025-08-20 10:11:06,3.93,4.85
req000668,u1517,s04,2025-08-20 10:11:07,1.57,1.81
req000669,u5553,s03,2025-08-20 10:11:08,2.83,3.0
req000670,u5871,s01,2025-08-20 10:11:09,2.84,4.58
req000671,u3072,s03,2025-08-20 10:11:10,4.42,5.77
req000672,u2555,s04,2025-08-20 10:11:11,0.62,2.2
req000673,u8837,s01,2025-08-20 10:11:12,1.93,2.38
req000674,u6330,s01,2025-08-20 10:11:13,4.47,0.0
req000675,u4444,s04,2025-08-20 10:11:14,1.57,2.28
req000676,u5909,s02,2025-08-20 10:11:15,1.12,2.06
req000677,u9716,s02,2025-08-20 10:11:16,3.09,0.0
req000678,u6674,s03,2025-08-20 10:11:17,1.88,3.23
req000679,u7820,s01,2025-08-20 10:11:18,2.6,3.72
req000680,u5124,s01,2025-08-20 10:11:19,4.19,5.34
req000681,u6735,s04,2025-08-20 10:11:20,2.84,3.24
req000682,u1231,s04,2025-08-20 10:11:21,2.82,3.82
req000683,u5640,s03,2025-08-20 10:11:22,1.75,3.42
req000684,u6114,s01,2025-08-20 10:11:23,4.07,5.14
req000685,u7794,s04,2025-08-20 10:11:24,3.83,4.31
req000686,u3758,s03,2025-08-20 10:11:25,1.55,2.44
req000687,u5230,s01,2025-08-20 10:11:26,1.94,0.0
req000688,u1406,s02,2025-08-20 10:11:27,4.05,5.58
req000689,u6066,s02,2025-08-20 10:11:28,2.11,2.47
req000690,u5770,s02,2025-08-20 10:11:29,2.32,3.52
req000691,u2581,s04,2025-08-20 10:11:30,2.14,4.07
req000692,u7631,s01,2025-08-20 10:11:31,1.23,2.05
req000693,u4534,s03,2025-08-20 10:11:32,2.03,2.21
req000694,u2502,s03,2025-08-20 10:11:33,4.11,5.41
req000695,u7959,s04,2025-08-20 10:11:34,2.71,2.9
req000696,u7333,s01,2025-08-20 10:11:35,2.56,3.02
req000697,u5715,s04,2025-08-20 10:11:36,1.2,1.39
req000698,u2560,s01,2025-08-20 10:11:37,1.3,1.72
req000699,u8977,s04,2025-08-20 10:11:38,0.69,2.41
req000700,u1900,s04,2025-08-20 10:11:39,0.56,2.06
req000701,u1870,s01,2025-08-20 10:11:40,2.7,3.45
req000702,u2022,s03,2025-08-20 10:11:41,2.34,4.14
req000703,u4616,s04,2025-08-20 10:11:42,1.74,0.0
req000704,u4587,s04,2025-08-20 10:11:43,4.96,6.32
req000705,u8219,s03,2025-08-20 10:11:44,2.29,3.24
req000706,u1260,s02,2025-08-20 10:11:45,4.05,4.28
req000707,u5214,s04,2025-08-20 10:11:46,1.45,2.94
req000708,u8220,s02,2025-08-20 10:11:47,1.61,2.42
req000709,u5354,s02,2025-08-20 10:11:48,3.06,3.74
req000710,u3048,s01,2025-08-20 10:11:49,0.52,1.17
req000711,u2913,s01,2025-08-20 10:11:50,0.58,0.69
req000712,u3173,s02,2025-08-20 10:11:51,1.14,2.65
req000713,u1640,s03,2025-08-20 10:11:52,1.5,0.0
req000714,u7974,s02,2025-08-20 10:11:53,2.88,3.26
req000715,u7466,s02,2025-08-20 10:11:54,3.59,4.68
req000716,u1351,s01,2025-08-20 10:11:55,1.9,2.03
req000717,u7142,s04,2025-08-20 10:11:56,1.58,2.87
req000718,u9202,s01,2025-08-20 10:11:57,4.2,5.0
req000719,u1428,s01,2025-08-20 10:11:58,1.23,0.0
req000720,u9771,s04,2025-08-20 10:11:59,3.55,4.85
req000721,u6340,s02,2025-08-20 10:12:00,4.69,0.0
req000722,u7861,s03,2025-08-20 10:12:01,1.54,1.81
req000723,u1105,s03,2025-08-20 10:12:02,0.89,1.5
req000724,u3158,s03,2025-08-20 10:12:03,4.91,0.0
req000725,u2585,s03,2025-08-20 10:12:04,1.72,2.03
req000726,u9157,s01,2025-08-20 10:12:05,1.74,3.07
req000727,u1854,s04,2025-08-20 10:12:06,2.68,2.99
req000728,u9205,s04,2025-08-20 10:12:07,1.54,2.81
req000729,u9305,s01,2025-08-20 10:12:08,4.97,0.0
req000730,u9225,s02,2025-08-20 10:12:09,0.69,1.05
req000731,u1191,s04,2025-08-20 10:12:10,2.53,0.0
req000732,u8191,s01,2025-08-20 10:12:11,2.97,0.0
req000733,u3305,s02,2025-08-20 10:12:12,2.6,4.49
req000734,u5513,s03,2025-08-20 10:12:13,2.84,3.73
req000735,u3463,s01,2025-08-20 10:12:14,4.94,5.28
req000736,u2016,s03,2025-08-20 10:12:15,4.45,0.0
req000737,u8821,s04,2025-08-20 10:12:16,1.89,0.0
req000738,u6398,s03,2025-08-20 10:12:17,2.98,3.16
req000739,u4849,s02,2025-08-20 10:12:18,0.5,1.23
req000740,u1292,s01,2025-08-20 10:12:19,2.34,0.0
req000741,u8285,s03,2025-08-20 10:12:20,1.24,3.03
req000742,u8568,s01,2025-08-20 10:12:21,3.7,4.07
req000743,u3390,s02,2025-08-20 10:12:22,1.49,0.0
req000744,u3482,s04,2025-08-20 10:12:23,3.87,5.47
req000745,u7213,s03,2025-08-20 10:12:24,1.91,2.8
req000746,u7941,s02,2025-08-20 10:12:25,4.67,0.0
req000747,u7414,s02,2025-08-20 10:12:26,2.5,0.0
req000748,u8290,s01,2025-08-20 10:12:27,4.28,5.91
req000749,u4697,s01,2025-08-20 10:12:28,3.33,5.09
req000750,u5569,s04,2025-08-20 10:12:29,4.9,6.9
req000751,u6162,s03,2025-08-20 10:12:30,3.84,0.0
req000752,u9553,s03,2025-08-20 10:12:31,3.77,0.0
req000753,u8148,s03,2025-08-20 10:12:32,1.69,0.0
req000754,u2016,s03,2025-08-20 10:12:33,2.77,0.0
req000755,u2463,s01,2025-08-20 10:12:34,1.81,0.0
req000756,u6320,s04,2025-08-20 10:12:35,0.59,0.82
req000757,u1586,s02,2025-08-20 10:12:36,3.7,5.31
req000758,u1734,s01,2025-08-20 10:12:37,1.56,1.79
req000759,u9670,s03,2025-08-20 10:12:38,2.29,2.99
req000760,u7088,s02,2025-08-20 10:12:39,1.78,3.11
req000761,u6285,s04,2025-08-20 10:12:40,1.4,2.35
req000762,u5440,s03,2025-08-20 10:12:41,0.8,1.97
req000763,u2104,s04,2025-08-20 10:12:42,2.02,0.0
req000764,u5771,s01,2025-08-20 10:12:43,0.87,0.0
req000765,u7371,s04,2025-08-20 10:12:44,2.93,4.87
req000766,u6736,s02,2025-08-20 10:12:45,0.59,2.25
req000767,u2106,s03,2025-08-20 10:12:46,4.73,5.52
req000768,u8154,s01,2025-08-20 10:12:47,4.85,6.09
req000769,u9132,s02,2025-08-20 10:12:48,1.87,2.06
req000770,u3761,s02,2025-08-20 10:12:49,1.67,2.63
req000771,u2810,s02,2025-08-20 10:12:50,0.97,2.23
req000772,u3342,s01,2025-08-20 10:12:51,4.57,6.03
req000773,u8227,s02,2025-08-20 10:12:52,3.14,4.95
req000774,u2067,s01,2025-08-20 10:12:53,3.25,3.89
req000775,u6245,s04,2025-08-20 10:12:54,4.53,0.0
req000776,u3322,s02,2025-08-20 10:12:55,4.6,6.41
req000777,u7648,s02,2025-08-20 10:12:56,4.23,5.59
req000778,u2519,s01,2025-08-20 10:12:57,3.98,4.23
req000779,u8915,s03,2025-08-20 10:12:58,4.45,5.27
req000780,u3008,s02,2025-08-20 10:12:59,4.44,5.45
req000781,u9408,s03,2025-08-20 10:13:00,2.16,2.93
req000782,u7864,s03,2025-08-20 10:13:01,4.88,5.2
req000783,u8705,s02,2025-08-20 10:13:02,3.69,4.84
req000784,u1985,s01,2025-08-20 10:13:03,2.17,2.52
req000785,u8050,s02,2025-08-20 10:13:04,2.49,0.0
req000786,u9276,s03,2025-08-20 10:13:05,3.59,5.43
req000787,u4937,s04,2025-08-20 10:13:06,2.12,3.86
req000788,u8775,s03,2025-08-20 10:13:07,4.22,0.0
req000789,u3298,s04,2025-08-20 10:13:08,1.17,0.0
req000790,u1443,s03,2025-08-20 10:13:09,4.58,5.58
req000791,u2109,s02,2025-08-20 10:13:10,1.86,2.09
req000792,u8160,s02,2025-08-20 10:13:11,1.19,2.34
req000793,u5182,s02,2025-08-20 10:13:12,4.36,5.59
req000794,u9868,s04,2025-08-20 10:13:13,1.58,0.0
req000795,u6160,s04,2025-08-20 10:13:14,4.3,0.0
req000796,u5253,s01,2025-08-20 10:13:15,1.83,3.62
req000797,u8579,s01,2025-08-20 10:13:16,4.7,0.0
req000798,u2281,s02,2025-08-20 10:13:17,1.49,1.72
req000799,u5037,s02,2025-08-20 10:13:18,0.81,2.22
req000800,u4584,s01,2025-08-20 10:13:19,4.71,5.88
req000801,u3196,s01,2025-08-20 10:13:20,1.25,1.68
req000802,u6343,s04,2025-08-20 10:13:21,4.75,5.08
req000803,u2500,s02,2025-08-20 10:13:22,4.21,0.0
req000804,u7685,s01,2025-08-20 10:13:23,0.87,2.29
req000805,u4420,s03,2025-08-20 10:13:24,2.5,0.0
req000806,u5155,s01,2025-08-20 10:13:25,0.83,0.0
req000807,u2475,s02,2025-08-20 10:13:26,1.98,0.0
req000808,u4737,s03,2025-08-20 10:13:27,2.08,0.0
req000809,u1297,s03,2025-08-20 10:13:28,3.2,3.95
req000810,u1581,s01,2025-08-20 10:13:29,4.89,6.89
req000811,u5975,s02,2025-08-20 10:13:30,1.26,3.06
req000812,u4961,s01,2025-08-20 10:13:31,1.98,3.15
req000813,u7290,s04,2025-08-20 10:13:32,3.14,4.46
req000814,u3352,s02,2025-08-20 10:13:33,1.27,1.67
req000815,u7094,s03,2025-08-20 10:13:34,3.7,0.0
req000816,u7405,s02,2025-08-20 10:13:35,2.32,4.12
req000817,u2885,s04,2025-08-20 10:13:36,4.77,5.74
req000818,u6457,s03,2025-08-20 10:13:37,3.33,0.0
req000819,u5026,s04,2025-08-20 10:13:38,2.13,0.0
req000820,u4925,s04,2025-08-20 10:13:39,3.74,0.0
req000821,u1125,s01,2025-08-20 10:13:40,4.27,5.36
req000822,u6629,s04,2025-08-20 10:13:41,4.1,5.86
req000823,u2315,s01,2025-08-20 10:13:42,1.68,0.0
req000824,u9831,s02,2025-08-20 10:13:43,2.38,2.49
req000825,u9186,s03,2025-08-20 10:13:44,2.53,3.57
req000826,u7224,s03,2025-08-20 10:13:45,2.25,3.54
req000827,u3708,s04,2025-08-20 10:13:46,1.9,2.3
req000828,u5622,s02,2025-08-20 10:13:47,3.89,0.0
req000829,u1054,s01,2025-08-20 10:13:48,0.56,0.0
req000830,u5599,s03,2025-08-20 10:13:49,1.82,0.0
req000831,u8020,s03,2025-08-20 10:13:50,1.14,0.0
req000832,u7192,s03,2025-08-20 10:13:51,1.08,0.0
req000833,u2513,s02,2025-08-20 10:13:52,1.75,1.98
req000834,u1454,s04,2025-08-20 10:13:53,3.93,5.05
req000835,u2041,s03,2025-08-20 10:13:54,4.86,6.0
req000836,u1572,s02,2025-08-20 10:13:55,2.82,0.0
req000837,u8123,s01,2025-08-20 10:13:56,2.03,2.76
req000838,u2066,s04,2025-08-20 10:13:57,4.23,6.01
req000839,u6694,s01,2025-08-20 10:13:58,0.8,1.47
req000840,u9312,s03,2025-08-20 10:13:59,0.92,2.0
req000841,u2115,s04,2025-08-20 10:14:00,2.05,0.0
req000842,u7156,s03,2025-08-20 10:14:01,2.52,2.97
req000843,u2500,s03,2025-08-20 10:14:02,4.09,0.0
req000844,u9670,s01,2025-08-20 10:14:03,4.66,4.78
req000845,u4321,s01,2025-08-20 10:14:04,2.89,3.8
req000846,u3433,s03,2025-08-20 10:14:05,2.73,0.0
req000847,u9879,s03,2025-08-20 10:14:06,1.46,0.0
req000848,u8061,s03,2025-08-20 10:14:07,2.53,3.63
req000849,u6312,s01,2025-08-20 10:14:08,4.66,6.21
req000850,u4161,s04,2025-08-20 10:14:09,2.27,0.0
req000851,u8010,s03,2025-08-20 10:14:10,1.45,2.4
req000852,u7306,s03,2025-08-20 10:14:11,2.02,2.65
req000853,u2848,s04,2025-08-20 10:14:12,2.82,4.07
req000854,u5897,s02,2025-08-20 10:14:13,3.19,4.01
req000855,u6842,s02,2025-08-20 10:14:14,2.45,2.99
req000856,u1283,s03,2025-08-20 10:14:15,3.91,5.74
req000857,u2259,s01,2025-08-20 10:14:16,3.13,4.25
req000858,u2175,s04,2025-08-20 10:14:17,3.49,0.0
req000859,u8857,s04,2025-08-20 10:14:18,4.38,4.86
req000860,u6948,s04,2025-08-20 10:14:19,4.4,0.0
req000861,u1932,s01,2025-08-20 10:14:20,1.42,2.79
req000862,u4722,s01,2025-08-20 10:14:21,3.31,4.94
req000863,u8600,s04,2025-08-20 10:14:22,3.72,5.26
req000864,u5928,s01,2025-08-20 10:14:23,1.16,2.4
req000865,u4322,s01,2025-08-20 10:14:24,4.29,5.38
req000866,u7304,s04,2025-08-20 10:14:25,1.31,0.0
req000867,u2225,s03,2025-08-20 10:14:26,4.1,0.0
req000868,u3896,s01,2025-08-20 10:14:27,1.23,2.81
req000869,u6560,s01,2025-08-20 10:14:28,3.84,5.29
req000870,u2074,s04,2025-08-20 10:14:29,1.17,2.36
req000871,u5667,s01,2025-08-20 10:14:30,2.2,3.55
req000872,u3720,s01,2025-08-20 10:14:31,1.15,0.0
req000873,u7343,s02,2025-08-20 10:14:32,1.72,2.14
req000874,u2597,s01,2025-08-20 10:14:33,4.93,5.07
req000875,u9611,s02,2025-08-20 10:14:34,0.98,2.85
req000876,u2303,s01,2025-08-20 10:14:35,2.33,0.0
req000877,u3137,s03,2025-08-20 10:14:36,3.55,5.43
req000878,u6104,s03,2025-08-20 10:14:37,0.93,2.53
req000879,u2038,s04,2025-08-20 10:14:38,0.99,1.8
req000880,u6371,s04,2025-08-20 10:14:39,1.14,1.53
req000881,u3620,s04,2025-08-20 10:14:40,3.4,4.18
req000882,u2093,s03,2025-08-20 10:14:41,4.59,6.07
req000883,u3548,s02,2025-08-20 10:14:42,4.22,4.96
req000884,u2322,s01,2025-08-20 10:14:43,4.92,6.53
req000885,u4934,s04,2025-08-20 10:14:44,3.1,0.0
req000886,u4478,s02,2025-08-20 10:14:45,4.83,6.21
req000887,u9950,s03,2025-08-20 10:14:46,1.87,3.17
req000888,u8449,s02,2025-08-20 10:14:47,2.4,0.0
req000889,u4388,s03,2025-08-20 10:14:48,2.28,4.15
req000890,u1281,s03,2025-08-20 10:14:49,0.71,2.51
req000891,u1739,s03,2025-08-20 10:14:50,4.23,5.68
req000892,u7329,s03,2025-08-20 10:14:51,0.61,1.09
req000893,u1637,s01,2025-08-20 10:14:52,3.78,5.66
req000894,u4848,s04,2025-08-20 10:14:53,2.33,2.86
req000895,u3616,s04,2025-08-20 10:14:54,0.53,1.34
req000896,u9284,s03,2025-08-20 10:14:55,1.8,0.0
req000897,u8272,s03,2025-08-20 10:14:56,2.06,3.73
req000898,u6876,s04,2025-08-20 10:14:57,4.84,5.34
req000899,u8554,s01,2025-08-20 10:14:58,3.47,0.0
req000900,u4722,s03,2025-08-20 10:14:59,2.95,4.26
req000901,u8668,s03,2025-08-20 10:15:00,1.07,0.0
req000902,u8563,s02,2025-08-20 10:15:01,2.26,0.0
req000903,u7021,s04,2025-08-20 10:15:02,0.66,0.0
req000904,u8137,s04,2025-08-20 10:15:03,3.93,4.9
req000905,u5862,s03,2025-08-20 10:15:04,1.23,2.52
req000906,u2685,s01,2025-08-20 10:15:05,3.17,0.0
req000907,u1354,s03,2025-08-20 10:15:06,3.65,5.57
req000908,u6046,s02,2025-08-20 10:15:07,2.15,3.79
req000909,u7061,s03,2025-08-20 10:15:08,3.35,4.01
req000910,u3259,s01,2025-08-20 10:15:09,3.94,4.15
req000911,u1515,s04,2025-08-20 10:15:10,1.33,0.0
req000912,u8844,s03,2025-08-20 10:15:11,3.2,5.14
req000913,u3070,s02,2025-08-20 10:15:12,3.8,5.01
req000914,u6529,s02,2025-08-20 10:15:13,2.11,2.54
req000915,u5464,s01,2025-08-20 10:15:14,1.23,2.52
req000916,u1101,s02,2025-08-20 10:15:15,1.79,0.0
req000917,u4162,s01,2025-08-20 10:15:16,4.7,0.0
req000918,u9114,s02,2025-08-20 10:15:17,2.11,2.29
req000919,u7312,s04,2025-08-20 10:15:18,0.98,1.44
req000920,u5295,s02,2025-08-20 10:15:19,0.87,0.0
req000921,u5897,s04,2025-08-20 10:15:20,1.31,0.0
req000922,u2304,s01,2025-08-20 10:15:21,1.07,0.0
req000923,u4167,s01,2025-08-20 10:15:22,2.73,4.03
req000924,u4877,s01,2025-08-20 10:15:23,2.06,2.92
req000925,u1382,s03,2025-08-20 10:15:24,4.29,5.01
req000926,u9397,s03,2025-08-20 10:15:25,4.46,5.81
req000927,u5168,s02,2025-08-20 10:15:26,2.63,4.38
req000928,u6232,s02,2025-08-20 10:15:27,4.5,5.89
req000929,u6914,s02,2025-08-20 10:15:28,2.53,0.0
req000930,u3552,s02,2025-08-20 10:15:29,3.39,4.37
req000931,u3214,s02,2025-08-20 10:15:30,1.23,2.58
req000932,u7135,s01,2025-08-20 10:15:31,0.74,2.16
req000933,u6304,s03,2025-08-20 10:15:32,1.22,2.79
req000934,u5757,s02,2025-08-20 10:15:33,1.63,2.31
req000935,u5188,s01,2025-08-20 10:15:34,3.88,0.0
req000936,u3052,s03,2025-08-20 10:15:35,1.28,1.6
req000937,u3770,s01,2025-08-20 10:15:36,1.09,2.49
req000938,u9347,s04,2025-08-20 10:15:37,4.67,0.0
req000939,u6588,s02,2025-08-20 10:15:38,3.6,0.0
req000940,u2164,s03,2025-08-20 10:15:39,2.63,2.96
req000941,u5247,s02,2025-08-20 10:15:40,0.93,1.91
req000942,u2493,s03,2025-08-20 10:15:41,4.33,4.87
req000943,u4851,s02,2025-08-20 10:15:42,0.99,1.72
req000944,u7423,s01,2025-08-20 10:15:43,3.25,4.24
req000945,u4320,s04,2025-08-20 10:15:44,3.5,5.3
req000946,u3423,s01,2025-08-20 10:15:45,2.3,3.69
req000947,u6752,s03,2025-08-20 10:15:46,4.6,0.0
req000948,u6165,s04,2025-08-20 10:15:47,0.73,0.0
req000949,u9649,s04,2025-08-20 10:15:48,4.18,4.61
req000950,u8064,s01,2025-08-20 10:15:49,2.99,4.76
req000951,u2778,s01,2025-08-20 10:15:50,3.25,0.0
req000952,u4853,s02,2025-08-20 10:15:51,4.94,5.99
req000953,u4458,s03,2025-08-20 10:15:52,3.12,3.61
req000954,u4109,s01,2025-08-20 10:15:53,4.09,0.0
req000955,u4498,s03,2025-08-20 10:15:54,1.19,0.0
req000956,u1176,s01,2025-08-20 10:15:55,4.14,0.0
req000957,u6698,s02,2025-08-20 10:15:56,3.92,5.02
req000958,u8005,s02,2025-08-20 10:15:57,4.86,0.0
req000959,u2630,s02,2025-08-20 10:15:58,4.71,5.17
req000960,u4723,s01,2025-08-20 10:15:59,1.46,2.26
req000961,u2767,s02,2025-08-20 10:16:00,2.59,4.22
req000962,u2276,s02,2025-08-20 10:16:01,4.6,5.95
req000963,u3029,s04,2025-08-20 10:16:02,3.38,4.39
req000964,u4999,s01,2025-08-20 10:16:03,2.59,3.12
req000965,u9071,s03,2025-08-20 10:16:04,0.99,0.0
req000966,u3288,s04,2025-08-20 10:16:05,2.08,0.0
req000967,u4385,s02,2025-08-20 10:16:06,3.49,4.13
req000968,u7888,s01,2025-08-20 10:16:07,4.0,0.0
req000969,u8690,s04,2025-08-20 10:16:08,2.51,4.47
req000970,u1886,s02,2025-08-20 10:16:09,0.75,1.5
req000971,u9382,s01,2025-08-20 10:16:10,3.35,4.62
req000972,u3955,s01,2025-08-20 10:16:11,4.65,0.0
req000973,u3043,s03,2025-08-20 10:16:12,2.73,3.78
req000974,u4461,s04,2025-08-20 10:16:13,4.68,4.82
req000975,u7069,s04,2025-08-20 10:16:14,2.09,0.0
req000976,u3882,s04,2025-08-20 10:16:15,4.49,6.38
req000977,u3487,s02,2025-08-20 10:16:16,4.04,4.31
req000978,u2251,s02,2025-08-20 10:16:17,4.83,6.18
req000979,u2920,s04,2025-08-20 10:16:18,4.06,5.7
req000980,u2254,s03,2025-08-20 10:16:19,1.95,0.0
req000981,u2701,s02,2025-08-20 10:16:20,4.55,6.07
req000982,u9463,s04,2025-08-20 10:16:21,3.51,0.0
req000983,u1490,s02,2025-08-20 10:16:22,1.23,0.0
req000984,u9999,s01,2025-08-20 10:16:23,0.71,2.35
req000985,u4539,s01,2025-08-20 10:16:24,2.15,3.66
req000986,u1800,s04,2025-08-20 10:16:25,4.04,0.0
req000987,u9312,s01,2025-08-20 10:16:26,3.28,4.23
req000988,u8898,s01,2025-08-20 10:16:27,2.87,0.0
req000989,u4494,s02,2025-08-20 10:16:28,0.52,0.0
req000990,u4587,s01,2025-08-20 10:16:29,2.46,0.0
req000991,u4385,s02,2025-08-20 10:16:30,1.21,0.0
req000992,u1765,s04,2025-08-20 10:16:31,2.55,4.35
req000993,u2035,s03,2025-08-20 10:16:32,4.96,0.0
req000994,u4084,s02,2025-08-20 10:16:33,4.46,6.29
req000995,u9458,s04,2025-08-20 10:16:34,1.9,0.0
req000996,u2350,s02,2025-08-20 10:16:35,3.17,4.1
req000997,u7926,s03,2025-08-20 10:16:36,2.76,0.0
req000998,u1344,s01,2025-08-20 10:16:37,1.09,2.11
req000999,u3649,s03,2025-08-20 10:16:38,4.95,5.97
req001000,u1292,s03,2025-08-20 10:16:39,2.41,3.04
req001001,u9358,s04,2025-08-20 10:16:40,2.78,3.1
req001002,u3510,s03,2025-08-20 10:16:41,3.41,4.01
req001003,u7668,s03,2025-08-20 10:16:42,1.36,3.06
req001004,u9297,s01,2025-08-20 10:16:43,1.5,0.0
req001005,u2937,s03,2025-08-20 10:16:44,1.37,2.5
req001006,u9939,s04,2025-08-20 10:16:45,2.23,3.95
req001007,u2953,s02,2025-08-20 10:16:46,1.4,2.92
req001008,u5357,s02,2025-08-20 10:16:47,4.67,5.43
req001009,u4870,s02,2025-08-20 10:16:48,3.71,4.16
req001010,u4341,s01,2025-08-20 10:16:49,4.54,0.0
req001011,u6206,s01,2025-08-20 10:16:50,4.32,0.0
req001012,u9508,s02,2025-08-20 10:16:51,3.66,4.84
req001013,u7908,s01,2025-08-20 10:16:52,1.59,3.47
req001014,u3936,s01,2025-08-20 10:16:53,3.27,4.96
req001015,u9885,s01,2025-08-20 10:16:54,1.34,0.0
req001016,u5065,s04,2025-08-20 10:16:55,1.1,0.0
req001017,u7049,s04,2025-08-20 10:16:56,3.35,4.9
req001018,u9281,s01,2025-08-20 10:16:57,3.31,4.86
req001019,u1137,s01,2025-08-20 10:16:58,1.2,2.3
req001020,u6936,s02,2025-08-20 10:16:59,2.09,2.51
req001021,u9892,s04,2025-08-20 10:17:00,0.8,1.44
req001022,u9596,s04,2025-08-20 10:17:01,3.72,0.0
req001023,u8404,s01,2025-08-20 10:17:02,4.94,0.0
req001024,u8962,s04,2025-08-20 10:17:03,3.83,5.03
req001025,u8137,s03,2025-08-20 10:17:04,4.3,0.0
req001026,u9196,s04,2025-08-20 10:17:05,2.64,0.0
req001027,u1593,s04,2025-08-20 10:17:06,0.93,1.63
req001028,u8492,s03,2025-08-20 10:17:07,3.77,0.0
req001029,u7682,s04,2025-08-20 10:17:08,1.65,3.23
req001030,u9109,s04,2025-08-20 10:17:09,2.25,3.06
req001031,u1843,s04,2025-08-20 10:17:10,3.66,3.98
req001032,u3922,s01,2025-08-20 10:17:11,4.57,0.0
req001033,u5578,s02,2025-08-20 10:17:12,2.69,0.0
req001034,u5648,s01,2025-08-20 10:17:13,4.83,6.42
req001035,u7860,s04,2025-08-20 10:17:14,2.84,4.27
req001036,u5280,s04,2025-08-20 10:17:15,1.05,1.63
req001037,u5479,s03,2025-08-20 10:17:16,2.83,0.0
req001038,u3596,s03,2025-08-20 10:17:17,4.37,6.33
req001039,u4270,s03,2025-08-20 10:17:18,2.92,3.79
req001040,u6642,s01,2025-08-20 10:17:19,3.86,5.25
req001041,u9677,s03,2025-08-20 10:17:20,2.97,4.8
req001042,u7251,s04,2025-08-20 10:17:21,2.96,3.36
req001043,u5453,s03,2025-08-20 10:17:22,1.78,3.55
req001044,u9425,s04,2025-08-20 10:17:23,1.41,2.85
req001045,u5478,s03,2025-08-20 10:17:24,1.76,2.18
req001046,u1462,s02,2025-08-20 10:17:25,2.48,0.0
req001047,u4043,s04,2025-08-20 10:17:26,4.14,5.5
req001048,u8729,s03,2025-08-20 10:17:27,4.23,5.99
req001049,u1479,s02,2025-08-20 10:17:28,1.24,0.0
req001050,u3379,s03,2025-08-20 10:17:29,2.99,4.61
req001051,u1662,s01,2025-08-20 10:17:30,2.37,3.92
req001052,u8939,s02,2025-08-20 10:17:31,3.07,3.48
req001053,u7105,s02,2025-08-20 10:17:32,3.41,3.87
req001054,u5188,s01,2025-08-20 10:17:33,1.76,0.0
req001055,u3374,s01,2025-08-20 10:17:34,4.64,0.0
req001056,u3505,s01,2025-08-20 10:17:35,4.71,5.85
req001057,u5319,s02,2025-08-20 10:17:36,0.97,2.17
req001058,u1605,s03,2025-08-20 10:17:37,3.66,5.55
req001059,u2485,s03,2025-08-20 10:17:38,0.65,0.0
req001060,u5934,s03,2025-08-20 10:17:39,0.71,1.7
req001061,u8596,s03,2025-08-20 10:17:40,4.81,5.48
req001062,u7338,s03,2025-08-20 10:17:41,3.63,4.09
req001063,u9861,s04,2025-08-20 10:17:42,1.96,2.16
req001064,u4393,s02,2025-08-20 10:17:43,3.51,0.0
req001065,u7580,s03,2025-08-20 10:17:44,4.31,4.54
req001066,u4116,s02,2025-08-20 10:17:45,4.42,0.0
req001067,u2765,s04,2025-08-20 10:17:46,0.59,0.0
req001068,u6502,s03,2025-08-20 10:17:47,4.18,0.0
req001069,u7416,s01,2025-08-20 10:17:48,4.34,5.53
req001070,u6850,s04,2025-08-20 10:17:49,3.18,3.61
req001071,u9347,s01,2025-08-20 10:17:50,2.66,4.38
req001072,u7147,s03,2025-08-20 10:17:51,1.0,2.23
req001073,u7825,s01,2025-08-20 10:17:52,1.58,3.32
req001074,u9598,s02,2025-08-20 10:17:53,2.71,0.0
req001075,u2747,s01,2025-08-20 10:17:54,4.39,0.0
req001076,u5475,s01,2025-08-20 10:17:55,4.11,5.02
req001077,u1885,s03,2025-08-20 10:17:56,2.73,3.96
req001078,u5038,s04,2025-08-20 10:17:57,4.04,5.14
req001079,u5442,s03,2025-08-20 10:17:58,3.95,0.0
req001080,u9827,s02,2025-08-20 10:17:59,3.11,5.08
req001081,u5131,s04,2025-08-20 10:18:00,1.49,3.1
req001082,u6576,s03,2025-08-20 10:18:01,2.07,3.3
req001083,u5541,s01,2025-08-20 10:18:02,1.24,2.49
req001084,u6314,s03,2025-08-20 10:18:03,0.53,1.1
req001085,u4959,s03,2025-08-20 10:18:04,0.86,2.36
req001086,u7903,s04,2025-08-20 10:18:05,3.92,5.89
req001087,u8449,s03,2025-08-20 10:18:06,0.65,1.0
req001088,u4084,s03,2025-08-20 10:18:07,2.3,0.0
req001089,u3823,s03,2025-08-20 10:18:08,4.94,6.25
req001090,u7825,s02,2025-08-20 10:18:09,4.08,5.16
req001091,u4113,s01,2025-08-20 10:18:10,3.88,0.0
req001092,u4569,s02,2025-08-20 10:18:11,1.74,3.46
req001093,u5269,s01,2025-08-20 10:18:12,3.39,3.49
req001094,u6645,s02,2025-08-20 10:18:13,2.74,3.1
req001095,u8289,s02,2025-08-20 10:18:14,3.31,3.48
req001096,u1953,s04,2025-08-20 10:18:15,2.46,0.0
req001097,u9303,s03,2025-08-20 10:18:16,2.89,3.3
req001098,u2152,s01,2025-08-20 10:18:17,4.95,6.4
req001099,u2174,s02,2025-08-20 10:18:18,1.98,0.0
req001100,u8765,s03,2025-08-20 10:18:19,1.47,1.84
req001101,u6887,s04,2025-08-20 10:18:20,2.52,3.8
req001102,u7189,s02,2025-08-20 10:18:21,2.86,0.0
req001103,u7684,s02,2025-08-20 10:18:22,0.89,2.64
req001104,u2423,s04,2025-08-20 10:18:23,4.13,4.3
req001105,u5773,s02,2025-08-20 10:18:24,2.4,0.0
req001106,u6011,s02,2025-08-20 10:18:25,2.36,2.51
req001107,u7945,s04,2025-08-20 10:18:26,3.46,0.0
req001108,u7373,s01,2025-08-20 10:18:27,3.98,5.96
req001109,u7113,s01,2025-08-20 10:18:28,4.94,6.32
req001110,u9510,s03,2025-08-20 10:18:29,1.28,1.65
req001111,u5392,s01,2025-08-20 10:18:30,2.06,0.0
req001112,u1960,s01,2025-08-20 10:18:31,1.26,0.0
req001113,u9595,s02,2025-08-20 10:18:32,4.46,5.14
req001114,u6740,s01,2025-08-20 10:18:33,2.97,0.0
req001115,u8710,s02,2025-08-20 10:18:34,4.34,6.31
req001116,u3013,s02,2025-08-20 10:18:35,4.93,5.46
req001117,u1805,s02,2025-08-20 10:18:36,2.98,4.51
req001118,u8919,s04,2025-08-20 10:18:37,1.03,1.59
req001119,u1708,s04,2025-08-20 10:18:38,2.13,2.99
req001120,u7293,s01,2025-08-20 10:18:39,0.66,2.43
req001121,u2906,s03,2025-08-20 10:18:40,4.32,4.47
req001122,u2571,s03,2025-08-20 10:18:41,0.58,1.26
req001123,u5207,s02,2025-08-20 10:18:42,3.16,4.19
req001124,u1232,s03,2025-08-20 10:18:43,0.98,2.27
req001125,u3881,s01,2025-08-20 10:18:44,0.53,0.0
req001126,u3732,s01,2025-08-20 10:18:45,1.65,0.0
req001127,u4507,s04,2025-08-20 10:18:46,2.98,3.13
req001128,u6560,s03,2025-08-20 10:18:47,0.84,1.72
req001129,u7845,s02,2025-08-20 10:18:48,3.27,0.0
req001130,u1188,s02,2025-08-20 10:18:49,3.52,0.0
req001131,u7176,s02,2025-08-20 10:18:50,4.86,5.61
req001132,u6746,s01,2025-08-20 10:18:51,4.55,0.0
req001133,u9536,s03,2025-08-20 10:18:52,3.05,3.2
req001134,u6484,s02,2025-08-20 10:18:53,4.07,0.0
req001135,u6765,s01,2025-08-20 10:18:54,2.14,2.92
req001136,u3844,s02,2025-08-20 10:18:55,3.14,0.0
req001137,u3912,s02,2025-08-20 10:18:56,2.32,4.19
req001138,u6934,s04,2025-08-20 10:18:57,2.02,2.64
req001139,u1375,s03,2025-08-20 10:18:58,3.77,0.0
req001140,u5929,s04,2025-08-20 10:18:59,1.84,3.05
req001141,u5730,s01,2025-08-20 10:19:00,2.21,2.88
req001142,u4513,s02,2025-08-20 10:19:01,2.15,0.0
req001143,u8125,s03,2025-08-20 10:19:02,4.42,4.72
req001144,u1304,s01,2025-08-20 10:19:03,1.27,0.0
req001145,u5445,s04,2025-08-20 10:19:04,2.22,2.87
req001146,u9750,s01,2025-08-20 10:19:05,4.5,5.49
req001147,u9423,s01,2025-08-20 10:19:06,0.57,0.0
req001148,u5714,s03,2025-08-20 10:19:07,4.77,5.43
req001149,u9746,s03,2025-08-20 10:19:08,4.55,0.0
req001150,u7470,s03,2025-08-20 10:19:09,2.38,3.67
req001151,u2086,s02,2025-08-20 10:19:10,3.44,5.34
req001152,u9734,s04,2025-08-20 10:19:11,4.96,5.19
req001153,u2791,s02,2025-08-20 10:19:12,3.0,4.46
req001154,u9122,s04,2025-08-20 10:19:13,0.94,1.04
req001155,u5656,s03,2025-08-20 10:19:14,4.34,4.44
req001156,u6294,s01,2025-08-20 10:19:15,1.1,0.0
req001157,u8202,s04,2025-08-20 10:19:16,1.66,2.01
req001158,u6180,s02,2025-08-20 10:19:17,4.43,5.44
req001159,u8228,s01,2025-08-20 10:19:18,1.65,1.84
req001160,u7597,s04,2025-08-20 10:19:19,3.85,0.0
req001161,u9573,s03,2025-08-20 10:19:20,2.51,3.98
req001162,u3129,s02,2025-08-20 10:19:21,3.92,0.0
req001163,u8082,s04,2025-08-20 10:19:22,1.55,0.0
req001164,u4499,s04,2025-08-20 10:19:23,2.39,2.55
req001165,u8104,s03,2025-08-20 10:19:24,1.93,0.0
req001166,u1194,s02,2025-08-20 10:19:25,1.62,0.0
req001167,u1594,s03,2025-08-20 10:19:26,1.91,2.95
req001168,u9310,s04,2025-08-20 10:19:27,1.95,3.33
req001169,u8805,s03,2025-08-20 10:19:28,4.8,5.35
req001170,u4834,s01,2025-08-20 10:19:29,2.9,4.1
req001171,u1774,s02,2025-08-20 10:19:30,2.58,3.18
req001172,u4616,s04,2025-08-20 10:19:31,2.76,0.0
req001173,u7946,s01,2025-08-20 10:19:32,4.98,5.49
req001174,u6819,s04,2025-08-20 10:19:33,3.44,5.09
req001175,u1574,s03,2025-08-20 10:19:34,3.67,0.0
req001176,u8621,s04,2025-08-20 10:19:35,1.91,0.0
req001177,u8674,s02,2025-08-20 10:19:36,2.62,3.35
req001178,u5505,s04,2025-08-20 10:19:37,1.33,2.98
req001179,u7943,s03,2025-08-20 10:19:38,3.58,0.0
req001180,u8169,s02,2025-08-20 10:19:39,2.05,2.56
req001181,u5108,s01,2025-08-20 10:19:40,3.87,4.65
req001182,u4523,s01,2025-08-20 10:19:41,1.46,0.0
req001183,u4197,s02,2025-08-20 10:19:42,2.32,0.0
req001184,u5873,s01,2025-08-20 10:19:43,2.62,2.92
req001185,u1106,s04,2025-08-20 10:19:44,1.25,2.29
req001186,u8479,s01,2025-08-20 10:19:45,0.81,1.64
req001187,u1879,s01,2025-08-20 10:19:46,1.93,0.0
req001188,u6250,s02,2025-08-20 10:19:47,2.95,3.06
req001189,u6537,s01,2025-08-20 10:19:48,3.44,4.42
req001190,u6525,s01,2025-08-20 10:19:49,2.41,0.0
req001191,u1486,s01,2025-08-20 10:19:50,2.75,2.99
req001192,u2805,s01,2025-08-20 10:19:51,2.94,4.63
req001193,u4268,s04,2025-08-20 10:19:52,2.8,0.0
req001194,u4384,s01,2025-08-20 10:19:53,0.91,0.0
req001195,u4189,s03,2025-08-20 10:19:54,2.32,3.36
req001196,u5767,s01,2025-08-20 10:19:55,1.42,0.0
req001197,u4724,s03,2025-08-20 10:19:56,2.9,0.0
req001198,u2461,s04,2025-08-20 10:19:57,3.91,0.0
req001199,u8699,s04,2025-08-20 10:19:58,3.11,4.52
req001200,u3196,s02,2025-08-20 10:19:59,1.5,3.16
req001201,u8976,s04,2025-08-20 10:20:00,1.43,1.63
req001202,u5730,s03,2025-08-20 10:20:01,0.67,1.41
req001203,u7920,s01,2025-08-20 10:20:02,2.42,0.0
req001204,u4671,s03,2025-08-20 10:20:03,2.45,2.6
req001205,u2582,s02,2025-08-20 10:20:04,1.56,1.75
req001206,u9208,s01,2025-08-20 10:20:05,3.94,4.11
req001207,u9299,s04,2025-08-20 10:20:06,2.24,3.25
req001208,u6835,s01,2025-08-20 10:20:07,3.51,0.0
req001209,u4840,s02,2025-08-20 10:20:08,3.38,4.34
req001210,u5216,s01,2025-08-20 10:20:09,3.22,3.44
req001211,u1331,s04,2025-08-20 10:20:10,4.59,5.19
req001212,u3380,s02,2025-08-20 10:20:11,0.57,1.13
req001213,u7409,s04,2025-08-20 10:20:12,0.81,0.0
req001214,u3035,s01,2025-08-20 10:20:13,3.75,4.41
req001215,u1796,s01,2025-08-20 10:20:14,2.09,3.41
req001216,u3004,s04,2025-08-20 10:20:15,4.94,0.0
req001217,u6434,s02,2025-08-20 10:20:16,1.47,0.0
req001218,u9531,s01,2025-08-20 10:20:17,1.33,0.0
req001219,u6240,s04,2025-08-20 10:20:18,3.15,0.0
req001220,u3493,s02,2025-08-20 10:20:19,1.76,3.18
req001221,u7244,s03,2025-08-20 10:20:20,2.03,2.77
req001222,u4400,s01,2025-08-20 10:20:21,4.64,6.24
req001223,u3772,s01,2025-08-20 10:20:22,0.62,1.51
req001224,u4408,s04,2025-08-20 10:20:23,2.89,3.98
req001225,u2372,s04,2025-08-20 10:20:24,2.01,2.39
req001226,u1753,s01,2025-08-20 10:20:25,2.06,0.0
req001227,u8289,s04,2025-08-20 10:20:26,1.62,2.16
req001228,u9522,s04,2025-08-20 10:20:27,1.11,2.59
req001229,u6512,s04,2025-08-20 10:20:28,0.66,2.62
req001230,u8695,s04,2025-08-20 10:20:29,4.94,0.0
req001231,u8761,s03,2025-08-20 10:20:30,3.47,4.91
req001232,u9426,s01,2025-08-20 10:20:31,4.0,4.2
req001233,u9978,s04,2025-08-20 10:20:32,0.79,1.16
req001234,u5609,s04,2025-08-20 10:20:33,0.57,1.52
req001235,u7861,s01,2025-08-20 10:20:34,3.2,4.69
req001236,u3310,s04,2025-08-20 10:20:35,3.76,4.18
req001237,u1524,s03,2025-08-20 10:20:36,2.28,0.0
req001238,u7091,s03,2025-08-20 10:20:37,2.24,3.77
req001239,u5757,s03,2025-08-20 10:20:38,2.23,3.39
req001240,u3202,s03,2025-08-20 10:20:39,1.19,2.76
req001241,u1303,s03,2025-08-20 10:20:40,3.89,5.05
req001242,u2436,s02,2025-08-20 10:20:41,1.47,2.71
req001243,u2479,s03,2025-08-20 10:20:42,1.96,2.53
req001244,u9494,s03,2025-08-20 10:20:43,3.52,4.99
req001245,u7873,s01,2025-08-20 10:20:44,0.5,0.0
req001246,u7431,s03,2025-08-20 10:20:45,3.95,5.65
req001247,u9367,s04,2025-08-20 10:20:46,4.55,6.31
req001248,u3834,s03,2025-08-20 10:20:47,0.73,0.89
req001249,u8698,s03,2025-08-20 10:20:48,3.16,4.45
req001250,u3698,s02,2025-08-20 10:20:49,2.34,4.32
req001251,u7541,s04,2025-08-20 10:20:50,0.85,2.07
req001252,u4716,s03,2025-08-20 10:20:51,3.57,0.0
req001253,u5971,s03,2025-08-20 10:20:52,3.26,0.0
req001254,u1757,s01,2025-08-20 10:20:53,3.39,3.82
req001255,u2303,s02,2025-08-20 10:20:54,4.16,0.0
req001256,u9344,s04,2025-08-20 10:20:55,1.79,3.56
req001257,u9941,s03,2025-08-20 10:20:56,3.55,4.15
req001258,u2505,s02,2025-08-20 10:20:57,3.84,0.0
req001259,u5633,s04,2025-08-20 10:20:58,1.26,1.45
req001260,u8182,s04,2025-08-20 10:20:59,4.81,5.73
req001261,u8206,s04,2025-08-20 10:21:00,2.03,2.32
req001262,u5196,s04,2025-08-20 10:21:01,3.71,4.03
req001263,u2770,s02,2025-08-20 10:21:02,3.89,4.87
req001264,u2221,s01,2025-08-20 10:21:03,2.77,4.03
req001265,u9242,s03,2025-08-20 10:21:04,1.08,0.0
req001266,u3069,s03,2025-08-20 10:21:05,1.74,3.56
req001267,u8588,s02,2025-08-20 10:21:06,1.55,2.99
req001268,u2303,s03,2025-08-20 10:21:07,2.83,4.53
req001269,u6829,s03,2025-08-20 10:21:08,1.68,2.56
req001270,u2691,s01,2025-08-20 10:21:09,2.96,3.67
req001271,u4171,s04,2025-08-20 10:21:10,1.8,3.03
req001272,u2802,s02,2025-08-20 10:21:11,0.5,0.0
req001273,u5433,s02,2025-08-20 10:21:12,2.13,3.55
req001274,u9613,s01,2025-08-20 10:21:13,3.23,4.41
req001275,u3777,s01,2025-08-20 10:21:14,3.98,0.0
req001276,u9820,s02,2025-08-20 10:21:15,0.63,0.0
req001277,u3297,s04,2025-08-20 10:21:16,1.66,0.0
req001278,u8649,s01,2025-08-20 10:21:17,4.93,5.53
req001279,u7798,s04,2025-08-20 10:21:18,1.68,2.48
req001280,u4586,s03,2025-08-20 10:21:19,4.0,0.0
req001281,u5425,s01,2025-08-20 10:21:20,2.79,3.74
req001282,u4439,s04,2025-08-20 10:21:21,1.05,1.18
req001283,u5311,s02,2025-08-20 10:21:22,3.4,0.0
req001284,u8080,s03,2025-08-20 10:21:23,4.85,6.62
req001285,u4817,s03,2025-08-20 10:21:24,4.49,5.56
req001286,u7080,s03,2025-08-20 10:21:25,3.61,5.14
req001287,u8318,s04,2025-08-20 10:21:26,2.8,0.0
req001288,u2710,s04,2025-08-20 10:21:27,1.94,0.0
req001289,u9716,s04,2025-08-20 10:21:28,2.11,2.54
req001290,u9661,s01,2025-08-20 10:21:29,2.06,3.22
req001291,u7584,s01,2025-08-20 10:21:30,4.65,6.51
req001292,u9804,s03,2025-08-20 10:21:31,1.45,0.0
req001293,u4226,s03,2025-08-20 10:21:32,2.2,2.71
req001294,u6199,s04,2025-08-20 10:21:33,2.44,3.2
req001295,u5588,s02,2025-08-20 10:21:34,2.34,3.18
req001296,u8741,s04,2025-08-20 10:21:35,0.52,1.35
req001297,u4782,s02,2025-08-20 10:21:36,1.72,0.0
req001298,u8645,s03,2025-08-20 10:21:37,2.74,3.98
req001299,u5678,s02,2025-08-20 10:21:38,3.92,4.77
req001300,u6453,s03,2025-08-20 10:21:39,3.06,4.44
req001301,u8550,s02,2025-08-20 10:21:40,2.23,3.25
req001302,u2819,s02,2025-08-20 10:21:41,3.49,3.89
req001303,u6099,s03,2025-08-20 10:21:42,3.5,5.4
req001304,u8326,s02,2025-08-20 10:21:43,1.62,2.18
req001305,u4031,s04,2025-08-20 10:21:44,0.97,2.14
req001306,u8344,s01,2025-08-20 10:21:45,4.11,0.0
req001307,u5327,s01,2025-08-20 10:21:46,2.88,3.1
req001308,u8459,s03,2025-08-20 10:21:47,1.29,0.0
req001309,u4311,s02,2025-08-20 10:21:48,1.68,3.53
req001310,u3030,s03,2025-08-20 10:21:49,3.95,5.81
req001311,u9846,s01,2025-08-20 10:21:50,3.44,0.0
req001312,u1423,s02,2025-08-20 10:21:51,4.75,5.54
req001313,u8244,s04,2025-08-20 10:21:52,2.59,2.92
req001314,u2214,s02,2025-08-20 10:21:53,0.73,2.29
req001315,u3097,s04,2025-08-20 10:21:54,3.65,0.0
req001316,u5059,s02,2025-08-20 10:21:55,1.65,2.25
req001317,u4115,s03,2025-08-20 10:21:56,1.96,3.39
req001318,u7946,s04,2025-08-20 10:21:57,1.38,3.22
req001319,u8261,s01,2025-08-20 10:21:58,1.89,3.11
req001320,u9401,s02,2025-08-20 10:21:59,4.23,5.97
req001321,u2689,s01,2025-08-20 10:22:00,3.1,3.63
req001322,u3375,s01,2025-08-20 10:22:01,0.99,2.82
req001323,u2760,s03,2025-08-20 10:22:02,3.14,0.0
req001324,u6432,s01,2025-08-20 10:22:03,3.35,0.0
req001325,u6809,s03,2025-08-20 10:22:04,4.48,0.0
req001326,u5429,s04,2025-08-20 10:22:05,4.37,4.9
req001327,u3616,s03,2025-08-20 10:22:06,0.78,1.31
req001328,u4595,s02,2025-08-20 10:22:07,4.4,6.17
req001329,u8191,s04,2025-08-20 10:22:08,0.73,1.88
req001330,u5017,s01,2025-08-20 10:22:09,1.19,2.81
req001331,u8401,s03,2025-08-20 10:22:10,1.0,0.0
req001332,u8406,s03,2025-08-20 10:22:11,1.32,2.94
req001333,u1331,s04,2025-08-20 10:22:12,4.11,0.0
req001334,u5441,s01,2025-08-20 10:22:13,3.59,4.92
req001335,u2687,s02,2025-08-20 10:22:14,3.59,0.0
req001336,u5103,s01,2025-08-20 10:22:15,4.65,5.11
req001337,u6508,s04,2025-08-20 10:22:16,2.26,0.0
req001338,u9855,s02,2025-08-20 10:22:17,0.51,1.92
req001339,u9738,s04,2025-08-20 10:22:18,3.38,3.6
req001340,u7777,s03,2025-08-20 10:22:19,4.41,4.89
req001341,u2372,s04,2025-08-20 10:22:20,4.89,0.0
req001342,u4548,s02,2025-08-20 10:22:21,2.14,3.46
req001343,u7468,s02,2025-08-20 10:22:22,4.2,0.0
req001344,u5423,s02,2025-08-20 10:22:23,4.32,6.14
req001345,u4189,s01,2025-08-20 10:22:24,1.15,2.72
req001346,u3471,s01,2025-08-20 10:22:25,3.34,4.07
req001347,u4990,s04,2025-08-20 10:22:26,1.28,2.95
req001348,u7027,s01,2025-08-20 10:22:27,2.51,4.45
req001349,u1535,s01,2025-08-20 10:22:28,4.46,0.0
req001350,u7528,s02,2025-08-20 10:22:29,4.05,0.0
req001351,u4970,s04,2025-08-20 10:22:30,3.07,3.8
req001352,u3090,s03,2025-08-20 10:22:31,4.14,4.59
req001353,u9286,s02,2025-08-20 10:22:32,1.19,0.0
req001354,u8498,s04,2025-08-20 10:22:33,1.38,1.86
req001355,u8401,s03,2025-08-20 10:22:34,1.44,2.3
req001356,u6253,s01,2025-08-20 10:22:35,3.99,0.0
req001357,u6558,s02,2025-08-20 10:22:36,4.51,4.71
req001358,u5260,s02,2025-08-20 10:22:37,3.03,0.0
req001359,u9208,s02,2025-08-20 10:22:38,4.81,5.84
req001360,u5685,s03,2025-08-20 10:22:39,3.78,5.27
req001361,u1614,s02,2025-08-20 10:22:40,3.04,0.0
req001362,u1255,s02,2025-08-20 10:22:41,3.25,4.36
req001363,u5632,s03,2025-08-20 10:22:42,4.32,6.26
req001364,u3456,s03,2025-08-20 10:22:43,0.91,1.89
req001365,u2111,s03,2025-08-20 10:22:44,1.26,1.39
req001366,u1061,s04,2025-08-20 10:22:45,1.7,0.0
req001367,u8967,s02,2025-08-20 10:22:46,4.53,5.52
req001368,u9516,s02,2025-08-20 10:22:47,4.75,6.62
req001369,u9487,s03,2025-08-20 10:22:48,2.1,2.38
req001370,u6468,s04,2025-08-20 10:22:49,4.66,0.0
req001371,u8522,s01,2025-08-20 10:22:50,2.96,0.0
req001372,u7674,s04,2025-08-20 10:22:51,2.63,3.15
req001373,u1074,s03,2025-08-20 10:22:52,4.25,5.71
req001374,u2131,s01,2025-08-20 10:22:53,2.96,3.62
req001375,u7651,s04,2025-08-20 10:22:54,2.55,0.0
req001376,u7844,s01,2025-08-20 10:22:55,0.57,2.12
req001377,u7396,s03,2025-08-20 10:22:56,0.56,1.46
req001378,u8245,s03,2025-08-20 10:22:57,3.32,4.93
req001379,u4352,s03,2025-08-20 10:22:58,0.83,1.98
req001380,u4068,s04,2025-08-20 10:22:59,3.82,0.0
req001381,u9084,s01,2025-08-20 10:23:00,3.3,0.0
req001382,u9806,s02,2025-08-20 10:23:01,2.56,2.82
req001383,u4189,s04,2025-08-20 10:23:02,3.69,0.0
req001384,u7367,s01,2025-08-20 10:23:03,4.97,5.8
req001385,u1525,s03,2025-08-20 10:23:04,1.61,2.34
req001386,u9092,s04,2025-08-20 10:23:05,3.01,4.65
req001387,u9504,s03,2025-08-20 10:23:06,4.29,5.58
req001388,u1680,s01,2025-08-20 10:23:07,0.58,2.16
req001389,u8977,s01,2025-08-20 10:23:08,1.42,0.0
req001390,u9741,s03,2025-08-20 10:23:09,2.84,0.0
req001391,u3997,s02,2025-08-20 10:23:10,2.99,0.0
req001392,u1268,s03,2025-08-20 10:23:11,0.89,0.0
req001393,u9189,s02,2025-08-20 10:23:12,2.33,0.0
req001394,u9381,s03,2025-08-20 10:23:13,2.84,3.65
req001395,u4842,s03,2025-08-20 10:23:14,2.4,3.81
req001396,u4986,s04,2025-08-20 10:23:15,3.65,0.0
req001397,u9525,s03,2025-08-20 10:23:16,3.97,0.0
req001398,u2152,s02,2025-08-20 10:23:17,2.57,0.0
req001399,u1215,s02,2025-08-20 10:23:18,2.42,0.0
req001400,u2771,s02,2025-08-20 10:23:19,3.67,3.89
req001401,u4100,s03,2025-08-20 10:23:20,3.0,0.0
req001402,u7616,s04,2025-08-20 10:23:21,4.42,4.59
req001403,u3134,s01,2025-08-20 10:23:22,2.67,3.32
req001404,u5595,s04,2025-08-20 10:23:23,3.08,4.65
req001405,u1089,s04,2025-08-20 10:23:24,1.08,2.19
req001406,u9308,s03,2025-08-20 10:23:25,4.26,5.14
req001407,u4128,s02,2025-08-20 10:23:26,2.4,4.2
req001408,u2339,s03,2025-08-20 10:23:27,3.74,4.78
req001409,u6477,s03,2025-08-20 10:23:28,2.43,3.7
req001410,u3455,s01,2025-08-20 10:23:29,0.5,0.0
req001411,u7201,s03,2025-08-20 10:23:30,2.3,4.27
req001412,u5272,s04,2025-08-20 10:23:31,1.16,2.25
req001413,u7475,s04,2025-08-20 10:23:32,2.29,0.0
req001414,u8893,s02,2025-08-20 10:23:33,1.95,3.54
req001415,u5684,s04,2025-08-20 10:23:34,1.41,2.3
req001416,u5132,s04,2025-08-20 10:23:35,1.06,0.0
req001417,u6266,s02,2025-08-20 10:23:36,3.78,3.95
req001418,u7736,s01,2025-08-20 10:23:37,3.9,5.59
req001419,u4166,s02,2025-08-20 10:23:38,1.69,3.58
req001420,u3917,s04,2025-08-20 10:23:39,2.73,3.66
req001421,u3368,s04,2025-08-20 10:23:40,2.59,3.65
req001422,u6389,s01,2025-08-20 10:23:41,2.1,0.0
req001423,u1368,s03,2025-08-20 10:23:42,1.75,2.66
req001424,u6987,s01,2025-08-20 10:23:43,1.34,0.0
req001425,u5999,s01,2025-08-20 10:23:44,4.43,0.0
req001426,u7257,s03,2025-08-20 10:23:45,4.25,6.24
req001427,u8635,s04,2025-08-20 10:23:46,2.38,4.2
req001428,u9558,s03,2025-08-20 10:23:47,3.75,3.93
req001429,u9529,s01,2025-08-20 10:23:48,2.74,0.0
req001430,u5717,s04,2025-08-20 10:23:49,0.88,2.46
req001431,u9205,s01,2025-08-20 10:23:50,4.2,5.44
req001432,u1188,s04,2025-08-20 10:23:51,1.49,1.64
req001433,u7133,s02,2025-08-20 10:23:52,3.68,4.62
req001434,u6426,s04,2025-08-20 10:23:53,2.87,3.25
req001435,u5293,s01,2025-08-20 10:23:54,3.61,5.37
req001436,u8850,s03,2025-08-20 10:23:55,2.62,2.74
req001437,u5699,s04,2025-08-20 10:23:56,3.66,5.42
req001438,u3965,s03,2025-08-20 10:23:57,0.65,2.54
req001439,u1120,s02,2025-08-20 10:23:58,0.68,0.0
req001440,u1466,s03,2025-08-20 10:23:59,4.53,4.77
req001441,u3090,s03,2025-08-20 10:24:00,3.87,5.34
req001442,u9735,s02,2025-08-20 10:24:01,4.23,5.37
req001443,u3444,s01,2025-08-20 10:24:02,2.55,4.46
req001444,u4677,s04,2025-08-20 10:24:03,2.57,4.19
req001445,u5977,s03,2025-08-20 10:24:04,2.9,0.0
req001446,u4618,s02,2025-08-20 10:24:05,1.6,0.0
req001447,u8418,s01,2025-08-20 10:24:06,3.8,5.22
req001448,u2541,s01,2025-08-20 10:24:07,4.23,0.0
req001449,u5852,s01,2025-08-20 10:24:08,4.58,6.44
req001450,u3876,s01,2025-08-20 10:24:09,2.83,3.23
req001451,u5657,s02,2025-08-20 10:24:10,2.37,0.0
req001452,u4154,s03,2025-08-20 10:24:11,4.24,0.0
req001453,u9246,s03,2025-08-20 10:24:12,3.89,4.7
req001454,u9417,s03,2025-08-20 10:24:13,4.4,6.1
req001455,u1985,s02,2025-08-20 10:24:14,3.45,3.74
req001456,u3011,s01,2025-08-20 10:24:15,4.47,6.35
req001457,u5029,s01,2025-08-20 10:24:16,0.9,0.0
req001458,u8557,s02,2025-08-20 10:24:17,3.56,0.0
req001459,u3918,s01,2025-08-20 10:24:18,0.9,2.42
req001460,u5465,s03,2025-08-20 10:24:19,3.87,4.8
req001461,u3570,s03,2025-08-20 10:24:20,3.33,0.0
req001462,u9772,s04,2025-08-20 10:24:21,0.57,0.0
req001463,u5854,s02,2025-08-20 10:24:22,3.2,3.94
req001464,u1521,s02,2025-08-20 10:24:23,1.16,1.54
req001465,u7603,s02,2025-08-20 10:24:24,1.14,1.42
req001466,u7869,s01,2025-08-20 10:24:25,1.18,2.08
req001467,u6185,s04,2025-08-20 10:24:26,2.68,4.38
req001468,u9055,s03,2025-08-20 10:24:27,1.02,2.13
req001469,u4651,s02,2025-08-20 10:24:28,1.07,2.03
req001470,u9665,s04,2025-08-20 10:24:29,1.65,2.36
req001471,u6515,s04,2025-08-20 10:24:30,0.5,0.9
req001472,u4828,s01,2025-08-20 10:24:31,1.74,3.72
req001473,u8625,s01,2025-08-20 10:24:32,3.28,0.0
req001474,u6158,s04,2025-08-20 10:24:33,3.21,3.36
req001475,u2787,s04,2025-08-20 10:24:34,4.86,0.0
req001476,u3880,s01,2025-08-20 10:24:35,1.04,1.73
req001477,u3474,s04,2025-08-20 10:24:36,4.4,5.96
req001478,u1195,s01,2025-08-20 10:24:37,2.26,3.35
req001479,u8942,s03,2025-08-20 10:24:38,2.24,2.94
req001480,u3246,s02,2025-08-20 10:24:39,2.07,4.06
req001481,u2406,s02,2025-08-20 10:24:40,1.06,2.34
req001482,u6204,s04,2025-08-20 10:24:41,2.65,0.0
req001483,u9904,s01,2025-08-20 10:24:42,4.04,4.7
req001484,u1781,s01,2025-08-20 10:24:43,4.44,6.15
req001485,u6406,s02,2025-08-20 10:24:44,4.83,5.22
req001486,u7295,s04,2025-08-20 10:24:45,4.03,5.01
req001487,u1090,s02,2025-08-20 10:24:46,3.3,0.0
req001488,u3905,s04,2025-08-20 10:24:47,2.74,4.44
req001489,u4012,s03,2025-08-20 10:24:48,4.44,6.41
req001490,u3459,s01,2025-08-20 10:24:49,3.83,4.66
req001491,u5408,s03,2025-08-20 10:24:50,1.23,1.59
req001492,u9126,s02,2025-08-20 10:24:51,3.57,4.75
req001493,u1581,s04,2025-08-20 10:24:52,2.44,4.33
req001494,u4783,s03,2025-08-20 10:24:53,3.18,0.0
req001495,u3764,s04,2025-08-20 10:24:54,4.54,5.9
req001496,u2377,s02,2025-08-20 10:24:55,3.44,4.68
req001497,u4879,s04,2025-08-20 10:24:56,4.72,5.41
req001498,u4125,s01,2025-08-20 10:24:57,4.4,5.65
req001499,u8601,s03,2025-08-20 10:24:58,1.08,2.86
req001500,u9756,s03,2025-08-20 10:24:59,0.55,1.36
req001501,u1276,s03,2025-08-20 10:25:00,2.23,0.0
req001502,u1975,s02,2025-08-20 10:25:01,4.39,0.0
req001503,u7362,s01,2025-08-20 10:25:02,1.54,0.0
req001504,u9805,s01,2025-08-20 10:25:03,3.61,4.17
req001505,u6059,s02,2025-08-20 10:25:04,2.64,3.65
req001506,u1168,s04,2025-08-20 10:25:05,3.86,4.67
req001507,u7700,s04,2025-08-20 10:25:06,1.24,2.23
req001508,u5550,s01,2025-08-20 10:25:07,1.58,1.86
req001509,u3431,s02,2025-08-20 10:25:08,1.59,0.0
req001510,u4781,s03,2025-08-20 10:25:09,2.97,0.0
req001511,u6932,s03,2025-08-20 10:25:10,1.8,2.54
req001512,u6351,s01,2025-08-20 10:25:11,4.15,0.0
req001513,u7000,s03,2025-08-20 10:25:12,2.06,0.0
req001514,u1644,s04,2025-08-20 10:25:13,3.47,5.14
req001515,u8189,s04,2025-08-20 10:25:14,4.77,5.63
req001516,u4094,s01,2025-08-20 10:25:15,3.23,5.17
req001517,u3871,s02,2025-08-20 10:25:16,1.59,3.04
req001518,u1120,s01,2025-08-20 10:25:17,4.24,5.04
req001519,u1621,s04,2025-08-20 10:25:18,0.56,0.0
req001520,u9687,s02,2025-08-20 10:25:19,1.65,2.23
req001521,u3185,s03,2025-08-20 10:25:20,2.24,3.64
req001522,u3096,s03,2025-08-20 10:25:21,1.38,0.0
req001523,u5911,s04,2025-08-20 10:25:22,3.22,0.0
req001524,u5380,s01,2025-08-20 10:25:23,3.01,0.0
req001525,u2985,s01,2025-08-20 10:25:24,2.33,0.0
req001526,u4603,s04,2025-08-20 10:25:25,1.82,2.49
req001527,u1647,s04,2025-08-20 10:25:26,2.45,4.31
req001528,u7283,s03,2025-08-20 10:25:27,1.81,2.13
req001529,u2655,s01,2025-08-20 10:25:28,1.5,0.0
req001530,u1002,s04,2025-08-20 10:25:29,2.08,2.23
req001531,u9384,s04,2025-08-20 10:25:30,3.21,3.73
req001532,u7078,s03,2025-08-20 10:25:31,3.42,4.67
req001533,u6206,s04,2025-08-20 10:25:32,1.84,3.53
req001534,u8960,s03,2025-08-20 10:25:33,4.76,5.18
req001535,u1896,s03,2025-08-20 10:25:34,1.68,2.89
req001536,u5577,s02,2025-08-20 10:25:35,3.7,4.07
req001537,u2985,s03,2025-08-20 10:25:36,0.87,2.04
req001538,u4086,s03,2025-08-20 10:25:37,3.49,3.62
req001539,u7677,s02,2025-08-20 10:25:38,2.57,0.0
req001540,u5172,s02,2025-08-20 10:25:39,3.06,4.22
req001541,u1029,s03,2025-08-20 10:25:40,1.33,2.42
req001542,u7260,s04,2025-08-20 10:25:41,2.45,0.0
req001543,u5491,s03,2025-08-20 10:25:42,3.95,0.0
req001544,u2615,s03,2025-08-20 10:25:43,3.95,4.13
req001545,u7137,s04,2025-08-20 10:25:44,1.57,0.0
req001546,u2787,s01,2025-08-20 10:25:45,2.09,3.5
req001547,u3029,s01,2025-08-20 10:25:46,0.52,1.71
req001548,u9343,s02,2025-08-20 10:25:47,0.9,0.0
req001549,u3236,s02,2025-08-20 10:25:48,1.07,0.0
req001550,u3976,s01,2025-08-20 10:25:49,1.82,3.1
req001551,u3787,s04,2025-08-20 10:25:50,3.92,0.0
req001552,u5710,s04,2025-08-20 10:25:51,2.8,3.91
req001553,u2846,s03,2025-08-20 10:25:52,4.07,5.54
req001554,u4675,s04,2025-08-20 10:25:53,3.9,5.0
req001555,u3704,s03,2025-08-20 10:25:54,3.14,4.99
req001556,u7106,s02,2025-08-20 10:25:55,2.75,4.64
req001557,u2011,s01,2025-08-20 10:25:56,4.69,6.17
req001558,u2276,s04,2025-08-20 10:25:57,3.06,0.0
req001559,u1417,s03,2025-08-20 10:25:58,2.67,4.5
req001560,u3083,s03,2025-08-20 10:25:59,4.41,0.0
req001561,u5009,s04,2025-08-20 10:26:00,0.82,2.67
req001562,u3930,s02,2025-08-20 10:26:01,3.45,4.05
req001563,u4189,s04,2025-08-20 10:26:02,1.01,3.0
req001564,u3589,s03,2025-08-20 10:26:03,4.19,4.8
req001565,u2983,s02,2025-08-20 10:26:04,4.07,4.21
req001566,u4560,s02,2025-08-20 10:26:05,2.77,0.0
req001567,u3224,s02,2025-08-20 10:26:06,3.47,5.4
req001568,u9851,s03,2025-08-20 10:26:07,3.98,4.51
req001569,u6155,s01,2025-08-20 10:26:08,2.67,3.88
req001570,u9311,s02,2025-08-20 10:26:09,4.58,6.52
req001571,u2972,s02,2025-08-20 10:26:10,2.47,2.66
req001572,u5638,s03,2025-08-20 10:26:11,4.51,5.12
req001573,u4057,s02,2025-08-20 10:26:12,3.12,4.38
req001574,u9108,s04,2025-08-20 10:26:13,2.42,3.97
req001575,u4824,s01,2025-08-20 10:26:14,0.52,2.15
req001576,u6192,s02,2025-08-20 10:26:15,1.83,0.0
req001577,u1593,s04,2025-08-20 10:26:16,4.41,6.19
req001578,u3819,s03,2025-08-20 10:26:17,2.43,0.0
req001579,u3252,s02,2025-08-20 10:26:18,2.4,0.0
req001580,u2636,s04,2025-08-20 10:26:19,2.7,0.0
req001581,u5403,s04,2025-08-20 10:26:20,1.79,2.21
req001582,u2389,s03,2025-08-20 10:26:21,2.71,3.51
req001583,u7431,s04,2025-08-20 10:26:22,2.19,3.65
req001584,u2525,s03,2025-08-20 10:26:23,4.59,6.05
req001585,u1858,s02,2025-08-20 10:26:24,3.04,3.73
req001586,u2382,s01,2025-08-20 10:26:25,4.25,0.0
req001587,u6561,s04,2025-08-20 10:26:26,3.59,4.27
req001588,u4664,s01,2025-08-20 10:26:27,1.46,2.17
req001589,u3325,s02,2025-08-20 10:26:28,4.4,0.0
req001590,u2504,s03,2025-08-20 10:26:29,0.89,2.68
req001591,u1001,s04,2025-08-20 10:26:30,2.52,0.0
req001592,u6384,s02,2025-08-20 10:26:31,1.58,3.41
req001593,u8854,s02,2025-08-20 10:26:32,2.92,0.0
req001594,u9231,s02,2025-08-20 10:26:33,1.85,1.98
req001595,u5868,s04,2025-08-20 10:26:34,3.75,4.47
req001596,u3934,s04,2025-08-20 10:26:35,4.72,5.56
req001597,u9850,s04,2025-08-20 10:26:36,3.69,0.0
req001598,u2454,s01,2025-08-20 10:26:37,2.1,4.07
req001599,u5805,s04,2025-08-20 10:26:38,3.2,5.09
req001600,u5043,s02,2025-08-20 10:26:39,4.5,5.79
req001601,u6303,s03,2025-08-20 10:26:40,1.72,0.0
req001602,u2975,s01,2025-08-20 10:26:41,1.03,1.22
req001603,u5991,s01,2025-08-20 10:26:42,1.09,1.55
req001604,u3001,s04,2025-08-20 10:26:43,2.73,3.65
req001605,u8673,s02,2025-08-20 10:26:44,3.79,5.71
req001606,u9803,s02,2025-08-20 10:26:45,3.46,3.74
req001607,u2420,s03,2025-08-20 10:26:46,2.54,0.0
req001608,u8954,s01,2025-08-20 10:26:47,3.78,0.0
req001609,u7661,s02,2025-08-20 10:26:48,3.35,4.95
req001610,u4957,s03,2025-08-20 10:26:49,3.33,3.79
req001611,u1353,s04,2025-08-20 10:26:50,1.41,2.47
req001612,u2738,s03,2025-08-20 10:26:51,1.91,3.47
req001613,u2680,s01,2025-08-20 10:26:52,2.05,3.47
req001614,u2769,s03,2025-08-20 10:26:53,4.14,5.71
req001615,u6698,s02,2025-08-20 10:26:54,3.99,5.64
req001616,u5527,s02,2025-08-20 10:26:55,1.64,0.0
req001617,u4424,s03,2025-08-20 10:26:56,0.75,1.43
req001618,u2867,s04,2025-08-20 10:26:57,3.96,4.75
req001619,u8127,s01,2025-08-20 10:26:58,2.34,3.99
req001620,u8305,s04,2025-08-20 10:26:59,1.49,1.66
req001621,u1849,s02,2025-08-20 10:27:00,1.03,2.11
req001622,u2283,s01,2025-08-20 10:27:01,0.56,2.41
req001623,u5790,s01,2025-08-20 10:27:02,2.42,4.2
req001624,u2797,s03,2025-08-20 10:27:03,2.03,0.0
req001625,u1020,s03,2025-08-20 10:27:04,3.63,0.0
req001626,u5942,s03,2025-08-20 10:27:05,4.89,6.52
req001627,u9549,s02,2025-08-20 10:27:06,1.43,1.57
req001628,u3247,s01,2025-08-20 10:27:07,1.59,3.38
req001629,u1448,s04,2025-08-20 10:27:08,2.02,3.85
req001630,u7658,s01,2025-08-20 10:27:09,2.6,3.96
req001631,u5298,s02,2025-08-20 10:27:10,3.64,4.31
req001632,u6700,s04,2025-08-20 10:27:11,2.08,3.11
req001633,u7233,s01,2025-08-20 10:27:12,0.97,2.52
req001634,u3386,s01,2025-08-20 10:27:13,3.79,5.43
req001635,u1486,s04,2025-08-20 10:27:14,4.08,0.0
req001636,u1419,s03,2025-08-20 10:27:15,1.61,2.36
req001637,u9963,s02,2025-08-20 10:27:16,1.12,1.84
req001638,u4087,s03,2025-08-20 10:27:17,2.88,0.0
req001639,u3890,s01,2025-08-20 10:27:18,1.44,2.94
req001640,u9106,s04,2025-08-20 10:27:19,2.18,3.58
req001641,u4120,s01,2025-08-20 10:27:20,4.0,0.0
req001642,u8100,s04,2025-08-20 10:27:21,1.49,2.57
req001643,u7030,s04,2025-08-20 10:27:22,4.13,5.03
req001644,u3377,s02,2025-08-20 10:27:23,3.53,4.88
req001645,u4351,s02,2025-08-20 10:27:24,1.49,1.65
req001646,u8464,s02,2025-08-20 10:27:25,2.87,0.0
req001647,u3143,s01,2025-08-20 10:27:26,3.26,3.5
req001648,u7115,s04,2025-08-20 10:27:27,1.4,2.59
req001649,u3068,s03,2025-08-20 10:27:28,1.15,0.0
req001650,u1841,s01,2025-08-20 10:27:29,2.89,3.39
req001651,u6167,s01,2025-08-20 10:27:30,3.62,5.19
req001652,u7205,s02,2025-08-20 10:27:31,2.59,4.16
req001653,u6747,s03,2025-08-20 10:27:32,0.82,2.27
req001654,u7750,s04,2025-08-20 10:27:33,4.66,6.48
req001655,u8607,s03,2025-08-20 10:27:34,3.63,0.0
req001656,u2549,s04,2025-08-20 10:27:35,3.3,0.0
req001657,u7973,s04,2025-08-20 10:27:36,3.4,3.77
req001658,u8285,s01,2025-08-20 10:27:37,2.29,0.0
req001659,u2175,s01,2025-08-20 10:27:38,4.93,5.52
req001660,u3332,s02,2025-08-20 10:27:39,1.1,1.68
req001661,u8600,s02,2025-08-20 10:27:40,3.83,0.0
req001662,u6090,s01,2025-08-20 10:27:41,2.39,0.0
req001663,u5440,s02,2025-08-20 10:27:42,4.46,6.05
req001664,u1310,s02,2025-08-20 10:27:43,3.73,4.82
req001665,u2587,s03,2025-08-20 10:27:44,3.03,3.61
req001666,u4740,s01,2025-08-20 10:27:45,4.72,0.0
req001667,u1356,s01,2025-08-20 10:27:46,4.61,4.97
req001668,u6704,s04,2025-08-20 10:27:47,0.74,2.54
req001669,u8381,s02,2025-08-20 10:27:48,1.37,2.79
req001670,u3139,s02,2025-08-20 10:27:49,3.54,4.64
req001671,u6262,s01,2025-08-20 10:27:50,4.65,6.58
req001672,u4311,s03,2025-08-20 10:27:51,2.44,0.0
req001673,u5064,s03,2025-08-20 10:27:52,0.67,2.38
req001674,u3704,s03,2025-08-20 10:27:53,3.39,0.0
req001675,u6070,s02,2025-08-20 10:27:54,1.38,1.82
req001676,u8448,s01,2025-08-20 10:27:55,2.99,0.0
req001677,u1712,s02,2025-08-20 10:27:56,2.23,3.3
req001678,u8506,s03,2025-08-20 10:27:57,3.01,4.03
req001679,u4238,s04,2025-08-20 10:27:58,4.7,0.0
req001680,u1267,s04,2025-08-20 10:27:59,2.69,0.0
req001681,u7488,s03,2025-08-20 10:28:00,0.66,2.36
req001682,u7968,s01,2025-08-20 10:28:01,3.11,3.49
req001683,u9979,s01,2025-08-20 10:28:02,1.97,0.0
req001684,u9348,s03,2025-08-20 10:28:03,4.0,4.96
req001685,u8743,s01,2025-08-20 10:28:04,2.61,3.92
req001686,u8158,s03,2025-08-20 10:28:05,3.84,0.0
req001687,u2897,s02,2025-08-20 10:28:06,4.59,6.49
req001688,u3997,s04,2025-08-20 10:28:07,2.13,3.94
req001689,u1995,s01,2025-08-20 10:28:08,4.95,0.0
req001690,u3235,s03,2025-08-20 10:28:09,1.17,2.28
req001691,u3309,s01,2025-08-20 10:28:10,3.4,4.65
req001692,u9898,s01,2025-08-20 10:28:11,0.66,0.0
req001693,u6646,s03,2025-08-20 10:28:12,1.46,0.0
req001694,u5733,s04,2025-08-20 10:28:13,3.35,0.0
req001695,u1738,s02,2025-08-20 10:28:14,0.71,2.43
req001696,u5392,s04,2025-08-20 10:28:15,0.96,2.47
req001697,u1229,s01,2025-08-20 10:28:16,1.81,0.0
req001698,u3318,s04,2025-08-20 10:28:17,3.09,4.86
req001699,u7608,s02,2025-08-20 10:28:18,0.57,0.0
req001700,u2512,s03,2025-08-20 10:28:19,2.67,0.0
req001701,u8021,s01,2025-08-20 10:28:20,3.32,0.0
req001702,u7392,s03,2025-08-20 10:28:21,2.31,4.11
req001703,u9517,s01,2025-08-20 10:28:22,0.8,0.0
req001704,u5189,s02,2025-08-20 10:28:23,3.25,4.93
req001705,u6237,s01,2025-08-20 10:28:24,3.23,0.0
req001706,u1995,s01,2025-08-20 10:28:25,2.78,2.9
req001707,u2642,s03,2025-08-20 10:28:26,3.62,4.31
req001708,u6230,s04,2025-08-20 10:28:27,1.44,2.31
req001709,u8074,s02,2025-08-20 10:28:28,3.55,4.94
req001710,u3129,s02,2025-08-20 10:28:29,1.23,0.0
req001711,u3719,s03,2025-08-20 10:28:30,2.27,2.95
req001712,u6610,s02,2025-08-20 10:28:31,0.8,1.51
req001713,u9858,s02,2025-08-20 10:28:32,4.19,5.05
req001714,u5290,s04,2025-08-20 10:28:33,2.92,4.84
req001715,u9492,s01,2025-08-20 10:28:34,4.87,0.0
req001716,u2884,s02,2025-08-20 10:28:35,4.74,5.67
req001717,u1292,s02,2025-08-20 10:28:36,4.99,5.36
req001718,u7676,s02,2025-08-20 10:28:37,0.96,0.0
req001719,u1215,s01,2025-08-20 10:28:38,3.23,3.34
req001720,u5758,s04,2025-08-20 10:28:39,2.33,2.88
req001721,u6444,s04,2025-08-20 10:28:40,2.9,4.78
req001722,u9903,s01,2025-08-20 10:28:41,1.89,3.8
req001723,u4044,s04,2025-08-20 10:28:42,0.72,1.83
req001724,u8190,s02,2025-08-20 10:28:43,3.68,0.0
req001725,u9999,s04,2025-08-20 10:28:44,4.85,6.18
req001726,u2064,s01,2025-08-20 10:28:45,2.9,4.51
req001727,u5639,s04,2025-08-20 10:28:46,1.98,2.19
req001728,u8762,s03,2025-08-20 10:28:47,4.72,5.53
req001729,u1583,s03,2025-08-20 10:28:48,2.14,3.46
req001730,u6595,s01,2025-08-20 10:28:49,4.62,0.0
req001731,u8119,s03,2025-08-20 10:28:50,4.35,6.16
req001732,u5933,s03,2025-08-20 10:28:51,2.88,4.36
req001733,u8553,s02,2025-08-20 10:28:52,3.55,4.32
req001734,u2574,s02,2025-08-20 10:28:53,3.65,5.48
req001735,u8925,s02,2025-08-20 10:28:54,3.38,4.74
req001736,u3385,s03,2025-08-20 10:28:55,1.22,0.0
req001737,u3029,s02,2025-08-20 10:28:56,3.62,0.0
req001738,u3789,s01,2025-08-20 10:28:57,0.51,0.0
req001739,u7557,s03,2025-08-20 10:28:58,3.7,0.0
req001740,u9408,s04,2025-08-20 10:28:59,3.0,4.68
req001741,u2560,s01,2025-08-20 10:29:00,1.67,2.5
req001742,u6138,s02,2025-08-20 10:29:01,4.12,4.22
req001743,u4994,s02,2025-08-20 10:29:02,2.32,2.74
req001744,u4650,s02,2025-08-20 10:29:03,2.69,0.0
req001745,u5433,s03,2025-08-20 10:29:04,0.62,2.48
req001746,u6887,s04,2025-08-20 10:29:05,2.31,0.0
req001747,u4691,s03,2025-08-20 10:29:06,1.25,1.41
req001748,u4144,s04,2025-08-20 10:29:07,1.74,2.97
req001749,u9919,s04,2025-08-20 10:29:08,1.63,2.51
req001750,u5878,s02,2025-08-20 10:29:09,0.71,0.0
req001751,u4414,s04,2025-08-20 10:29:10,2.57,3.49
req001752,u1342,s01,2025-08-20 10:29:11,2.85,0.0
req001753,u3266,s03,2025-08-20 10:29:12,3.07,3.93
req001754,u7840,s03,2025-08-20 10:29:13,2.58,0.0
req001755,u8433,s01,2025-08-20 10:29:14,4.41,0.0
req001756,u9275,s02,2025-08-20 10:29:15,0.67,0.9
req001757,u9353,s04,2025-08-20 10:29:16,3.26,0.0
req001758,u4231,s01,2025-08-20 10:29:17,4.4,4.73
req001759,u4430,s02,2025-08-20 10:29:18,0.68,0.9
req001760,u2931,s03,2025-08-20 10:29:19,2.73,2.93
req001761,u1825,s04,2025-08-20 10:29:20,3.15,3.41
req001762,u3888,s04,2025-08-20 10:29:21,1.36,2.78
req001763,u1818,s01,2025-08-20 10:29:22,1.64,1.96
req001764,u9247,s04,2025-08-20 10:29:23,4.04,0.0
req001765,u6584,s03,2025-08-20 10:29:24,3.05,0.0
req001766,u3502,s01,2025-08-20 10:29:25,1.92,2.52
req001767,u1709,s04,2025-08-20 10:29:26,3.94,0.0
req001768,u6951,s04,2025-08-20 10:29:27,3.86,5.21
req001769,u7555,s04,2025-08-20 10:29:28,2.05,2.36
req001770,u5239,s02,2025-08-20 10:29:29,2.7,0.0
req001771,u6538,s02,2025-08-20 10:29:30,3.49,5.32
req001772,u9578,s04,2025-08-20 10:29:31,2.04,3.05
req001773,u1159,s02,2025-08-20 10:29:32,3.33,5.26
req001774,u4098,s03,2025-08-20 10:29:33,1.63,0.0
req001775,u5230,s03,2025-08-20 10:29:34,1.81,0.0
req001776,u5185,s04,2025-08-20 10:29:35,1.9,2.37
req001777,u1848,s02,2025-08-20 10:29:36,4.71,4.87
req001778,u6581,s01,2025-08-20 10:29:37,4.25,5.47
req001779,u9800,s02,2025-08-20 10:29:38,3.04,3.76
req001780,u6868,s01,2025-08-20 10:29:39,3.04,4.23
req001781,u8161,s02,2025-08-20 10:29:40,0.75,1.75
req001782,u6840,s03,2025-08-20 10:29:41,3.42,4.39
req001783,u6973,s02,2025-08-20 10:29:42,1.98,3.7
req001784,u2293,s01,2025-08-20 10:29:43,3.26,3.72
req001785,u8713,s01,2025-08-20 10:29:44,4.28,5.33
req001786,u5211,s03,2025-08-20 10:29:45,0.7,1.59
req001787,u4992,s01,2025-08-20 10:29:46,3.23,4.61
req001788,u6663,s01,2025-08-20 10:29:47,3.04,3.24
req001789,u1569,s03,2025-08-20 10:29:48,1.43,2.54
req001790,u5113,s04,2025-08-20 10:29:49,3.41,4.42
req001791,u5860,s01,2025-08-20 10:29:50,3.0,0.0
req001792,u5928,s02,2025-08-20 10:29:51,3.95,5.9
req001793,u3295,s02,2025-08-20 10:29:52,1.0,2.54
req001794,u1286,s02,2025-08-20 10:29:53,2.5,0.0
req001795,u7095,s01,2025-08-20 10:29:54,4.99,5.38
req001796,u5587,s02,2025-08-20 10:29:55,3.6,4.67
req001797,u6245,s04,2025-08-20 10:29:56,3.58,0.0
req001798,u6984,s02,2025-08-20 10:29:57,1.93,0.0
req001799,u5429,s03,2025-08-20 10:29:58,0.92,0.0
req001800,u2423,s02,2025-08-20 10:29:59,4.77,6.36
req001801,u3991,s02,2025-08-20 10:30:00,0.97,2.07
req001802,u9622,s03,2025-08-20 10:30:01,4.97,5.75
req001803,u4453,s02,2025-08-20 10:30:02,1.07,1.89
req001804,u2185,s03,2025-08-20 10:30:03,1.27,2.07
req001805,u2603,s02,2025-08-20 10:30:04,1.89,0.0
req001806,u8417,s04,2025-08-20 10:30:05,2.81,2.95
req001807,u5667,s01,2025-08-20 10:30:06,4.06,5.55
req001808,u5815,s01,2025-08-20 10:30:07,4.87,6.13
req001809,u5421,s03,2025-08-20 10:30:08,2.11,2.72
req001810,u3152,s01,2025-08-20 10:30:09,0.59,1.89
req001811,u4010,s04,2025-08-20 10:30:10,3.28,0.0
req001812,u9415,s04,2025-08-20 10:30:11,3.7,0.0
req001813,u4876,s02,2025-08-20 10:30:12,2.29,2.98
req001814,u3304,s03,2025-08-20 10:30:13,1.33,1.89
req001815,u6489,s01,2025-08-20 10:30:14,1.88,3.39
req001816,u9207,s01,2025-08-20 10:30:15,3.45,5.09
req001817,u8521,s02,2025-08-20 10:30:16,2.72,4.01
req001818,u5848,s01,2025-08-20 10:30:17,3.85,5.44
req001819,u3544,s01,2025-08-20 10:30:18,1.48,2.27
req001820,u8181,s04,2025-08-20 10:30:19,4.29,4.53
req001821,u7722,s03,2025-08-20 10:30:20,1.2,0.0
req001822,u4597,s01,2025-08-20 10:30:21,1.98,0.0
req001823,u1057,s03,2025-08-20 10:30:22,3.16,4.41
req001824,u5558,s01,2025-08-20 10:30:23,3.82,4.41
req001825,u6255,s02,2025-08-20 10:30:24,1.7,0.0
req001826,u6588,s04,2025-08-20 10:30:25,4.77,6.35
req001827,u1380,s04,2025-08-20 10:30:26,3.68,0.0
req001828,u5983,s02,2025-08-20 10:30:27,1.48,0.0
req001829,u8233,s01,2025-08-20 10:30:28,3.77,4.55
req001830,u9707,s01,2025-08-20 10:30:29,3.63,5.0
req001831,u7223,s01,2025-08-20 10:30:30,3.89,5.04
req001832,u5670,s04,2025-08-20 10:30:31,4.62,6.27
req001833,u2100,s01,2025-08-20 10:30:32,3.7,5.38
req001834,u8115,s03,2025-08-20 10:30:33,2.08,0.0
req001835,u4231,s02,2025-08-20 10:30:34,4.06,0.0
req001836,u9951,s01,2025-08-20 10:30:35,3.63,0.0
req001837,u3760,s01,2025-08-20 10:30:36,3.08,0.0
req001838,u9294,s03,2025-08-20 10:30:37,2.09,0.0
req001839,u2040,s02,2025-08-20 10:30:38,4.64,4.87
req001840,u1219,s01,2025-08-20 10:30:39,2.81,3.47
req001841,u6511,s01,2025-08-20 10:30:40,3.33,5.08
req001842,u3634,s02,2025-08-20 10:30:41,2.37,3.24
req001843,u6697,s01,2025-08-20 10:30:42,4.01,0.0
req001844,u2675,s04,2025-08-20 10:30:43,2.03,0.0
req001845,u3689,s02,2025-08-20 10:30:44,4.15,5.23
req001846,u2715,s03,2025-08-20 10:30:45,0.99,1.44
req001847,u2969,s03,2025-08-20 10:30:46,3.69,0.0
req001848,u9256,s01,2025-08-20 10:30:47,2.65,0.0
req001849,u5625,s03,2025-08-20 10:30:48,3.64,4.79
req001850,u7244,s01,2025-08-20 10:30:49,2.89,3.49
req001851,u3608,s01,2025-08-20 10:30:50,1.1,2.78
req001852,u5008,s04,2025-08-20 10:30:51,2.65,3.13
req001853,u2725,s04,2025-08-20 10:30:52,4.84,5.62
req001854,u2368,s03,2025-08-20 10:30:53,3.9,4.18
req001855,u8111,s01,2025-08-20 10:30:54,1.85,3.07
req001856,u7160,s03,2025-08-20 10:30:55,4.75,6.64
req001857,u7048,s01,2025-08-20 10:30:56,4.01,0.0
req001858,u7043,s03,2025-08-20 10:30:57,2.14,2.57
req001859,u7392,s04,2025-08-20 10:30:58,3.22,0.0
req001860,u4649,s03,2025-08-20 10:30:59,2.42,2.56
req001861,u7979,s04,2025-08-20 10:31:00,0.94,1.84
req001862,u4646,s01,2025-08-20 10:31:01,4.13,5.65
req001863,u1007,s01,2025-08-20 10:31:02,1.36,3.31
req001864,u1792,s02,2025-08-20 10:31:03,2.56,2.76
req001865,u5839,s03,2025-08-20 10:31:04,3.66,5.25
req001866,u4167,s02,2025-08-20 10:31:05,4.69,0.0
req001867,u4317,s01,2025-08-20 10:31:06,0.78,1.58
req001868,u6238,s03,2025-08-20 10:31:07,2.27,0.0
req001869,u1664,s02,2025-08-20 10:31:08,3.27,3.66
req001870,u2291,s02,2025-08-20 10:31:09,4.01,0.0
req001871,u6708,s02,2025-08-20 10:31:10,4.64,0.0
req001872,u7495,s01,2025-08-20 10:31:11,0.5,0.97
req001873,u5838,s03,2025-08-20 10:31:12,3.32,0.0
req001874,u1208,s02,2025-08-20 10:31:13,0.53,2.39
req001875,u8511,s02,2025-08-20 10:31:14,4.04,5.68
req001876,u6982,s02,2025-08-20 10:31:15,1.17,1.86
req001877,u6398,s02,2025-08-20 10:31:16,4.53,6.42
req001878,u7608,s02,2025-08-20 10:31:17,1.2,1.5
req001879,u5681,s03,2025-08-20 10:31:18,3.94,4.65
req001880,u2503,s04,2025-08-20 10:31:19,1.8,0.0
req001881,u5335,s02,2025-08-20 10:31:20,3.01,4.35
req001882,u7388,s03,2025-08-20 10:31:21,3.24,0.0
req001883,u8258,s04,2025-08-20 10:31:22,1.43,3.43
req001884,u4451,s02,2025-08-20 10:31:23,1.84,2.82
req001885,u6573,s04,2025-08-20 10:31:24,0.98,2.62
req001886,u3384,s02,2025-08-20 10:31:25,0.52,0.0
req001887,u9264,s03,2025-08-20 10:31:26,1.58,0.0
req001888,u4197,s04,2025-08-20 10:31:27,2.82,4.66
req001889,u7276,s01,2025-08-20 10:31:28,3.71,3.83
req001890,u3435,s02,2025-08-20 10:31:29,4.07,4.72
req001891,u7038,s01,2025-08-20 10:31:30,0.81,1.1
req001892,u8775,s04,2025-08-20 10:31:31,1.73,0.0
req001893,u8491,s03,2025-08-20 10:31:32,3.97,5.54
req001894,u5293,s02,2025-08-20 10:31:33,2.66,3.84
req001895,u2662,s04,2025-08-20 10:31:34,1.32,0.0
req001896,u7439,s04,2025-08-20 10:31:35,2.26,0.0
req001897,u3007,s02,2025-08-20 10:31:36,1.72,0.0
req001898,u7936,s01,2025-08-20 10:31:37,0.73,1.01
req001899,u6963,s04,2025-08-20 10:31:38,3.94,4.84
req001900,u7818,s02,2025-08-20 10:31:39,1.81,2.89
req001901,u7443,s03,2025-08-20 10:31:40,4.75,0.0
req001902,u6168,s01,2025-08-20 10:31:41,4.5,0.0
req001903,u8586,s02,2025-08-20 10:31:42,3.72,0.0
req001904,u7586,s04,2025-08-20 10:31:43,1.97,0.0
req001905,u6078,s03,2025-08-20 10:31:44,1.76,3.19
req001906,u1223,s01,2025-08-20 10:31:45,2.64,4.22
req001907,u7511,s01,2025-08-20 10:31:46,2.1,0.0
req001908,u4483,s02,2025-08-20 10:31:47,4.56,4.83
req001909,u4991,s03,2025-08-20 10:31:48,1.06,2.09
req001910,u7272,s03,2025-08-20 10:31:49,3.76,4.17
req001911,u6858,s01,2025-08-20 10:31:50,3.25,4.78
req001912,u6575,s04,2025-08-20 10:31:51,4.13,5.48
req001913,u9335,s03,2025-08-20 10:31:52,2.94,4.41
req001914,u7423,s04,2025-08-20 10:31:53,3.33,0.0
req001915,u2876,s04,2025-08-20 10:31:54,4.83,0.0
req001916,u8333,s04,2025-08-20 10:31:55,0.91,0.0
req001917,u2897,s03,2025-08-20 10:31:56,0.97,1.21
req001918,u2380,s01,2025-08-20 10:31:57,2.27,3.34
req001919,u1912,s04,2025-08-20 10:31:58,2.63,0.0
req001920,u7921,s02,2025-08-20 10:31:59,1.4,3.1
req001921,u7697,s04,2025-08-20 10:32:00,0.87,2.33
req001922,u8529,s04,2025-08-20 10:32:01,0.6,2.34
req001923,u7392,s03,2025-08-20 10:32:02,3.94,4.43
req001924,u4694,s02,2025-08-20 10:32:03,2.68,3.33
req001925,u4009,s02,2025-08-20 10:32:04,4.3,5.24
req001926,u5598,s01,2025-08-20 10:32:05,2.12,3.21
req001927,u7662,s02,2025-08-20 10:32:06,3.67,0.0
req001928,u3528,s02,2025-08-20 10:32:07,2.7,3.28
req001929,u4712,s04,2025-08-20 10:32:08,3.25,4.07
req001930,u6098,s03,2025-08-20 10:32:09,2.17,0.0
req001931,u5642,s03,2025-08-20 10:32:10,0.87,0.0
req001932,u4290,s04,2025-08-20 10:32:11,4.76,0.0
req001933,u7931,s03,2025-08-20 10:32:12,4.26,5.67
req001934,u3820,s03,2025-08-20 10:32:13,1.9,0.0
req001935,u9245,s01,2025-08-20 10:32:14,4.81,0.0
req001936,u6170,s03,2025-08-20 10:32:15,1.85,3.18
req001937,u2368,s02,2025-08-20 10:32:16,2.49,2.8
req001938,u6646,s01,2025-08-20 10:32:17,3.9,0.0
req001939,u7808,s01,2025-08-20 10:32:18,1.89,3.86
req001940,u4041,s01,2025-08-20 10:32:19,1.96,3.13
req001941,u9631,s03,2025-08-20 10:32:20,2.35,3.37
req001942,u4378,s01,2025-08-20 10:32:21,2.61,4.55
req001943,u9136,s02,2025-08-20 10:32:22,1.06,1.43
req001944,u5660,s02,2025-08-20 10:32:23,0.58,1.71
req001945,u8274,s03,2025-08-20 10:32:24,4.64,6.27
req001946,u8329,s01,2025-08-20 10:32:25,2.09,0.0
req001947,u5746,s02,2025-08-20 10:32:26,0.96,0.0
req001948,u2133,s01,2025-08-20 10:32:27,3.92,4.78
req001949,u9187,s02,2025-08-20 10:32:28,1.83,0.0
req001950,u4535,s02,2025-08-20 10:32:29,1.32,2.82
req001951,u4659,s02,2025-08-20 10:32:30,4.83,0.0
req001952,u5051,s03,2025-08-20 10:32:31,4.64,6.45
req001953,u7794,s02,2025-08-20 10:32:32,0.98,1.58
req001954,u1914,s04,2025-08-20 10:32:33,4.55,5.11
req001955,u2896,s03,2025-08-20 10:32:34,4.51,5.3
req001956,u1871,s03,2025-08-20 10:32:35,3.35,4.25
req001957,u8696,s03,2025-08-20 10:32:36,2.88,0.0
req001958,u9810,s04,2025-08-20 10:32:37,1.48,0.0
req001959,u7963,s04,2025-08-20 10:32:38,1.05,1.36
req001960,u8829,s02,2025-08-20 10:32:39,3.23,3.77
req001961,u7276,s01,2025-08-20 10:32:40,4.2,0.0
req001962,u1739,s01,2025-08-20 10:32:41,3.6,5.36
req001963,u7024,s04,2025-08-20 10:32:42,1.31,2.49
req001964,u4517,s04,2025-08-20 10:32:43,1.81,2.42
req001965,u5632,s03,2025-08-20 10:32:44,2.96,0.0
req001966,u6485,s01,2025-08-20 10:32:45,3.31,5.2
req001967,u1598,s03,2025-08-20 10:32:46,0.83,0.0
req001968,u4357,s03,2025-08-20 10:32:47,3.26,4.83
req001969,u6377,s01,2025-08-20 10:32:48,3.81,0.0
req001970,u9972,s04,2025-08-20 10:32:49,1.32,2.11
req001971,u2635,s04,2025-08-20 10:32:50,1.61,0.0
req001972,u8015,s03,2025-08-20 10:32:51,1.67,0.0
req001973,u6939,s03,2025-08-20 10:32:52,4.73,0.0
req001974,u6068,s04,2025-08-20 10:32:53,2.33,3.88
req001975,u9849,s03,2025-08-20 10:32:54,2.89,4.12
req001976,u1907,s01,2025-08-20 10:32:55,3.76,5.16
req001977,u7435,s03,2025-08-20 10:32:56,2.17,0.0
req001978,u2787,s04,2025-08-20 10:32:57,0.97,0.0
req001979,u9376,s01,2025-08-20 10:32:58,3.44,4.15
req001980,u6107,s04,2025-08-20 10:32:59,3.5,0.0
req001981,u7259,s02,2025-08-20 10:33:00,1.67,0.0
req001982,u5940,s02,2025-08-20 10:33:01,0.66,1.16
req001983,u9093,s01,2025-08-20 10:33:02,3.49,4.07
req001984,u7166,s01,2025-08-20 10:33:03,3.67,3.93
req001985,u1101,s02,2025-08-20 10:33:04,0.62,1.61
req001986,u9569,s02,2025-08-20 10:33:05,3.62,0.0
req001987,u7077,s03,2025-08-20 10:33:06,4.73,5.6
req001988,u8402,s02,2025-08-20 10:33:07,1.3,0.0
req001989,u7410,s03,2025-08-20 10:33:08,2.85,2.95
req001990,u6011,s03,2025-08-20 10:33:09,3.64,5.37
req001991,u8030,s03,2025-08-20 10:33:10,1.54,2.94
req001992,u1420,s03,2025-08-20 10:33:11,3.88,4.83
req001993,u4337,s01,2025-08-20 10:33:12,4.41,6.35
req001994,u7157,s04,2025-08-20 10:33:13,4.17,0.0
req001995,u4321,s03,2025-08-20 10:33:14,1.67,0.0
req001996,u3768,s02,2025-08-20 10:33:15,4.12,0.0
req001997,u5638,s02,2025-08-20 10:33:16,2.36,0.0
req001998,u3134,s01,2025-08-20 10:33:17,1.7,3.59
req001999,u9804,s02,2025-08-20 10:33:18,1.26,1.54
req002000,u8062,s04,2025-08-20 10:33:19,4.59,5.86
req002001,u7631,s03,2025-08-20 10:33:20,2.42,0.0
req002002,u3926,s03,2025-08-20 10:33:21,4.4,0.0
req002003,u3353,s01,2025-08-20 10:33:22,1.22,2.87
req002004,u9180,s01,2025-08-20 10:33:23,3.95,4.38
req002005,u2613,s01,2025-08-20 10:33:24,1.0,0.0
req002006,u3322,s01,2025-08-20 10:33:25,0.58,0.92
req002007,u2428,s01,2025-08-20 10:33:26,4.98,5.57
req002008,u8483,s03,2025-08-20 10:33:27,0.83,1.46
req002009,u4665,s04,2025-08-20 10:33:28,2.58,4.51
req002010,u7719,s04,2025-08-20 10:33:29,4.45,6.03
req002011,u7345,s04,2025-08-20 10:33:30,4.19,4.4
req002012,u6515,s01,2025-08-20 10:33:31,2.62,4.21
req002013,u8131,s02,2025-08-20 10:33:32,3.25,3.67
req002014,u7861,s04,2025-08-20 10:33:33,3.33,4.11
req002015,u8488,s03,2025-08-20 10:33:34,0.99,1.7
req002016,u4795,s04,2025-08-20 10:33:35,1.78,2.4
req002017,u1915,s03,2025-08-20 10:33:36,1.85,0.0
req002018,u7190,s03,2025-08-20 10:33:37,2.2,2.89
req002019,u1725,s02,2025-08-20 10:33:38,1.73,3.26
req002020,u9004,s02,2025-08-20 10:33:39,1.63,0.0
req002021,u3601,s01,2025-08-20 10:33:40,2.1,0.0
req002022,u9156,s04,2025-08-20 10:33:41,2.21,0.0
req002023,u9107,s04,2025-08-20 10:33:42,2.69,3.3
req002024,u3672,s02,2025-08-20 10:33:43,1.28,2.9
req002025,u4199,s04,2025-08-20 10:33:44,4.05,4.32
req002026,u7775,s04,2025-08-20 10:33:45,4.37,0.0
req002027,u7118,s04,2025-08-20 10:33:46,1.62,2.85
req002028,u8311,s02,2025-08-20 10:33:47,1.05,2.79
req002029,u7752,s03,2025-08-20 10:33:48,3.75,4.0
req002030,u2231,s03,2025-08-20 10:33:49,4.66,5.97
req002031,u5240,s04,2025-08-20 10:33:50,0.66,0.0
req002032,u8529,s02,2025-08-20 10:33:51,0.56,0.0
req002033,u8085,s03,2025-08-20 10:33:52,1.33,2.4
req002034,u7737,s04,2025-08-20 10:33:53,3.58,4.31
req002035,u6777,s02,2025-08-20 10:33:54,4.84,0.0
req002036,u8693,s02,2025-08-20 10:33:55,3.88,0.0
req002037,u2936,s02,2025-08-20 10:33:56,3.08,3.37
req002038,u7826,s01,2025-08-20 10:33:57,3.65,5.04
req002039,u5180,s03,2025-08-20 10:33:58,1.54,2.23
req002040,u1459,s02,2025-08-20 10:33:59,3.6,0.0
req002041,u3562,s04,2025-08-20 10:34:00,1.95,2.69
req002042,u3585,s01,2025-08-20 10:34:01,1.5,0.0
req002043,u7470,s03,2025-08-20 10:34:02,1.56,0.0
req002044,u2802,s04,2025-08-20 10:34:03,3.51,4.97
req002045,u3083,s03,2025-08-20 10:34:04,3.95,0.0
req002046,u4207,s01,2025-08-20 10:34:05,3.12,5.02
req002047,u5184,s03,2025-08-20 10:34:06,0.79,1.52
req002048,u5180,s04,2025-08-20 10:34:07,0.67,0.0
req002049,u6559,s03,2025-08-20 10:34:08,1.48,3.0
req002050,u8349,s01,2025-08-20 10:34:09,1.79,0.0
req002051,u3855,s01,2025-08-20 10:34:10,2.32,0.0
req002052,u5369,s01,2025-08-20 10:34:11,0.84,2.76
req002053,u5301,s01,2025-08-20 10:34:12,3.76,4.05
req002054,u2431,s03,2025-08-20 10:34:13,3.7,4.81
req002055,u8461,s03,2025-08-20 10:34:14,2.06,0.0
req002056,u8053,s03,2025-08-20 10:34:15,3.03,3.15
req002057,u5438,s04,2025-08-20 10:34:16,0.95,2.62
req002058,u9814,s03,2025-08-20 10:34:17,2.37,3.02
req002059,u4012,s01,2025-08-20 10:34:18,4.36,5.09
req002060,u7925,s02,2025-08-20 10:34:19,3.47,4.88
req002061,u2578,s03,2025-08-20 10:34:20,0.97,2.57
req002062,u5935,s03,2025-08-20 10:34:21,4.31,5.17
req002063,u9606,s04,2025-08-20 10:34:22,3.56,0.0
req002064,u2197,s02,2025-08-20 10:34:23,2.54,3.9
req002065,u1422,s04,2025-08-20 10:34:24,3.61,0.0
req002066,u6573,s03,2025-08-20 10:34:25,1.28,3.2
req002067,u8836,s01,2025-08-20 10:34:26,2.98,4.77
req002068,u9402,s01,2025-08-20 10:34:27,3.28,0.0
req002069,u2163,s02,2025-08-20 10:34:28,4.67,6.1
req002070,u5001,s01,2025-08-20 10:34:29,0.8,2.69
req002071,u4336,s02,2025-08-20 10:34:30,2.19,3.95
req002072,u9509,s02,2025-08-20 10:34:31,4.72,6.21
req002073,u1277,s04,2025-08-20 10:34:32,1.48,3.32
req002074,u9046,s01,2025-08-20 10:34:33,4.16,5.81
req002075,u1205,s04,2025-08-20 10:34:34,0.51,1.56
req002076,u4622,s04,2025-08-20 10:34:35,0.62,1.67
req002077,u4915,s01,2025-08-20 10:34:36,1.97,0.0
req002078,u2898,s04,2025-08-20 10:34:37,3.96,4.08
req002079,u6746,s02,2025-08-20 10:34:38,0.97,1.13
req002080,u7451,s02,2025-08-20 10:34:39,2.22,3.74
req002081,u7844,s02,2025-08-20 10:34:40,1.09,0.0
req002082,u8918,s03,2025-08-20 10:34:41,1.51,2.66
req002083,u1155,s01,2025-08-20 10:34:42,2.76,4.31
req002084,u6573,s01,2025-08-20 10:34:43,1.94,3.84
req002085,u4166,s03,2025-08-20 10:34:44,1.45,0.0
req002086,u5070,s03,2025-08-20 10:34:45,2.27,3.23
req002087,u1659,s04,2025-08-20 10:34:46,3.65,0.0
req002088,u9729,s02,2025-08-20 10:34:47,1.04,1.31
req002089,u6377,s02,2025-08-20 10:34:48,2.66,3.95
req002090,u2419,s02,2025-08-20 10:34:49,1.74,2.03
req002091,u9774,s02,2025-08-20 10:34:50,2.2,3.48
req002092,u4264,s02,2025-08-20 10:34:51,4.2,5.3
req002093,u9897,s02,2025-08-20 10:34:52,4.68,6.13
req002094,u7315,s02,2025-08-20 10:34:53,1.59,0.0
req002095,u1942,s04,2025-08-20 10:34:54,3.33,4.1
req002096,u7509,s01,2025-08-20 10:34:55,3.55,3.92
req002097,u7596,s01,2025-08-20 10:34:56,4.29,0.0
req002098,u3994,s04,2025-08-20 10:34:57,4.55,0.0
req002099,u6039,s03,2025-08-20 10:34:58,2.61,3.16
req002100,u9970,s03,2025-08-20 10:34:59,4.92,0.0
req002101,u6964,s02,2025-08-20 10:35:00,4.87,0.0
req002102,u7827,s04,2025-08-20 10:35:01,2.78,4.18
req002103,u2416,s02,2025-08-20 10:35:02,2.94,3.95
req002104,u2040,s02,2025-08-20 10:35:03,3.5,4.63
req002105,u1703,s01,2025-08-20 10:35:04,2.18,2.89
req002106,u4183,s01,2025-08-20 10:35:05,3.48,5.17
req002107,u1220,s02,2025-08-20 10:35:06,2.81,4.81
req002108,u9888,s03,2025-08-20 10:35:07,0.66,1.35
req002109,u8223,s02,2025-08-20 10:35:08,4.34,0.0
req002110,u6873,s02,2025-08-20 10:35:09,4.73,6.2
req002111,u9649,s03,2025-08-20 10:35:10,0.62,1.05
req002112,u7306,s02,2025-08-20 10:35:11,4.05,5.56
req002113,u4488,s01,2025-08-20 10:35:12,2.24,3.16
req002114,u1463,s04,2025-08-20 10:35:13,3.14,0.0
req002115,u5236,s01,2025-08-20 10:35:14,2.75,0.0
req002116,u1900,s03,2025-08-20 10:35:15,2.98,4.23
req002117,u5858,s03,2025-08-20 10:35:16,2.73,0.0
req002118,u5389,s04,2025-08-20 10:35:17,4.34,4.89
req002119,u2600,s04,2025-08-20 10:35:18,3.58,5.3
req002120,u7368,s02,2025-08-20 10:35:19,2.36,2.79
req002121,u2218,s04,2025-08-20 10:35:20,3.6,5.46
req002122,u7488,s03,2025-08-20 10:35:21,4.84,5.06
req002123,u7648,s04,2025-08-20 10:35:22,0.86,1.51
req002124,u2600,s02,2025-08-20 10:35:23,2.25,3.42
req002125,u4296,s01,2025-08-20 10:35:24,4.42,0.0
req002126,u1058,s02,2025-08-20 10:35:25,3.83,0.0
req002127,u7510,s02,2025-08-20 10:35:26,4.71,0.0
req002128,u4292,s03,2025-08-20 10:35:27,0.68,2.41
req002129,u6371,s03,2025-08-20 10:35:28,4.38,0.0
req002130,u5654,s04,2025-08-20 10:35:29,4.06,0.0
req002131,u9620,s04,2025-08-20 10:35:30,4.17,5.37
req002132,u6725,s01,2025-08-20 10:35:31,3.19,3.7
req002133,u4175,s03,2025-08-20 10:35:32,0.73,2.46
req002134,u7870,s04,2025-08-20 10:35:33,2.93,0.0
req002135,u2444,s04,2025-08-20 10:35:34,2.33,3.56
req002136,u1210,s02,2025-08-20 10:35:35,2.87,0.0
req002137,u5763,s02,2025-08-20 10:35:36,3.83,4.37
req002138,u9436,s01,2025-08-20 10:35:37,3.18,0.0
req002139,u1325,s02,2025-08-20 10:35:38,1.82,0.0
req002140,u9437,s01,2025-08-20 10:35:39,3.2,0.0
req002141,u1099,s02,2025-08-20 10:35:40,0.87,0.0
req002142,u6152,s04,2025-08-20 10:35:41,0.52,1.69
req002143,u8839,s01,2025-08-20 10:35:42,2.31,3.69
req002144,u5293,s01,2025-08-20 10:35:43,3.91,0.0
req002145,u9565,s02,2025-08-20 10:35:44,4.2,5.59
req002146,u8942,s02,2025-08-20 10:35:45,2.97,4.45
req002147,u6901,s04,2025-08-20 10:35:46,4.41,6.21
req002148,u9682,s03,2025-08-20 10:35:47,1.07,2.74
req002149,u5146,s01,2025-08-20 10:35:48,4.84,6.09
req002150,u1876,s02,2025-08-20 10:35:49,4.65,4.81
req002151,u3773,s01,2025-08-20 10:35:50,3.2,0.0
req002152,u5916,s04,2025-08-20 10:35:51,0.76,0.0
req002153,u4994,s03,2025-08-20 10:35:52,2.54,4.06
req002154,u9219,s04,2025-08-20 10:35:53,1.31,3.26
req002155,u8533,s03,2025-08-20 10:35:54,3.33,0.0
req002156,u2091,s02,2025-08-20 10:35:55,1.35,2.03
req002157,u4530,s03,2025-08-20 10:35:56,2.67,0.0
req002158,u9822,s01,2025-08-20 10:35:57,1.43,2.68
req002159,u3331,s01,2025-08-20 10:35:58,1.32,2.88
req002160,u8511,s03,2025-08-20 10:35:59,1.62,2.93
req002161,u4767,s04,2025-08-20 10:36:00,0.63,0.0
req002162,u6543,s04,2025-08-20 10:36:01,3.72,5.57
req002163,u5608,s03,2025-08-20 10:36:02,1.88,0.0
req002164,u5311,s01,2025-08-20 10:36:03,3.64,4.64
req002165,u5402,s03,2025-08-20 10:36:04,3.44,4.55
req002166,u6515,s01,2025-08-20 10:36:05,0.8,0.97
req002167,u9870,s02,2025-08-20 10:36:06,1.9,3.71
req002168,u1381,s01,2025-08-20 10:36:07,3.05,3.65
req002169,u6602,s04,2025-08-20 10:36:08,4.63,6.59
req002170,u8170,s03,2025-08-20 10:36:09,2.31,2.79
req002171,u4313,s03,2025-08-20 10:36:10,2.77,3.35
req002172,u2018,s02,2025-08-20 10:36:11,3.88,4.9
req002173,u3044,s01,2025-08-20 10:36:12,4.11,0.0
req002174,u6281,s03,2025-08-20 10:36:13,4.66,6.01
req002175,u3166,s01,2025-08-20 10:36:14,2.74,3.68
req002176,u7484,s03,2025-08-20 10:36:15,1.37,2.14
req002177,u2227,s01,2025-08-20 10:36:16,3.94,5.07
req002178,u5542,s04,2025-08-20 10:36:17,1.07,2.99
req002179,u6776,s04,2025-08-20 10:36:18,2.38,0.0
req002180,u8294,s02,2025-08-20 10:36:19,3.33,0.0
req002181,u9480,s04,2025-08-20 10:36:20,3.61,0.0
req002182,u3792,s01,2025-08-20 10:36:21,3.8,5.73
req002183,u5834,s01,2025-08-20 10:36:22,1.37,2.09
req002184,u7025,s03,2025-08-20 10:36:23,4.92,0.0
req002185,u7583,s03,2025-08-20 10:36:24,1.3,2.69
req002186,u7956,s01,2025-08-20 10:36:25,0.93,0.0
req002187,u4740,s02,2025-08-20 10:36:26,3.49,0.0
req002188,u8119,s01,2025-08-20 10:36:27,4.59,0.0
req002189,u4510,s02,2025-08-20 10:36:28,3.02,4.49
req002190,u1770,s02,2025-08-20 10:36:29,3.18,4.52
req002191,u6877,s03,2025-08-20 10:36:30,2.92,3.23
req002192,u2810,s02,2025-08-20 10:36:31,0.69,1.82
req002193,u3265,s03,2025-08-20 10:36:32,3.57,5.12
req002194,u9468,s03,2025-08-20 10:36:33,2.11,0.0
req002195,u2372,s03,2025-08-20 10:36:34,4.71,5.19
req002196,u7737,s03,2025-08-20 10:36:35,1.34,2.1
req002197,u4201,s02,2025-08-20 10:36:36,1.86,0.0
req002198,u8173,s04,2025-08-20 10:36:37,2.77,3.26
req002199,u8134,s02,2025-08-20 10:36:38,2.65,4.44
req002200,u4745,s01,2025-08-20 10:36:39,2.3,0.0
req002201,u2462,s03,2025-08-20 10:36:40,1.91,3.64
req002202,u8547,s04,2025-08-20 10:36:41,1.16,1.58
req002203,u4970,s01,2025-08-20 10:36:42,4.19,5.74
req002204,u4224,s01,2025-08-20 10:36:43,2.52,3.31
req002205,u4254,s04,2025-08-20 10:36:44,3.08,4.48
req002206,u6768,s03,2025-08-20 10:36:45,2.96,0.0
req002207,u7487,s02,2025-08-20 10:36:46,3.09,0.0
req002208,u5094,s01,2025-08-20 10:36:47,3.67,4.71
req002209,u7463,s02,2025-08-20 10:36:48,3.33,0.0
req002210,u6462,s02,2025-08-20 10:36:49,1.73,2.73
req002211,u8330,s03,2025-08-20 10:36:50,2.99,4.76
req002212,u1649,s04,2025-08-20 10:36:51,1.6,2.91
req002213,u1982,s02,2025-08-20 10:36:52,3.15,3.7
req002214,u2875,s04,2025-08-20 10:36:53,2.44,2.75
req002215,u6394,s04,2025-08-20 10:36:54,0.68,0.0
req002216,u1555,s01,2025-08-20 10:36:55,3.8,5.67
req002217,u4971,s04,2025-08-20 10:36:56,1.74,2.13
req002218,u5431,s01,2025-08-20 10:36:57,4.64,6.13
req002219,u4346,s01,2025-08-20 10:36:58,1.76,2.8
req002220,u2957,s04,2025-08-20 10:36:59,4.98,0.0
req002221,u8019,s01,2025-08-20 10:37:00,2.58,2.95
req002222,u3515,s01,2025-08-20 10:37:01,0.62,0.0
req002223,u3903,s01,2025-08-20 10:37:02,0.84,2.42
req002224,u4295,s02,2025-08-20 10:37:03,0.87,2.69
req002225,u6271,s01,2025-08-20 10:37:04,0.75,1.08
req002226,u7637,s02,2025-08-20 10:37:05,1.71,0.0
req002227,u4017,s02,2025-08-20 10:37:06,1.96,2.19
req002228,u3027,s02,2025-08-20 10:37:07,1.0,2.71
req002229,u4909,s02,2025-08-20 10:37:08,2.47,0.0
req002230,u5290,s02,2025-08-20 10:37:09,2.14,0.0
req002231,u4184,s02,2025-08-20 10:37:10,3.36,4.41
req002232,u4920,s03,2025-08-20 10:37:11,1.38,0.0
req002233,u7056,s03,2025-08-20 10:37:12,4.61,0.0
req002234,u8320,s02,2025-08-20 10:37:13,2.82,0.0
req002235,u2448,s02,2025-08-20 10:37:14,3.31,4.69
req002236,u3834,s04,2025-08-20 10:37:15,0.68,1.62
req002237,u1271,s03,2025-08-20 10:37:16,3.02,3.9
req002238,u6287,s03,2025-08-20 10:37:17,2.16,2.83
req002239,u8985,s02,2025-08-20 10:37:18,4.66,0.0
req002240,u6080,s04,2025-08-20 10:37:19,4.49,0.0
req002241,u3109,s03,2025-08-20 10:37:20,3.37,0.0
req002242,u2128,s04,2025-08-20 10:37:21,3.96,0.0
req002243,u4591,s01,2025-08-20 10:37:22,3.4,4.57
req002244,u9762,s02,2025-08-20 10:37:23,0.58,0.98
req002245,u7960,s04,2025-08-20 10:37:24,3.66,5.12
req002246,u1042,s04,2025-08-20 10:37:25,1.3,2.44
req002247,u7224,s03,2025-08-20 10:37:26,3.57,5.28
req002248,u9261,s01,2025-08-20 10:37:27,0.55,2.4
req002249,u4063,s02,2025-08-20 10:37:28,1.9,0.0
req002250,u9695,s01,2025-08-20 10:37:29,2.83,4.64
req002251,u8386,s04,2025-08-20 10:37:30,2.0,3.24
req002252,u3180,s02,2025-08-20 10:37:31,3.62,4.33
req002253,u9374,s02,2025-08-20 10:37:32,2.85,3.63
req002254,u8357,s03,2025-08-20 10:37:33,4.82,6.16
req002255,u1544,s03,2025-08-20 10:37:34,2.11,3.56
req002256,u3326,s04,2025-08-20 10:37:35,3.75,4.16
req002257,u5133,s02,2025-08-20 10:37:36,4.26,6.26
req002258,u7062,s02,2025-08-20 10:37:37,1.64,1.94
req002259,u7576,s02,2025-08-20 10:37:38,3.89,5.14
req002260,u6073,s04,2025-08-20 10:37:39,2.27,3.38
req002261,u6363,s02,2025-08-20 10:37:40,1.08,2.3
req002262,u4821,s03,2025-08-20 10:37:41,0.52,0.0
req002263,u2952,s03,2025-08-20 10:37:42,3.85,4.96
req002264,u1820,s02,2025-08-20 10:37:43,1.34,1.55
req002265,u8707,s04,2025-08-20 10:37:44,0.73,2.72
req002266,u7525,s01,2025-08-20 10:37:45,2.74,4.7
req002267,u1911,s04,2025-08-20 10:37:46,2.06,3.16
req002268,u8825,s01,2025-08-20 10:37:47,3.61,4.11
req002269,u1486,s04,2025-08-20 10:37:48,0.98,0.0
req002270,u1245,s02,2025-08-20 10:37:49,1.1,1.55
req002271,u7318,s01,2025-08-20 10:37:50,2.32,2.53
req002272,u1666,s01,2025-08-20 10:37:51,2.84,4.1
req002273,u9997,s03,2025-08-20 10:37:52,4.21,5.22
req002274,u8146,s01,2025-08-20 10:37:53,3.14,4.03
req002275,u8616,s03,2025-08-20 10:37:54,4.56,5.66
req002276,u6013,s01,2025-08-20 10:37:55,1.48,3.24
req002277,u5323,s04,2025-08-20 10:37:56,3.18,3.41
req002278,u4732,s01,2025-08-20 10:37:57,3.45,4.58
req002279,u6290,s01,2025-08-20 10:37:58,3.77,0.0
req002280,u4700,s01,2025-08-20 10:37:59,4.95,6.38
req002281,u5550,s04,2025-08-20 10:38:00,2.61,4.55
req002282,u6963,s03,2025-08-20 10:38:01,2.16,3.67
req002283,u9074,s02,2025-08-20 10:38:02,4.33,5.47
req002284,u2163,s03,2025-08-20 10:38:03,1.3,2.86
req002285,u7659,s03,2025-08-20 10:38:04,0.67,0.0
req002286,u2851,s01,2025-08-20 10:38:05,2.5,4.49
req002287,u6942,s03,2025-08-20 10:38:06,1.61,3.4
req002288,u7974,s02,2025-08-20 10:38:07,2.28,2.55
req002289,u4386,s02,2025-08-20 10:38:08,4.94,0.0
req002290,u5028,s01,2025-08-20 10:38:09,2.07,3.26
req002291,u7378,s02,2025-08-20 10:38:10,3.69,5.28
req002292,u1309,s02,2025-08-20 10:38:11,1.63,3.01
req002293,u7681,s03,2025-08-20 10:38:12,1.87,0.0
req002294,u2328,s02,2025-08-20 10:38:13,1.59,2.48
req002295,u1283,s03,2025-08-20 10:38:14,3.07,0.0
req002296,u2290,s02,2025-08-20 10:38:15,1.52,2.23
req002297,u4974,s03,2025-08-20 10:38:16,3.73,5.02
req002298,u3680,s03,2025-08-20 10:38:17,3.56,4.44
req002299,u4490,s01,2025-08-20 10:38:18,2.4,3.24
req002300,u2139,s01,2025-08-20 10:38:19,0.62,2.31
req002301,u3946,s03,2025-08-20 10:38:20,0.6,0.0
req002302,u4111,s02,2025-08-20 10:38:21,2.9,3.6
req002303,u1352,s01,2025-08-20 10:38:22,4.28,0.0
req002304,u4735,s01,2025-08-20 10:38:23,3.19,0.0
req002305,u7538,s04,2025-08-20 10:38:24,2.46,0.0
req002306,u9142,s03,2025-08-20 10:38:25,4.47,5.8
req002307,u3613,s04,2025-08-20 10:38:26,1.39,0.0
req002308,u8000,s01,2025-08-20 10:38:27,2.12,3.88
req002309,u9253,s03,2025-08-20 10:38:28,3.04,0.0
req002310,u5638,s04,2025-08-20 10:38:29,1.81,0.0
req002311,u8228,s04,2025-08-20 10:38:30,4.99,6.27
req002312,u4748,s02,2025-08-20 10:38:31,2.54,0.0
req002313,u1643,s02,2025-08-20 10:38:32,0.73,1.77
req002314,u9888,s03,2025-08-20 10:38:33,1.29,1.46
req002315,u2414,s04,2025-08-20 10:38:34,2.9,4.29
req002316,u7735,s04,2025-08-20 10:38:35,2.98,4.98
req002317,u1692,s03,2025-08-20 10:38:36,4.93,6.57
req002318,u4239,s02,2025-08-20 10:38:37,3.2,4.51
req002319,u6613,s04,2025-08-20 10:38:38,3.5,0.0
req002320,u1469,s02,2025-08-20 10:38:39,1.46,2.45
req002321,u4395,s04,2025-08-20 10:38:40,0.98,1.51
req002322,u5453,s01,2025-08-20 10:38:41,3.21,0.0
req002323,u3096,s01,2025-08-20 10:38:42,4.39,0.0
req002324,u1718,s02,2025-08-20 10:38:43,3.14,0.0
req002325,u7559,s04,2025-08-20 10:38:44,2.49,0.0
req002326,u3388,s04,2025-08-20 10:38:45,3.1,0.0
req002327,u9316,s02,2025-08-20 10:38:46,2.61,4.03
req002328,u6626,s01,2025-08-20 10:38:47,1.14,1.58
req002329,u9638,s01,2025-08-20 10:38:48,3.84,0.0
req002330,u1144,s03,2025-08-20 10:38:49,2.9,4.69
req002331,u5498,s03,2025-08-20 10:38:50,2.3,0.0
req002332,u3238,s04,2025-08-20 10:38:51,3.02,0.0
req002333,u5781,s04,2025-08-20 10:38:52,1.59,2.36
req002334,u6408,s03,2025-08-20 10:38:53,2.43,3.29
req002335,u2633,s02,2025-08-20 10:38:54,3.3,0.0
req002336,u2257,s03,2025-08-20 10:38:55,1.52,0.0
req002337,u8058,s03,2025-08-20 10:38:56,3.87,0.0
req002338,u9608,s03,2025-08-20 10:38:57,2.84,3.35
req002339,u4650,s02,2025-08-20 10:38:58,4.38,5.4
req002340,u3621,s02,2025-08-20 10:38:59,4.31,0.0
req002341,u2195,s01,2025-08-20 10:39:00,2.73,4.12
req002342,u2068,s02,2025-08-20 10:39:01,1.38,2.06
req002343,u6119,s02,2025-08-20 10:39:02,3.81,5.24
req002344,u5036,s03,2025-08-20 10:39:03,2.38,3.66
req002345,u7184,s03,2025-08-20 10:39:04,3.18,3.99
req002346,u9119,s01,2025-08-20 10:39:05,0.98,1.67
req002347,u6671,s02,2025-08-20 10:39:06,3.34,0.0
req002348,u9652,s04,2025-08-20 10:39:07,2.18,3.92
req002349,u8398,s04,2025-08-20 10:39:08,2.0,2.12
req002350,u4829,s01,2025-08-20 10:39:09,4.91,6.37
req002351,u4179,s04,2025-08-20 10:39:10,2.45,3.34
req002352,u5331,s02,2025-08-20 10:39:11,3.55,5.01
req002353,u7335,s04,2025-08-20 10:39:12,3.32,0.0
req002354,u7201,s02,2025-08-20 10:39:13,0.97,0.0
req002355,u8904,s04,2025-08-20 10:39:14,3.87,0.0
req002356,u8020,s02,2025-08-20 10:39:15,1.95,0.0
req002357,u7540,s01,2025-08-20 10:39:16,4.1,5.16
req002358,u9699,s02,2025-08-20 10:39:17,3.23,3.49
req002359,u3108,s04,2025-08-20 10:39:18,1.93,3.9
req002360,u4403,s01,2025-08-20 10:39:19,2.1,0.0
req002361,u1892,s04,2025-08-20 10:39:20,3.79,4.05
req002362,u1431,s04,2025-08-20 10:39:21,2.98,3.38
req002363,u8999,s01,2025-08-20 10:39:22,3.51,4.41
req002364,u4420,s02,2025-08-20 10:39:23,1.21,0.0
req002365,u8730,s02,2025-08-20 10:39:24,4.04,5.93
req002366,u1239,s04,2025-08-20 10:39:25,1.94,2.6
req002367,u4933,s02,2025-08-20 10:39:26,3.29,4.47
req002368,u9275,s01,2025-08-20 10:39:27,1.02,0.0
req002369,u8421,s04,2025-08-20 10:39:28,1.95,3.04
req002370,u9095,s03,2025-08-20 10:39:29,3.42,4.15
req002371,u5761,s01,2025-08-20 10:39:30,1.73,0.0
req002372,u8086,s01,2025-08-20 10:39:31,4.46,5.88
req002373,u5403,s02,2025-08-20 10:39:32,3.48,4.53
req002374,u4804,s03,2025-08-20 10:39:33,4.42,5.62
req002375,u9316,s01,2025-08-20 10:39:34,2.28,2.78
req002376,u6597,s03,2025-08-20 10:39:35,0.65,2.51
req002377,u1276,s01,2025-08-20 10:39:36,3.09,3.4
req002378,u9598,s02,2025-08-20 10:39:37,2.03,3.44
req002379,u9490,s03,2025-08-20 10:39:38,2.52,0.0
req002380,u3737,s01,2025-08-20 10:39:39,3.56,5.34
req002381,u7095,s04,2025-08-20 10:39:40,3.65,3.91
req002382,u8388,s04,2025-08-20 10:39:41,0.62,0.77
req002383,u1501,s01,2025-08-20 10:39:42,3.96,4.69
req002384,u5628,s04,2025-08-20 10:39:43,2.72,4.32
req002385,u5352,s01,2025-08-20 10:39:44,3.01,4.47
req002386,u6522,s02,2025-08-20 10:39:45,1.84,3.5
req002387,u6707,s04,2025-08-20 10:39:46,2.39,3.25
req002388,u5156,s04,2025-08-20 10:39:47,3.7,5.69
req002389,u3683,s04,2025-08-20 10:39:48,4.0,4.8
req002390,u5026,s02,2025-08-20 10:39:49,2.24,0.0
req002391,u7016,s04,2025-08-20 10:39:50,3.61,5.24
req002392,u9386,s03,2025-08-20 10:39:51,1.66,2.43
req002393,u9836,s01,2025-08-20 10:39:52,4.24,0.0
req002394,u8854,s03,2025-08-20 10:39:53,3.24,3.76
req002395,u5161,s04,2025-08-20 10:39:54,3.99,4.73
req002396,u3817,s01,2025-08-20 10:39:55,2.65,3.12
req002397,u2597,s03,2025-08-20 10:39:56,1.53,1.88
req002398,u1769,s02,2025-08-20 10:39:57,2.43,3.22
req002399,u5366,s01,2025-08-20 10:39:58,2.22,2.6
req002400,u4824,s04,2025-08-20 10:39:59,2.0,3.05
req002401,u9911,s04,2025-08-20 10:40:00,1.45,0.0
req002402,u1733,s03,2025-08-20 10:40:01,3.92,0.0
req002403,u6707,s04,2025-08-20 10:40:02,0.89,1.06
req002404,u5612,s04,2025-08-20 10:40:03,4.49,0.0
req002405,u8458,s02,2025-08-20 10:40:04,1.29,0.0
req002406,u5325,s03,2025-08-20 10:40:05,4.91,5.83
req002407,u9370,s03,2025-08-20 10:40:06,4.95,0.0
req002408,u9373,s02,2025-08-20 10:40:07,2.29,4.21
req002409,u4807,s01,2025-08-20 10:40:08,4.95,5.73
req002410,u1108,s01,2025-08-20 10:40:09,4.41,4.77
req002411,u2965,s02,2025-08-20 10:40:10,0.87,1.55
req002412,u9536,s02,2025-08-20 10:40:11,4.76,6.36
req002413,u7972,s04,2025-08-20 10:40:12,0.69,0.0
req002414,u1811,s03,2025-08-20 10:40:13,1.32,2.02
req002415,u9776,s01,2025-08-20 10:40:14,3.13,3.96
req002416,u1469,s03,2025-08-20 10:40:15,0.86,2.46
req002417,u8679,s02,2025-08-20 10:40:16,1.23,1.83
req002418,u7022,s03,2025-08-20 10:40:17,4.79,5.8
req002419,u4606,s03,2025-08-20 10:40:18,4.98,5.2
req002420,u4757,s02,2025-08-20 10:40:19,4.09,0.0
req002421,u6909,s01,2025-08-20 10:40:20,2.82,0.0
req002422,u7157,s04,2025-08-20 10:40:21,4.55,4.98
req002423,u8396,s01,2025-08-20 10:40:22,1.0,1.5
req002424,u7941,s03,2025-08-20 10:40:23,4.74,5.72
req002425,u1146,s01,2025-08-20 10:40:24,2.08,3.74
req002426,u1472,s02,2025-08-20 10:40:25,4.38,0.0
req002427,u5130,s02,2025-08-20 10:40:26,3.51,0.0
req002428,u3971,s01,2025-08-20 10:40:27,4.82,5.59
req002429,u8849,s04,2025-08-20 10:40:28,4.39,5.21
req002430,u1652,s02,2025-08-20 10:40:29,4.5,5.17
req002431,u9434,s03,2025-08-20 10:40:30,3.34,4.05
req002432,u4926,s02,2025-08-20 10:40:31,4.25,5.12
req002433,u7737,s02,2025-08-20 10:40:32,3.91,5.72
req002434,u6497,s02,2025-08-20 10:40:33,1.23,1.38
req002435,u5778,s03,2025-08-20 10:40:34,3.42,4.71
req002436,u9610,s01,2025-08-20 10:40:35,1.17,0.0
req002437,u5912,s03,2025-08-20 10:40:36,4.41,6.2
req002438,u4228,s01,2025-08-20 10:40:37,0.8,1.69
req002439,u4542,s04,2025-08-20 10:40:38,4.94,0.0
req002440,u9419,s03,2025-08-20 10:40:39,2.3,3.64
req002441,u1135,s02,2025-08-20 10:40:40,1.27,2.48
req002442,u7015,s02,2025-08-20 10:40:41,4.71,0.0
req002443,u4556,s03,2025-08-20 10:40:42,0.7,1.44
req002444,u7733,s01,2025-08-20 10:40:43,2.62,2.98
req002445,u4789,s04,2025-08-20 10:40:44,3.97,4.49
req002446,u5125,s02,2025-08-20 10:40:45,1.93,2.14
req002447,u8269,s02,2025-08-20 10:40:46,2.88,4.43
req002448,u2303,s02,2025-08-20 10:40:47,3.65,0.0
req002449,u7344,s03,2025-08-20 10:40:48,4.78,0.0
req002450,u9116,s02,2025-08-20 10:40:49,0.96,2.07
req002451,u9237,s04,2025-08-20 10:40:50,1.21,2.8
req002452,u1667,s03,2025-08-20 10:40:51,2.79,3.44
req002453,u5221,s03,2025-08-20 10:40:52,2.38,4.01
req002454,u8275,s01,2025-08-20 10:40:53,2.35,0.0
req002455,u2012,s02,2025-08-20 10:40:54,1.84,0.0
req002456,u6647,s01,2025-08-20 10:40:55,3.02,3.71
req002457,u6079,s02,2025-08-20 10:40:56,4.47,0.0
req002458,u5102,s02,2025-08-20 10:40:57,1.22,1.55
req002459,u6702,s02,2025-08-20 10:40:58,1.47,2.58
req002460,u3148,s02,2025-08-20 10:40:59,3.52,5.42
req002461,u3810,s04,2025-08-20 10:41:00,0.75,1.64
req002462,u7072,s04,2025-08-20 10:41:01,3.53,4.61
req002463,u9432,s01,2025-08-20 10:41:02,1.92,2.88
req002464,u4053,s02,2025-08-20 10:41:03,2.11,3.08
req002465,u5293,s02,2025-08-20 10:41:04,2.32,0.0
req002466,u2762,s01,2025-08-20 10:41:05,2.07,2.58
req002467,u5702,s01,2025-08-20 10:41:06,4.29,5.19
req002468,u9951,s04,2025-08-20 10:41:07,4.76,5.8
req002469,u1109,s03,2025-08-20 10:41:08,2.97,0.0
req002470,u8342,s01,2025-08-20 10:41:09,3.12,4.64
req002471,u5241,s04,2025-08-20 10:41:10,0.82,1.19
req002472,u6346,s03,2025-08-20 10:41:11,3.71,0.0
req002473,u3832,s02,2025-08-20 10:41:12,3.13,4.32
req002474,u2584,s03,2025-08-20 10:41:13,0.73,0.0
req002475,u9301,s03,2025-08-20 10:41:14,1.39,2.75
req002476,u4316,s01,2025-08-20 10:41:15,1.41,2.24
req002477,u2601,s02,2025-08-20 10:41:16,1.27,0.0
req002478,u1650,s04,2025-08-20 10:41:17,3.46,4.6
req002479,u6678,s04,2025-08-20 10:41:18,4.68,0.0
req002480,u9540,s02,2025-08-20 10:41:19,3.93,0.0
req002481,u8872,s01,2025-08-20 10:41:20,2.65,4.1
req002482,u7370,s01,2025-08-20 10:41:21,2.32,3.3
req002483,u9528,s03,2025-08-20 10:41:22,2.24,2.97
req002484,u7550,s02,2025-08-20 10:41:23,3.21,4.88
req002485,u5210,s01,2025-08-20 10:41:24,2.12,4.1
req002486,u7224,s04,2025-08-20 10:41:25,1.52,2.03
req002487,u2073,s04,2025-08-20 10:41:26,3.21,5.0
req002488,u5580,s01,2025-08-20 10:41:27,2.26,0.0
req002489,u2356,s03,2025-08-20 10:41:28,0.56,0.0
req002490,u7294,s04,2025-08-20 10:41:29,0.6,1.74
req002491,u6280,s02,2025-08-20 10:41:30,1.73,2.68
req002492,u9161,s03,2025-08-20 10:41:31,2.81,4.61
req002493,u2024,s01,2025-08-20 10:41:32,2.09,0.0
req002494,u5261,s04,2025-08-20 10:41:33,0.61,2.44
req002495,u2699,s04,2025-08-20 10:41:34,1.5,2.12
req002496,u9175,s02,2025-08-20 10:41:35,0.93,0.0
req002497,u8414,s01,2025-08-20 10:41:36,4.77,0.0
req002498,u6115,s03,2025-08-20 10:41:37,1.91,0.0
req002499,u2939,s02,2025-08-20 10:41:38,0.57,1.35
req002500,u1490,s04,2025-08-20 10:41:39,3.47,5.19
req002501,u6355,s04,2025-08-20 10:41:40,1.55,0.0
req002502,u7572,s03,2025-08-20 10:41:41,3.05,4.08
req002503,u7739,s02,2025-08-20 10:41:42,1.18,1.83
req002504,u4178,s02,2025-08-20 10:41:43,4.93,6.86
req002505,u3125,s03,2025-08-20 10:41:44,4.87,5.38
req002506,u7743,s03,2025-08-20 10:41:45,3.45,4.71
req002507,u3920,s01,2025-08-20 10:41:46,3.68,4.59
req002508,u5531,s03,2025-08-20 10:41:47,2.42,3.38
req002509,u7928,s02,2025-08-20 10:41:48,4.83,0.0
req002510,u4573,s02,2025-08-20 10:41:49,2.41,0.0
req002511,u1522,s02,2025-08-20 10:41:50,1.58,1.88
req002512,u3952,s03,2025-08-20 10:41:51,1.02,1.61
req002513,u6572,s02,2025-08-20 10:41:52,1.44,0.0
req002514,u9075,s02,2025-08-20 10:41:53,3.07,0.0
req002515,u9893,s03,2025-08-20 10:41:54,1.6,0.0
req002516,u7791,s01,2025-08-20 10:41:55,3.44,0.0
req002517,u6521,s04,2025-08-20 10:41:56,2.22,2.64
req002518,u4812,s03,2025-08-20 10:41:57,4.49,6.01
req002519,u6492,s03,2025-08-20 10:41:58,3.01,0.0
req002520,u8873,s02,2025-08-20 10:41:59,3.3,0.0
req002521,u7284,s02,2025-08-20 10:42:00,3.0,0.0
req002522,u7866,s01,2025-08-20 10:42:01,4.49,5.92
req002523,u7407,s02,2025-08-20 10:42:02,0.79,0.0
req002524,u8540,s03,2025-08-20 10:42:03,0.8,0.0
req002525,u4497,s03,2025-08-20 10:42:04,3.66,5.27
req002526,u7988,s04,2025-08-20 10:42:05,3.96,5.39
req002527,u1460,s01,2025-08-20 10:42:06,2.45,0.0
req002528,u4586,s02,2025-08-20 10:42:07,2.09,2.43
req002529,u3379,s04,2025-08-20 10:42:08,1.75,3.71
req002530,u2580,s01,2025-08-20 10:42:09,1.55,2.01
req002531,u2822,s04,2025-08-20 10:42:10,4.6,5.37
req002532,u3726,s04,2025-08-20 10:42:11,1.83,0.0
req002533,u5542,s03,2025-08-20 10:42:12,3.42,4.86
req002534,u6268,s03,2025-08-20 10:42:13,4.04,0.0
req002535,u8036,s03,2025-08-20 10:42:14,0.6,0.97
req002536,u2344,s04,2025-08-20 10:42:15,0.65,0.0
req002537,u6864,s04,2025-08-20 10:42:16,2.0,2.42
req002538,u5501,s04,2025-08-20 10:42:17,3.63,5.4
req002539,u8905,s02,2025-08-20 10:42:18,1.67,0.0
req002540,u9309,s04,2025-08-20 10:42:19,0.51,1.24
req002541,u5889,s03,2025-08-20 10:42:20,1.8,0.0
req002542,u5349,s03,2025-08-20 10:42:21,0.91,2.27
req002543,u2659,s01,2025-08-20 10:42:22,1.49,0.0
req002544,u9926,s02,2025-08-20 10:42:23,2.0,3.73
req002545,u6702,s04,2025-08-20 10:42:24,1.08,0.0
req002546,u2086,s01,2025-08-20 10:42:25,3.68,5.63
req002547,u7735,s01,2025-08-20 10:42:26,1.65,0.0
req002548,u9400,s01,2025-08-20 10:42:27,3.47,3.97
req002549,u4333,s02,2025-08-20 10:42:28,3.2,0.0
req002550,u3599,s04,2025-08-20 10:42:29,4.54,4.87
req002551,u8878,s01,2025-08-20 10:42:30,0.9,2.41
req002552,u7864,s04,2025-08-20 10:42:31,1.47,1.93
req002553,u3312,s02,2025-08-20 10:42:32,4.39,5.59
req002554,u9735,s04,2025-08-20 10:42:33,4.2,5.31
req002555,u1954,s01,2025-08-20 10:42:34,1.36,2.52
req002556,u9372,s03,2025-08-20 10:42:35,0.98,2.31
req002557,u3355,s03,2025-08-20 10:42:36,4.35,6.07
req002558,u4595,s03,2025-08-20 10:42:37,1.3,1.92
req002559,u8945,s03,2025-08-20 10:42:38,4.42,5.57
req002560,u2795,s04,2025-08-20 10:42:39,4.83,5.57
req002561,u1452,s03,2025-08-20 10:42:40,1.49,0.0
req002562,u7122,s01,2025-08-20 10:42:41,4.28,0.0
req002563,u7861,s03,2025-08-20 10:42:42,2.41,3.12
req002564,u1184,s03,2025-08-20 10:42:43,4.05,0.0
req002565,u3693,s01,2025-08-20 10:42:44,2.33,0.0
req002566,u4233,s03,2025-08-20 10:42:45,0.82,0.96
req002567,u4700,s02,2025-08-20 10:42:46,3.71,0.0
req002568,u9349,s02,2025-08-20 10:42:47,1.18,2.42
req002569,u1332,s04,2025-08-20 10:42:48,4.67,6.62
req002570,u5529,s01,2025-08-20 10:42:49,2.38,3.93
req002571,u8302,s03,2025-08-20 10:42:50,0.87,1.43
req002572,u5022,s03,2025-08-20 10:42:51,1.53,2.99
req002573,u3495,s01,2025-08-20 10:42:52,4.38,5.04
req002574,u9040,s03,2025-08-20 10:42:53,1.94,0.0
req002575,u4005,s01,2025-08-20 10:42:54,4.35,5.88
req002576,u3111,s02,2025-08-20 10:42:55,1.28,3.0
req002577,u5467,s02,2025-08-20 10:42:56,2.61,3.35
req002578,u4114,s02,2025-08-20 10:42:57,4.45,0.0
req002579,u9018,s03,2025-08-20 10:42:58,0.72,0.0
req002580,u6171,s01,2025-08-20 10:42:59,1.87,1.97
req002581,u9853,s03,2025-08-20 10:43:00,4.59,0.0
req002582,u2603,s01,2025-08-20 10:43:01,3.18,3.86
req002583,u2681,s01,2025-08-20 10:43:02,3.72,4.21
req002584,u7979,s01,2025-08-20 10:43:03,4.29,5.57
req002585,u3195,s01,2025-08-20 10:43:04,2.86,3.51
req002586,u6635,s01,2025-08-20 10:43:05,4.3,4.47
req002587,u7398,s01,2025-08-20 10:43:06,3.37,0.0
req002588,u8310,s03,2025-08-20 10:43:07,3.59,4.7
req002589,u2059,s01,2025-08-20 10:43:08,1.19,2.95
req002590,u9249,s03,2025-08-20 10:43:09,4.73,0.0
req002591,u7034,s03,2025-08-20 10:43:10,4.08,5.04
req002592,u2155,s02,2025-08-20 10:43:11,1.64,2.45
req002593,u2949,s01,2025-08-20 10:43:12,3.11,3.55
req002594,u5397,s04,2025-08-20 10:43:13,2.19,3.03
req002595,u8237,s03,2025-08-20 10:43:14,3.47,4.2
req002596,u8234,s03,2025-08-20 10:43:15,4.97,6.96
req002597,u8630,s01,2025-08-20 10:43:16,0.71,0.0
req002598,u2953,s01,2025-08-20 10:43:17,4.79,4.95
req002599,u7288,s01,2025-08-20 10:43:18,0.83,1.38
req002600,u4318,s04,2025-08-20 10:43:19,2.57,2.8
req002601,u2905,s02,2025-08-20 10:43:20,2.67,0.0
req002602,u6175,s03,2025-08-20 10:43:21,1.71,3.44
req002603,u4249,s03,2025-08-20 10:43:22,3.05,3.94
req002604,u9578,s01,2025-08-20 10:43:23,4.25,0.0
req002605,u1826,s04,2025-08-20 10:43:24,1.82,3.43
req002606,u7579,s02,2025-08-20 10:43:25,0.82,2.24
req002607,u3331,s04,2025-08-20 10:43:26,3.35,5.21
req002608,u8612,s02,2025-08-20 10:43:27,3.88,0.0
req002609,u9379,s03,2025-08-20 10:43:28,4.8,4.95
req002610,u7462,s03,2025-08-20 10:43:29,1.22,0.0
req002611,u2823,s03,2025-08-20 10:43:30,4.56,5.05
req002612,u2530,s03,2025-08-20 10:43:31,2.67,4.1
req002613,u9494,s04,2025-08-20 10:43:32,1.56,2.77
req002614,u2073,s03,2025-08-20 10:43:33,4.83,0.0
req002615,u3699,s02,2025-08-20 10:43:34,1.57,2.99
req002616,u4776,s03,2025-08-20 10:43:35,3.8,4.99
req002617,u5595,s04,2025-08-20 10:43:36,4.03,0.0
req002618,u5398,s04,2025-08-20 10:43:37,2.44,3.64
req002619,u1600,s02,2025-08-20 10:43:38,3.6,5.47
req002620,u3139,s03,2025-08-20 10:43:39,3.08,0.0
req002621,u8105,s03,2025-08-20 10:43:40,1.36,3.21
req002622,u1744,s03,2025-08-20 10:43:41,3.92,0.0
req002623,u9402,s04,2025-08-20 10:43:42,4.68,0.0
req002624,u4681,s02,2025-08-20 10:43:43,2.7,2.87
req002625,u6453,s02,2025-08-20 10:43:44,4.97,0.0
req002626,u9883,s01,2025-08-20 10:43:45,2.43,0.0
req002627,u8611,s03,2025-08-20 10:43:46,2.66,0.0
req002628,u5621,s01,2025-08-20 10:43:47,3.53,4.42
req002629,u4478,s01,2025-08-20 10:43:48,1.34,2.41
req002630,u7139,s01,2025-08-20 10:43:49,4.56,5.34
req002631,u6003,s04,2025-08-20 10:43:50,4.11,0.0
req002632,u1995,s01,2025-08-20 10:43:51,4.43,4.62
req002633,u9340,s01,2025-08-20 10:43:52,3.24,0.0
req002634,u6161,s02,2025-08-20 10:43:53,4.48,5.48
req002635,u9988,s04,2025-08-20 10:43:54,3.56,0.0
req002636,u5754,s03,2025-08-20 10:43:55,2.8,4.75
req002637,u3607,s04,2025-08-20 10:43:56,4.69,0.0
req002638,u1023,s04,2025-08-20 10:43:57,2.48,2.72
req002639,u5907,s04,2025-08-20 10:43:58,2.75,4.4
req002640,u6937,s04,2025-08-20 10:43:59,1.26,1.73
req002641,u5113,s04,2025-08-20 10:44:00,4.76,0.0
req002642,u3935,s01,2025-08-20 10:44:01,1.49,2.69
req002643,u9252,s02,2025-08-20 10:44:02,1.41,2.25
req002644,u9116,s01,2025-08-20 10:44:03,0.96,1.72
req002645,u7367,s02,2025-08-20 10:44:04,2.54,0.0
req002646,u8661,s04,2025-08-20 10:44:05,1.73,3.48
req002647,u6554,s04,2025-08-20 10:44:06,3.83,5.78
req002648,u8102,s02,2025-08-20 10:44:07,1.88,2.71
req002649,u8393,s04,2025-08-20 10:44:08,3.74,5.06
req002650,u6174,s04,2025-08-20 10:44:09,1.38,0.0
req002651,u4727,s03,2025-08-20 10:44:10,1.53,2.69
req002652,u9531,s03,2025-08-20 10:44:11,4.13,0.0
req002653,u7706,s03,2025-08-20 10:44:12,2.17,2.42
req002654,u7701,s04,2025-08-20 10:44:13,1.0,1.18
req002655,u9470,s03,2025-08-20 10:44:14,4.83,0.0
req002656,u2248,s02,2025-08-20 10:44:15,1.3,0.0
req002657,u6109,s01,2025-08-20 10:44:16,1.18,2.75
req002658,u6611,s02,2025-08-20 10:44:17,2.11,0.0
req002659,u4482,s04,2025-08-20 10:44:18,0.93,1.78
req002660,u3131,s04,2025-08-20 10:44:19,1.2,1.88
req002661,u6024,s04,2025-08-20 10:44:20,4.31,6.28
req002662,u2427,s01,2025-08-20 10:44:21,1.27,1.53
req002663,u4275,s01,2025-08-20 10:44:22,1.0,0.0
req002664,u4322,s04,2025-08-20 10:44:23,4.46,5.07
req002665,u9002,s02,2025-08-20 10:44:24,2.5,4.23
req002666,u4337,s03,2025-08-20 10:44:25,1.21,2.1
req002667,u4081,s02,2025-08-20 10:44:26,3.12,0.0
req002668,u3837,s03,2025-08-20 10:44:27,0.69,0.0
req002669,u7475,s02,2025-08-20 10:44:28,2.42,3.63
req002670,u5964,s02,2025-08-20 10:44:29,3.16,3.35
req002671,u1850,s02,2025-08-20 10:44:30,4.81,0.0
req002672,u9527,s04,2025-08-20 10:44:31,1.97,0.0
req002673,u2583,s02,2025-08-20 10:44:32,3.94,5.79
req002674,u5902,s01,2025-08-20 10:44:33,1.1,1.46
req002675,u6081,s04,2025-08-20 10:44:34,2.45,0.0
req002676,u5694,s02,2025-08-20 10:44:35,1.5,2.01
req002677,u1985,s04,2025-08-20 10:44:36,2.72,0.0
req002678,u3389,s03,2025-08-20 10:44:37,2.38,2.78
req002679,u1391,s02,2025-08-20 10:44:38,4.91,5.96
req002680,u9534,s04,2025-08-20 10:44:39,4.63,6.28
req002681,u5860,s02,2025-08-20 10:44:40,3.12,3.73
req002682,u3301,s04,2025-08-20 10:44:41,1.29,0.0
req002683,u8660,s03,2025-08-20 10:44:42,3.01,0.0
req002684,u4827,s01,2025-08-20 10:44:43,4.06,4.43
req002685,u6841,s02,2025-08-20 10:44:44,0.67,1.55
req002686,u2788,s01,2025-08-20 10:44:45,2.45,4.42
req002687,u3093,s03,2025-08-20 10:44:46,0.69,0.0
req002688,u2524,s04,2025-08-20 10:44:47,1.6,1.72
req002689,u6171,s02,2025-08-20 10:44:48,0.91,1.97
req002690,u8807,s01,2025-08-20 10:44:49,4.82,6.19
req002691,u9304,s04,2025-08-20 10:44:50,1.26,0.0
req002692,u8012,s01,2025-08-20 10:44:51,1.18,2.81
req002693,u5213,s02,2025-08-20 10:44:52,4.87,0.0
req002694,u5523,s03,2025-08-20 10:44:53,2.82,4.34
req002695,u9696,s04,2025-08-20 10:44:54,3.91,4.15
req002696,u3673,s04,2025-08-20 10:44:55,1.97,2.95
req002697,u8097,s03,2025-08-20 10:44:56,2.9,3.15
req002698,u2299,s03,2025-08-20 10:44:57,0.53,1.81
req002699,u3748,s01,2025-08-20 10:44:58,2.34,0.0
req002700,u1206,s04,2025-08-20 10:44:59,3.0,0.0
req002701,u6130,s03,2025-08-20 10:45:00,2.81,3.06
req002702,u3428,s03,2025-08-20 10:45:01,2.33,2.52
req002703,u9364,s02,2025-08-20 10:45:02,4.05,4.73
req002704,u8329,s02,2025-08-20 10:45:03,2.76,4.64
req002705,u1448,s03,2025-08-20 10:45:04,3.36,4.81
req002706,u1583,s01,2025-08-20 10:45:05,1.33,1.44
req002707,u2969,s01,2025-08-20 10:45:06,4.38,5.02
req002708,u1780,s02,2025-08-20 10:45:07,2.13,2.26
req002709,u7171,s02,2025-08-20 10:45:08,2.67,0.0
req002710,u3585,s04,2025-08-20 10:45:09,2.08,2.74
req002711,u5685,s03,2025-08-20 10:45:10,4.51,5.91
req002712,u7991,s04,2025-08-20 10:45:11,4.55,6.09
req002713,u7104,s02,2025-08-20 10:45:12,1.51,3.14
req002714,u3493,s03,2025-08-20 10:45:13,3.89,5.72
req002715,u2076,s01,2025-08-20 10:45:14,0.96,0.0
req002716,u3065,s04,2025-08-20 10:45:15,0.63,1.43
req002717,u3480,s04,2025-08-20 10:45:16,4.26,6.0
req002718,u6779,s04,2025-08-20 10:45:17,1.09,2.57
req002719,u7643,s02,2025-08-20 10:45:18,1.2,2.32
req002720,u3516,s01,2025-08-20 10:45:19,3.23,0.0
req002721,u5135,s04,2025-08-20 10:45:20,4.18,6.09
req002722,u5758,s03,2025-08-20 10:45:21,1.35,3.25
req002723,u4586,s04,2025-08-20 10:45:22,1.01,2.82
req002724,u8554,s03,2025-08-20 10:45:23,0.85,1.33
req002725,u7796,s01,2025-08-20 10:45:24,0.61,0.0
req002726,u3511,s03,2025-08-20 10:45:25,1.02,1.51
req002727,u3559,s03,2025-08-20 10:45:26,4.74,6.55
req002728,u1623,s01,2025-08-20 10:45:27,0.93,0.0
req002729,u7944,s02,2025-08-20 10:45:28,3.19,4.05
req002730,u7859,s04,2025-08-20 10:45:29,4.64,6.26
req002731,u6739,s03,2025-08-20 10:45:30,3.33,0.0
req002732,u5266,s01,2025-08-20 10:45:31,0.65,0.0
req002733,u7014,s01,2025-08-20 10:45:32,3.18,0.0
req002734,u7792,s04,2025-08-20 10:45:33,4.56,5.97
req002735,u7890,s01,2025-08-20 10:45:34,1.95,0.0
req002736,u9116,s03,2025-08-20 10:45:35,1.91,3.46
req002737,u1882,s03,2025-08-20 10:45:36,1.62,0.0
req002738,u4107,s04,2025-08-20 10:45:37,2.77,0.0
req002739,u8215,s01,2025-08-20 10:45:38,1.57,0.0
req002740,u1786,s03,2025-08-20 10:45:39,3.76,0.0
req002741,u8206,s04,2025-08-20 10:45:40,3.4,3.55
req002742,u1770,s04,2025-08-20 10:45:41,2.3,3.22
req002743,u2099,s01,2025-08-20 10:45:42,3.75,0.0
req002744,u1836,s02,2025-08-20 10:45:43,0.94,2.67
req002745,u7139,s02,2025-08-20 10:45:44,3.87,4.9
req002746,u6981,s04,2025-08-20 10:45:45,3.21,0.0
req002747,u8922,s02,2025-08-20 10:45:46,3.34,0.0
req002748,u6788,s04,2025-08-20 10:45:47,0.79,0.0
req002749,u4827,s02,2025-08-20 10:45:48,3.28,4.69
req002750,u9317,s03,2025-08-20 10:45:49,2.72,0.0
req002751,u9658,s04,2025-08-20 10:45:50,2.69,0.0
req002752,u3115,s04,2025-08-20 10:45:51,1.95,0.0
req002753,u6614,s03,2025-08-20 10:45:52,0.53,2.07
req002754,u8423,s04,2025-08-20 10:45:53,2.4,2.73
req002755,u5176,s03,2025-08-20 10:45:54,2.3,0.0
req002756,u4372,s02,2025-08-20 10:45:55,2.4,0.0
req002757,u8519,s04,2025-08-20 10:45:56,3.25,3.65
req002758,u2523,s03,2025-08-20 10:45:57,1.85,0.0
req002759,u2684,s02,2025-08-20 10:45:58,1.71,3.19
req002760,u8791,s01,2025-08-20 10:45:59,2.74,2.94
req002761,u2175,s03,2025-08-20 10:46:00,3.17,0.0
req002762,u6741,s03,2025-08-20 10:46:01,3.05,0.0
req002763,u7610,s04,2025-08-20 10:46:02,4.47,5.22
req002764,u2751,s01,2025-08-20 10:46:03,3.96,5.8
req002765,u2025,s04,2025-08-20 10:46:04,0.73,1.92
req002766,u8740,s04,2025-08-20 10:46:05,3.04,4.87
req002767,u9953,s03,2025-08-20 10:46:06,2.38,0.0
req002768,u2325,s01,2025-08-20 10:46:07,2.12,2.81
req002769,u9212,s04,2025-08-20 10:46:08,4.81,6.12
req002770,u8990,s04,2025-08-20 10:46:09,2.56,3.2
req002771,u6390,s04,2025-08-20 10:46:10,3.74,4.05
req002772,u9272,s03,2025-08-20 10:46:11,4.85,6.83
req002773,u2448,s03,2025-08-20 10:46:12,1.18,1.61
req002774,u6888,s04,2025-08-20 10:46:13,0.75,1.21
req002775,u2959,s01,2025-08-20 10:46:14,1.91,3.61
req002776,u9658,s03,2025-08-20 10:46:15,0.7,2.32
req002777,u8034,s01,2025-08-20 10:46:16,1.03,2.99
req002778,u3277,s04,2025-08-20 10:46:17,4.96,5.2
req002779,u4864,s01,2025-08-20 10:46:18,4.82,5.1
req002780,u4365,s01,2025-08-20 10:46:19,3.61,4.56
req002781,u8643,s01,2025-08-20 10:46:20,3.89,0.0
req002782,u9492,s03,2025-08-20 10:46:21,1.13,0.0
req002783,u5379,s03,2025-08-20 10:46:22,3.18,0.0
req002784,u1934,s02,2025-08-20 10:46:23,1.19,2.41
req002785,u9248,s03,2025-08-20 10:46:24,2.2,2.37
req002786,u8584,s02,2025-08-20 10:46:25,2.05,0.0
req002787,u2108,s03,2025-08-20 10:46:26,3.26,0.0
req002788,u6964,s01,2025-08-20 10:46:27,0.86,1.26
req002789,u8812,s01,2025-08-20 10:46:28,0.97,2.41
req002790,u2294,s01,2025-08-20 10:46:29,3.24,0.0
req002791,u6647,s04,2025-08-20 10:46:30,3.36,4.73
req002792,u7591,s04,2025-08-20 10:46:31,2.03,2.3
req002793,u3897,s01,2025-08-20 10:46:32,1.16,0.0
req002794,u2739,s04,2025-08-20 10:46:33,4.49,0.0
req002795,u1156,s04,2025-08-20 10:46:34,0.74,0.0
req002796,u1800,s01,2025-08-20 10:46:35,3.73,5.6
req002797,u1304,s02,2025-08-20 10:46:36,1.13,0.0
req002798,u5232,s03,2025-08-20 10:46:37,3.37,3.95
req002799,u8981,s03,2025-08-20 10:46:38,3.49,0.0
req002800,u2146,s02,2025-08-20 10:46:39,4.12,5.91
req002801,u5774,s01,2025-08-20 10:46:40,2.28,0.0
req002802,u1730,s01,2025-08-20 10:46:41,0.6,0.0
req002803,u8114,s04,2025-08-20 10:46:42,4.15,6.0
req002804,u6382,s02,2025-08-20 10:46:43,2.5,3.53
req002805,u8099,s03,2025-08-20 10:46:44,4.31,5.19
req002806,u9452,s01,2025-08-20 10:46:45,3.99,0.0
req002807,u6557,s03,2025-08-20 10:46:46,2.74,3.37
req002808,u1629,s02,2025-08-20 10:46:47,5.0,6.63
req002809,u1902,s04,2025-08-20 10:46:48,2.58,3.05
req002810,u4173,s03,2025-08-20 10:46:49,3.63,4.91
req002811,u8277,s02,2025-08-20 10:46:50,3.51,4.69
req002812,u1067,s01,2025-08-20 10:46:51,2.83,0.0
req002813,u9878,s02,2025-08-20 10:46:52,3.13,3.7
req002814,u7831,s01,2025-08-20 10:46:53,4.09,0.0
req002815,u2036,s02,2025-08-20 10:46:54,3.07,5.04
req002816,u5957,s02,2025-08-20 10:46:55,2.53,0.0
req002817,u7930,s01,2025-08-20 10:46:56,3.48,0.0
req002818,u4362,s03,2025-08-20 10:46:57,0.66,2.37
req002819,u2348,s02,2025-08-20 10:46:58,0.99,1.13
req002820,u1885,s01,2025-08-20 10:46:59,1.06,0.0
req002821,u3322,s01,2025-08-20 10:47:00,2.42,0.0
req002822,u8534,s01,2025-08-20 10:47:01,4.42,5.32
req002823,u5807,s04,2025-08-20 10:47:02,3.39,0.0
req002824,u3840,s03,2025-08-20 10:47:03,4.88,5.66
req002825,u4559,s02,2025-08-20 10:47:04,0.68,2.46
req002826,u8714,s04,2025-08-20 10:47:05,3.75,0.0
req002827,u9295,s03,2025-08-20 10:47:06,1.91,2.51
req002828,u4180,s01,2025-08-20 10:47:07,0.6,2.6
req002829,u8309,s02,2025-08-20 10:47:08,4.22,4.7
req002830,u7939,s04,2025-08-20 10:47:09,1.23,1.79
req002831,u3258,s01,2025-08-20 10:47:10,1.46,2.83
req002832,u4883,s01,2025-08-20 10:47:11,2.03,2.44
req002833,u2813,s02,2025-08-20 10:47:12,4.05,0.0
req002834,u5506,s04,2025-08-20 10:47:13,3.31,0.0
req002835,u8728,s04,2025-08-20 10:47:14,1.69,3.48
req002836,u1067,s03,2025-08-20 10:47:15,1.26,0.0
req002837,u2520,s03,2025-08-20 10:47:16,0.99,1.3
req002838,u3385,s04,2025-08-20 10:47:17,1.17,3.14
req002839,u7451,s01,2025-08-20 10:47:18,4.41,6.17
req002840,u1294,s03,2025-08-20 10:47:19,4.65,6.35
req002841,u7065,s02,2025-08-20 10:47:20,4.86,5.73
req002842,u7666,s01,2025-08-20 10:47:21,4.26,5.34
req002843,u3570,s04,2025-08-20 10:47:22,4.49,5.46
req002844,u3110,s02,2025-08-20 10:47:23,4.17,6.15
req002845,u7601,s03,2025-08-20 10:47:24,4.81,4.98
req002846,u7352,s04,2025-08-20 10:47:25,4.31,5.14
req002847,u3660,s02,2025-08-20 10:47:26,2.58,4.52
req002848,u4830,s01,2025-08-20 10:47:27,1.95,2.75
req002849,u7352,s02,2025-08-20 10:47:28,3.13,0.0
req002850,u3195,s02,2025-08-20 10:47:29,3.24,4.1
req002851,u1855,s03,2025-08-20 10:47:30,3.09,4.39
req002852,u2538,s02,2025-08-20 10:47:31,3.68,5.5
req002853,u4802,s04,2025-08-20 10:47:32,3.65,4.31
req002854,u5736,s03,2025-08-20 10:47:33,0.89,2.79
req002855,u3317,s03,2025-08-20 10:47:34,1.78,2.42
req002856,u2666,s02,2025-08-20 10:47:35,4.5,6.15
req002857,u5120,s02,2025-08-20 10:47:36,3.16,3.78
req002858,u9346,s01,2025-08-20 10:47:37,1.98,0.0
req002859,u9180,s03,2025-08-20 10:47:38,4.33,0.0
req002860,u8162,s02,2025-08-20 10:47:39,1.62,1.86
req002861,u4755,s03,2025-08-20 10:47:40,2.34,3.98
req002862,u1510,s01,2025-08-20 10:47:41,1.74,0.0
req002863,u3412,s02,2025-08-20 10:47:42,4.42,5.38
req002864,u9200,s01,2025-08-20 10:47:43,3.78,4.62
req002865,u7455,s02,2025-08-20 10:47:44,2.57,0.0
req002866,u3146,s03,2025-08-20 10:47:45,4.7,5.62
req002867,u9229,s01,2025-08-20 10:47:46,4.67,0.0
req002868,u2795,s03,2025-08-20 10:47:47,3.7,0.0
req002869,u2328,s04,2025-08-20 10:47:48,4.51,0.0
req002870,u1292,s01,2025-08-20 10:47:49,3.74,5.0
req002871,u4311,s04,2025-08-20 10:47:50,3.33,3.93
req002872,u2960,s01,2025-08-20 10:47:51,2.39,2.94
req002873,u7400,s03,2025-08-20 10:47:52,1.73,2.75
req002874,u9531,s03,2025-08-20 10:47:53,0.77,0.94
req002875,u9900,s04,2025-08-20 10:47:54,4.1,5.42
req002876,u6403,s04,2025-08-20 10:47:55,1.05,2.71
req002877,u4147,s02,2025-08-20 10:47:56,2.35,3.83
req002878,u6975,s02,2025-08-20 10:47:57,1.56,2.55
req002879,u2130,s01,2025-08-20 10:47:58,2.55,3.72
req002880,u4143,s03,2025-08-20 10:47:59,1.92,2.07
req002881,u6720,s03,2025-08-20 10:48:00,4.23,6.06
req002882,u9266,s01,2025-08-20 10:48:01,4.9,6.06
req002883,u4058,s03,2025-08-20 10:48:02,4.74,5.44
req002884,u8016,s01,2025-08-20 10:48:03,3.3,3.96
req002885,u5089,s04,2025-08-20 10:48:04,4.91,6.26
req002886,u9157,s01,2025-08-20 10:48:05,2.3,0.0
req002887,u5618,s01,2025-08-20 10:48:06,2.85,0.0
req002888,u8317,s02,2025-08-20 10:48:07,1.66,2.87
req002889,u9601,s02,2025-08-20 10:48:08,4.54,5.0
req002890,u9573,s03,2025-08-20 10:48:09,1.31,2.19
req002891,u9674,s01,2025-08-20 10:48:10,3.25,4.63
req002892,u3318,s03,2025-08-20 10:48:11,4.1,4.77
req002893,u5866,s04,2025-08-20 10:48:12,3.18,4.25
req002894,u6427,s02,2025-08-20 10:48:13,0.85,0.0
req002895,u3040,s03,2025-08-20 10:48:14,3.25,3.83
req002896,u9531,s03,2025-08-20 10:48:15,3.95,4.19
req002897,u9165,s04,2025-08-20 10:48:16,1.35,0.0
req002898,u9745,s04,2025-08-20 10:48:17,3.82,4.66
req002899,u2848,s03,2025-08-20 10:48:18,4.45,5.94
req002900,u4548,s03,2025-08-20 10:48:19,4.94,5.45
req002901,u4495,s03,2025-08-20 10:48:20,2.35,0.0
req002902,u2973,s03,2025-08-20 10:48:21,0.61,2.14
req002903,u9054,s04,2025-08-20 10:48:22,2.39,3.76
req002904,u3434,s04,2025-08-20 10:48:23,3.47,4.53
req002905,u4238,s02,2025-08-20 10:48:24,4.51,6.46
req002906,u3131,s01,2025-08-20 10:48:25,4.72,0.0
req002907,u9499,s04,2025-08-20 10:48:26,4.59,6.37
req002908,u3584,s02,2025-08-20 10:48:27,3.46,4.63
req002909,u4687,s03,2025-08-20 10:48:28,3.57,4.73
req002910,u3999,s04,2025-08-20 10:48:29,0.51,0.0
req002911,u8494,s04,2025-08-20 10:48:30,2.14,2.77
req002912,u6236,s02,2025-08-20 10:48:31,4.58,0.0
req002913,u6016,s04,2025-08-20 10:48:32,3.6,0.0
req002914,u2518,s01,2025-08-20 10:48:33,2.61,4.46
req002915,u4332,s02,2025-08-20 10:48:34,0.97,2.77
req002916,u9681,s01,2025-08-20 10:48:35,1.61,3.12
req002917,u8737,s04,2025-08-20 10:48:36,3.0,3.34
req002918,u1811,s04,2025-08-20 10:48:37,4.54,0.0
req002919,u7102,s01,2025-08-20 10:48:38,0.93,2.37
req002920,u6224,s04,2025-08-20 10:48:39,1.19,1.77
req002921,u5679,s03,2025-08-20 10:48:40,3.45,3.91
req002922,u5611,s02,2025-08-20 10:48:41,1.82,3.36
req002923,u1440,s02,2025-08-20 10:48:42,1.26,0.0
req002924,u6496,s04,2025-08-20 10:48:43,1.3,0.0
req002925,u5871,s03,2025-08-20 10:48:44,2.72,4.64
req002926,u8967,s01,2025-08-20 10:48:45,3.13,3.44
req002927,u6291,s04,2025-08-20 10:48:46,4.57,0.0
req002928,u6765,s02,2025-08-20 10:48:47,2.88,0.0
req002929,u4148,s02,2025-08-20 10:48:48,3.61,4.02
req002930,u3996,s03,2025-08-20 10:48:49,1.31,1.83
req002931,u5832,s03,2025-08-20 10:48:50,3.71,0.0
req002932,u2847,s01,2025-08-20 10:48:51,3.42,5.35
req002933,u4300,s03,2025-08-20 10:48:52,1.47,2.89
req002934,u7897,s03,2025-08-20 10:48:53,3.51,4.9
req002935,u1664,s03,2025-08-20 10:48:54,1.45,2.51
req002936,u8812,s01,2025-08-20 10:48:55,3.17,4.29
req002937,u1560,s01,2025-08-20 10:48:56,3.51,0.0
req002938,u3591,s02,2025-08-20 10:48:57,3.62,0.0
req002939,u5904,s01,2025-08-20 10:48:58,4.59,0.0
req002940,u2921,s01,2025-08-20 10:48:59,4.77,5.42
req002941,u5545,s01,2025-08-20 10:49:00,4.15,0.0
req002942,u2722,s01,2025-08-20 10:49:01,4.45,0.0
req002943,u1206,s01,2025-08-20 10:49:02,0.59,0.98
req002944,u8696,s02,2025-08-20 10:49:03,2.13,0.0
req002945,u2606,s04,2025-08-20 10:49:04,0.68,2.26
req002946,u8732,s02,2025-08-20 10:49:05,1.51,2.5
req002947,u8522,s01,2025-08-20 10:49:06,2.22,2.81
req002948,u9424,s01,2025-08-20 10:49:07,4.4,0.0
req002949,u7892,s01,2025-08-20 10:49:08,2.8,0.0
req002950,u9122,s01,2025-08-20 10:49:09,3.42,4.72
req002951,u6837,s04,2025-08-20 10:49:10,2.13,2.63
req002952,u4337,s02,2025-08-20 10:49:11,3.21,0.0
req002953,u7270,s03,2025-08-20 10:49:12,4.17,0.0
req002954,u1168,s02,2025-08-20 10:49:13,1.86,2.89
req002955,u1008,s03,2025-08-20 10:49:14,4.7,0.0
req002956,u5521,s01,2025-08-20 10:49:15,1.46,0.0
req002957,u6134,s02,2025-08-20 10:49:16,4.64,5.1
req002958,u5977,s01,2025-08-20 10:49:17,0.63,2.17
req002959,u6600,s04,2025-08-20 10:49:18,2.94,3.65
req002960,u9160,s01,2025-08-20 10:49:19,4.93,5.87
req002961,u5619,s04,2025-08-20 10:49:20,3.24,4.77
req002962,u3288,s04,2025-08-20 10:49:21,3.0,4.35
req002963,u9130,s01,2025-08-20 10:49:22,3.57,0.0
req002964,u7057,s04,2025-08-20 10:49:23,1.8,2.66
req002965,u4772,s02,2025-08-20 10:49:24,0.74,0.97
req002966,u8635,s04,2025-08-20 10:49:25,1.63,3.48
req002967,u4516,s01,2025-08-20 10:49:26,1.29,0.0
req002968,u8450,s02,2025-08-20 10:49:27,4.66,0.0
req002969,u4401,s03,2025-08-20 10:49:28,4.34,4.46
req002970,u3722,s03,2025-08-20 10:49:29,1.93,3.43
req002971,u7496,s01,2025-08-20 10:49:30,4.26,6.16
req002972,u6657,s03,2025-08-20 10:49:31,1.45,0.0
req002973,u4295,s02,2025-08-20 10:49:32,1.4,2.08
req002974,u8389,s01,2025-08-20 10:49:33,3.95,4.19
req002975,u3412,s02,2025-08-20 10:49:34,1.97,2.54
req002976,u5189,s03,2025-08-20 10:49:35,0.79,1.49
req002977,u6117,s03,2025-08-20 10:49:36,3.74,4.7
req002978,u5488,s04,2025-08-20 10:49:37,4.95,6.05
req002979,u8803,s03,2025-08-20 10:49:38,3.05,4.53
req002980,u2972,s02,2025-08-20 10:49:39,1.69,3.5
req002981,u3677,s04,2025-08-20 10:49:40,2.18,3.16
req002982,u3605,s03,2025-08-20 10:49:41,3.42,4.94
req002983,u7187,s02,2025-08-20 10:49:42,3.66,4.0
req002984,u6152,s02,2025-08-20 10:49:43,4.49,0.0
req002985,u2197,s03,2025-08-20 10:49:44,4.59,5.31
req002986,u5753,s04,2025-08-20 10:49:45,4.38,4.7
req002987,u4967,s04,2025-08-20 10:49:46,3.42,4.83
req002988,u7821,s02,2025-08-20 10:49:47,2.52,4.34
req002989,u3657,s01,2025-08-20 10:49:48,3.56,5.35
req002990,u1762,s03,2025-08-20 10:49:49,3.5,4.22
req002991,u1985,s02,2025-08-20 10:49:50,1.48,2.03
req002992,u2579,s01,2025-08-20 10:49:51,2.78,3.4
req002993,u3355,s03,2025-08-20 10:49:52,1.44,0.0
req002994,u6667,s03,2025-08-20 10:49:53,4.55,5.2
req002995,u9371,s02,2025-08-20 10:49:54,1.95,2.21
req002996,u7123,s02,2025-08-20 10:49:55,4.12,0.0
req002997,u4862,s02,2025-08-20 10:49:56,2.2,2.55
req002998,u6111,s02,2025-08-20 10:49:57,3.94,4.45
req002999,u1837,s02,2025-08-20 10:49:58,1.49,1.61
req003000,u3202,s01,2025-08-20 10:49:59,3.94,4.13
req003001,u8937,s02,2025-08-20 10:50:00,1.31,2.74
req003002,u1276,s01,2025-08-20 10:50:01,2.71,3.99
req003003,u9323,s01,2025-08-20 10:50:02,1.01,2.91
req003004,u6810,s02,2025-08-20 10:50:03,2.88,3.74
req003005,u4867,s04,2025-08-20 10:50:04,4.19,5.13
req003006,u9316,s02,2025-08-20 10:50:05,3.9,4.13
req003007,u8735,s02,2025-08-20 10:50:06,0.73,1.12
req003008,u1361,s04,2025-08-20 10:50:07,2.71,0.0
req003009,u8131,s04,2025-08-20 10:50:08,4.34,5.75
req003010,u5259,s02,2025-08-20 10:50:09,3.43,3.98
req003011,u1575,s02,2025-08-20 10:50:10,0.77,2.34
req003012,u2255,s03,2025-08-20 10:50:11,1.97,3.41
req003013,u4363,s04,2025-08-20 10:50:12,3.0,4.52
req003014,u9094,s01,2025-08-20 10:50:13,1.28,2.69
req003015,u5415,s01,2025-08-20 10:50:14,3.57,0.0
req003016,u7422,s03,2025-08-20 10:50:15,3.36,4.8
req003017,u9188,s02,2025-08-20 10:50:16,1.41,2.55
req003018,u3134,s04,2025-08-20 10:50:17,2.98,4.37
req003019,u8019,s01,2025-08-20 10:50:18,4.15,5.25
req003020,u4647,s03,2025-08-20 10:50:19,2.19,2.68
req003021,u9032,s04,2025-08-20 10:50:20,1.61,2.12
req003022,u7229,s03,2025-08-20 10:50:21,3.66,4.53
req003023,u3070,s04,2025-08-20 10:50:22,0.82,0.95
req003024,u5307,s02,2025-08-20 10:50:23,4.25,0.0
req003025,u7515,s04,2025-08-20 10:50:24,4.75,6.54
req003026,u2134,s02,2025-08-20 10:50:25,4.84,5.45
req003027,u1102,s02,2025-08-20 10:50:26,2.45,2.65
req003028,u6421,s03,2025-08-20 10:50:27,3.3,4.21
req003029,u4992,s03,2025-08-20 10:50:28,4.36,6.01
req003030,u2829,s02,2025-08-20 10:50:29,1.51,2.36
req003031,u9941,s01,2025-08-20 10:50:30,0.62,1.22
req003032,u1376,s03,2025-08-20 10:50:31,2.23,0.0
req003033,u5825,s03,2025-08-20 10:50:32,4.48,0.0
req003034,u5917,s03,2025-08-20 10:50:33,2.77,0.0
req003035,u8936,s04,2025-08-20 10:50:34,2.89,0.0
req003036,u5669,s01,2025-08-20 10:50:35,3.61,4.75
req003037,u1420,s03,2025-08-20 10:50:36,3.09,0.0
req003038,u6367,s02,2025-08-20 10:50:37,0.75,0.0
req003039,u1623,s03,2025-08-20 10:50:38,3.02,4.21
req003040,u6375,s04,2025-08-20 10:50:39,3.42,0.0
req003041,u2694,s02,2025-08-20 10:50:40,3.39,4.93
req003042,u6463,s03,2025-08-20 10:50:41,3.78,5.4
req003043,u5476,s04,2025-08-20 10:50:42,2.84,0.0
req003044,u1209,s01,2025-08-20 10:50:43,4.55,5.99
req003045,u7703,s04,2025-08-20 10:50:44,2.59,2.7
req003046,u1994,s01,2025-08-20 10:50:45,2.83,2.93
req003047,u4973,s01,2025-08-20 10:50:46,4.01,0.0
req003048,u6408,s04,2025-08-20 10:50:47,4.25,6.21
req003049,u7878,s04,2025-08-20 10:50:48,3.42,0.0
req003050,u3640,s01,2025-08-20 10:50:49,1.07,1.67
req003051,u8557,s01,2025-08-20 10:50:50,1.99,2.63
req003052,u1174,s04,2025-08-20 10:50:51,0.59,2.08
req003053,u7311,s04,2025-08-20 10:50:52,1.83,3.04
req003054,u2235,s03,2025-08-20 10:50:53,3.07,4.05
req003055,u1290,s03,2025-08-20 10:50:54,4.12,0.0
req003056,u6930,s01,2025-08-20 10:50:55,3.14,3.46
req003057,u1648,s04,2025-08-20 10:50:56,0.68,0.93
req003058,u1953,s03,2025-08-20 10:50:57,1.67,0.0
req003059,u2622,s01,2025-08-20 10:50:58,3.1,4.54
req003060,u8953,s01,2025-08-20 10:50:59,3.69,0.0
req003061,u2718,s02,2025-08-20 10:51:00,4.4,4.74
req003062,u6952,s02,2025-08-20 10:51:01,4.85,5.78
req003063,u5008,s03,2025-08-20 10:51:02,4.51,6.01
req003064,u8222,s04,2025-08-20 10:51:03,2.6,4.45
req003065,u3445,s03,2025-08-20 10:51:04,3.86,0.0
req003066,u2574,s01,2025-08-20 10:51:05,1.58,3.34
req003067,u8556,s03,2025-08-20 10:51:06,0.79,2.53
req003068,u8912,s01,2025-08-20 10:51:07,0.75,1.53
req003069,u5294,s04,2025-08-20 10:51:08,1.59,3.45
req003070,u1099,s04,2025-08-20 10:51:09,0.67,2.07
req003071,u9592,s01,2025-08-20 10:51:10,4.33,6.11
req003072,u6103,s03,2025-08-20 10:51:11,2.7,2.97
req003073,u8756,s02,2025-08-20 10:51:12,4.15,4.33
req003074,u8232,s01,2025-08-20 10:51:13,4.73,0.0
req003075,u6955,s01,2025-08-20 10:51:14,4.97,5.89
req003076,u4476,s03,2025-08-20 10:51:15,4.72,0.0
req003077,u2227,s03,2025-08-20 10:51:16,3.72,5.39
req003078,u2924,s02,2025-08-20 10:51:17,2.49,3.37
req003079,u6939,s03,2025-08-20 10:51:18,3.19,0.0
req003080,u5758,s01,2025-08-20 10:51:19,4.17,5.95
req003081,u6281,s02,2025-08-20 10:51:20,4.54,5.09
req003082,u2049,s04,2025-08-20 10:51:21,4.8,0.0
req003083,u7898,s01,2025-08-20 10:51:22,3.79,3.96
req003084,u5898,s02,2025-08-20 10:51:23,2.93,0.0
req003085,u4515,s03,2025-08-20 10:51:24,4.86,6.41
req003086,u4997,s04,2025-08-20 10:51:25,4.81,6.1
req003087,u9662,s02,2025-08-20 10:51:26,2.65,3.59
req003088,u3136,s02,2025-08-20 10:51:27,3.42,5.13
req003089,u9512,s01,2025-08-20 10:51:28,4.14,5.81
req003090,u9758,s01,2025-08-20 10:51:29,2.45,0.0
req003091,u4848,s01,2025-08-20 10:51:30,4.23,0.0
req003092,u7320,s04,2025-08-20 10:51:31,1.0,0.0
req003093,u8566,s04,2025-08-20 10:51:32,2.67,3.39
req003094,u1025,s03,2025-08-20 10:51:33,2.67,0.0
req003095,u1664,s03,2025-08-20 10:51:34,3.58,0.0
req003096,u8456,s01,2025-08-20 10:51:35,1.02,0.0
req003097,u5131,s02,2025-08-20 10:51:36,0.96,2.65
req003098,u2721,s02,2025-08-20 10:51:37,4.55,0.0
req003099,u9981,s01,2025-08-20 10:51:38,1.87,0.0
req003100,u7801,s04,2025-08-20 10:51:39,1.97,2.73
req003101,u3249,s04,2025-08-20 10:51:40,4.0,5.28
req003102,u9047,s04,2025-08-20 10:51:41,2.37,0.0
req003103,u6776,s01,2025-08-20 10:51:42,4.25,4.72
req003104,u9020,s02,2025-08-20 10:51:43,2.31,2.91
req003105,u2572,s02,2025-08-20 10:51:44,3.92,4.87
req003106,u9878,s03,2025-08-20 10:51:45,2.86,0.0
req003107,u9959,s04,2025-08-20 10:51:46,4.71,5.41
req003108,u8533,s04,2025-08-20 10:51:47,1.97,0.0
req003109,u4065,s02,2025-08-20 10:51:48,2.13,2.48
req003110,u4168,s04,2025-08-20 10:51:49,4.86,5.88
req003111,u1851,s03,2025-08-20 10:51:50,3.82,4.89
req003112,u8194,s04,2025-08-20 10:51:51,3.98,4.38
req003113,u6586,s01,2025-08-20 10:51:52,1.83,2.26
req003114,u6685,s04,2025-08-20 10:51:53,2.89,3.05
req003115,u8755,s01,2025-08-20 10:51:54,1.91,0.0
req003116,u9998,s03,2025-08-20 10:51:55,1.67,1.83
req003117,u7665,s01,2025-08-20 10:51:56,2.91,0.0
req003118,u2542,s01,2025-08-20 10:51:57,4.94,5.72
req003119,u7218,s04,2025-08-20 10:51:58,1.47,1.85
req003120,u6187,s01,2025-08-20 10:51:59,1.59,3.44
req003121,u5131,s03,2025-08-20 10:52:00,1.59,0.0
req003122,u2643,s01,2025-08-20 10:52:01,4.06,4.54
req003123,u4220,s02,2025-08-20 10:52:02,2.8,3.03
req003124,u1107,s03,2025-08-20 10:52:03,2.23,3.1
req003125,u1606,s01,2025-08-20 10:52:04,4.3,4.77
req003126,u4347,s01,2025-08-20 10:52:05,1.84,0.0
req003127,u3637,s04,2025-08-20 10:52:06,2.26,0.0
req003128,u3688,s04,2025-08-20 10:52:07,0.83,0.0
req003129,u1356,s01,2025-08-20 10:52:08,1.04,0.0
req003130,u7681,s01,2025-08-20 10:52:09,1.12,0.0
req003131,u5789,s03,2025-08-20 10:52:10,2.06,2.28
req003132,u7583,s01,2025-08-20 10:52:11,2.86,0.0
req003133,u3914,s04,2025-08-20 10:52:12,0.5,2.03
req003134,u1352,s04,2025-08-20 10:52:13,1.35,2.51
req003135,u7882,s04,2025-08-20 10:52:14,1.29,0.0
req003136,u8015,s01,2025-08-20 10:52:15,1.64,1.85
req003137,u8997,s02,2025-08-20 10:52:16,1.25,0.0
req003138,u3817,s03,2025-08-20 10:52:17,1.38,2.37
req003139,u9212,s04,2025-08-20 10:52:18,4.93,5.1
req003140,u4938,s01,2025-08-20 10:52:19,3.18,3.95
req003141,u7827,s01,2025-08-20 10:52:20,3.93,4.72
req003142,u2390,s02,2025-08-20 10:52:21,4.19,5.85
req003143,u6000,s04,2025-08-20 10:52:22,3.5,5.0
req003144,u2349,s02,2025-08-20 10:52:23,3.67,5.47
req003145,u1474,s04,2025-08-20 10:52:24,3.35,3.72
req003146,u3974,s03,2025-08-20 10:52:25,3.42,0.0
req003147,u9243,s04,2025-08-20 10:52:26,4.68,5.79
req003148,u3909,s03,2025-08-20 10:52:27,1.34,1.48
req003149,u7607,s04,2025-08-20 10:52:28,1.74,0.0
req003150,u4297,s02,2025-08-20 10:52:29,0.92,2.59
req003151,u9371,s02,2025-08-20 10:52:30,4.27,0.0
req003152,u1074,s03,2025-08-20 10:52:31,2.52,0.0
req003153,u3894,s01,2025-08-20 10:52:32,4.58,5.38
req003154,u8136,s04,2025-08-20 10:52:33,2.35,2.58
req003155,u6112,s03,2025-08-20 10:52:34,2.49,3.21
req003156,u3517,s04,2025-08-20 10:52:35,2.52,0.0
req003157,u1893,s04,2025-08-20 10:52:36,3.26,0.0
req003158,u4783,s02,2025-08-20 10:52:37,3.95,4.6
req003159,u2221,s01,2025-08-20 10:52:38,2.08,0.0
req003160,u6676,s02,2025-08-20 10:52:39,3.34,0.0
req003161,u2758,s02,2025-08-20 10:52:40,1.42,0.0
req003162,u3640,s03,2025-08-20 10:52:41,2.99,4.55
req003163,u3781,s02,2025-08-20 10:52:42,2.96,0.0
req003164,u8058,s01,2025-08-20 10:52:43,4.5,4.84
req003165,u6167,s01,2025-08-20 10:52:44,4.53,5.69
req003166,u9621,s04,2025-08-20 10:52:45,2.69,0.0
req003167,u2394,s03,2025-08-20 10:52:46,0.61,0.0
req003168,u8236,s04,2025-08-20 10:52:47,4.3,5.91
req003169,u8581,s01,2025-08-20 10:52:48,0.5,0.0
req003170,u3860,s04,2025-08-20 10:52:49,2.65,4.16
req003171,u4023,s01,2025-08-20 10:52:50,0.59,2.47
req003172,u6651,s02,2025-08-20 10:52:51,2.09,2.19
req003173,u8671,s03,2025-08-20 10:52:52,3.37,4.14
req003174,u9703,s04,2025-08-20 10:52:53,2.17,0.0
req003175,u4230,s03,2025-08-20 10:52:54,4.67,5.47
req003176,u7950,s01,2025-08-20 10:52:55,3.38,0.0
req003177,u4835,s01,2025-08-20 10:52:56,3.41,3.57
req003178,u7805,s04,2025-08-20 10:52:57,2.18,3.83
req003179,u9703,s01,2025-08-20 10:52:58,0.67,2.08
req003180,u2754,s03,2025-08-20 10:52:59,3.82,4.92
req003181,u3088,s03,2025-08-20 10:53:00,3.72,4.59
req003182,u4645,s01,2025-08-20 10:53:01,2.89,4.69
req003183,u1284,s02,2025-08-20 10:53:02,2.37,0.0
req003184,u6331,s03,2025-08-20 10:53:03,2.92,0.0
req003185,u4607,s02,2025-08-20 10:53:04,3.86,0.0
req003186,u3433,s04,2025-08-20 10:53:05,3.71,0.0
req003187,u6362,s03,2025-08-20 10:53:06,3.46,4.06
req003188,u3267,s04,2025-08-20 10:53:07,4.57,5.31
req003189,u7973,s04,2025-08-20 10:53:08,3.24,0.0
req003190,u1796,s02,2025-08-20 10:53:09,0.57,0.0
req003191,u1667,s01,2025-08-20 10:53:10,3.28,0.0
req003192,u2121,s01,2025-08-20 10:53:11,3.26,5.17
req003193,u2452,s01,2025-08-20 10:53:12,0.81,0.0
req003194,u9838,s01,2025-08-20 10:53:13,2.42,2.64
req003195,u2752,s04,2025-08-20 10:53:14,3.43,5.01
req003196,u4033,s04,2025-08-20 10:53:15,3.67,5.13
req003197,u5004,s04,2025-08-20 10:53:16,4.52,0.0
req003198,u1271,s01,2025-08-20 10:53:17,4.29,0.0
req003199,u8866,s02,2025-08-20 10:53:18,1.02,2.83
req003200,u4480,s04,2025-08-20 10:53:19,3.24,3.51
req003201,u9600,s01,2025-08-20 10:53:20,3.18,5.12
req003202,u9622,s02,2025-08-20 10:53:21,1.87,2.02
req003203,u2002,s04,2025-08-20 10:53:22,1.33,2.07
req003204,u2252,s01,2025-08-20 10:53:23,1.4,0.0
req003205,u3322,s03,2025-08-20 10:53:24,1.3,1.56
req003206,u3727,s03,2025-08-20 10:53:25,4.13,4.33
req003207,u2430,s01,2025-08-20 10:53:26,1.17,3.1
req003208,u3231,s03,2025-08-20 10:53:27,1.69,3.16
req003209,u5323,s04,2025-08-20 10:53:28,1.48,2.54
req003210,u4257,s01,2025-08-20 10:53:29,3.71,4.02
req003211,u7804,s01,2025-08-20 10:53:30,1.21,2.31
req003212,u6737,s02,2025-08-20 10:53:31,0.61,1.32
req003213,u3091,s02,2025-08-20 10:53:32,2.18,0.0
req003214,u2558,s03,2025-08-20 10:53:33,1.87,2.49
req003215,u1986,s01,2025-08-20 10:53:34,2.29,3.56
req003216,u2268,s01,2025-08-20 10:53:35,3.89,5.49
req003217,u1519,s01,2025-08-20 10:53:36,0.56,1.5
req003218,u8257,s02,2025-08-20 10:53:37,0.67,1.71
req003219,u5468,s02,2025-08-20 10:53:38,1.65,0.0
req003220,u6449,s03,2025-08-20 10:53:39,4.5,5.84
req003221,u3924,s03,2025-08-20 10:53:40,1.26,1.6
req003222,u1771,s02,2025-08-20 10:53:41,4.99,6.66
req003223,u6701,s02,2025-08-20 10:53:42,4.13,5.82
req003224,u1839,s01,2025-08-20 10:53:43,2.55,3.68
req003225,u1564,s04,2025-08-20 10:53:44,3.87,4.33
req003226,u2310,s03,2025-08-20 10:53:45,2.83,3.88
req003227,u2095,s02,2025-08-20 10:53:46,3.05,3.35
req003228,u8561,s02,2025-08-20 10:53:47,3.11,4.66
req003229,u2912,s01,2025-08-20 10:53:48,3.42,4.11
req003230,u6268,s04,2025-08-20 10:53:49,0.77,1.46
req003231,u9264,s03,2025-08-20 10:53:50,3.27,0.0
req003232,u1460,s01,2025-08-20 10:53:51,3.73,0.0
req003233,u9366,s01,2025-08-20 10:53:52,1.9,3.8
req003234,u7086,s03,2025-08-20 10:53:53,4.9,5.8
req003235,u3021,s04,2025-08-20 10:53:54,1.15,2.75
req003236,u2364,s01,2025-08-20 10:53:55,4.6,5.91
req003237,u2035,s02,2025-08-20 10:53:56,3.54,4.24
req003238,u6289,s04,2025-08-20 10:53:57,3.49,3.83
req003239,u1380,s04,2025-08-20 10:53:58,4.44,6.06
req003240,u5960,s03,2025-08-20 10:53:59,4.24,0.0
req003241,u2757,s02,2025-08-20 10:54:00,2.05,3.6
req003242,u3712,s04,2025-08-20 10:54:01,3.67,4.09
req003243,u3647,s02,2025-08-20 10:54:02,0.73,0.0
req003244,u6629,s01,2025-08-20 10:54:03,2.59,3.16
req003245,u1976,s04,2025-08-20 10:54:04,4.72,6.28
req003246,u2242,s02,2025-08-20 10:54:05,1.73,0.0
req003247,u2860,s04,2025-08-20 10:54:06,0.72,2.69
req003248,u3728,s02,2025-08-20 10:54:07,3.12,0.0
req003249,u9252,s03,2025-08-20 10:54:08,2.1,0.0
req003250,u8464,s01,2025-08-20 10:54:09,2.21,3.91
req003251,u6431,s04,2025-08-20 10:54:10,3.12,4.52
req003252,u1982,s02,2025-08-20 10:54:11,3.3,5.14
req003253,u9540,s04,2025-08-20 10:54:12,2.47,3.11
req003254,u3977,s01,2025-08-20 10:54:13,2.78,0.0
req003255,u7476,s02,2025-08-20 10:54:14,4.97,5.09
req003256,u8659,s01,2025-08-20 10:54:15,4.81,5.52
req003257,u1680,s01,2025-08-20 10:54:16,3.68,0.0
req003258,u4196,s03,2025-08-20 10:54:17,1.23,3.18
req003259,u1900,s02,2025-08-20 10:54:18,2.12,3.9
req003260,u8946,s03,2025-08-20 10:54:19,4.47,4.67
req003261,u5035,s01,2025-08-20 10:54:20,2.41,3.46
req003262,u1135,s03,2025-08-20 10:54:21,4.8,5.05
req003263,u8189,s02,2025-08-20 10:54:22,2.7,4.3
req003264,u2551,s03,2025-08-20 10:54:23,4.38,5.19
req003265,u5657,s02,2025-08-20 10:54:24,0.66,2.49
req003266,u4942,s01,2025-08-20 10:54:25,2.45,2.65
req003267,u9074,s01,2025-08-20 10:54:26,3.65,5.14
req003268,u2760,s02,2025-08-20 10:54:27,4.39,0.0
req003269,u2527,s01,2025-08-20 10:54:28,3.24,0.0
req003270,u1516,s02,2025-08-20 10:54:29,1.28,2.14
req003271,u5519,s02,2025-08-20 10:54:30,4.49,5.1
req003272,u7060,s01,2025-08-20 10:54:31,3.09,4.17
req003273,u2815,s03,2025-08-20 10:54:32,0.99,2.01
req003274,u5964,s03,2025-08-20 10:54:33,2.59,0.0
req003275,u3003,s03,2025-08-20 10:54:34,3.65,4.41
req003276,u5191,s04,2025-08-20 10:54:35,2.53,3.86
req003277,u7249,s01,2025-08-20 10:54:36,4.42,5.78
req003278,u9815,s03,2025-08-20 10:54:37,2.41,0.0
req003279,u9219,s03,2025-08-20 10:54:38,3.13,3.38
req003280,u2980,s02,2025-08-20 10:54:39,1.45,2.68
req003281,u9107,s02,2025-08-20 10:54:40,2.81,4.26
req003282,u6211,s02,2025-08-20 10:54:41,1.5,1.74
req003283,u7709,s01,2025-08-20 10:54:42,1.51,0.0
req003284,u2052,s02,2025-08-20 10:54:43,1.76,0.0
req003285,u1690,s03,2025-08-20 10:54:44,0.7,2.05
req003286,u6723,s03,2025-08-20 10:54:45,1.23,0.0
req003287,u4725,s03,2025-08-20 10:54:46,2.41,4.04
req003288,u5847,s02,2025-08-20 10:54:47,1.09,0.0
req003289,u9838,s02,2025-08-20 10:54:48,1.1,2.78
req003290,u4922,s03,2025-08-20 10:54:49,4.86,0.0
req003291,u6559,s03,2025-08-20 10:54:50,2.42,2.6
req003292,u2071,s02,2025-08-20 10:54:51,2.32,3.75
req003293,u3608,s02,2025-08-20 10:54:52,1.7,3.31
req003294,u8660,s02,2025-08-20 10:54:53,2.81,3.66
req003295,u6499,s01,2025-08-20 10:54:54,3.18,4.31
req003296,u4732,s04,2025-08-20 10:54:55,2.38,2.98
req003297,u7832,s01,2025-08-20 10:54:56,2.27,2.96
req003298,u4028,s01,2025-08-20 10:54:57,3.65,0.0
req003299,u5934,s03,2025-08-20 10:54:58,4.77,5.82
req003300,u8749,s01,2025-08-20 10:54:59,4.45,4.84
req003301,u1916,s03,2025-08-20 10:55:00,1.03,1.83
req003302,u6799,s01,2025-08-20 10:55:01,3.44,0.0
req003303,u4001,s01,2025-08-20 10:55:02,0.53,1.2
req003304,u4761,s04,2025-08-20 10:55:03,3.35,0.0
req003305,u4160,s04,2025-08-20 10:55:04,2.59,0.0
req003306,u6044,s02,2025-08-20 10:55:05,2.71,3.26
req003307,u8806,s02,2025-08-20 10:55:06,3.15,4.17
req003308,u6531,s02,2025-08-20 10:55:07,3.84,5.53
req003309,u1221,s04,2025-08-20 10:55:08,3.78,4.34
req003310,u2147,s02,2025-08-20 10:55:09,0.7,2.05
req003311,u8930,s03,2025-08-20 10:55:10,3.81,4.39
req003312,u4166,s01,2025-08-20 10:55:11,4.23,4.6
req003313,u6833,s01,2025-08-20 10:55:12,0.81,2.7
req003314,u7909,s04,2025-08-20 10:55:13,1.95,3.25
req003315,u4136,s02,2025-08-20 10:55:14,4.06,4.36
req003316,u7179,s03,2025-08-20 10:55:15,2.72,4.02
req003317,u5425,s01,2025-08-20 10:55:16,3.63,0.0
req003318,u1574,s03,2025-08-20 10:55:17,2.76,3.2
req003319,u7047,s02,2025-08-20 10:55:18,4.9,6.69
req003320,u9641,s03,2025-08-20 10:55:19,4.71,5.28
req003321,u6416,s02,2025-08-20 10:55:20,1.77,3.4
req003322,u9290,s03,2025-08-20 10:55:21,2.24,2.72
req003323,u2197,s04,2025-08-20 10:55:22,2.44,3.6
req003324,u2644,s04,2025-08-20 10:55:23,0.97,2.8
req003325,u9934,s03,2025-08-20 10:55:24,2.32,0.0
req003326,u7080,s01,2025-08-20 10:55:25,3.99,4.65
req003327,u6738,s03,2025-08-20 10:55:26,4.31,0.0
req003328,u8376,s03,2025-08-20 10:55:27,4.49,0.0
req003329,u8784,s01,2025-08-20 10:55:28,0.57,0.82
req003330,u2390,s03,2025-08-20 10:55:29,4.05,5.2
req003331,u8715,s04,2025-08-20 10:55:30,2.76,0.0
req003332,u1383,s01,2025-08-20 10:55:31,1.43,1.86
req003333,u8250,s04,2025-08-20 10:55:32,2.74,0.0
req003334,u8394,s03,2025-08-20 10:55:33,4.3,5.78
req003335,u6912,s03,2025-08-20 10:55:34,2.45,3.67
req003336,u8739,s03,2025-08-20 10:55:35,4.96,0.0
req003337,u7983,s04,2025-08-20 10:55:36,3.28,4.04
req003338,u8100,s02,2025-08-20 10:55:37,2.7,0.0
req003339,u3159,s04,2025-08-20 10:55:38,1.83,3.27
req003340,u8567,s01,2025-08-20 10:55:39,0.55,0.0
req003341,u2168,s01,2025-08-20 10:55:40,3.25,0.0
req003342,u1955,s04,2025-08-20 10:55:41,3.1,3.65
req003343,u7388,s01,2025-08-20 10:55:42,2.83,4.67
req003344,u2694,s03,2025-08-20 10:55:43,2.92,0.0
req003345,u1552,s01,2025-08-20 10:55:44,4.3,5.06
req003346,u5670,s02,2025-08-20 10:55:45,1.93,3.48
req003347,u3826,s01,2025-08-20 10:55:46,2.98,0.0
req003348,u1540,s01,2025-08-20 10:55:47,3.56,0.0
req003349,u5094,s04,2025-08-20 10:55:48,1.44,2.03
req003350,u1343,s02,2025-08-20 10:55:49,4.66,6.12
req003351,u8745,s03,2025-08-20 10:55:50,3.82,0.0
req003352,u4387,s01,2025-08-20 10:55:51,0.74,0.0
req003353,u6716,s04,2025-08-20 10:55:52,4.39,4.55
req003354,u4834,s01,2025-08-20 10:55:53,4.68,5.34
req003355,u7398,s02,2025-08-20 10:55:54,4.07,4.35
req003356,u9666,s02,2025-08-20 10:55:55,2.42,3.38
req003357,u3358,s04,2025-08-20 10:55:56,4.97,5.9
req003358,u9201,s02,2025-08-20 10:55:57,1.06,1.84
req003359,u2073,s02,2025-08-20 10:55:58,2.91,4.87
req003360,u6273,s04,2025-08-20 10:55:59,1.27,1.83
req003361,u8649,s01,2025-08-20 10:56:00,2.48,4.08
req003362,u9787,s01,2025-08-20 10:56:01,4.67,5.62
req003363,u1346,s03,2025-08-20 10:56:02,4.07,4.81
req003364,u1153,s04,2025-08-20 10:56:03,4.02,4.51
req003365,u8650,s04,2025-08-20 10:56:04,2.09,3.39
req003366,u7293,s04,2025-08-20 10:56:05,4.7,5.43
req003367,u2907,s04,2025-08-20 10:56:06,2.16,3.8
req003368,u8026,s03,2025-08-20 10:56:07,0.68,2.62
req003369,u1011,s02,2025-08-20 10:56:08,3.37,3.9
req003370,u2017,s02,2025-08-20 10:56:09,2.13,0.0
req003371,u9531,s04,2025-08-20 10:56:10,1.19,1.53
req003372,u6203,s03,2025-08-20 10:56:11,4.71,0.0
req003373,u5020,s01,2025-08-20 10:56:12,3.37,4.07
req003374,u5269,s04,2025-08-20 10:56:13,4.73,5.72
req003375,u8640,s01,2025-08-20 10:56:14,3.12,3.79
req003376,u6361,s03,2025-08-20 10:56:15,0.79,0.0
req003377,u6155,s04,2025-08-20 10:56:16,0.63,0.0
req003378,u1995,s03,2025-08-20 10:56:17,4.55,0.0
req003379,u8188,s03,2025-08-20 10:56:18,0.67,2.61
req003380,u5875,s02,2025-08-20 10:56:19,3.27,4.85
req003381,u9599,s02,2025-08-20 10:56:20,1.84,3.78
req003382,u2629,s01,2025-08-20 10:56:21,3.59,0.0
req003383,u5235,s02,2025-08-20 10:56:22,1.78,2.59
req003384,u5901,s02,2025-08-20 10:56:23,0.67,1.35
req003385,u6008,s03,2025-08-20 10:56:24,3.79,0.0
req003386,u4882,s01,2025-08-20 10:56:25,1.9,2.77
req003387,u5295,s01,2025-08-20 10:56:26,2.98,4.07
req003388,u5599,s02,2025-08-20 10:56:27,3.98,5.49
req003389,u7729,s02,2025-08-20 10:56:28,3.66,0.0
req003390,u3754,s02,2025-08-20 10:56:29,2.07,0.0
req003391,u7551,s01,2025-08-20 10:56:30,3.87,0.0
req003392,u7534,s01,2025-08-20 10:56:31,4.67,6.44
req003393,u3859,s01,2025-08-20 10:56:32,3.24,4.22
req003394,u7784,s01,2025-08-20 10:56:33,3.67,4.32
req003395,u4549,s02,2025-08-20 10:56:34,4.4,5.11
req003396,u6633,s03,2025-08-20 10:56:35,4.3,5.72
req003397,u2569,s02,2025-08-20 10:56:36,2.08,0.0
req003398,u9557,s03,2025-08-20 10:56:37,4.96,0.0
req003399,u2761,s01,2025-08-20 10:56:38,0.63,1.81
req003400,u4739,s03,2025-08-20 10:56:39,4.94,5.96
req003401,u9753,s02,2025-08-20 10:56:40,1.61,0.0
req003402,u4821,s02,2025-08-20 10:56:41,2.48,0.0
req003403,u4090,s01,2025-08-20 10:56:42,4.48,4.97
req003404,u5576,s02,2025-08-20 10:56:43,1.6,0.0
req003405,u5984,s01,2025-08-20 10:56:44,1.51,0.0
req003406,u2301,s03,2025-08-20 10:56:45,3.39,5.15
req003407,u6224,s01,2025-08-20 10:56:46,3.67,0.0
req003408,u6524,s01,2025-08-20 10:56:47,0.53,2.11
req003409,u3953,s01,2025-08-20 10:56:48,2.53,2.9
req003410,u3608,s01,2025-08-20 10:56:49,2.7,3.5
req003411,u8571,s03,2025-08-20 10:56:50,1.72,0.0
req003412,u8555,s01,2025-08-20 10:56:51,2.96,4.09
req003413,u8716,s04,2025-08-20 10:56:52,1.2,2.16
req003414,u8436,s04,2025-08-20 10:56:53,1.96,2.82
req003415,u2458,s03,2025-08-20 10:56:54,3.71,5.18
req003416,u4116,s02,2025-08-20 10:56:55,4.43,4.63
req003417,u7054,s03,2025-08-20 10:56:56,3.15,4.15
req003418,u9739,s04,2025-08-20 10:56:57,0.84,1.44
req003419,u7743,s01,2025-08-20 10:56:58,3.55,3.81
req003420,u2923,s03,2025-08-20 10:56:59,4.54,5.52
req003421,u7427,s01,2025-08-20 10:57:00,2.77,0.0
req003422,u1382,s01,2025-08-20 10:57:01,2.72,3.15
req003423,u1957,s01,2025-08-20 10:57:02,4.96,5.55
req003424,u2325,s03,2025-08-20 10:57:03,3.36,4.42
req003425,u4359,s03,2025-08-20 10:57:04,4.13,0.0
req003426,u2710,s02,2025-08-20 10:57:05,3.41,5.36
req003427,u2909,s04,2025-08-20 10:57:06,1.49,2.89
req003428,u4973,s01,2025-08-20 10:57:07,1.78,2.41
req003429,u9070,s04,2025-08-20 10:57:08,3.5,4.33
req003430,u9217,s02,2025-08-20 10:57:09,2.55,0.0
req003431,u8288,s01,2025-08-20 10:57:10,2.32,0.0
req003432,u2105,s04,2025-08-20 10:57:11,0.6,1.47
req003433,u9863,s03,2025-08-20 10:57:12,4.48,0.0
req003434,u8725,s03,2025-08-20 10:57:13,4.48,0.0
req003435,u8556,s04,2025-08-20 10:57:14,2.57,0.0
req003436,u9593,s01,2025-08-20 10:57:15,3.65,0.0
req003437,u3714,s04,2025-08-20 10:57:16,1.3,1.69
req003438,u4956,s03,2025-08-20 10:57:17,2.77,0.0
req003439,u1957,s03,2025-08-20 10:57:18,2.47,0.0
req003440,u1942,s02,2025-08-20 10:57:19,3.45,3.86
req003441,u8384,s02,2025-08-20 10:57:20,2.61,2.99
req003442,u8732,s03,2025-08-20 10:57:21,2.74,0.0
req003443,u3306,s03,2025-08-20 10:57:22,1.83,2.92
req003444,u6235,s04,2025-08-20 10:57:23,0.72,2.1
req003445,u5895,s04,2025-08-20 10:57:24,4.63,5.85
req003446,u1796,s02,2025-08-20 10:57:25,0.56,2.52
req003447,u1848,s01,2025-08-20 10:57:26,1.77,2.11
req003448,u1087,s04,2025-08-20 10:57:27,2.51,0.0
req003449,u7793,s01,2025-08-20 10:57:28,1.94,0.0
req003450,u4063,s01,2025-08-20 10:57:29,2.98,0.0
req003451,u6425,s04,2025-08-20 10:57:30,2.58,0.0
req003452,u1425,s04,2025-08-20 10:57:31,1.65,3.62
req003453,u5454,s03,2025-08-20 10:57:32,0.9,1.89
req003454,u7689,s01,2025-08-20 10:57:33,1.12,1.64
req003455,u7294,s04,2025-08-20 10:57:34,2.69,4.58
req003456,u7468,s03,2025-08-20 10:57:35,4.31,0.0
req003457,u1061,s04,2025-08-20 10:57:36,0.95,0.0
req003458,u6476,s01,2025-08-20 10:57:37,3.55,4.54
req003459,u1030,s01,2025-08-20 10:57:38,4.06,4.82
req003460,u7820,s03,2025-08-20 10:57:39,1.75,0.0
req003461,u9468,s02,2025-08-20 10:57:40,3.51,4.02
req003462,u1430,s03,2025-08-20 10:57:41,3.59,4.2
req003463,u3991,s01,2025-08-20 10:57:42,3.69,5.65
req003464,u6953,s04,2025-08-20 10:57:43,4.51,0.0
req003465,u7056,s02,2025-08-20 10:57:44,2.29,2.97
req003466,u3562,s03,2025-08-20 10:57:45,1.6,3.56
req003467,u9282,s03,2025-08-20 10:57:46,2.95,3.68
req003468,u9534,s01,2025-08-20 10:57:47,0.78,1.32
req003469,u8457,s04,2025-08-20 10:57:48,2.0,2.45
req003470,u4237,s04,2025-08-20 10:57:49,4.47,5.35
req003471,u8537,s03,2025-08-20 10:57:50,2.89,3.44
req003472,u5314,s02,2025-08-20 10:57:51,2.47,3.89
req003473,u1418,s01,2025-08-20 10:57:52,1.7,0.0
req003474,u8240,s03,2025-08-20 10:57:53,1.63,2.19
req003475,u1181,s03,2025-08-20 10:57:54,1.56,3.25
req003476,u5310,s03,2025-08-20 10:57:55,4.23,5.91
req003477,u2884,s04,2025-08-20 10:57:56,4.93,0.0
req003478,u1439,s04,2025-08-20 10:57:57,2.91,3.55
req003479,u3840,s03,2025-08-20 10:57:58,0.86,2.39
req003480,u5394,s01,2025-08-20 10:57:59,3.88,5.61
req003481,u2976,s04,2025-08-20 10:58:00,4.45,5.67
req003482,u7722,s02,2025-08-20 10:58:01,4.69,5.49
req003483,u2706,s02,2025-08-20 10:58:02,3.33,0.0
req003484,u9123,s03,2025-08-20 10:58:03,2.78,3.72
req003485,u8336,s02,2025-08-20 10:58:04,3.29,4.88
req003486,u3239,s02,2025-08-20 10:58:05,0.56,1.22
req003487,u4126,s03,2025-08-20 10:58:06,3.45,0.0
req003488,u9165,s01,2025-08-20 10:58:07,3.69,0.0
req003489,u8215,s03,2025-08-20 10:58:08,3.75,4.49
req003490,u4753,s01,2025-08-20 10:58:09,3.03,3.44
req003491,u1527,s01,2025-08-20 10:58:10,3.65,4.51
req003492,u1243,s02,2025-08-20 10:58:11,3.37,0.0
req003493,u6384,s04,2025-08-20 10:58:12,1.02,1.28
req003494,u4675,s03,2025-08-20 10:58:13,4.54,0.0
req003495,u4189,s01,2025-08-20 10:58:14,3.3,4.01
req003496,u1918,s04,2025-08-20 10:58:15,3.78,4.59
req003497,u2898,s02,2025-08-20 10:58:16,2.04,2.63
req003498,u3624,s04,2025-08-20 10:58:17,4.64,0.0
req003499,u6401,s03,2025-08-20 10:58:18,2.76,3.05
req003500,u3036,s02,2025-08-20 10:58:19,3.56,4.65
req003501,u9632,s01,2025-08-20 10:58:20,4.78,0.0
req003502,u8004,s03,2025-08-20 10:58:21,4.62,6.36
req003503,u5623,s04,2025-08-20 10:58:22,3.4,4.14
req003504,u8341,s04,2025-08-20 10:58:23,1.25,1.8
req003505,u1320,s01,2025-08-20 10:58:24,4.78,0.0
req003506,u5233,s03,2025-08-20 10:58:25,4.93,0.0
req003507,u9654,s02,2025-08-20 10:58:26,0.97,0.0
req003508,u7106,s02,2025-08-20 10:58:27,2.53,3.17
req003509,u6201,s01,2025-08-20 10:58:28,2.97,4.71
req003510,u1749,s04,2025-08-20 10:58:29,0.91,2.01
req003511,u3794,s03,2025-08-20 10:58:30,1.35,1.7
req003512,u4344,s04,2025-08-20 10:58:31,2.92,4.37
req003513,u2349,s03,2025-08-20 10:58:32,4.83,5.22
req003514,u5070,s04,2025-08-20 10:58:33,0.63,0.84
req003515,u8369,s02,2025-08-20 10:58:34,4.61,5.2
req003516,u5812,s02,2025-08-20 10:58:35,4.54,0.0
req003517,u5435,s03,2025-08-20 10:58:36,4.36,4.78
req003518,u9003,s04,2025-08-20 10:58:37,2.2,3.45
req003519,u2970,s01,2025-08-20 10:58:38,2.71,3.73
req003520,u6644,s02,2025-08-20 10:58:39,2.32,0.0
req003521,u7198,s04,2025-08-20 10:58:40,4.76,0.0
req003522,u6868,s04,2025-08-20 10:58:41,2.85,4.33
req003523,u1848,s01,2025-08-20 10:58:42,0.86,1.93
req003524,u4575,s04,2025-08-20 10:58:43,1.73,0.0
req003525,u8756,s04,2025-08-20 10:58:44,2.58,3.48
req003526,u2623,s01,2025-08-20 10:58:45,4.79,5.89
req003527,u6299,s02,2025-08-20 10:58:46,3.06,0.0
req003528,u1508,s01,2025-08-20 10:58:47,3.63,4.56
req003529,u1174,s01,2025-08-20 10:58:48,0.9,1.07
req003530,u8933,s02,2025-08-20 10:58:49,4.45,5.84
req003531,u5204,s01,2025-08-20 10:58:50,2.93,4.86
req003532,u9436,s04,2025-08-20 10:58:51,4.65,0.0
req003533,u4630,s03,2025-08-20 10:58:52,2.5,3.4
req003534,u9366,s01,2025-08-20 10:58:53,3.57,4.48
req003535,u3440,s02,2025-08-20 10:58:54,2.62,2.81
req003536,u8146,s02,2025-08-20 10:58:55,1.14,2.93
req003537,u9813,s04,2025-08-20 10:58:56,1.72,0.0
req003538,u3371,s03,2025-08-20 10:58:57,0.8,0.0
req003539,u1904,s01,2025-08-20 10:58:58,2.48,4.35
req003540,u2341,s01,2025-08-20 10:58:59,3.42,5.06
req003541,u3344,s02,2025-08-20 10:59:00,1.6,0.0
req003542,u1564,s01,2025-08-20 10:59:01,2.71,3.01
req003543,u3366,s01,2025-08-20 10:59:02,2.57,4.38
req003544,u2761,s03,2025-08-20 10:59:03,2.9,3.05
req003545,u6221,s04,2025-08-20 10:59:04,1.33,2.27
req003546,u3347,s02,2025-08-20 10:59:05,2.9,3.95
req003547,u7627,s03,2025-08-20 10:59:06,2.14,3.82
req003548,u3843,s03,2025-08-20 10:59:07,1.79,3.32
req003549,u1786,s02,2025-08-20 10:59:08,3.14,0.0
req003550,u8925,s02,2025-08-20 10:59:09,1.17,0.0
req003551,u7972,s01,2025-08-20 10:59:10,4.55,0.0
req003552,u8730,s04,2025-08-20 10:59:11,4.71,0.0
req003553,u6979,s03,2025-08-20 10:59:12,3.47,0.0
req003554,u9067,s02,2025-08-20 10:59:13,1.86,3.47
req003555,u6128,s01,2025-08-20 10:59:14,3.32,5.07
req003556,u8576,s04,2025-08-20 10:59:15,3.21,4.21
req003557,u2703,s04,2025-08-20 10:59:16,2.26,0.0
req003558,u9283,s03,2025-08-20 10:59:17,1.79,3.37
req003559,u8098,s04,2025-08-20 10:59:18,1.26,1.49
req003560,u8348,s01,2025-08-20 10:59:19,1.48,2.42
req003561,u3305,s02,2025-08-20 10:59:20,3.44,0.0
req003562,u7019,s03,2025-08-20 10:59:21,4.49,0.0
req003563,u1257,s04,2025-08-20 10:59:22,2.23,0.0
req003564,u1444,s02,2025-08-20 10:59:23,1.05,1.21
req003565,u8147,s04,2025-08-20 10:59:24,0.56,2.4
req003566,u8638,s01,2025-08-20 10:59:25,2.33,0.0
req003567,u5009,s01,2025-08-20 10:59:26,1.55,3.47
req003568,u7943,s04,2025-08-20 10:59:27,1.95,2.21
req003569,u6615,s01,2025-08-20 10:59:28,1.59,2.7
req003570,u9432,s04,2025-08-20 10:59:29,3.49,0.0
req003571,u8344,s02,2025-08-20 10:59:30,3.37,4.09
req003572,u5275,s04,2025-08-20 10:59:31,4.61,5.36
req003573,u3424,s02,2025-08-20 10:59:32,3.65,0.0
req003574,u4449,s02,2025-08-20 10:59:33,1.24,0.0
req003575,u2956,s03,2025-08-20 10:59:34,3.88,4.84
req003576,u6679,s03,2025-08-20 10:59:35,1.32,1.66
req003577,u2775,s04,2025-08-20 10:59:36,3.01,3.45
req003578,u2803,s04,2025-08-20 10:59:37,0.85,2.05
req003579,u1130,s04,2025-08-20 10:59:38,0.71,0.85
req003580,u2284,s03,2025-08-20 10:59:39,2.59,3.83
req003581,u9085,s03,2025-08-20 10:59:40,0.97,1.68
req003582,u9397,s01,2025-08-20 10:59:41,1.88,3.56
req003583,u4243,s03,2025-08-20 10:59:42,2.02,3.26
req003584,u2283,s02,2025-08-20 10:59:43,3.96,5.41
req003585,u4737,s02,2025-08-20 10:59:44,2.0,2.32
req003586,u6406,s04,2025-08-20 10:59:45,2.72,3.33
req003587,u8512,s01,2025-08-20 10:59:46,3.98,0.0
req003588,u2162,s02,2025-08-20 10:59:47,1.42,3.41
req003589,u1963,s04,2025-08-20 10:59:48,4.12,0.0
req003590,u4229,s02,2025-08-20 10:59:49,4.24,5.16
req003591,u7714,s04,2025-08-20 10:59:50,4.95,0.0
req003592,u7967,s01,2025-08-20 10:59:51,2.5,0.0
req003593,u2809,s04,2025-08-20 10:59:52,2.17,0.0
req003594,u8929,s03,2025-08-20 10:59:53,3.66,0.0
req003595,u7709,s04,2025-08-20 10:59:54,0.76,1.54
req003596,u6906,s04,2025-08-20 10:59:55,0.68,2.44
req003597,u9308,s02,2025-08-20 10:59:56,2.01,0.0
req003598,u9310,s04,2025-08-20 10:59:57,3.78,0.0
req003599,u2405,s04,2025-08-20 10:59:58,1.02,1.18
req003600,u9615,s02,2025-08-20 10:59:59,3.36,4.48
req003601,u9357,s02,2025-08-20 11:00:00,1.71,2.21
req003602,u4931,s03,2025-08-20 11:00:01,3.43,4.23
req003603,u8624,s01,2025-08-20 11:00:02,2.56,0.0
req003604,u7188,s04,2025-08-20 11:00:03,1.02,1.5
req003605,u1352,s04,2025-08-20 11:00:04,1.61,1.78
req003606,u7896,s01,2025-08-20 11:00:05,1.49,0.0
req003607,u2109,s03,2025-08-20 11:00:06,1.24,0.0
req003608,u8383,s02,2025-08-20 11:00:07,2.61,3.5
req003609,u2267,s04,2025-08-20 11:00:08,4.8,0.0
req003610,u3166,s02,2025-08-20 11:00:09,3.46,0.0
req003611,u6822,s03,2025-08-20 11:00:10,4.26,0.0
req003612,u6591,s04,2025-08-20 11:00:11,4.91,6.51
req003613,u1906,s04,2025-08-20 11:00:12,2.93,4.84
req003614,u8385,s02,2025-08-20 11:00:13,1.57,2.86
req003615,u6639,s03,2025-08-20 11:00:14,4.68,5.52
req003616,u9861,s01,2025-08-20 11:00:15,3.65,0.0
req003617,u5351,s03,2025-08-20 11:00:16,4.82,6.38
req003618,u4206,s03,2025-08-20 11:00:17,3.43,4.49
req003619,u2911,s01,2025-08-20 11:00:18,3.99,4.79
req003620,u8842,s03,2025-08-20 11:00:19,4.51,0.0
req003621,u9775,s04,2025-08-20 11:00:20,3.92,4.36
req003622,u3614,s01,2025-08-20 11:00:21,3.03,4.64
req003623,u7865,s04,2025-08-20 11:00:22,2.62,3.67
req003624,u5358,s04,2025-08-20 11:00:23,4.21,0.0
req003625,u1955,s02,2025-08-20 11:00:24,3.97,5.9
req003626,u9960,s04,2025-08-20 11:00:25,2.15,3.77
req003627,u4231,s04,2025-08-20 11:00:26,2.74,3.64
req003628,u5419,s04,2025-08-20 11:00:27,3.36,4.87
req003629,u5476,s02,2025-08-20 11:00:28,0.63,1.59
req003630,u6027,s02,2025-08-20 11:00:29,1.61,0.0
req003631,u4393,s03,2025-08-20 11:00:30,1.63,0.0
req003632,u5498,s04,2025-08-20 11:00:31,4.47,4.72
req003633,u2006,s04,2025-08-20 11:00:32,1.99,0.0
req003634,u3999,s03,2025-08-20 11:00:33,2.95,0.0
req003635,u9478,s03,2025-08-20 11:00:34,4.24,5.32
req003636,u9551,s03,2025-08-20 11:00:35,1.67,3.41
req003637,u6486,s01,2025-08-20 11:00:36,1.06,0.0
req003638,u6124,s03,2025-08-20 11:00:37,4.77,6.5
req003639,u2391,s04,2025-08-20 11:00:38,3.67,4.86
req003640,u1925,s03,2025-08-20 11:00:39,1.3,0.0
req003641,u9375,s02,2025-08-20 11:00:40,4.19,5.01
req003642,u8482,s01,2025-08-20 11:00:41,4.04,4.16
req003643,u8414,s03,2025-08-20 11:00:42,4.27,4.96
req003644,u2773,s02,2025-08-20 11:00:43,1.74,0.0
req003645,u9003,s01,2025-08-20 11:00:44,2.52,0.0
req003646,u6141,s03,2025-08-20 11:00:45,3.62,5.6
req003647,u8155,s02,2025-08-20 11:00:46,2.26,3.74
req003648,u7191,s02,2025-08-20 11:00:47,0.81,2.27
req003649,u5046,s01,2025-08-20 11:00:48,1.11,2.66
req003650,u6135,s02,2025-08-20 11:00:49,3.19,4.47
req003651,u9025,s01,2025-08-20 11:00:50,2.19,3.4
req003652,u1016,s03,2025-08-20 11:00:51,0.52,1.48
req003653,u4189,s02,2025-08-20 11:00:52,3.95,4.89
req003654,u9315,s01,2025-08-20 11:00:53,2.38,0.0
req003655,u2122,s03,2025-08-20 11:00:54,1.91,3.66
req003656,u9830,s04,2025-08-20 11:00:55,3.71,4.56
req003657,u7948,s03,2025-08-20 11:00:56,2.55,0.0
req003658,u9516,s03,2025-08-20 11:00:57,3.63,5.33
req003659,u4307,s02,2025-08-20 11:00:58,0.56,2.25
req003660,u3646,s02,2025-08-20 11:00:59,0.54,2.1
req003661,u1999,s01,2025-08-20 11:01:00,3.02,3.19
req003662,u1156,s04,2025-08-20 11:01:01,4.92,5.3
req003663,u8662,s04,2025-08-20 11:01:02,1.73,2.43
req003664,u4340,s01,2025-08-20 11:01:03,3.57,0.0
req003665,u7435,s01,2025-08-20 11:01:04,1.28,2.99
req003666,u6389,s04,2025-08-20 11:01:05,1.9,3.66
req003667,u5749,s03,2025-08-20 11:01:06,0.85,0.0
req003668,u4822,s02,2025-08-20 11:01:07,4.46,4.64
req003669,u8289,s03,2025-08-20 11:01:08,1.9,2.62
req003670,u1054,s01,2025-08-20 11:01:09,1.54,3.26
req003671,u2729,s04,2025-08-20 11:01:10,3.79,0.0
req003672,u3007,s04,2025-08-20 11:01:11,1.4,1.97
req003673,u3165,s03,2025-08-20 11:01:12,1.58,0.0
req003674,u7449,s04,2025-08-20 11:01:13,0.97,0.0
req003675,u3928,s04,2025-08-20 11:01:14,4.83,0.0
req003676,u9602,s04,2025-08-20 11:01:15,1.61,3.56
req003677,u8520,s01,2025-08-20 11:01:16,4.98,6.01
req003678,u3234,s04,2025-08-20 11:01:17,1.29,0.0
req003679,u3185,s03,2025-08-20 11:01:18,0.59,2.47
req003680,u5295,s02,2025-08-20 11:01:19,4.53,0.0
req003681,u8291,s03,2025-08-20 11:01:20,3.11,0.0
req003682,u7676,s01,2025-08-20 11:01:21,2.08,2.99
req003683,u2476,s04,2025-08-20 11:01:22,2.81,0.0
req003684,u4589,s03,2025-08-20 11:01:23,1.67,2.39
req003685,u6083,s04,2025-08-20 11:01:24,3.36,4.15
req003686,u9764,s01,2025-08-20 11:01:25,3.27,5.05
req003687,u9100,s02,2025-08-20 11:01:26,0.86,1.59
req003688,u8770,s02,2025-08-20 11:01:27,4.6,0.0
req003689,u7251,s03,2025-08-20 11:01:28,2.57,3.94
req003690,u1714,s04,2025-08-20 11:01:29,1.38,0.0
req003691,u2583,s03,2025-08-20 11:01:30,1.88,2.87
req003692,u4634,s03,2025-08-20 11:01:31,4.4,6.29
req003693,u2668,s01,2025-08-20 11:01:32,2.22,2.62
req003694,u1364,s01,2025-08-20 11:01:33,3.03,3.94
req003695,u9736,s03,2025-08-20 11:01:34,4.76,5.1
req003696,u8008,s03,2025-08-20 11:01:35,3.43,4.63
req003697,u3156,s01,2025-08-20 11:01:36,3.54,0.0
req003698,u5277,s03,2025-08-20 11:01:37,1.62,2.49
req003699,u6956,s01,2025-08-20 11:01:38,3.51,3.73
req003700,u4232,s01,2025-08-20 11:01:39,2.27,3.98
req003701,u2299,s04,2025-08-20 11:01:40,4.6,0.0
req003702,u3020,s01,2025-08-20 11:01:41,1.08,1.89
req003703,u6145,s02,2025-08-20 11:01:42,1.79,2.83
req003704,u9068,s01,2025-08-20 11:01:43,0.8,1.67
req003705,u2740,s04,2025-08-20 11:01:44,2.21,3.24
req003706,u9929,s03,2025-08-20 11:01:45,1.17,1.3
req003707,u3282,s02,2025-08-20 11:01:46,4.3,5.95
req003708,u7398,s04,2025-08-20 11:01:47,4.66,5.39
req003709,u6498,s02,2025-08-20 11:01:48,3.51,4.99
req003710,u3202,s03,2025-08-20 11:01:49,0.97,0.0
req003711,u3954,s04,2025-08-20 11:01:50,2.04,0.0
req003712,u8470,s01,2025-08-20 11:01:51,4.84,5.06
req003713,u2915,s03,2025-08-20 11:01:52,1.11,0.0
req003714,u1152,s04,2025-08-20 11:01:53,3.0,4.1
req003715,u7593,s03,2025-08-20 11:01:54,2.09,3.92
req003716,u9685,s04,2025-08-20 11:01:55,5.0,5.86
req003717,u5258,s02,2025-08-20 11:01:56,1.78,2.25
req003718,u7704,s03,2025-08-20 11:01:57,0.71,1.0
req003719,u7933,s01,2025-08-20 11:01:58,3.66,5.39
req003720,u8147,s03,2025-08-20 11:01:59,1.97,0.0
req003721,u6854,s04,2025-08-20 11:02:00,3.46,0.0
req003722,u7839,s02,2025-08-20 11:02:01,0.97,0.0
req003723,u6999,s03,2025-08-20 11:02:02,2.85,3.4
req003724,u9875,s01,2025-08-20 11:02:03,2.19,4.14
req003725,u5099,s02,2025-08-20 11:02:04,2.92,3.49
req003726,u1532,s04,2025-08-20 11:02:05,4.34,5.35
req003727,u5644,s01,2025-08-20 11:02:06,4.88,5.85
req003728,u4008,s04,2025-08-20 11:02:07,3.89,0.0
req003729,u2374,s04,2025-08-20 11:02:08,3.95,0.0
req003730,u2018,s01,2025-08-20 11:02:09,2.88,0.0
req003731,u4522,s02,2025-08-20 11:02:10,0.94,1.16
req003732,u8250,s02,2025-08-20 11:02:11,3.5,4.61
req003733,u5374,s01,2025-08-20 11:02:12,1.17,2.55
req003734,u8393,s01,2025-08-20 11:02:13,1.61,0.0
req003735,u4171,s03,2025-08-20 11:02:14,3.68,5.19
req003736,u7951,s01,2025-08-20 11:02:15,3.46,4.55
req003737,u5905,s01,2025-08-20 11:02:16,1.91,3.55
req003738,u6949,s02,2025-08-20 11:02:17,3.97,5.5
req003739,u7799,s04,2025-08-20 11:02:18,4.73,5.2
req003740,u9121,s01,2025-08-20 11:02:19,2.95,0.0
req003741,u2207,s04,2025-08-20 11:02:20,3.55,0.0
req003742,u3614,s01,2025-08-20 11:02:21,1.72,2.58
req003743,u2289,s04,2025-08-20 11:02:22,4.87,0.0
req003744,u3650,s02,2025-08-20 11:02:23,1.73,2.1
req003745,u5905,s01,2025-08-20 11:02:24,4.49,4.84
req003746,u8303,s04,2025-08-20 11:02:25,4.68,6.13
req003747,u8087,s04,2025-08-20 11:02:26,3.74,4.85
req003748,u5928,s04,2025-08-20 11:02:27,4.15,5.39
req003749,u2225,s03,2025-08-20 11:02:28,2.56,0.0
req003750,u6267,s04,2025-08-20 11:02:29,4.64,6.13
req003751,u6763,s04,2025-08-20 11:02:30,3.84,0.0
req003752,u8769,s01,2025-08-20 11:02:31,1.97,0.0
req003753,u3231,s03,2025-08-20 11:02:32,0.66,0.0
req003754,u2985,s04,2025-08-20 11:02:33,2.93,3.56
req003755,u5063,s03,2025-08-20 11:02:34,4.28,5.14
req003756,u2070,s02,2025-08-20 11:02:35,4.37,5.62
req003757,u2360,s01,2025-08-20 11:02:36,4.26,4.54
req003758,u5055,s03,2025-08-20 11:02:37,1.47,3.15
req003759,u7201,s01,2025-08-20 11:02:38,2.42,3.17
req003760,u9609,s01,2025-08-20 11:02:39,3.26,4.61
req003761,u4960,s01,2025-08-20 11:02:40,3.5,5.49
req003762,u1783,s01,2025-08-20 11:02:41,2.01,0.0
req003763,u3765,s01,2025-08-20 11:02:42,3.62,0.0
req003764,u9219,s01,2025-08-20 11:02:43,3.16,0.0
req003765,u3618,s02,2025-08-20 11:02:44,3.05,4.05
req003766,u8392,s04,2025-08-20 11:02:45,3.48,3.99
req003767,u8094,s01,2025-08-20 11:02:46,3.22,3.73
req003768,u8958,s04,2025-08-20 11:02:47,1.25,0.0
req003769,u3890,s02,2025-08-20 11:02:48,4.43,0.0
req003770,u3927,s01,2025-08-20 11:02:49,1.58,0.0
req003771,u1267,s01,2025-08-20 11:02:50,3.85,4.06
req003772,u9115,s01,2025-08-20 11:02:51,1.29,2.85
req003773,u2380,s01,2025-08-20 11:02:52,3.47,4.13
req003774,u2257,s04,2025-08-20 11:02:53,4.53,4.96
req003775,u4528,s04,2025-08-20 11:02:54,0.54,2.0
req003776,u6995,s01,2025-08-20 11:02:55,4.91,0.0
req003777,u1454,s01,2025-08-20 11:02:56,0.63,1.32
req003778,u4727,s01,2025-08-20 11:02:57,0.55,1.79
req003779,u4095,s03,2025-08-20 11:02:58,4.36,0.0
req003780,u7664,s02,2025-08-20 11:02:59,3.69,4.58
req003781,u7761,s02,2025-08-20 11:03:00,0.98,0.0
req003782,u9509,s02,2025-08-20 11:03:01,4.72,0.0
req003783,u5708,s04,2025-08-20 11:03:02,3.52,4.25
req003784,u5718,s04,2025-08-20 11:03:03,1.0,2.03
req003785,u3306,s02,2025-08-20 11:03:04,4.37,5.07
req003786,u9103,s03,2025-08-20 11:03:05,2.66,4.41
req003787,u4368,s03,2025-08-20 11:03:06,1.75,1.99
req003788,u7985,s04,2025-08-20 11:03:07,4.21,4.37
req003789,u8792,s03,2025-08-20 11:03:08,3.82,4.69
req003790,u8885,s03,2025-08-20 11:03:09,3.3,3.73
req003791,u5573,s01,2025-08-20 11:03:10,4.54,6.05
req003792,u5855,s03,2025-08-20 11:03:11,4.38,0.0
req003793,u9033,s01,2025-08-20 11:03:12,1.52,2.29
req003794,u4072,s04,2025-08-20 11:03:13,4.45,5.05
req003795,u3772,s03,2025-08-20 11:03:14,2.18,2.96
req003796,u5749,s02,2025-08-20 11:03:15,2.44,2.96
req003797,u6435,s03,2025-08-20 11:03:16,4.88,5.55
req003798,u8398,s02,2025-08-20 11:03:17,3.92,0.0
req003799,u2873,s02,2025-08-20 11:03:18,1.95,3.13
req003800,u6410,s01,2025-08-20 11:03:19,3.42,5.16
req003801,u6989,s02,2025-08-20 11:03:20,2.93,3.73
req003802,u5444,s01,2025-08-20 11:03:21,1.02,1.73
req003803,u8129,s02,2025-08-20 11:03:22,4.49,6.08
req003804,u9848,s03,2025-08-20 11:03:23,4.2,4.34
req003805,u5145,s02,2025-08-20 11:03:24,4.0,4.67
req003806,u8792,s01,2025-08-20 11:03:25,3.02,0.0
req003807,u3577,s04,2025-08-20 11:03:26,1.49,2.45
req003808,u8481,s04,2025-08-20 11:03:27,4.48,0.0
req003809,u7584,s03,2025-08-20 11:03:28,2.09,3.33
req003810,u1695,s02,2025-08-20 11:03:29,0.59,0.99
req003811,u5268,s03,2025-08-20 11:03:30,4.92,5.84
req003812,u2131,s02,2025-08-20 11:03:31,4.38,0.0
req003813,u3851,s02,2025-08-20 11:03:32,3.3,4.48
req003814,u9903,s03,2025-08-20 11:03:33,0.56,1.63
req003815,u2519,s04,2025-08-20 11:03:34,1.52,0.0
req003816,u8834,s01,2025-08-20 11:03:35,2.53,3.72
req003817,u9190,s02,2025-08-20 11:03:36,3.33,0.0
req003818,u2808,s04,2025-08-20 11:03:37,3.69,5.05
req003819,u8963,s01,2025-08-20 11:03:38,4.05,4.87
req003820,u2477,s01,2025-08-20 11:03:39,3.0,3.22
req003821,u7311,s03,2025-08-20 11:03:40,3.45,3.66
req003822,u5696,s04,2025-08-20 11:03:41,4.15,5.88
req003823,u5451,s04,2025-08-20 11:03:42,3.74,0.0
req003824,u6078,s03,2025-08-20 11:03:43,4.8,6.19
req003825,u4035,s03,2025-08-20 11:03:44,4.44,5.99
req003826,u4082,s01,2025-08-20 11:03:45,1.26,0.0
req003827,u7201,s04,2025-08-20 11:03:46,4.76,0.0
req003828,u4492,s04,2025-08-20 11:03:47,1.42,3.28
req003829,u3844,s02,2025-08-20 11:03:48,4.96,0.0
req003830,u5457,s01,2025-08-20 11:03:49,3.66,0.0
req003831,u9077,s03,2025-08-20 11:03:50,3.32,0.0
req003832,u1657,s03,2025-08-20 11:03:51,1.96,0.0
req003833,u1181,s03,2025-08-20 11:03:52,1.1,2.63
req003834,u6083,s03,2025-08-20 11:03:53,1.07,0.0
req003835,u3745,s04,2025-08-20 11:03:54,4.4,0.0
req003836,u7086,s01,2025-08-20 11:03:55,2.45,0.0
req003837,u6279,s04,2025-08-20 11:03:56,3.02,4.44
req003838,u5442,s02,2025-08-20 11:03:57,4.69,0.0
req003839,u8690,s04,2025-08-20 11:03:58,1.65,3.0
req003840,u2890,s01,2025-08-20 11:03:59,3.94,0.0
req003841,u3707,s04,2025-08-20 11:04:00,2.62,0.0
req003842,u1813,s03,2025-08-20 11:04:01,1.46,0.0
req003843,u1596,s04,2025-08-20 11:04:02,4.34,0.0
req003844,u8225,s02,2025-08-20 11:04:03,3.56,0.0
req003845,u4800,s04,2025-08-20 11:04:04,0.93,1.52
req003846,u2444,s01,2025-08-20 11:04:05,2.94,4.86
req003847,u7272,s03,2025-08-20 11:04:06,4.33,0.0
req003848,u1698,s01,2025-08-20 11:04:07,0.8,0.0
req003849,u9794,s03,2025-08-20 11:04:08,2.37,3.5
req003850,u1716,s03,2025-08-20 11:04:09,4.12,0.0
req003851,u7236,s01,2025-08-20 11:04:10,4.36,4.88
req003852,u3969,s01,2025-08-20 11:04:11,3.99,4.49
req003853,u5423,s03,2025-08-20 11:04:12,1.88,3.53
req003854,u3310,s03,2025-08-20 11:04:13,2.78,3.36
req003855,u5017,s04,2025-08-20 11:04:14,3.84,4.02
req003856,u8765,s01,2025-08-20 11:04:15,1.19,2.1
req003857,u8173,s01,2025-08-20 11:04:16,3.18,4.83
req003858,u7418,s03,2025-08-20 11:04:17,3.74,4.63
req003859,u8895,s01,2025-08-20 11:04:18,4.32,0.0
req003860,u6241,s01,2025-08-20 11:04:19,1.0,2.63
req003861,u4244,s04,2025-08-20 11:04:20,1.98,3.65
req003862,u3083,s02,2025-08-20 11:04:21,2.94,4.67
req003863,u9788,s02,2025-08-20 11:04:22,3.65,4.87
req003864,u4637,s04,2025-08-20 11:04:23,3.79,5.22
req003865,u2656,s03,2025-08-20 11:04:24,1.64,2.24
req003866,u8871,s01,2025-08-20 11:04:25,0.56,0.85
req003867,u6579,s01,2025-08-20 11:04:26,3.62,4.73
req003868,u1839,s02,2025-08-20 11:04:27,4.59,4.71
req003869,u6940,s04,2025-08-20 11:04:28,4.09,5.07
req003870,u9226,s01,2025-08-20 11:04:29,3.3,3.59
req003871,u9674,s02,2025-08-20 11:04:30,4.9,5.21
req003872,u5925,s01,2025-08-20 11:04:31,2.45,4.2
req003873,u2918,s02,2025-08-20 11:04:32,2.86,4.18
req003874,u6076,s03,2025-08-20 11:04:33,0.56,1.89
req003875,u9400,s03,2025-08-20 11:04:34,4.76,5.63
req003876,u4004,s04,2025-08-20 11:04:35,3.13,4.02
req003877,u5516,s01,2025-08-20 11:04:36,2.26,2.94
req003878,u7839,s01,2025-08-20 11:04:37,0.7,0.0
req003879,u5842,s04,2025-08-20 11:04:38,2.13,0.0
req003880,u2888,s01,2025-08-20 11:04:39,0.52,0.0
req003881,u2093,s01,2025-08-20 11:04:40,1.96,0.0
req003882,u9666,s04,2025-08-20 11:04:41,4.78,5.71
req003883,u9550,s01,2025-08-20 11:04:42,1.19,2.41
req003884,u1065,s03,2025-08-20 11:04:43,2.95,3.4
req003885,u4806,s03,2025-08-20 11:04:44,1.34,1.94
req003886,u5417,s02,2025-08-20 11:04:45,4.03,5.07
req003887,u7575,s03,2025-08-20 11:04:46,3.03,0.0
req003888,u8402,s02,2025-08-20 11:04:47,1.41,2.24
req003889,u1748,s03,2025-08-20 11:04:48,4.4,6.06
req003890,u1294,s02,2025-08-20 11:04:49,4.03,0.0
req003891,u7924,s03,2025-08-20 11:04:50,4.78,6.44
req003892,u2754,s02,2025-08-20 11:04:51,0.5,1.24
req003893,u7922,s04,2025-08-20 11:04:52,2.56,3.52
req003894,u4518,s01,2025-08-20 11:04:53,5.0,0.0
req003895,u9845,s03,2025-08-20 11:04:54,4.15,6.11
req003896,u5346,s02,2025-08-20 11:04:55,4.24,5.91
req003897,u9034,s01,2025-08-20 11:04:56,3.3,3.81
req003898,u4908,s04,2025-08-20 11:04:57,3.71,4.34
req003899,u9375,s03,2025-08-20 11:04:58,4.12,4.38
req003900,u2195,s03,2025-08-20 11:04:59,0.92,0.0
req003901,u1480,s03,2025-08-20 11:05:00,3.62,5.01
req003902,u7493,s03,2025-08-20 11:05:01,4.17,4.87
req003903,u5019,s01,2025-08-20 11:05:02,0.68,1.8
req003904,u9163,s01,2025-08-20 11:05:03,1.84,3.4
req003905,u1073,s03,2025-08-20 11:05:04,1.96,3.65
req003906,u8196,s02,2025-08-20 11:05:05,4.35,5.07
req003907,u3753,s02,2025-08-20 11:05:06,4.01,0.0
req003908,u2154,s01,2025-08-20 11:05:07,3.45,4.0
req003909,u7096,s03,2025-08-20 11:05:08,4.12,5.83
req003910,u1599,s03,2025-08-20 11:05:09,2.54,3.36
req003911,u3092,s04,2025-08-20 11:05:10,4.44,6.1
req003912,u3242,s02,2025-08-20 11:05:11,1.55,1.93
req003913,u7443,s01,2025-08-20 11:05:12,3.67,0.0
req003914,u2062,s02,2025-08-20 11:05:13,1.59,3.42
req003915,u7547,s04,2025-08-20 11:05:14,0.68,0.0
req003916,u5065,s04,2025-08-20 11:05:15,1.78,2.8
req003917,u6025,s02,2025-08-20 11:05:16,2.72,3.14
req003918,u1753,s03,2025-08-20 11:05:17,4.3,5.42
req003919,u6630,s01,2025-08-20 11:05:18,2.79,4.54
req003920,u5618,s02,2025-08-20 11:05:19,1.31,2.15
req003921,u7385,s02,2025-08-20 11:05:20,4.97,5.41
req003922,u5680,s03,2025-08-20 11:05:21,1.72,2.92
req003923,u9312,s02,2025-08-20 11:05:22,4.93,6.62
req003924,u6353,s03,2025-08-20 11:05:23,4.71,5.04
req003925,u1332,s01,2025-08-20 11:05:24,2.94,0.0
req003926,u2833,s01,2025-08-20 11:05:25,0.91,1.09
req003927,u8799,s02,2025-08-20 11:05:26,3.63,0.0
req003928,u6688,s04,2025-08-20 11:05:27,4.31,0.0
req003929,u3793,s02,2025-08-20 11:05:28,2.5,0.0
req003930,u6068,s04,2025-08-20 11:05:29,1.58,1.79
req003931,u2003,s03,2025-08-20 11:05:30,4.11,4.65
req003932,u1128,s02,2025-08-20 11:05:31,2.95,0.0
req003933,u2182,s03,2025-08-20 11:05:32,1.39,1.5
req003934,u8443,s03,2025-08-20 11:05:33,4.77,5.68
req003935,u6998,s03,2025-08-20 11:05:34,4.77,6.2
req003936,u6933,s04,2025-08-20 11:05:35,2.15,3.6
req003937,u1402,s01,2025-08-20 11:05:36,0.79,0.0
req003938,u5798,s04,2025-08-20 11:05:37,3.34,0.0
req003939,u4901,s03,2025-08-20 11:05:38,1.93,3.24
req003940,u6334,s03,2025-08-20 11:05:39,0.8,0.0
req003941,u8371,s03,2025-08-20 11:05:40,4.51,5.17
req003942,u9981,s03,2025-08-20 11:05:41,4.99,6.49
req003943,u2886,s02,2025-08-20 11:05:42,2.08,3.28
req003944,u5727,s02,2025-08-20 11:05:43,3.85,5.59
req003945,u2533,s02,2025-08-20 11:05:44,0.8,1.81
req003946,u3478,s02,2025-08-20 11:05:45,2.16,0.0
req003947,u8729,s03,2025-08-20 11:05:46,0.99,1.43
req003948,u8954,s01,2025-08-20 11:05:47,0.75,2.06
req003949,u1391,s01,2025-08-20 11:05:48,3.15,0.0
req003950,u2240,s04,2025-08-20 11:05:49,4.11,0.0
req003951,u6910,s01,2025-08-20 11:05:50,2.54,0.0
req003952,u4927,s03,2025-08-20 11:05:51,2.86,0.0
req003953,u4171,s04,2025-08-20 11:05:52,1.72,0.0
req003954,u9533,s03,2025-08-20 11:05:53,3.81,0.0
req003955,u9108,s02,2025-08-20 11:05:54,2.12,0.0
req003956,u3214,s02,2025-08-20 11:05:55,0.8,1.19
req003957,u9828,s04,2025-08-20 11:05:56,1.24,3.17
req003958,u4911,s04,2025-08-20 11:05:57,1.08,2.52
req003959,u3759,s02,2025-08-20 11:05:58,2.46,4.0
req003960,u3037,s02,2025-08-20 11:05:59,0.79,2.18
req003961,u3524,s04,2025-08-20 11:06:00,4.13,4.42
req003962,u4945,s03,2025-08-20 11:06:01,4.59,5.57
req003963,u9228,s04,2025-08-20 11:06:02,1.62,2.96
req003964,u3027,s04,2025-08-20 11:06:03,2.68,3.22
req003965,u2316,s01,2025-08-20 11:06:04,2.84,0.0
req003966,u9033,s04,2025-08-20 11:06:05,4.93,6.32
req003967,u5554,s01,2025-08-20 11:06:06,0.8,2.46
req003968,u1741,s01,2025-08-20 11:06:07,3.51,4.13
req003969,u1906,s03,2025-08-20 11:06:08,2.06,0.0
req003970,u9122,s01,2025-08-20 11:06:09,2.76,3.24
req003971,u5129,s02,2025-08-20 11:06:10,1.48,3.26
req003972,u4661,s01,2025-08-20 11:06:11,1.22,1.33
req003973,u3349,s03,2025-08-20 11:06:12,1.6,0.0
req003974,u7335,s04,2025-08-20 11:06:13,0.82,1.41
req003975,u3695,s02,2025-08-20 11:06:14,1.75,2.62
req003976,u9791,s02,2025-08-20 11:06:15,3.61,4.99
req003977,u5136,s02,2025-08-20 11:06:16,3.43,5.42
req003978,u4472,s04,2025-08-20 11:06:17,3.0,3.8
req003979,u3739,s02,2025-08-20 11:06:18,0.5,2.4
req003980,u4664,s03,2025-08-20 11:06:19,1.07,1.87
req003981,u8968,s03,2025-08-20 11:06:20,4.29,5.71
req003982,u7298,s04,2025-08-20 11:06:21,1.72,2.13
req003983,u1679,s02,2025-08-20 11:06:22,4.6,0.0
req003984,u4489,s02,2025-08-20 11:06:23,4.44,5.41
req003985,u6234,s04,2025-08-20 11:06:24,1.2,2.96
req003986,u7177,s02,2025-08-20 11:06:25,4.54,0.0
req003987,u8764,s04,2025-08-20 11:06:26,3.33,4.04
req003988,u3270,s02,2025-08-20 11:06:27,3.34,3.64
req003989,u5575,s03,2025-08-20 11:06:28,4.34,5.43
req003990,u5480,s03,2025-08-20 11:06:29,2.32,0.0
req003991,u3384,s01,2025-08-20 11:06:30,3.81,4.75
req003992,u5681,s01,2025-08-20 11:06:31,3.5,4.04
req003993,u8884,s03,2025-08-20 11:06:32,3.97,5.79
req003994,u3821,s03,2025-08-20 11:06:33,3.47,4.71
req003995,u3267,s04,2025-08-20 11:06:34,0.86,0.0
req003996,u3576,s03,2025-08-20 11:06:35,1.82,0.0
req003997,u7943,s04,2025-08-20 11:06:36,4.73,0.0
req003998,u5694,s02,2025-08-20 11:06:37,1.51,0.0
req003999,u8845,s04,2025-08-20 11:06:38,2.63,0.0
req004000,u3445,s01,2025-08-20 11:06:39,2.11,0.0
req004001,u9217,s03,2025-08-20 11:06:40,0.89,1.65
req004002,u5053,s01,2025-08-20 11:06:41,1.32,0.0
req004003,u5013,s04,2025-08-20 11:06:42,1.79,3.78
req004004,u4592,s03,2025-08-20 11:06:43,2.58,0.0
req004005,u5992,s03,2025-08-20 11:06:44,4.44,4.8
req004006,u4867,s01,2025-08-20 11:06:45,2.82,4.53
req004007,u3598,s01,2025-08-20 11:06:46,3.43,3.97
req004008,u7205,s03,2025-08-20 11:06:47,2.42,2.98
req004009,u1720,s02,2025-08-20 11:06:48,4.42,0.0
req004010,u4552,s03,2025-08-20 11:06:49,3.48,4.53
req004011,u3952,s04,2025-08-20 11:06:50,0.91,2.27
req004012,u3230,s01,2025-08-20 11:06:51,2.65,0.0
req004013,u3456,s04,2025-08-20 11:06:52,4.22,5.63
req004014,u8299,s01,2025-08-20 11:06:53,3.8,3.94
req004015,u6411,s01,2025-08-20 11:06:54,4.57,0.0
req004016,u7151,s01,2025-08-20 11:06:55,1.52,2.17
req004017,u2643,s01,2025-08-20 11:06:56,4.9,6.26
req004018,u9173,s02,2025-08-20 11:06:57,1.78,0.0
req004019,u6798,s01,2025-08-20 11:06:58,0.73,2.52
req004020,u9645,s01,2025-08-20 11:06:59,2.73,0.0
req004021,u4508,s02,2025-08-20 11:07:00,1.0,2.37
req004022,u6000,s03,2025-08-20 11:07:01,3.57,0.0
req004023,u5458,s02,2025-08-20 11:07:02,4.55,5.16
req004024,u2173,s04,2025-08-20 11:07:03,4.65,5.71
req004025,u8477,s03,2025-08-20 11:07:04,3.23,4.56
req004026,u4587,s01,2025-08-20 11:07:05,2.91,3.27
req004027,u1414,s04,2025-08-20 11:07:06,4.97,6.11
req004028,u9310,s02,2025-08-20 11:07:07,3.11,4.11
req004029,u2371,s04,2025-08-20 11:07:08,4.67,5.41
req004030,u9446,s02,2025-08-20 11:07:09,4.62,0.0
req004031,u2366,s02,2025-08-20 11:07:10,1.8,0.0
req004032,u3348,s03,2025-08-20 11:07:11,0.56,1.84
req004033,u5734,s03,2025-08-20 11:07:12,2.48,3.79
req004034,u3330,s04,2025-08-20 11:07:13,4.38,0.0
req004035,u5587,s02,2025-08-20 11:07:14,4.26,6.21
req004036,u2793,s04,2025-08-20 11:07:15,3.22,4.13
req004037,u3794,s01,2025-08-20 11:07:16,1.2,0.0
req004038,u8165,s01,2025-08-20 11:07:17,0.98,2.09
req004039,u4709,s02,2025-08-20 11:07:18,4.8,5.2
req004040,u6836,s03,2025-08-20 11:07:19,2.4,3.54
req004041,u9065,s03,2025-08-20 11:07:20,3.42,3.59
req004042,u7070,s03,2025-08-20 11:07:21,4.58,4.96
req004043,u3636,s02,2025-08-20 11:07:22,4.41,4.84
req004044,u3250,s01,2025-08-20 11:07:23,3.05,4.35
req004045,u9400,s03,2025-08-20 11:07:24,2.7,3.88
req004046,u9327,s04,2025-08-20 11:07:25,3.81,0.0
req004047,u4733,s01,2025-08-20 11:07:26,2.07,0.0
req004048,u3440,s04,2025-08-20 11:07:27,3.31,4.93
req004049,u1510,s02,2025-08-20 11:07:28,0.6,1.58
req004050,u4610,s04,2025-08-20 11:07:29,4.21,5.21
req004051,u9029,s01,2025-08-20 11:07:30,4.99,5.4
req004052,u5288,s01,2025-08-20 11:07:31,4.8,6.31
req004053,u9965,s01,2025-08-20 11:07:32,2.12,2.23
req004054,u1591,s02,2025-08-20 11:07:33,2.89,0.0
req004055,u1435,s04,2025-08-20 11:07:34,1.56,2.47
req004056,u3886,s02,2025-08-20 11:07:35,1.86,2.32
req004057,u4776,s01,2025-08-20 11:07:36,2.56,4.12
req004058,u7676,s04,2025-08-20 11:07:37,3.86,5.24
req004059,u8253,s02,2025-08-20 11:07:38,0.58,2.02
req004060,u8189,s02,2025-08-20 11:07:39,2.27,2.65
req004061,u9742,s04,2025-08-20 11:07:40,3.0,4.37
req004062,u7025,s01,2025-08-20 11:07:41,1.47,2.88
req004063,u2359,s04,2025-08-20 11:07:42,0.85,0.96
req004064,u5515,s04,2025-08-20 11:07:43,2.93,3.63
req004065,u6726,s04,2025-08-20 11:07:44,3.37,3.64
req004066,u6629,s03,2025-08-20 11:07:45,3.38,4.77
req004067,u5417,s03,2025-08-20 11:07:46,2.1,2.6
req004068,u6106,s04,2025-08-20 11:07:47,1.57,2.17
req004069,u5654,s03,2025-08-20 11:07:48,1.49,1.74
req004070,u5478,s02,2025-08-20 11:07:49,0.68,1.7
req004071,u6012,s01,2025-08-20 11:07:50,1.33,0.0
req004072,u3308,s04,2025-08-20 11:07:51,4.18,0.0
req004073,u8590,s02,2025-08-20 11:07:52,0.51,0.0
req004074,u4645,s02,2025-08-20 11:07:53,0.7,0.86
req004075,u9015,s02,2025-08-20 11:07:54,1.07,2.78
req004076,u3405,s02,2025-08-20 11:07:55,2.39,2.54
req004077,u8018,s01,2025-08-20 11:07:56,2.0,0.0
req004078,u4082,s04,2025-08-20 11:07:57,1.3,1.52
req004079,u3680,s02,2025-08-20 11:07:58,1.0,2.32
req004080,u4786,s03,2025-08-20 11:07:59,4.72,6.56
req004081,u4345,s01,2025-08-20 11:08:00,4.6,0.0
req004082,u5157,s04,2025-08-20 11:08:01,3.97,0.0
req004083,u9732,s02,2025-08-20 11:08:02,1.63,0.0
req004084,u4493,s04,2025-08-20 11:08:03,1.96,3.76
req004085,u4322,s03,2025-08-20 11:08:04,3.5,0.0
req004086,u8949,s02,2025-08-20 11:08:05,1.81,2.07
req004087,u6783,s03,2025-08-20 11:08:06,2.89,3.54
req004088,u7093,s03,2025-08-20 11:08:07,3.43,4.52
req004089,u8330,s04,2025-08-20 11:08:08,2.84,2.99
req004090,u4586,s02,2025-08-20 11:08:09,2.36,3.46
req004091,u9070,s02,2025-08-20 11:08:10,2.07,3.02
req004092,u9869,s04,2025-08-20 11:08:11,4.0,5.22
req004093,u6575,s03,2025-08-20 11:08:12,3.83,5.68
req004094,u2513,s02,2025-08-20 11:08:13,3.63,4.25
req004095,u4798,s03,2025-08-20 11:08:14,2.19,0.0
req004096,u4209,s02,2025-08-20 11:08:15,3.99,5.3
req004097,u2250,s01,2025-08-20 11:08:16,4.81,5.73
req004098,u2754,s03,2025-08-20 11:08:17,3.6,4.53
req004099,u7379,s01,2025-08-20 11:08:18,2.34,3.67
req004100,u6405,s02,2025-08-20 11:08:19,4.08,0.0
req004101,u4532,s03,2025-08-20 11:08:20,3.24,0.0
req004102,u2865,s01,2025-08-20 11:08:21,4.45,6.36
req004103,u3377,s01,2025-08-20 11:08:22,3.71,5.45
req004104,u7883,s03,2025-08-20 11:08:23,3.96,5.28
req004105,u5133,s01,2025-08-20 11:08:24,3.5,4.48
req004106,u6674,s02,2025-08-20 11:08:25,0.91,1.82
req004107,u7246,s03,2025-08-20 11:08:26,2.68,4.28
req004108,u7196,s03,2025-08-20 11:08:27,0.75,1.26
req004109,u8287,s01,2025-08-20 11:08:28,2.51,3.73
req004110,u6767,s02,2025-08-20 11:08:29,3.72,4.78
req004111,u8261,s04,2025-08-20 11:08:30,2.4,0.0
req004112,u1572,s02,2025-08-20 11:08:31,0.51,1.84
req004113,u6805,s03,2025-08-20 11:08:32,2.16,2.62
req004114,u8826,s01,2025-08-20 11:08:33,0.8,0.0
req004115,u2754,s02,2025-08-20 11:08:34,4.01,5.43
req004116,u8845,s04,2025-08-20 11:08:35,4.03,5.32
req004117,u2533,s02,2025-08-20 11:08:36,4.13,4.57
req004118,u6925,s03,2025-08-20 11:08:37,0.64,1.59
req004119,u2422,s02,2025-08-20 11:08:38,0.65,2.04
req004120,u9845,s04,2025-08-20 11:08:39,4.57,0.0
req004121,u4655,s01,2025-08-20 11:08:40,1.06,2.87
req004122,u4768,s04,2025-08-20 11:08:41,3.52,3.85
req004123,u4711,s03,2025-08-20 11:08:42,4.08,4.2
req004124,u4806,s01,2025-08-20 11:08:43,2.52,2.93
req004125,u6997,s03,2025-08-20 11:08:44,2.96,4.94
req004126,u7479,s03,2025-08-20 11:08:45,1.52,3.08
req004127,u3734,s01,2025-08-20 11:08:46,4.66,5.93
req004128,u7093,s02,2025-08-20 11:08:47,1.86,0.0
req004129,u6517,s02,2025-08-20 11:08:48,1.48,0.0
req004130,u1280,s04,2025-08-20 11:08:49,2.86,0.0
req004131,u3005,s01,2025-08-20 11:08:50,1.36,0.0
req004132,u4372,s01,2025-08-20 11:08:51,3.59,0.0
req004133,u6492,s02,2025-08-20 11:08:52,2.82,3.17
req004134,u5998,s01,2025-08-20 11:08:53,1.17,2.06
req004135,u2855,s02,2025-08-20 11:08:54,0.8,2.26
req004136,u1901,s04,2025-08-20 11:08:55,1.12,0.0
req004137,u4977,s01,2025-08-20 11:08:56,1.11,2.91
req004138,u5266,s02,2025-08-20 11:08:57,1.91,2.74
req004139,u2362,s02,2025-08-20 11:08:58,4.25,6.25
req004140,u2278,s02,2025-08-20 11:08:59,0.76,0.0
req004141,u4817,s02,2025-08-20 11:09:00,1.08,0.0
req004142,u8227,s02,2025-08-20 11:09:01,1.86,2.23
req004143,u4154,s04,2025-08-20 11:09:02,2.99,0.0
req004144,u3275,s03,2025-08-20 11:09:03,3.93,4.77
req004145,u1387,s03,2025-08-20 11:09:04,4.65,6.41
req004146,u3098,s03,2025-08-20 11:09:05,2.35,3.68
req004147,u3167,s01,2025-08-20 11:09:06,0.98,2.62
req004148,u1525,s02,2025-08-20 11:09:07,1.46,3.28
req004149,u2360,s02,2025-08-20 11:09:08,1.79,2.85
req004150,u8456,s04,2025-08-20 11:09:09,4.04,0.0
req004151,u4743,s04,2025-08-20 11:09:10,3.59,0.0
req004152,u9848,s01,2025-08-20 11:09:11,1.44,1.99
req004153,u3866,s04,2025-08-20 11:09:12,4.27,5.69
req004154,u3065,s04,2025-08-20 11:09:13,4.37,5.54
req004155,u8046,s04,2025-08-20 11:09:14,4.47,6.04
req004156,u1644,s01,2025-08-20 11:09:15,1.74,2.81
req004157,u7501,s04,2025-08-20 11:09:16,1.1,2.74
req004158,u9830,s04,2025-08-20 11:09:17,0.97,2.78
req004159,u7453,s03,2025-08-20 11:09:18,2.3,3.82
req004160,u7780,s03,2025-08-20 11:09:19,2.43,0.0
req004161,u7900,s02,2025-08-20 11:09:20,4.41,5.92
req004162,u4774,s01,2025-08-20 11:09:21,1.7,0.0
req004163,u1012,s04,2025-08-20 11:09:22,3.32,4.54
req004164,u8874,s01,2025-08-20 11:09:23,4.05,0.0
req004165,u1270,s04,2025-08-20 11:09:24,1.71,0.0
req004166,u7769,s04,2025-08-20 11:09:25,1.7,2.7
req004167,u5650,s01,2025-08-20 11:09:26,3.51,0.0
req004168,u9911,s02,2025-08-20 11:09:27,3.77,0.0
req004169,u9845,s03,2025-08-20 11:09:28,4.82,6.77
req004170,u7677,s02,2025-08-20 11:09:29,4.32,0.0
req004171,u4741,s02,2025-08-20 11:09:30,4.2,5.53
req004172,u9349,s02,2025-08-20 11:09:31,3.62,5.32
req004173,u8422,s01,2025-08-20 11:09:32,1.03,2.09
req004174,u6124,s02,2025-08-20 11:09:33,4.14,5.29
req004175,u8032,s03,2025-08-20 11:09:34,4.71,6.07
req004176,u2615,s01,2025-08-20 11:09:35,2.26,0.0
req004177,u3769,s01,2025-08-20 11:09:36,1.91,3.39
req004178,u6439,s04,2025-08-20 11:09:37,2.85,3.8
req004179,u2325,s01,2025-08-20 11:09:38,4.8,5.58
req004180,u2415,s03,2025-08-20 11:09:39,0.73,1.28
req004181,u1294,s03,2025-08-20 11:09:40,3.69,0.0
req004182,u3108,s02,2025-08-20 11:09:41,4.17,5.07
req004183,u9609,s02,2025-08-20 11:09:42,4.05,4.55
req004184,u6000,s01,2025-08-20 11:09:43,3.05,3.94
req004185,u4401,s01,2025-08-20 11:09:44,4.64,0.0
req004186,u9618,s02,2025-08-20 11:09:45,1.11,2.87
req004187,u4113,s04,2025-08-20 11:09:46,1.6,3.56
req004188,u6240,s02,2025-08-20 11:09:47,1.88,3.08
req004189,u1232,s03,2025-08-20 11:09:48,0.54,0.92
req004190,u5011,s04,2025-08-20 11:09:49,2.17,3.08
req004191,u3398,s03,2025-08-20 11:09:50,1.22,0.0
req004192,u8262,s03,2025-08-20 11:09:51,3.76,5.0
req004193,u7047,s04,2025-08-20 11:09:52,2.37,3.17
req004194,u4119,s04,2025-08-20 11:09:53,3.67,0.0
req004195,u3105,s04,2025-08-20 11:09:54,1.82,2.31
req004196,u7366,s03,2025-08-20 11:09:55,1.09,1.62
req004197,u5749,s04,2025-08-20 11:09:56,1.09,0.0
req004198,u9202,s03,2025-08-20 11:09:57,1.41,2.41
req004199,u7493,s03,2025-08-20 11:09:58,1.02,1.53
req004200,u4131,s01,2025-08-20 11:09:59,1.49,0.0
req004201,u3056,s03,2025-08-20 11:10:00,3.11,3.68
req004202,u1904,s04,2025-08-20 11:10:01,1.65,3.41
req004203,u2339,s03,2025-08-20 11:10:02,2.04,3.62
req004204,u4973,s01,2025-08-20 11:10:03,0.74,0.95
req004205,u1214,s03,2025-08-20 11:10:04,4.51,5.22
req004206,u7493,s02,2025-08-20 11:10:05,1.12,2.23
req004207,u6290,s03,2025-08-20 11:10:06,2.07,0.0
req004208,u4230,s02,2025-08-20 11:10:07,2.21,0.0
req004209,u4302,s03,2025-08-20 11:10:08,3.97,4.19
req004210,u3812,s03,2025-08-20 11:10:09,2.68,4.08
req004211,u4885,s02,2025-08-20 11:10:10,2.22,3.05
req004212,u7422,s03,2025-08-20 11:10:11,3.63,4.48
req004213,u2159,s01,2025-08-20 11:10:12,3.19,3.79
req004214,u2601,s03,2025-08-20 11:10:13,0.85,0.0
req004215,u7181,s01,2025-08-20 11:10:14,1.91,2.64
req004216,u7228,s01,2025-08-20 11:10:15,4.9,0.0
req004217,u6064,s03,2025-08-20 11:10:16,2.68,4.42
req004218,u2816,s03,2025-08-20 11:10:17,2.41,0.0
req004219,u2210,s03,2025-08-20 11:10:18,1.17,0.0
req004220,u6553,s04,2025-08-20 11:10:19,4.28,5.88
req004221,u2526,s03,2025-08-20 11:10:20,1.1,2.98
req004222,u7313,s01,2025-08-20 11:10:21,0.97,0.0
req004223,u5807,s03,2025-08-20 11:10:22,2.48,0.0
req004224,u5130,s04,2025-08-20 11:10:23,2.46,0.0
req004225,u7764,s03,2025-08-20 11:10:24,4.92,6.35
req004226,u6459,s02,2025-08-20 11:10:25,1.07,0.0
req004227,u3412,s03,2025-08-20 11:10:26,2.68,3.88
req004228,u4143,s02,2025-08-20 11:10:27,1.41,2.0
req004229,u7805,s03,2025-08-20 11:10:28,3.66,5.03
req004230,u7141,s03,2025-08-20 11:10:29,2.26,0.0
req004231,u8739,s02,2025-08-20 11:10:30,3.42,5.24
req004232,u3479,s02,2025-08-20 11:10:31,2.02,0.0
req004233,u8086,s01,2025-08-20 11:10:32,3.04,0.0
req004234,u1307,s02,2025-08-20 11:10:33,2.61,2.84
req004235,u1848,s02,2025-08-20 11:10:34,2.18,3.12
req004236,u9635,s04,2025-08-20 11:10:35,2.92,3.3
req004237,u1242,s01,2025-08-20 11:10:36,2.23,0.0
req004238,u1058,s02,2025-08-20 11:10:37,4.13,5.77
req004239,u5617,s04,2025-08-20 11:10:38,2.73,4.0
req004240,u8460,s03,2025-08-20 11:10:39,4.56,6.33
req004241,u1050,s01,2025-08-20 11:10:40,1.5,1.72
req004242,u4262,s03,2025-08-20 11:10:41,1.0,2.82
req004243,u4069,s04,2025-08-20 11:10:42,2.21,2.44
req004244,u3625,s04,2025-08-20 11:10:43,1.33,1.98
req004245,u7819,s04,2025-08-20 11:10:44,2.27,2.67
req004246,u1656,s02,2025-08-20 11:10:45,1.43,1.81
req004247,u1210,s02,2025-08-20 11:10:46,4.41,4.84
req004248,u9654,s03,2025-08-20 11:10:47,3.06,4.07
req004249,u9256,s02,2025-08-20 11:10:48,2.74,4.33
req004250,u9705,s01,2025-08-20 11:10:49,4.04,0.0
req004251,u6014,s01,2025-08-20 11:10:50,1.09,0.0
req004252,u4109,s04,2025-08-20 11:10:51,4.36,0.0
req004253,u2324,s04,2025-08-20 11:10:52,2.67,4.48
req004254,u4296,s01,2025-08-20 11:10:53,1.11,2.29
req004255,u5380,s01,2025-08-20 11:10:54,4.19,4.59
req004256,u8528,s01,2025-08-20 11:10:55,2.57,2.82
req004257,u5016,s04,2025-08-20 11:10:56,3.22,0.0
req004258,u2928,s04,2025-08-20 11:10:57,4.52,5.56
req004259,u1351,s02,2025-08-20 11:10:58,4.51,0.0
req004260,u6982,s01,2025-08-20 11:10:59,4.52,6.07
req004261,u4484,s02,2025-08-20 11:11:00,2.38,3.66
req004262,u9482,s04,2025-08-20 11:11:01,3.87,5.08
req004263,u9666,s04,2025-08-20 11:11:02,1.55,1.74
req004264,u4631,s03,2025-08-20 11:11:03,4.24,5.12
req004265,u2652,s02,2025-08-20 11:11:04,2.04,3.19
req004266,u3637,s03,2025-08-20 11:11:05,2.59,0.0
req004267,u1133,s01,2025-08-20 11:11:06,4.51,5.75
req004268,u6095,s03,2025-08-20 11:11:07,4.13,4.24
req004269,u5462,s04,2025-08-20 11:11:08,4.79,5.27
req004270,u3642,s01,2025-08-20 11:11:09,2.14,4.04
req004271,u9239,s04,2025-08-20 11:11:10,1.18,2.25
req004272,u3372,s02,2025-08-20 11:11:11,4.6,6.04
req004273,u4902,s01,2025-08-20 11:11:12,2.72,3.41
req004274,u7896,s03,2025-08-20 11:11:13,4.5,5.71
req004275,u3040,s04,2025-08-20 11:11:14,3.79,0.0
req004276,u8067,s02,2025-08-20 11:11:15,4.44,5.22
req004277,u1544,s02,2025-08-20 11:11:16,3.45,4.11
req004278,u2399,s03,2025-08-20 11:11:17,4.16,5.04
req004279,u1341,s03,2025-08-20 11:11:18,1.04,0.0
req004280,u9061,s01,2025-08-20 11:11:19,4.86,0.0
req004281,u3429,s03,2025-08-20 11:11:20,1.31,0.0
req004282,u4388,s01,2025-08-20 11:11:21,0.61,0.0
req004283,u9710,s01,2025-08-20 11:11:22,2.89,3.86
req004284,u3808,s02,2025-08-20 11:11:23,3.7,0.0
req004285,u2123,s03,2025-08-20 11:11:24,3.72,4.45
req004286,u3071,s04,2025-08-20 11:11:25,2.03,0.0
req004287,u2548,s04,2025-08-20 11:11:26,3.89,4.48
req004288,u1642,s04,2025-08-20 11:11:27,4.29,5.58
req004289,u2595,s02,2025-08-20 11:11:28,3.25,0.0
req004290,u6929,s01,2025-08-20 11:11:29,2.24,3.06
req004291,u2631,s01,2025-08-20 11:11:30,3.26,3.74
req004292,u1093,s03,2025-08-20 11:11:31,4.38,0.0
req004293,u7798,s01,2025-08-20 11:11:32,4.55,6.09
req004294,u1771,s01,2025-08-20 11:11:33,0.64,0.0
req004295,u9030,s02,2025-08-20 11:11:34,1.05,2.53
req004296,u9433,s04,2025-08-20 11:11:35,0.52,2.3
req004297,u5955,s02,2025-08-20 11:11:36,2.72,0.0
req004298,u8899,s04,2025-08-20 11:11:37,2.46,3.61
req004299,u1428,s03,2025-08-20 11:11:38,2.96,3.59
req004300,u5612,s04,2025-08-20 11:11:39,3.58,5.32
req004301,u3530,s01,2025-08-20 11:11:40,2.15,0.0
req004302,u1550,s01,2025-08-20 11:11:41,1.44,2.07
req004303,u8169,s01,2025-08-20 11:11:42,2.28,3.63
req004304,u8501,s01,2025-08-20 11:11:43,0.54,1.0
req004305,u7641,s01,2025-08-20 11:11:44,4.23,0.0
req004306,u7991,s03,2025-08-20 11:11:45,2.23,0.0
req004307,u4949,s04,2025-08-20 11:11:46,3.3,4.6
req004308,u2680,s04,2025-08-20 11:11:47,1.96,3.66
req004309,u1543,s02,2025-08-20 11:11:48,3.27,4.4
req004310,u1826,s01,2025-08-20 11:11:49,2.93,0.0
req004311,u6078,s01,2025-08-20 11:11:50,1.44,2.43
req004312,u6473,s01,2025-08-20 11:11:51,3.31,0.0
req004313,u4295,s03,2025-08-20 11:11:52,0.99,2.98
req004314,u2257,s03,2025-08-20 11:11:53,2.66,0.0
req004315,u5562,s03,2025-08-20 11:11:54,3.74,3.88
req004316,u3287,s04,2025-08-20 11:11:55,2.97,0.0
req004317,u3203,s02,2025-08-20 11:11:56,3.86,4.59
req004318,u4517,s02,2025-08-20 11:11:57,1.73,3.58
req004319,u7285,s01,2025-08-20 11:11:58,0.72,2.04
req004320,u6358,s02,2025-08-20 11:11:59,0.75,1.88
req004321,u4905,s03,2025-08-20 11:12:00,1.71,3.02
req004322,u3694,s01,2025-08-20 11:12:01,2.33,3.04
req004323,u8747,s01,2025-08-20 11:12:02,2.92,3.16
req004324,u2302,s03,2025-08-20 11:12:03,3.91,4.53
req004325,u5235,s04,2025-08-20 11:12:04,4.28,5.02
req004326,u8890,s04,2025-08-20 11:12:05,3.62,0.0
req004327,u3926,s04,2025-08-20 11:12:06,2.58,0.0
req004328,u6670,s04,2025-08-20 11:12:07,1.69,0.0
req004329,u1212,s03,2025-08-20 11:12:08,2.43,3.44
req004330,u8894,s03,2025-08-20 11:12:09,1.73,2.58
req004331,u7193,s04,2025-08-20 11:12:10,3.31,0.0
req004332,u3497,s01,2025-08-20 11:12:11,4.18,5.27
req004333,u4212,s03,2025-08-20 11:12:12,2.83,3.3
req004334,u4738,s01,2025-08-20 11:12:13,0.71,0.0
req004335,u3087,s01,2025-08-20 11:12:14,4.73,0.0
req004336,u8509,s01,2025-08-20 11:12:15,1.82,2.27
req004337,u7102,s03,2025-08-20 11:12:16,4.62,0.0
req004338,u1647,s03,2025-08-20 11:12:17,4.16,4.93
req004339,u5476,s02,2025-08-20 11:12:18,2.36,3.36
req004340,u6056,s04,2025-08-20 11:12:19,0.76,0.0
req004341,u5251,s01,2025-08-20 11:12:20,4.76,5.51
req004342,u9431,s04,2025-08-20 11:12:21,3.47,4.67
req004343,u4639,s02,2025-08-20 11:12:22,1.62,2.31
req004344,u2362,s01,2025-08-20 11:12:23,2.9,3.34
req004345,u9119,s03,2025-08-20 11:12:24,3.36,0.0
req004346,u5693,s02,2025-08-20 11:12:25,1.52,3.26
req004347,u4508,s01,2025-08-20 11:12:26,0.92,0.0
req004348,u7802,s01,2025-08-20 11:12:27,1.7,2.18
req004349,u1148,s02,2025-08-20 11:12:28,0.71,2.65
req004350,u2204,s04,2025-08-20 11:12:29,0.81,0.0
req004351,u7524,s03,2025-08-20 11:12:30,1.2,3.18
req004352,u2338,s01,2025-08-20 11:12:31,1.21,2.63
req004353,u8147,s02,2025-08-20 11:12:32,1.62,2.67
req004354,u9396,s01,2025-08-20 11:12:33,4.72,6.33
req004355,u8772,s01,2025-08-20 11:12:34,3.09,0.0
req004356,u7282,s04,2025-08-20 11:12:35,2.4,4.16
req004357,u4661,s01,2025-08-20 11:12:36,3.04,4.49
req004358,u1507,s04,2025-08-20 11:12:37,0.53,0.82
req004359,u8944,s02,2025-08-20 11:12:38,4.53,4.64
req004360,u4278,s03,2025-08-20 11:12:39,2.9,3.36
req004361,u8620,s03,2025-08-20 11:12:40,2.53,2.99
req004362,u3664,s04,2025-08-20 11:12:41,4.74,5.19
req004363,u3490,s01,2025-08-20 11:12:42,3.79,4.86
req004364,u6179,s04,2025-08-20 11:12:43,2.02,3.11
req004365,u8881,s04,2025-08-20 11:12:44,4.71,6.18
req004366,u7097,s04,2025-08-20 11:12:45,4.33,4.81
req004367,u9933,s02,2025-08-20 11:12:46,4.8,5.08
req004368,u5281,s01,2025-08-20 11:12:47,0.93,2.3
req004369,u9694,s04,2025-08-20 11:12:48,4.8,5.82
req004370,u4948,s04,2025-08-20 11:12:49,2.94,4.31
req004371,u7600,s03,2025-08-20 11:12:50,3.52,0.0
req004372,u4416,s01,2025-08-20 11:12:51,1.46,2.28
req004373,u2948,s01,2025-08-20 11:12:52,1.13,2.66
req004374,u8273,s04,2025-08-20 11:12:53,0.86,2.26
req004375,u1534,s02,2025-08-20 11:12:54,2.4,0.0
req004376,u2675,s03,2025-08-20 11:12:55,1.5,2.84
req004377,u4468,s03,2025-08-20 11:12:56,0.87,1.02
req004378,u9410,s02,2025-08-20 11:12:57,4.8,0.0
req004379,u9933,s03,2025-08-20 11:12:58,3.8,0.0
req004380,u2669,s03,2025-08-20 11:12:59,2.83,0.0
req004381,u1096,s03,2025-08-20 11:13:00,3.85,5.58
req004382,u3352,s04,2025-08-20 11:13:01,3.25,4.07
req004383,u6264,s04,2025-08-20 11:13:02,1.3,1.66
req004384,u8236,s02,2025-08-20 11:13:03,3.35,0.0
req004385,u9513,s01,2025-08-20 11:13:04,3.56,0.0
req004386,u3072,s02,2025-08-20 11:13:05,1.57,0.0
req004387,u3839,s04,2025-08-20 11:13:06,1.94,3.48
req004388,u4418,s02,2025-08-20 11:13:07,2.22,0.0
req004389,u4802,s03,2025-08-20 11:13:08,3.21,0.0
req004390,u6516,s03,2025-08-20 11:13:09,1.07,0.0
req004391,u9679,s04,2025-08-20 11:13:10,3.85,4.87
req004392,u8034,s01,2025-08-20 11:13:11,2.06,0.0
req004393,u3232,s04,2025-08-20 11:13:12,3.61,0.0
req004394,u4511,s02,2025-08-20 11:13:13,4.7,4.86
req004395,u5482,s04,2025-08-20 11:13:14,4.41,6.0
req004396,u3320,s03,2025-08-20 11:13:15,3.82,4.75
req004397,u3150,s01,2025-08-20 11:13:16,1.37,2.9
req004398,u4730,s01,2025-08-20 11:13:17,3.79,0.0
req004399,u5779,s03,2025-08-20 11:13:18,3.36,0.0
req004400,u3148,s01,2025-08-20 11:13:19,3.98,5.52
req004401,u3362,s01,2025-08-20 11:13:20,4.41,4.7
req004402,u7845,s02,2025-08-20 11:13:21,1.9,3.17
req004403,u5949,s04,2025-08-20 11:13:22,3.4,4.18
req004404,u2247,s01,2025-08-20 11:13:23,1.74,2.88
req004405,u1272,s02,2025-08-20 11:13:24,2.06,2.33
req004406,u2992,s04,2025-08-20 11:13:25,2.84,4.06
req004407,u5235,s03,2025-08-20 11:13:26,2.45,4.03
req004408,u5500,s04,2025-08-20 11:13:27,3.2,0.0
req004409,u3312,s03,2025-08-20 11:13:28,3.91,5.88
req004410,u4150,s04,2025-08-20 11:13:29,3.22,3.93
req004411,u1088,s04,2025-08-20 11:13:30,4.86,0.0
req004412,u6951,s01,2025-08-20 11:13:31,3.82,4.21
req004413,u7242,s01,2025-08-20 11:13:32,4.93,5.73
req004414,u7397,s03,2025-08-20 11:13:33,3.85,3.99
req004415,u6529,s02,2025-08-20 11:13:34,2.79,3.67
req004416,u8175,s04,2025-08-20 11:13:35,2.35,0.0
req004417,u8405,s02,2025-08-20 11:13:36,3.81,5.65
req004418,u7900,s02,2025-08-20 11:13:37,3.59,4.06
req004419,u1205,s04,2025-08-20 11:13:38,3.51,4.52
req004420,u7616,s03,2025-08-20 11:13:39,3.75,4.94
req004421,u2769,s03,2025-08-20 11:13:40,4.42,4.86
req004422,u3479,s02,2025-08-20 11:13:41,1.52,2.25
req004423,u6851,s03,2025-08-20 11:13:42,3.04,4.87
req004424,u3035,s03,2025-08-20 11:13:43,3.21,3.87
req004425,u8962,s04,2025-08-20 11:13:44,1.82,0.0
req004426,u5228,s04,2025-08-20 11:13:45,4.95,6.26
req004427,u4901,s01,2025-08-20 11:13:46,4.03,0.0
req004428,u5944,s01,2025-08-20 11:13:47,1.95,2.31
req004429,u3825,s03,2025-08-20 11:13:48,2.11,3.48
req004430,u3043,s02,2025-08-20 11:13:49,3.73,0.0
req004431,u1459,s04,2025-08-20 11:13:50,0.55,0.0
req004432,u9871,s01,2025-08-20 11:13:51,2.59,3.22
req004433,u6098,s04,2025-08-20 11:13:52,2.04,2.58
req004434,u4842,s03,2025-08-20 11:13:53,4.34,4.68
req004435,u9790,s04,2025-08-20 11:13:54,4.06,4.25
req004436,u9387,s02,2025-08-20 11:13:55,1.99,0.0
req004437,u4275,s03,2025-08-20 11:13:56,4.39,6.33
req004438,u1437,s02,2025-08-20 11:13:57,4.61,5.5
req004439,u5078,s04,2025-08-20 11:13:58,2.99,4.57
req004440,u2642,s03,2025-08-20 11:13:59,1.22,3.07
req004441,u8131,s04,2025-08-20 11:14:00,3.97,4.46
req004442,u7748,s01,2025-08-20 11:14:01,1.94,0.0
req004443,u5280,s04,2025-08-20 11:14:02,2.87,4.62
req004444,u7386,s04,2025-08-20 11:14:03,0.71,2.16
req004445,u8076,s03,2025-08-20 11:14:04,2.75,3.95
req004446,u9471,s01,2025-08-20 11:14:05,2.21,3.85
req004447,u1170,s03,2025-08-20 11:14:06,3.59,3.9
req004448,u3457,s03,2025-08-20 11:14:07,0.68,1.28
req004449,u7429,s03,2025-08-20 11:14:08,3.31,3.66
req004450,u8790,s03,2025-08-20 11:14:09,3.97,5.77
req004451,u5783,s01,2025-08-20 11:14:10,0.56,0.85
req004452,u6661,s02,2025-08-20 11:14:11,3.87,0.0
req004453,u2817,s02,2025-08-20 11:14:12,1.09,0.0
req004454,u2683,s02,2025-08-20 11:14:13,3.64,5.6
req004455,u8297,s01,2025-08-20 11:14:14,2.55,2.86
req004456,u7949,s02,2025-08-20 11:14:15,2.98,4.34
req004457,u7996,s03,2025-08-20 11:14:16,2.02,0.0
req004458,u2876,s01,2025-08-20 11:14:17,1.6,2.95
req004459,u3414,s03,2025-08-20 11:14:18,0.82,2.69
req004460,u5592,s02,2025-08-20 11:14:19,4.39,5.1
req004461,u9054,s04,2025-08-20 11:14:20,3.25,3.98
req004462,u7154,s03,2025-08-20 11:14:21,4.92,6.63
req004463,u6341,s02,2025-08-20 11:14:22,4.33,6.29
req004464,u8473,s03,2025-08-20 11:14:23,4.41,4.57
req004465,u7193,s01,2025-08-20 11:14:24,3.19,0.0
req004466,u7975,s03,2025-08-20 11:14:25,0.86,2.17
req004467,u5949,s04,2025-08-20 11:14:26,4.61,0.0
req004468,u8009,s03,2025-08-20 11:14:27,1.03,0.0
req004469,u3582,s03,2025-08-20 11:14:28,2.83,0.0
req004470,u8094,s03,2025-08-20 11:14:29,4.36,4.92
req004471,u7022,s02,2025-08-20 11:14:30,2.63,0.0
req004472,u1657,s04,2025-08-20 11:14:31,1.25,2.73
req004473,u3997,s02,2025-08-20 11:14:32,2.18,3.75
req004474,u3622,s04,2025-08-20 11:14:33,4.95,6.5
req004475,u8751,s02,2025-08-20 11:14:34,5.0,5.93
req004476,u8453,s01,2025-08-20 11:14:35,3.7,4.1
req004477,u5872,s03,2025-08-20 11:14:36,4.5,5.71
req004478,u7727,s01,2025-08-20 11:14:37,0.7,2.3
req004479,u5550,s04,2025-08-20 11:14:38,1.74,0.0
req004480,u9925,s02,2025-08-20 11:14:39,2.16,3.99
req004481,u4002,s03,2025-08-20 11:14:40,0.55,1.51
req004482,u6440,s02,2025-08-20 11:14:41,2.2,2.77
req004483,u5766,s03,2025-08-20 11:14:42,0.92,0.0
req004484,u6135,s01,2025-08-20 11:14:43,2.83,3.16
req004485,u8664,s03,2025-08-20 11:14:44,0.52,0.0
req004486,u7210,s01,2025-08-20 11:14:45,1.72,0.0
req004487,u4984,s03,2025-08-20 11:14:46,4.4,6.02
req004488,u5824,s01,2025-08-20 11:14:47,1.46,2.58
req004489,u5831,s01,2025-08-20 11:14:48,0.79,2.17
req004490,u8408,s04,2025-08-20 11:14:49,1.62,0.0
req004491,u3807,s01,2025-08-20 11:14:50,4.22,0.0
req004492,u1669,s04,2025-08-20 11:14:51,3.14,0.0
req004493,u1783,s04,2025-08-20 11:14:52,3.14,3.54
req004494,u2787,s01,2025-08-20 11:14:53,0.5,0.0
req004495,u4138,s04,2025-08-20 11:14:54,2.62,2.73
req004496,u9034,s04,2025-08-20 11:14:55,1.7,0.0
req004497,u7330,s02,2025-08-20 11:14:56,2.01,0.0
req004498,u9383,s03,2025-08-20 11:14:57,3.19,5.13
req004499,u5049,s01,2025-08-20 11:14:58,4.43,6.07
req004500,u6931,s02,2025-08-20 11:14:59,1.32,2.18
req004501,u3608,s02,2025-08-20 11:15:00,3.96,4.93
req004502,u9556,s02,2025-08-20 11:15:01,0.72,2.59
req004503,u2267,s01,2025-08-20 11:15:02,1.97,2.46
req004504,u4842,s01,2025-08-20 11:15:03,1.49,3.12
req004505,u8947,s02,2025-08-20 11:15:04,4.62,4.75
req004506,u3114,s04,2025-08-20 11:15:05,1.3,3.06
req004507,u5324,s02,2025-08-20 11:15:06,3.1,0.0
req004508,u3832,s02,2025-08-20 11:15:07,1.24,2.46
req004509,u1757,s03,2025-08-20 11:15:08,2.63,3.64
req004510,u5714,s02,2025-08-20 11:15:09,2.36,3.8
req004511,u7873,s02,2025-08-20 11:15:10,0.69,0.0
req004512,u7007,s03,2025-08-20 11:15:11,4.22,4.45
req004513,u4724,s04,2025-08-20 11:15:12,4.01,4.48
req004514,u6129,s01,2025-08-20 11:15:13,1.75,0.0
req004515,u3594,s02,2025-08-20 11:15:14,3.26,4.13
req004516,u2089,s04,2025-08-20 11:15:15,2.13,3.4
req004517,u9069,s04,2025-08-20 11:15:16,3.96,0.0
req004518,u2012,s02,2025-08-20 11:15:17,3.62,3.99
req004519,u6528,s01,2025-08-20 11:15:18,0.91,0.0
req004520,u8786,s02,2025-08-20 11:15:19,4.3,0.0
req004521,u3203,s03,2025-08-20 11:15:20,1.31,0.0
req004522,u7192,s04,2025-08-20 11:15:21,1.28,2.1
req004523,u9109,s01,2025-08-20 11:15:22,3.8,0.0
req004524,u8447,s03,2025-08-20 11:15:23,1.32,1.92
req004525,u4160,s04,2025-08-20 11:15:24,1.05,2.38
req004526,u1715,s04,2025-08-20 11:15:25,2.01,3.86
req004527,u1777,s02,2025-08-20 11:15:26,4.27,4.69
req004528,u3376,s01,2025-08-20 11:15:27,1.3,1.76
req004529,u1802,s04,2025-08-20 11:15:28,2.03,3.27
req004530,u4150,s03,2025-08-20 11:15:29,1.79,0.0
req004531,u1630,s02,2025-08-20 11:15:30,2.1,3.06
req004532,u5398,s04,2025-08-20 11:15:31,3.71,5.17
req004533,u4127,s02,2025-08-20 11:15:32,2.32,2.97
req004534,u4289,s04,2025-08-20 11:15:33,3.92,0.0
req004535,u1798,s04,2025-08-20 11:15:34,3.38,0.0
req004536,u8959,s01,2025-08-20 11:15:35,2.12,0.0
req004537,u8596,s02,2025-08-20 11:15:36,2.45,0.0
req004538,u1290,s04,2025-08-20 11:15:37,3.67,4.81
req004539,u1457,s01,2025-08-20 11:15:38,2.91,3.74
req004540,u2508,s03,2025-08-20 11:15:39,4.41,5.04
req004541,u3132,s02,2025-08-20 11:15:40,4.7,6.19
req004542,u2457,s04,2025-08-20 11:15:41,3.73,0.0
req004543,u6904,s02,2025-08-20 11:15:42,4.95,6.56
req004544,u4196,s02,2025-08-20 11:15:43,3.18,0.0
req004545,u3957,s02,2025-08-20 11:15:44,0.68,1.41
req004546,u5032,s02,2025-08-20 11:15:45,2.77,4.05
req004547,u9234,s04,2025-08-20 11:15:46,1.54,0.0
req004548,u9900,s01,2025-08-20 11:15:47,2.0,2.44
req004549,u6060,s03,2025-08-20 11:15:48,2.71,4.31
req004550,u2021,s04,2025-08-20 11:15:49,1.83,2.46
req004551,u6551,s01,2025-08-20 11:15:50,1.89,2.31
req004552,u7070,s04,2025-08-20 11:15:51,2.31,0.0
req004553,u6546,s02,2025-08-20 11:15:52,1.79,0.0
req004554,u1160,s01,2025-08-20 11:15:53,1.26,3.15
req004555,u8033,s01,2025-08-20 11:15:54,3.95,0.0
req004556,u3643,s02,2025-08-20 11:15:55,2.28,3.18
req004557,u8954,s01,2025-08-20 11:15:56,4.24,0.0
req004558,u3011,s03,2025-08-20 11:15:57,4.47,5.79
req004559,u3022,s04,2025-08-20 11:15:58,3.88,5.52
req004560,u1832,s03,2025-08-20 11:15:59,2.29,3.69
req004561,u7295,s03,2025-08-20 11:16:00,3.75,4.92
req004562,u4274,s01,2025-08-20 11:16:01,1.2,0.0
req004563,u2160,s03,2025-08-20 11:16:02,3.48,0.0
req004564,u9757,s04,2025-08-20 11:16:03,2.33,3.14
req004565,u7000,s04,2025-08-20 11:16:04,3.45,5.3
req004566,u5667,s03,2025-08-20 11:16:05,3.9,0.0
req004567,u5517,s02,2025-08-20 11:16:06,3.03,3.38
req004568,u9900,s04,2025-08-20 11:16:07,3.39,0.0
req004569,u1882,s03,2025-08-20 11:16:08,1.46,3.24
req004570,u8076,s02,2025-08-20 11:16:09,3.17,0.0
req004571,u7373,s02,2025-08-20 11:16:10,2.57,4.02
req004572,u8372,s01,2025-08-20 11:16:11,2.43,0.0
req004573,u7248,s02,2025-08-20 11:16:12,2.35,3.54
req004574,u5438,s01,2025-08-20 11:16:13,1.9,0.0
req004575,u8092,s02,2025-08-20 11:16:14,1.87,0.0
req004576,u3296,s01,2025-08-20 11:16:15,3.65,4.37
req004577,u1539,s03,2025-08-20 11:16:16,3.01,3.39
req004578,u7911,s04,2025-08-20 11:16:17,0.63,1.57
req004579,u6285,s02,2025-08-20 11:16:18,0.72,2.31
req004580,u2028,s02,2025-08-20 11:16:19,3.07,4.59
req004581,u7537,s01,2025-08-20 11:16:20,4.31,5.64
req004582,u6702,s02,2025-08-20 11:16:21,0.7,2.69
req004583,u2398,s04,2025-08-20 11:16:22,2.78,4.73
req004584,u3168,s01,2025-08-20 11:16:23,4.33,0.0
req004585,u7574,s04,2025-08-20 11:16:24,0.52,0.0
req004586,u6230,s02,2025-08-20 11:16:25,1.74,0.0
req004587,u5097,s02,2025-08-20 11:16:26,4.64,5.5
req004588,u8806,s04,2025-08-20 11:16:27,0.87,0.0
req004589,u4226,s03,2025-08-20 11:16:28,3.23,3.7
req004590,u8904,s04,2025-08-20 11:16:29,2.78,0.0
req004591,u1609,s02,2025-08-20 11:16:30,1.18,2.16
req004592,u5465,s01,2025-08-20 11:16:31,0.69,2.39
req004593,u3691,s01,2025-08-20 11:16:32,2.76,3.73
req004594,u2059,s01,2025-08-20 11:16:33,3.81,0.0
req004595,u5970,s02,2025-08-20 11:16:34,1.3,2.04
req004596,u2954,s01,2025-08-20 11:16:35,3.61,5.12
req004597,u6952,s03,2025-08-20 11:16:36,2.96,0.0
req004598,u3366,s01,2025-08-20 11:16:37,2.11,0.0
req004599,u4859,s04,2025-08-20 11:16:38,3.49,4.83
req004600,u8370,s01,2025-08-20 11:16:39,1.36,0.0
req004601,u8184,s01,2025-08-20 11:16:40,2.56,4.5
req004602,u9660,s02,2025-08-20 11:16:41,2.97,4.11
req004603,u9073,s02,2025-08-20 11:16:42,2.56,0.0
req004604,u1974,s04,2025-08-20 11:16:43,2.29,4.23
req004605,u1440,s02,2025-08-20 11:16:44,3.83,4.48
req004606,u1102,s03,2025-08-20 11:16:45,3.45,0.0
req004607,u9678,s04,2025-08-20 11:16:46,3.38,0.0
req004608,u6588,s01,2025-08-20 11:16:47,4.51,6.25
req004609,u5441,s01,2025-08-20 11:16:48,4.97,5.74
req004610,u6667,s03,2025-08-20 11:16:49,3.05,0.0
req004611,u1917,s04,2025-08-20 11:16:50,2.07,3.71
req004612,u7665,s04,2025-08-20 11:16:51,4.0,0.0
req004613,u4361,s01,2025-08-20 11:16:52,1.14,3.0
req004614,u6578,s04,2025-08-20 11:16:53,2.81,0.0
req004615,u8779,s03,2025-08-20 11:16:54,2.86,4.14
req004616,u7528,s02,2025-08-20 11:16:55,4.93,0.0
req004617,u4935,s04,2025-08-20 11:16:56,4.96,6.44
req004618,u4390,s02,2025-08-20 11:16:57,4.1,6.02
req004619,u9437,s01,2025-08-20 11:16:58,2.63,3.44
req004620,u2919,s02,2025-08-20 11:16:59,2.96,4.03
req004621,u4050,s04,2025-08-20 11:17:00,1.94,3.75
req004622,u4181,s04,2025-08-20 11:17:01,4.23,5.61
req004623,u6307,s01,2025-08-20 11:17:02,3.86,5.62
req004624,u5867,s02,2025-08-20 11:17:03,3.97,5.24
req004625,u4171,s02,2025-08-20 11:17:04,1.12,2.63
req004626,u4508,s04,2025-08-20 11:17:05,2.29,0.0
req004627,u8047,s02,2025-08-20 11:17:06,2.92,3.04
req004628,u1764,s04,2025-08-20 11:17:07,1.06,1.81
req004629,u7435,s04,2025-08-20 11:17:08,2.16,3.72
req004630,u3532,s04,2025-08-20 11:17:09,0.89,0.0
req004631,u1093,s02,2025-08-20 11:17:10,4.81,5.68
req004632,u4384,s01,2025-08-20 11:17:11,3.88,4.67
req004633,u9084,s01,2025-08-20 11:17:12,3.29,5.2
req004634,u7764,s02,2025-08-20 11:17:13,1.42,2.57
req004635,u1919,s04,2025-08-20 11:17:14,2.0,2.47
req004636,u3120,s03,2025-08-20 11:17:15,1.15,2.15
req004637,u1639,s01,2025-08-20 11:17:16,2.91,4.0
req004638,u9160,s02,2025-08-20 11:17:17,4.19,6.17
req004639,u1525,s02,2025-08-20 11:17:18,0.59,2.05
req004640,u8301,s01,2025-08-20 11:17:19,0.96,2.05
req004641,u5038,s04,2025-08-20 11:17:20,1.53,0.0
req004642,u8697,s03,2025-08-20 11:17:21,3.71,4.63
req004643,u4888,s04,2025-08-20 11:17:22,4.52,6.36
req004644,u7481,s04,2025-08-20 11:17:23,3.89,5.22
req004645,u7869,s02,2025-08-20 11:17:24,2.86,3.64
req004646,u9799,s03,2025-08-20 11:17:25,0.97,1.95
req004647,u1710,s01,2025-08-20 11:17:26,3.9,4.53
req004648,u4963,s02,2025-08-20 11:17:27,0.98,2.9
req004649,u2483,s02,2025-08-20 11:17:28,2.06,3.49
req004650,u8116,s01,2025-08-20 11:17:29,1.89,0.0
req004651,u8245,s03,2025-08-20 11:17:30,2.12,2.97
req004652,u8133,s04,2025-08-20 11:17:31,1.98,2.43
req004653,u1266,s02,2025-08-20 11:17:32,3.96,4.4
req004654,u8353,s01,2025-08-20 11:17:33,1.27,0.0
req004655,u1231,s01,2025-08-20 11:17:34,4.31,5.32
req004656,u5400,s02,2025-08-20 11:17:35,4.36,5.35
req004657,u7299,s03,2025-08-20 11:17:36,2.71,3.6
req004658,u8070,s01,2025-08-20 11:17:37,0.98,2.7
req004659,u1357,s04,2025-08-20 11:17:38,3.09,5.05
req004660,u1726,s03,2025-08-20 11:17:39,4.19,4.96
req004661,u6515,s02,2025-08-20 11:17:40,1.8,2.46
req004662,u6492,s03,2025-08-20 11:17:41,4.27,0.0
req004663,u4874,s01,2025-08-20 11:17:42,3.55,0.0
req004664,u2061,s02,2025-08-20 11:17:43,4.94,6.5
req004665,u5563,s02,2025-08-20 11:17:44,4.21,5.16
req004666,u4082,s03,2025-08-20 11:17:45,1.41,1.92
req004667,u5484,s04,2025-08-20 11:17:46,2.52,2.96
req004668,u5395,s04,2025-08-20 11:17:47,0.97,0.0
req004669,u2106,s02,2025-08-20 11:17:48,0.81,1.44
req004670,u7369,s01,2025-08-20 11:17:49,3.68,3.78
req004671,u2399,s04,2025-08-20 11:17:50,4.61,6.5
req004672,u6963,s01,2025-08-20 11:17:51,4.88,0.0
req004673,u1715,s01,2025-08-20 11:17:52,1.72,2.64
req004674,u4059,s01,2025-08-20 11:17:53,1.41,1.67
req004675,u8187,s03,2025-08-20 11:17:54,3.02,3.43
req004676,u3492,s04,2025-08-20 11:17:55,1.4,2.11
req004677,u7824,s02,2025-08-20 11:17:56,1.83,2.98
req004678,u3832,s03,2025-08-20 11:17:57,4.27,5.71
req004679,u3283,s02,2025-08-20 11:17:58,4.15,4.83
req004680,u6315,s04,2025-08-20 11:17:59,4.53,6.45
req004681,u6510,s02,2025-08-20 11:18:00,2.67,0.0
req004682,u6458,s02,2025-08-20 11:18:01,3.04,0.0
req004683,u8298,s01,2025-08-20 11:18:02,3.97,5.51
req004684,u5991,s03,2025-08-20 11:18:03,1.58,3.25
req004685,u2758,s01,2025-08-20 11:18:04,4.2,0.0
req004686,u5274,s01,2025-08-20 11:18:05,0.58,1.29
req004687,u6649,s01,2025-08-20 11:18:06,4.09,0.0
req004688,u1712,s03,2025-08-20 11:18:07,3.99,4.81
req004689,u9541,s01,2025-08-20 11:18:08,1.86,2.98
req004690,u1625,s04,2025-08-20 11:18:09,3.78,4.74
req004691,u8108,s03,2025-08-20 11:18:10,1.46,2.05
req004692,u7288,s04,2025-08-20 11:18:11,3.09,0.0
req004693,u1410,s02,2025-08-20 11:18:12,3.65,5.64
req004694,u4803,s02,2025-08-20 11:18:13,3.72,5.43
req004695,u7808,s01,2025-08-20 11:18:14,4.92,0.0
req004696,u4816,s04,2025-08-20 11:18:15,1.32,1.87
req004697,u5352,s04,2025-08-20 11:18:16,2.66,4.46
req004698,u1216,s04,2025-08-20 11:18:17,4.46,5.68
req004699,u2443,s02,2025-08-20 11:18:18,3.03,0.0
req004700,u7237,s04,2025-08-20 11:18:19,4.44,4.56
req004701,u2280,s03,2025-08-20 11:18:20,2.45,3.21
req004702,u7816,s02,2025-08-20 11:18:21,4.08,4.23
req004703,u4575,s03,2025-08-20 11:18:22,4.42,4.69
req004704,u3020,s01,2025-08-20 11:18:23,4.31,4.75
req004705,u5020,s03,2025-08-20 11:18:24,4.42,5.44
req004706,u4238,s02,2025-08-20 11:18:25,1.49,2.31
req004707,u5070,s02,2025-08-20 11:18:26,2.48,2.86
req004708,u7188,s03,2025-08-20 11:18:27,1.29,2.14
req004709,u4288,s02,2025-08-20 11:18:28,1.31,1.99
req004710,u5775,s01,2025-08-20 11:18:29,2.7,3.58
req004711,u6289,s02,2025-08-20 11:18:30,4.82,5.25
req004712,u3827,s01,2025-08-20 11:18:31,3.16,0.0
req004713,u9750,s01,2025-08-20 11:18:32,4.34,5.6
req004714,u1508,s04,2025-08-20 11:18:33,4.72,4.9
req004715,u5403,s04,2025-08-20 11:18:34,0.89,1.73
req004716,u4597,s03,2025-08-20 11:18:35,1.23,3.03
req004717,u4094,s01,2025-08-20 11:18:36,1.81,0.0
req004718,u3914,s03,2025-08-20 11:18:37,3.28,4.18
req004719,u7328,s01,2025-08-20 11:18:38,0.78,0.0
req004720,u5223,s04,2025-08-20 11:18:39,4.04,4.98
req004721,u5544,s03,2025-08-20 11:18:40,0.79,1.02
req004722,u5372,s04,2025-08-20 11:18:41,1.21,0.0
req004723,u7135,s04,2025-08-20 11:18:42,2.22,3.47
req004724,u9367,s02,2025-08-20 11:18:43,3.01,4.89
req004725,u2561,s02,2025-08-20 11:18:44,4.47,5.12
req004726,u7639,s03,2025-08-20 11:18:45,4.84,5.69
req004727,u5947,s02,2025-08-20 11:18:46,4.48,5.7
req004728,u5478,s04,2025-08-20 11:18:47,0.98,0.0
req004729,u7812,s04,2025-08-20 11:18:48,3.34,3.62
req004730,u2571,s04,2025-08-20 11:18:49,2.49,4.4
req004731,u6378,s03,2025-08-20 11:18:50,1.07,0.0
req004732,u3590,s04,2025-08-20 11:18:51,3.0,3.99
req004733,u9263,s03,2025-08-20 11:18:52,2.1,2.42
req004734,u7719,s04,2025-08-20 11:18:53,2.06,2.8
req004735,u2857,s03,2025-08-20 11:18:54,0.93,1.74
req004736,u6371,s01,2025-08-20 11:18:55,4.9,5.66
req004737,u2790,s02,2025-08-20 11:18:56,3.77,5.19
req004738,u6925,s02,2025-08-20 11:18:57,1.76,2.52
req004739,u7761,s03,2025-08-20 11:18:58,4.63,5.35
req004740,u8640,s01,2025-08-20 11:18:59,4.77,0.0
req004741,u5942,s03,2025-08-20 11:19:00,4.15,4.86
req004742,u1298,s04,2025-08-20 11:19:01,3.47,5.05
req004743,u8974,s01,2025-08-20 11:19:02,2.19,2.88
req004744,u5133,s01,2025-08-20 11:19:03,2.45,2.58
req004745,u2564,s03,2025-08-20 11:19:04,2.55,3.34
req004746,u8190,s02,2025-08-20 11:19:05,4.77,0.0
req004747,u1478,s04,2025-08-20 11:19:06,3.92,4.55
req004748,u7940,s04,2025-08-20 11:19:07,1.81,3.64
req004749,u1268,s03,2025-08-20 11:19:08,3.31,0.0
req004750,u9891,s01,2025-08-20 11:19:09,3.17,4.18
req004751,u2624,s04,2025-08-20 11:19:10,4.15,4.7
req004752,u3280,s01,2025-08-20 11:19:11,0.93,2.9
req004753,u6635,s02,2025-08-20 11:19:12,3.66,4.23
req004754,u8203,s01,2025-08-20 11:19:13,1.99,3.54
req004755,u2016,s04,2025-08-20 11:19:14,1.08,2.41
req004756,u7437,s03,2025-08-20 11:19:15,3.79,4.77
req004757,u1502,s03,2025-08-20 11:19:16,1.99,0.0
req004758,u3544,s04,2025-08-20 11:19:17,3.79,4.66
req004759,u9699,s02,2025-08-20 11:19:18,1.23,2.99
req004760,u3714,s04,2025-08-20 11:19:19,4.94,5.94
req004761,u3423,s02,2025-08-20 11:19:20,4.12,0.0
req004762,u5350,s02,2025-08-20 11:19:21,1.8,2.61
req004763,u8174,s02,2025-08-20 11:19:22,3.83,4.6
req004764,u2096,s01,2025-08-20 11:19:23,1.11,1.73
req004765,u6113,s03,2025-08-20 11:19:24,3.44,0.0
req004766,u8798,s03,2025-08-20 11:19:25,0.77,0.0
req004767,u1842,s04,2025-08-20 11:19:26,2.0,2.88
req004768,u7713,s04,2025-08-20 11:19:27,4.9,0.0
req004769,u8998,s02,2025-08-20 11:19:28,1.04,0.0
req004770,u6724,s03,2025-08-20 11:19:29,3.19,3.52
req004771,u7431,s02,2025-08-20 11:19:30,0.82,0.0
req004772,u6395,s02,2025-08-20 11:19:31,3.51,3.73
req004773,u1539,s04,2025-08-20 11:19:32,1.75,2.88
req004774,u1299,s01,2025-08-20 11:19:33,1.89,2.85
req004775,u1309,s02,2025-08-20 11:19:34,2.02,0.0
req004776,u3991,s02,2025-08-20 11:19:35,1.42,1.85
req004777,u2854,s04,2025-08-20 11:19:36,4.74,5.04
req004778,u8386,s02,2025-08-20 11:19:37,4.58,4.95
req004779,u8303,s01,2025-08-20 11:19:38,4.42,0.0
req004780,u7904,s04,2025-08-20 11:19:39,0.98,0.0
req004781,u5971,s01,2025-08-20 11:19:40,1.55,2.25
req004782,u8289,s02,2025-08-20 11:19:41,3.26,4.22
req004783,u1114,s04,2025-08-20 11:19:42,4.87,5.34
req004784,u6083,s04,2025-08-20 11:19:43,3.22,4.76
req004785,u7711,s01,2025-08-20 11:19:44,1.97,2.44
req004786,u1470,s04,2025-08-20 11:19:45,4.18,4.52
req004787,u2344,s01,2025-08-20 11:19:46,1.11,3.1
req004788,u7611,s04,2025-08-20 11:19:47,4.47,5.42
req004789,u6591,s01,2025-08-20 11:19:48,4.89,5.31
req004790,u7526,s01,2025-08-20 11:19:49,4.85,6.65
req004791,u2136,s04,2025-08-20 11:19:50,1.16,1.7
req004792,u3321,s01,2025-08-20 11:19:51,2.97,0.0
req004793,u6085,s04,2025-08-20 11:19:52,3.13,4.99
req004794,u8150,s04,2025-08-20 11:19:53,1.38,0.0
req004795,u7745,s02,2025-08-20 11:19:54,2.96,3.29
req004796,u3203,s03,2025-08-20 11:19:55,3.41,0.0
req004797,u6443,s01,2025-08-20 11:19:56,1.98,3.68
req004798,u7753,s01,2025-08-20 11:19:57,1.92,2.37
req004799,u6682,s03,2025-08-20 11:19:58,0.77,2.65
req004800,u2052,s03,2025-08-20 11:19:59,4.81,6.0
req004801,u3305,s04,2025-08-20 11:20:00,4.12,4.58
req004802,u7089,s04,2025-08-20 11:20:01,3.92,5.63
req004803,u2088,s02,2025-08-20 11:20:02,0.6,0.0
req004804,u7913,s03,2025-08-20 11:20:03,3.31,4.15
req004805,u3219,s02,2025-08-20 11:20:04,1.31,2.8
req004806,u9223,s04,2025-08-20 11:20:05,3.48,4.8
req004807,u1481,s03,2025-08-20 11:20:06,3.3,4.76
req004808,u3867,s02,2025-08-20 11:20:07,4.33,5.08
req004809,u7258,s01,2025-08-20 11:20:08,1.65,3.53
req004810,u2789,s04,2025-08-20 11:20:09,0.62,0.0
req004811,u5502,s03,2025-08-20 11:20:10,4.61,5.77
req004812,u3933,s02,2025-08-20 11:20:11,4.59,4.84
req004813,u3492,s04,2025-08-20 11:20:12,2.55,2.78
req004814,u9615,s01,2025-08-20 11:20:13,0.85,2.35
req004815,u5790,s04,2025-08-20 11:20:14,2.74,4.45
req004816,u9177,s01,2025-08-20 11:20:15,2.86,4.28
req004817,u5702,s02,2025-08-20 11:20:16,4.2,4.83
req004818,u7300,s04,2025-08-20 11:20:17,3.73,0.0
req004819,u8973,s03,2025-08-20 11:20:18,0.82,0.0
req004820,u9543,s04,2025-08-20 11:20:19,3.67,4.2
req004821,u6633,s03,2025-08-20 11:20:20,1.11,2.28
req004822,u3004,s04,2025-08-20 11:20:21,0.9,1.37
req004823,u4448,s04,2025-08-20 11:20:22,2.29,3.11
req004824,u7917,s01,2025-08-20 11:20:23,0.85,2.14
req004825,u9643,s03,2025-08-20 11:20:24,4.23,4.87
req004826,u2207,s02,2025-08-20 11:20:25,2.58,3.39
req004827,u5490,s04,2025-08-20 11:20:26,3.14,3.92
req004828,u9841,s03,2025-08-20 11:20:27,3.1,4.07
req004829,u1358,s02,2025-08-20 11:20:28,4.9,6.28
req004830,u5505,s04,2025-08-20 11:20:29,4.62,0.0
req004831,u5367,s01,2025-08-20 11:20:30,4.32,5.91
req004832,u7163,s04,2025-08-20 11:20:31,2.22,0.0
req004833,u4800,s03,2025-08-20 11:20:32,1.15,2.51
req004834,u6515,s01,2025-08-20 11:20:33,3.16,0.0
req004835,u1639,s04,2025-08-20 11:20:34,2.48,0.0
req004836,u1697,s01,2025-08-20 11:20:35,1.51,1.66
req004837,u3196,s01,2025-08-20 11:20:36,0.94,2.74
req004838,u8375,s02,2025-08-20 11:20:37,2.46,3.66
req004839,u3245,s03,2025-08-20 11:20:38,3.43,0.0
req004840,u2532,s01,2025-08-20 11:20:39,3.31,5.16
req004841,u8317,s02,2025-08-20 11:20:40,3.98,0.0
req004842,u2667,s01,2025-08-20 11:20:41,2.6,0.0
req004843,u5368,s04,2025-08-20 11:20:42,1.95,0.0
req004844,u3037,s01,2025-08-20 11:20:43,2.92,4.85
req004845,u2730,s02,2025-08-20 11:20:44,4.89,0.0
req004846,u3194,s03,2025-08-20 11:20:45,0.7,1.69
req004847,u2789,s02,2025-08-20 11:20:46,2.88,0.0
req004848,u3958,s02,2025-08-20 11:20:47,1.98,3.82
req004849,u1666,s03,2025-08-20 11:20:48,0.97,0.0
req004850,u6679,s03,2025-08-20 11:20:49,2.46,3.25
req004851,u9553,s01,2025-08-20 11:20:50,3.39,0.0
req004852,u9227,s01,2025-08-20 11:20:51,2.88,3.47
req004853,u9246,s01,2025-08-20 11:20:52,0.63,0.87
req004854,u5773,s02,2025-08-20 11:20:53,3.11,4.07
req004855,u2105,s02,2025-08-20 11:20:54,1.54,2.95
req004856,u4211,s01,2025-08-20 11:20:55,2.04,4.0
req004857,u7402,s01,2025-08-20 11:20:56,1.9,0.0
req004858,u3759,s02,2025-08-20 11:20:57,4.36,5.45
req004859,u7145,s02,2025-08-20 11:20:58,0.71,2.21
req004860,u4447,s01,2025-08-20 11:20:59,2.07,3.87
req004861,u2487,s04,2025-08-20 11:21:00,2.28,3.41
req004862,u4630,s01,2025-08-20 11:21:01,3.28,3.7
req004863,u5938,s02,2025-08-20 11:21:02,4.05,0.0
req004864,u5181,s02,2025-08-20 11:21:03,3.77,5.48
req004865,u7947,s02,2025-08-20 11:21:04,3.89,5.08
req004866,u1450,s04,2025-08-20 11:21:05,1.37,0.0
req004867,u8637,s01,2025-08-20 11:21:06,4.6,6.14
req004868,u9390,s04,2025-08-20 11:21:07,2.36,3.71
req004869,u2129,s02,2025-08-20 11:21:08,0.55,0.77
req004870,u9369,s04,2025-08-20 11:21:09,3.51,0.0
req004871,u3623,s02,2025-08-20 11:21:10,3.22,3.64
req004872,u6531,s02,2025-08-20 11:21:11,1.07,1.71
req004873,u3097,s02,2025-08-20 11:21:12,4.82,0.0
req004874,u2777,s02,2025-08-20 11:21:13,3.03,3.67
req004875,u4869,s02,2025-08-20 11:21:14,2.61,0.0
req004876,u9914,s01,2025-08-20 11:21:15,2.29,0.0
req004877,u6612,s01,2025-08-20 11:21:16,1.44,3.13
req004878,u3682,s02,2025-08-20 11:21:17,4.79,6.03
req004879,u3194,s02,2025-08-20 11:21:18,3.66,0.0
req004880,u3721,s02,2025-08-20 11:21:19,3.05,0.0
req004881,u4575,s03,2025-08-20 11:21:20,3.34,0.0
req004882,u2992,s02,2025-08-20 11:21:21,4.28,4.54
req004883,u2073,s01,2025-08-20 11:21:22,3.36,0.0
req004884,u6097,s02,2025-08-20 11:21:23,1.02,0.0
req004885,u4034,s03,2025-08-20 11:21:24,3.64,4.48
req004886,u4682,s01,2025-08-20 11:21:25,3.04,4.2
req004887,u2299,s01,2025-08-20 11:21:26,4.85,0.0
req004888,u2299,s04,2025-08-20 11:21:27,3.8,0.0
req004889,u6938,s02,2025-08-20 11:21:28,2.05,2.63
req004890,u6092,s02,2025-08-20 11:21:29,1.11,1.29
req004891,u8915,s03,2025-08-20 11:21:30,2.67,3.49
req004892,u8407,s01,2025-08-20 11:21:31,3.56,4.54
req004893,u1139,s04,2025-08-20 11:21:32,1.3,0.0
req004894,u5220,s03,2025-08-20 11:21:33,3.42,5.24
req004895,u9739,s04,2025-08-20 11:21:34,4.22,0.0
req004896,u9358,s01,2025-08-20 11:21:35,1.21,3.04
req004897,u4730,s01,2025-08-20 11:21:36,3.68,0.0
req004898,u2280,s04,2025-08-20 11:21:37,0.81,1.86
req004899,u3849,s03,2025-08-20 11:21:38,0.54,1.54
req004900,u1283,s02,2025-08-20 11:21:39,0.65,0.0
req004901,u7205,s03,2025-08-20 11:21:40,3.34,0.0
req004902,u1583,s04,2025-08-20 11:21:41,4.88,6.2
req004903,u6146,s04,2025-08-20 11:21:42,3.97,4.56
req004904,u4768,s01,2025-08-20 11:21:43,1.64,2.28
req004905,u6604,s02,2025-08-20 11:21:44,0.82,0.0
req004906,u6078,s01,2025-08-20 11:21:45,3.27,3.37
req004907,u5005,s02,2025-08-20 11:21:46,0.51,0.0
req004908,u3734,s04,2025-08-20 11:21:47,4.07,4.32
req004909,u9427,s04,2025-08-20 11:21:48,1.59,2.03
req004910,u5536,s01,2025-08-20 11:21:49,1.85,3.17
req004911,u6682,s03,2025-08-20 11:21:50,2.05,2.55
req004912,u2254,s03,2025-08-20 11:21:51,3.94,4.28
req004913,u3131,s01,2025-08-20 11:21:52,1.7,2.97
req004914,u4424,s02,2025-08-20 11:21:53,1.78,3.12
req004915,u9777,s01,2025-08-20 11:21:54,2.93,3.14
req004916,u8505,s02,2025-08-20 11:21:55,2.58,4.15
req004917,u9550,s04,2025-08-20 11:21:56,4.8,6.05
req004918,u9362,s02,2025-08-20 11:21:57,1.69,2.54
req004919,u5429,s04,2025-08-20 11:21:58,0.91,0.0
req004920,u4307,s02,2025-08-20 11:21:59,2.93,4.9
req004921,u2256,s04,2025-08-20 11:22:00,1.33,1.45
req004922,u1054,s02,2025-08-20 11:22:01,2.36,3.5
req004923,u8179,s03,2025-08-20 11:22:02,1.34,1.74
req004924,u5794,s02,2025-08-20 11:22:03,4.46,5.19
req004925,u2313,s02,2025-08-20 11:22:04,1.97,2.32
req004926,u5305,s04,2025-08-20 11:22:05,3.99,5.36
req004927,u9642,s03,2025-08-20 11:22:06,4.77,5.63
req004928,u8391,s03,2025-08-20 11:22:07,4.73,6.7
req004929,u7792,s02,2025-08-20 11:22:08,2.86,0.0
req004930,u5605,s04,2025-08-20 11:22:09,4.92,0.0
req004931,u3926,s03,2025-08-20 11:22:10,3.45,0.0
req004932,u8239,s01,2025-08-20 11:22:11,1.08,2.42
req004933,u4553,s01,2025-08-20 11:22:12,4.5,6.34
req004934,u1074,s02,2025-08-20 11:22:13,2.61,0.0
req004935,u1100,s04,2025-08-20 11:22:14,1.19,0.0
req004936,u3733,s03,2025-08-20 11:22:15,4.06,4.62
req004937,u1854,s01,2025-08-20 11:22:16,3.31,4.02
req004938,u2660,s03,2025-08-20 11:22:17,4.47,0.0
req004939,u9735,s04,2025-08-20 11:22:18,4.22,5.01
req004940,u8963,s03,2025-08-20 11:22:19,1.94,3.63
req004941,u1996,s02,2025-08-20 11:22:20,1.65,0.0
req004942,u7852,s02,2025-08-20 11:22:21,3.8,4.3
req004943,u9914,s01,2025-08-20 11:22:22,3.08,4.98
req004944,u4229,s04,2025-08-20 11:22:23,0.81,0.0
req004945,u3421,s03,2025-08-20 11:22:24,1.32,1.5
req004946,u3421,s02,2025-08-20 11:22:25,1.18,0.0
req004947,u5450,s01,2025-08-20 11:22:26,3.15,0.0
req004948,u1915,s02,2025-08-20 11:22:27,0.89,2.68
req004949,u2304,s03,2025-08-20 11:22:28,1.43,0.0
req004950,u2885,s02,2025-08-20 11:22:29,2.95,3.91
req004951,u7183,s02,2025-08-20 11:22:30,1.1,2.2
req004952,u3831,s04,2025-08-20 11:22:31,1.62,0.0
req004953,u9352,s01,2025-08-20 11:22:32,4.58,6.58
req004954,u1334,s04,2025-08-20 11:22:33,3.64,5.39
req004955,u2438,s03,2025-08-20 11:22:34,1.88,3.7
req004956,u7807,s03,2025-08-20 11:22:35,4.45,5.66
req004957,u9858,s03,2025-08-20 11:22:36,1.63,3.55
req004958,u1564,s04,2025-08-20 11:22:37,3.15,4.56
req004959,u8607,s02,2025-08-20 11:22:38,2.16,3.82
req004960,u4963,s03,2025-08-20 11:22:39,3.88,5.35
req004961,u3814,s03,2025-08-20 11:22:40,2.17,0.0
req004962,u9496,s03,2025-08-20 11:22:41,1.62,3.2
req004963,u2715,s01,2025-08-20 11:22:42,3.23,4.54
req004964,u8597,s02,2025-08-20 11:22:43,3.85,5.33
req004965,u7009,s02,2025-08-20 11:22:44,2.91,3.84
req004966,u1524,s02,2025-08-20 11:22:45,3.72,5.16
req004967,u8448,s04,2025-08-20 11:22:46,2.4,3.03
req004968,u9040,s04,2025-08-20 11:22:47,4.08,0.0
req004969,u3462,s01,2025-08-20 11:22:48,3.13,4.44
req004970,u2215,s04,2025-08-20 11:22:49,1.38,0.0
req004971,u9250,s02,2025-08-20 11:22:50,4.51,0.0
req004972,u1303,s03,2025-08-20 11:22:51,4.27,0.0
req004973,u8059,s02,2025-08-20 11:22:52,4.84,5.94
req004974,u7868,s02,2025-08-20 11:22:53,3.06,4.87
req004975,u6737,s01,2025-08-20 11:22:54,3.54,4.92
req004976,u1915,s01,2025-08-20 11:22:55,4.39,0.0
req004977,u6476,s04,2025-08-20 11:22:56,0.74,1.97
req004978,u7974,s02,2025-08-20 11:22:57,4.6,5.29
req004979,u6925,s02,2025-08-20 11:22:58,1.72,3.46
req004980,u7068,s03,2025-08-20 11:22:59,0.76,0.96
req004981,u4823,s03,2025-08-20 11:23:00,1.57,3.38
req004982,u5580,s03,2025-08-20 11:23:01,3.14,4.48
req004983,u1376,s02,2025-08-20 11:23:02,0.72,1.18
req004984,u1822,s01,2025-08-20 11:23:03,0.5,0.0
req004985,u3458,s03,2025-08-20 11:23:04,3.38,5.2
req004986,u8134,s03,2025-08-20 11:23:05,2.54,0.0
req004987,u9078,s02,2025-08-20 11:23:06,4.3,0.0
req004988,u2353,s03,2025-08-20 11:23:07,1.66,2.38
req004989,u7750,s02,2025-08-20 11:23:08,1.76,0.0
req004990,u2125,s01,2025-08-20 11:23:09,0.85,0.0
req004991,u8448,s03,2025-08-20 11:23:10,2.92,3.34
req004992,u3208,s02,2025-08-20 11:23:11,2.15,2.86
req004993,u8493,s04,2025-08-20 11:23:12,2.03,3.96
req004994,u8290,s04,2025-08-20 11:23:13,2.56,4.09
req004995,u6202,s02,2025-08-20 11:23:14,4.32,6.16
req004996,u4834,s01,2025-08-20 11:23:15,0.97,0.0
req004997,u6423,s04,2025-08-20 11:23:16,2.86,3.53
req004998,u5244,s04,2025-08-20 11:23:17,1.38,0.0
req004999,u4441,s01,2025-08-20 11:23:18,1.46,0.0
req005000,u2533,s02,2025-08-20 11:23:19,1.66,1.92
req005001,u8008,s01,2025-08-20 11:23:20,2.57,3.74
req005002,u2539,s04,2025-08-20 11:23:21,2.72,3.74
req005003,u2205,s04,2025-08-20 11:23:22,4.42,5.89
req005004,u9845,s02,2025-08-20 11:23:23,4.51,5.64
req005005,u7670,s03,2025-08-20 11:23:24,3.14,3.99
req005006,u9473,s03,2025-08-20 11:23:25,1.77,0.0
req005007,u2817,s01,2025-08-20 11:23:26,4.18,4.29
req005008,u5571,s01,2025-08-20 11:23:27,4.07,0.0
req005009,u3820,s02,2025-08-20 11:23:28,4.09,5.08
req005010,u2892,s02,2025-08-20 11:23:29,0.57,0.9
req005011,u9307,s01,2025-08-20 11:23:30,3.89,5.74
req005012,u7063,s02,2025-08-20 11:23:31,4.34,6.19
req005013,u3953,s04,2025-08-20 11:23:32,3.22,4.85
req005014,u4956,s04,2025-08-20 11:23:33,3.88,4.28
req005015,u1844,s04,2025-08-20 11:23:34,3.99,4.37
req005016,u1408,s03,2025-08-20 11:23:35,2.78,3.95
req005017,u5834,s01,2025-08-20 11:23:36,4.16,5.64
req005018,u5497,s02,2025-08-20 11:23:37,4.07,5.89
req005019,u3372,s04,2025-08-20 11:23:38,4.62,6.42
req005020,u3568,s01,2025-08-20 11:23:39,4.65,5.05
req005021,u5366,s03,2025-08-20 11:23:40,2.88,4.87
req005022,u7761,s04,2025-08-20 11:23:41,0.64,1.04
req005023,u8670,s01,2025-08-20 11:23:42,0.59,2.29
req005024,u7570,s02,2025-08-20 11:23:43,4.73,5.95
req005025,u2670,s04,2025-08-20 11:23:44,2.02,3.41
req005026,u7679,s02,2025-08-20 11:23:45,2.2,3.45
req005027,u7735,s01,2025-08-20 11:23:46,2.61,4.36
req005028,u3042,s02,2025-08-20 11:23:47,1.7,3.01
req005029,u2908,s02,2025-08-20 11:23:48,3.16,0.0
req005030,u9773,s01,2025-08-20 11:23:49,4.03,5.74
req005031,u7097,s01,2025-08-20 11:23:50,1.66,2.05
req005032,u8591,s01,2025-08-20 11:23:51,3.84,5.59
req005033,u1594,s01,2025-08-20 11:23:52,3.52,5.51
req005034,u1810,s02,2025-08-20 11:23:53,2.87,4.23
req005035,u2532,s01,2025-08-20 11:23:54,1.96,3.92
req005036,u1333,s01,2025-08-20 11:23:55,4.43,0.0
req005037,u3570,s01,2025-08-20 11:23:56,2.31,2.83
req005038,u1981,s01,2025-08-20 11:23:57,2.19,3.87
req005039,u8785,s01,2025-08-20 11:23:58,3.39,3.81
req005040,u4783,s01,2025-08-20 11:23:59,4.64,5.72
req005041,u8259,s02,2025-08-20 11:24:00,2.79,4.15
req005042,u8154,s02,2025-08-20 11:24:01,3.75,5.1
req005043,u7580,s01,2025-08-20 11:24:02,2.56,3.93
req005044,u6269,s01,2025-08-20 11:24:03,1.48,2.19
req005045,u6882,s02,2025-08-20 11:24:04,1.06,3.01
req005046,u8755,s04,2025-08-20 11:24:05,1.11,1.22
req005047,u2888,s01,2025-08-20 11:24:06,0.6,1.88
req005048,u6504,s03,2025-08-20 11:24:07,2.99,4.74
req005049,u6428,s01,2025-08-20 11:24:08,1.09,2.88
req005050,u8905,s03,2025-08-20 11:24:09,4.4,5.87
req005051,u3705,s01,2025-08-20 11:24:10,4.92,6.11
req005052,u1701,s04,2025-08-20 11:24:11,2.73,3.7
req005053,u4127,s02,2025-08-20 11:24:12,2.52,3.47
req005054,u5347,s04,2025-08-20 11:24:13,2.07,2.98
req005055,u2133,s03,2025-08-20 11:24:14,3.37,4.8
req005056,u4762,s03,2025-08-20 11:24:15,3.24,4.73
req005057,u9952,s01,2025-08-20 11:24:16,2.05,3.13
req005058,u7852,s01,2025-08-20 11:24:17,2.04,3.55
req005059,u6137,s04,2025-08-20 11:24:18,3.4,4.5
req005060,u2176,s02,2025-08-20 11:24:19,3.0,3.28
req005061,u8601,s03,2025-08-20 11:24:20,3.73,5.45
req005062,u7303,s02,2025-08-20 11:24:21,4.74,0.0
req005063,u9134,s03,2025-08-20 11:24:22,4.01,5.76
req005064,u4769,s03,2025-08-20 11:24:23,1.87,0.0
req005065,u8822,s03,2025-08-20 11:24:24,3.92,4.53
req005066,u3435,s02,2025-08-20 11:24:25,2.53,4.12
req005067,u8947,s04,2025-08-20 11:24:26,4.0,5.07
req005068,u3790,s01,2025-08-20 11:24:27,4.49,4.83
req005069,u6644,s04,2025-08-20 11:24:28,1.62,2.48
req005070,u1465,s01,2025-08-20 11:24:29,1.57,1.82
req005071,u7525,s03,2025-08-20 11:24:30,2.45,4.04
req005072,u4134,s03,2025-08-20 11:24:31,0.73,1.2
req005073,u6640,s02,2025-08-20 11:24:32,3.59,0.0
req005074,u4588,s02,2025-08-20 11:24:33,3.87,0.0
req005075,u2982,s01,2025-08-20 11:24:34,2.05,0.0
req005076,u3563,s03,2025-08-20 11:24:35,2.59,3.0
req005077,u2921,s02,2025-08-20 11:24:36,3.16,0.0
req005078,u6895,s02,2025-08-20 11:24:37,0.83,0.0
req005079,u2217,s02,2025-08-20 11:24:38,3.7,4.2
req005080,u1762,s04,2025-08-20 11:24:39,2.87,3.4
req005081,u1496,s01,2025-08-20 11:24:40,3.31,4.69
req005082,u2773,s03,2025-08-20 11:24:41,3.76,5.07
req005083,u3861,s04,2025-08-20 11:24:42,3.54,3.89
req005084,u9635,s03,2025-08-20 11:24:43,0.93,2.41
req005085,u3977,s03,2025-08-20 11:24:44,4.02,4.78
req005086,u5478,s03,2025-08-20 11:24:45,3.25,4.22
req005087,u9565,s04,2025-08-20 11:24:46,3.72,4.06
req005088,u8086,s02,2025-08-20 11:24:47,1.68,3.13
req005089,u2539,s02,2025-08-20 11:24:48,1.5,2.31
req005090,u4571,s03,2025-08-20 11:24:49,4.22,5.52
req005091,u2365,s02,2025-08-20 11:24:50,2.26,0.0
req005092,u2588,s03,2025-08-20 11:24:51,3.09,4.0
req005093,u1001,s04,2025-08-20 11:24:52,2.98,0.0
req005094,u4113,s04,2025-08-20 11:24:53,3.13,3.32
req005095,u6346,s01,2025-08-20 11:24:54,0.81,0.0
req005096,u9517,s03,2025-08-20 11:24:55,1.86,3.3
req005097,u1430,s04,2025-08-20 11:24:56,0.8,1.95
req005098,u8448,s02,2025-08-20 11:24:57,2.66,0.0
req005099,u8621,s03,2025-08-20 11:24:58,4.56,5.49
req005100,u2401,s03,2025-08-20 11:24:59,2.25,2.73
req005101,u1928,s02,2025-08-20 11:25:00,4.02,0.0
req005102,u2511,s02,2025-08-20 11:25:01,1.79,0.0
req005103,u3721,s01,2025-08-20 11:25:02,4.35,5.64
req005104,u1948,s01,2025-08-20 11:25:03,2.39,3.01
req005105,u5157,s01,2025-08-20 11:25:04,2.1,0.0
req005106,u6594,s01,2025-08-20 11:25:05,3.64,4.56
req005107,u4761,s03,2025-08-20 11:25:06,2.81,3.02
req005108,u9378,s02,2025-08-20 11:25:07,2.02,0.0
req005109,u8794,s01,2025-08-20 11:25:08,0.76,0.0
req005110,u6897,s01,2025-08-20 11:25:09,1.25,0.0
req005111,u7170,s01,2025-08-20 11:25:10,3.98,5.56
req005112,u4699,s04,2025-08-20 11:25:11,4.64,4.91
req005113,u9547,s01,2025-08-20 11:25:12,1.26,3.05
req005114,u5957,s04,2025-08-20 11:25:13,3.06,4.81
req005115,u6279,s01,2025-08-20 11:25:14,0.65,0.0
req005116,u5093,s04,2025-08-20 11:25:15,1.81,3.76
req005117,u6336,s04,2025-08-20 11:25:16,2.52,4.35
req005118,u5515,s01,2025-08-20 11:25:17,3.81,0.0
req005119,u7405,s03,2025-08-20 11:25:18,0.7,2.65
req005120,u9959,s02,2025-08-20 11:25:19,4.02,0.0
req005121,u2859,s01,2025-08-20 11:25:20,1.41,0.0
req005122,u7837,s02,2025-08-20 11:25:21,3.92,5.71
req005123,u7295,s03,2025-08-20 11:25:22,3.31,0.0
req005124,u3834,s01,2025-08-20 11:25:23,2.03,0.0
req005125,u4148,s02,2025-08-20 11:25:24,3.76,0.0
req005126,u1774,s03,2025-08-20 11:25:25,1.56,1.87
req005127,u1148,s01,2025-08-20 11:25:26,1.49,2.42
req005128,u4120,s01,2025-08-20 11:25:27,0.78,1.02
req005129,u8269,s03,2025-08-20 11:25:28,2.27,0.0
req005130,u4818,s03,2025-08-20 11:25:29,0.94,0.0
req005131,u7405,s02,2025-08-20 11:25:30,2.39,3.53
req005132,u4221,s02,2025-08-20 11:25:31,0.54,0.0
req005133,u8627,s02,2025-08-20 11:25:32,1.2,2.31
req005134,u6637,s03,2025-08-20 11:25:33,4.7,6.55
req005135,u8838,s04,2025-08-20 11:25:34,4.08,6.02
req005136,u1586,s03,2025-08-20 11:25:35,1.56,2.15
req005137,u9489,s01,2025-08-20 11:25:36,3.73,4.94
req005138,u2142,s03,2025-08-20 11:25:37,3.51,4.49
req005139,u6426,s01,2025-08-20 11:25:38,1.3,2.44
req005140,u2044,s01,2025-08-20 11:25:39,2.17,0.0
req005141,u9816,s02,2025-08-20 11:25:40,4.61,5.72
req005142,u1201,s03,2025-08-20 11:25:41,3.82,0.0
req005143,u8461,s02,2025-08-20 11:25:42,3.92,5.76
req005144,u9110,s01,2025-08-20 11:25:43,3.04,4.84
req005145,u9861,s03,2025-08-20 11:25:44,3.49,3.82
req005146,u4708,s01,2025-08-20 11:25:45,2.79,0.0
req005147,u4509,s03,2025-08-20 11:25:46,3.83,4.59
req005148,u7992,s04,2025-08-20 11:25:47,3.8,5.33
req005149,u9625,s02,2025-08-20 11:25:48,0.64,0.0
req005150,u4032,s01,2025-08-20 11:25:49,3.34,4.74
req005151,u7725,s03,2025-08-20 11:25:50,3.33,4.63
req005152,u2045,s02,2025-08-20 11:25:51,0.8,0.0
req005153,u5762,s04,2025-08-20 11:25:52,2.35,4.34
req005154,u5961,s01,2025-08-20 11:25:53,4.54,0.0
req005155,u7496,s03,2025-08-20 11:25:54,4.79,0.0
req005156,u5329,s03,2025-08-20 11:25:55,4.02,4.76
req005157,u6822,s04,2025-08-20 11:25:56,1.18,0.0
req005158,u6970,s02,2025-08-20 11:25:57,2.19,3.27
req005159,u8343,s04,2025-08-20 11:25:58,1.32,3.28
req005160,u6743,s04,2025-08-20 11:25:59,3.43,4.85
req005161,u4639,s03,2025-08-20 11:26:00,3.98,5.31
req005162,u2090,s01,2025-08-20 11:26:01,4.48,4.87
req005163,u2009,s01,2025-08-20 11:26:02,4.37,0.0
req005164,u1719,s04,2025-08-20 11:26:03,0.95,1.52
req005165,u3226,s02,2025-08-20 11:26:04,1.07,0.0
req005166,u7720,s02,2025-08-20 11:26:05,4.59,0.0
req005167,u8010,s04,2025-08-20 11:26:06,4.3,0.0
req005168,u8265,s01,2025-08-20 11:26:07,2.57,3.39
req005169,u6076,s02,2025-08-20 11:26:08,2.44,3.42
req005170,u3992,s04,2025-08-20 11:26:09,2.99,4.03
req005171,u8772,s02,2025-08-20 11:26:10,3.18,4.99
req005172,u6228,s03,2025-08-20 11:26:11,1.64,1.94
req005173,u8282,s02,2025-08-20 11:26:12,2.32,0.0
req005174,u2160,s03,2025-08-20 11:26:13,3.29,3.86
req005175,u5479,s01,2025-08-20 11:26:14,1.43,1.8
req005176,u9575,s01,2025-08-20 11:26:15,4.99,6.49
req005177,u2028,s04,2025-08-20 11:26:16,1.77,3.71
req005178,u3882,s02,2025-08-20 11:26:17,2.99,4.79
req005179,u7109,s03,2025-08-20 11:26:18,2.99,0.0
req005180,u6729,s02,2025-08-20 11:26:19,2.53,0.0
req005181,u3153,s02,2025-08-20 11:26:20,1.59,3.06
req005182,u2600,s03,2025-08-20 11:26:21,3.04,3.18
req005183,u7642,s03,2025-08-20 11:26:22,0.91,0.0
req005184,u6654,s03,2025-08-20 11:26:23,2.24,0.0
req005185,u4321,s01,2025-08-20 11:26:24,1.51,2.27
req005186,u9119,s03,2025-08-20 11:26:25,1.06,2.8
req005187,u5098,s03,2025-08-20 11:26:26,4.66,6.0
req005188,u5515,s03,2025-08-20 11:26:27,3.65,4.15
req005189,u8396,s04,2025-08-20 11:26:28,1.26,2.25
req005190,u5120,s02,2025-08-20 11:26:29,4.77,5.04
req005191,u1159,s02,2025-08-20 11:26:30,1.47,2.56
req005192,u2076,s01,2025-08-20 11:26:31,1.56,3.37
req005193,u6468,s02,2025-08-20 11:26:32,1.1,1.27
req005194,u7764,s04,2025-08-20 11:26:33,3.78,0.0
req005195,u7833,s01,2025-08-20 11:26:34,3.07,4.34
req005196,u9623,s01,2025-08-20 11:26:35,0.76,0.0
req005197,u5629,s04,2025-08-20 11:26:36,0.61,0.0
req005198,u3813,s02,2025-08-20 11:26:37,2.9,0.0
req005199,u8284,s04,2025-08-20 11:26:38,3.43,3.97
req005200,u3616,s04,2025-08-20 11:26:39,4.2,6.18
req005201,u6909,s01,2025-08-20 11:26:40,2.65,2.87
req005202,u5196,s01,2025-08-20 11:26:41,3.54,0.0
req005203,u6422,s03,2025-08-20 11:26:42,3.8,5.07
req005204,u3772,s03,2025-08-20 11:26:43,3.26,0.0
req005205,u9679,s04,2025-08-20 11:26:44,2.08,2.67
req005206,u4101,s04,2025-08-20 11:26:45,1.09,2.87
req005207,u3441,s01,2025-08-20 11:26:46,3.41,3.74
req005208,u5495,s04,2025-08-20 11:26:47,3.96,0.0
req005209,u1478,s04,2025-08-20 11:26:48,1.35,0.0
req005210,u3265,s04,2025-08-20 11:26:49,2.73,3.65
req005211,u4085,s02,2025-08-20 11:26:50,2.29,2.74
req005212,u1530,s04,2025-08-20 11:26:51,1.43,3.05
req005213,u9543,s04,2025-08-20 11:26:52,1.6,2.37
req005214,u2196,s03,2025-08-20 11:26:53,1.57,2.02
req005215,u3234,s02,2025-08-20 11:26:54,2.39,0.0
req005216,u3655,s02,2025-08-20 11:26:55,2.26,3.74
req005217,u5621,s02,2025-08-20 11:26:56,2.99,4.64
req005218,u4187,s03,2025-08-20 11:26:57,0.92,0.0
req005219,u8209,s02,2025-08-20 11:26:58,3.12,0.0
req005220,u2723,s03,2025-08-20 11:26:59,0.6,1.58
req005221,u6127,s01,2025-08-20 11:27:00,1.66,2.48
req005222,u1593,s03,2025-08-20 11:27:01,2.76,4.06
req005223,u2753,s04,2025-08-20 11:27:02,3.59,4.93
req005224,u1781,s02,2025-08-20 11:27:03,3.97,0.0
req005225,u3433,s03,2025-08-20 11:27:04,0.66,2.02
req005226,u5044,s02,2025-08-20 11:27:05,2.92,3.54
req005227,u5890,s03,2025-08-20 11:27:06,2.09,3.98
req005228,u2902,s03,2025-08-20 11:27:07,3.63,4.14
req005229,u6056,s01,2025-08-20 11:27:08,1.78,2.59
req005230,u3136,s02,2025-08-20 11:27:09,3.85,4.49
req005231,u1919,s01,2025-08-20 11:27:10,3.21,5.08
req005232,u2011,s03,2025-08-20 11:27:11,4.05,5.72
req005233,u5958,s02,2025-08-20 11:27:12,4.93,6.57
req005234,u1663,s03,2025-08-20 11:27:13,4.59,0.0
req005235,u2991,s02,2025-08-20 11:27:14,3.17,3.28
req005236,u8239,s01,2025-08-20 11:27:15,4.52,5.92
req005237,u8911,s02,2025-08-20 11:27:16,1.19,1.73
req005238,u5263,s01,2025-08-20 11:27:17,0.69,2.63
req005239,u2599,s02,2025-08-20 11:27:18,2.9,4.01
req005240,u3866,s03,2025-08-20 11:27:19,4.88,6.05
req005241,u9346,s02,2025-08-20 11:27:20,3.69,0.0
req005242,u4319,s01,2025-08-20 11:27:21,1.87,0.0
req005243,u3301,s03,2025-08-20 11:27:22,3.51,0.0
req005244,u5845,s03,2025-08-20 11:27:23,0.68,1.46
req005245,u7063,s04,2025-08-20 11:27:24,2.62,0.0
req005246,u2587,s03,2025-08-20 11:27:25,1.57,2.69
req005247,u2832,s01,2025-08-20 11:27:26,0.72,2.24
req005248,u1099,s04,2025-08-20 11:27:27,1.62,2.79
req005249,u7991,s03,2025-08-20 11:27:28,3.75,5.07
req005250,u8396,s02,2025-08-20 11:27:29,2.98,3.98
req005251,u1505,s01,2025-08-20 11:27:30,0.61,2.07
req005252,u3902,s02,2025-08-20 11:27:31,2.34,0.0
req005253,u5851,s04,2025-08-20 11:27:32,3.88,5.69
req005254,u2047,s02,2025-08-20 11:27:33,4.8,0.0
req005255,u2200,s01,2025-08-20 11:27:34,4.43,4.63
req005256,u7784,s04,2025-08-20 11:27:35,0.51,0.0
req005257,u4657,s02,2025-08-20 11:27:36,1.48,0.0
req005258,u5891,s01,2025-08-20 11:27:37,1.43,1.73
req005259,u8491,s03,2025-08-20 11:27:38,2.36,0.0
req005260,u8421,s03,2025-08-20 11:27:39,3.41,0.0
req005261,u8590,s04,2025-08-20 11:27:40,1.19,2.59
req005262,u7786,s02,2025-08-20 11:27:41,4.62,5.44
req005263,u3343,s04,2025-08-20 11:27:42,4.0,4.64
req005264,u8734,s03,2025-08-20 11:27:43,2.39,2.83
req005265,u5471,s03,2025-08-20 11:27:44,3.13,4.32
req005266,u7377,s02,2025-08-20 11:27:45,2.94,3.7
req005267,u8224,s03,2025-08-20 11:27:46,3.12,4.19
req005268,u4423,s04,2025-08-20 11:27:47,4.37,6.29
req005269,u1032,s04,2025-08-20 11:27:48,1.4,2.94
req005270,u8566,s01,2025-08-20 11:27:49,3.58,5.19
req005271,u3406,s01,2025-08-20 11:27:50,0.98,1.32
req005272,u2932,s03,2025-08-20 11:27:51,2.57,0.0
req005273,u8956,s04,2025-08-20 11:27:52,3.36,4.08
req005274,u3877,s01,2025-08-20 11:27:53,0.56,0.0
req005275,u2200,s01,2025-08-20 11:27:54,0.99,0.0
req005276,u3233,s04,2025-08-20 11:27:55,0.91,1.21
req005277,u8925,s01,2025-08-20 11:27:56,2.19,0.0
req005278,u1457,s01,2025-08-20 11:27:57,3.3,5.24
req005279,u1910,s01,2025-08-20 11:27:58,4.98,6.38
req005280,u7625,s04,2025-08-20 11:27:59,1.64,1.78
req005281,u9404,s03,2025-08-20 11:28:00,1.11,0.0
req005282,u5144,s03,2025-08-20 11:28:01,2.37,3.37
req005283,u7447,s02,2025-08-20 11:28:02,1.16,1.76
req005284,u5760,s03,2025-08-20 11:28:03,0.61,1.74
req005285,u3911,s03,2025-08-20 11:28:04,3.04,0.0
req005286,u9731,s04,2025-08-20 11:28:05,4.46,4.9
req005287,u9185,s01,2025-08-20 11:28:06,4.37,4.58
req005288,u5063,s03,2025-08-20 11:28:07,0.95,1.66
req005289,u5932,s01,2025-08-20 11:28:08,1.16,1.82
req005290,u6992,s03,2025-08-20 11:28:09,2.71,0.0
req005291,u8242,s03,2025-08-20 11:28:10,2.15,3.61
req005292,u7341,s01,2025-08-20 11:28:11,3.66,0.0
req005293,u4125,s01,2025-08-20 11:28:12,2.73,3.73
req005294,u6984,s01,2025-08-20 11:28:13,0.59,1.24
req005295,u9403,s01,2025-08-20 11:28:14,1.78,2.96
req005296,u8520,s02,2025-08-20 11:28:15,4.56,4.8
req005297,u4160,s01,2025-08-20 11:28:16,2.8,4.16
req005298,u2591,s04,2025-08-20 11:28:17,4.09,4.47
req005299,u2430,s01,2025-08-20 11:28:18,2.31,2.94
req005300,u2399,s03,2025-08-20 11:28:19,3.55,0.0
req005301,u4524,s03,2025-08-20 11:28:20,1.26,1.9
req005302,u6993,s04,2025-08-20 11:28:21,3.81,0.0
req005303,u5724,s01,2025-08-20 11:28:22,4.04,5.03
req005304,u3954,s01,2025-08-20 11:28:23,0.91,0.0
req005305,u6136,s03,2025-08-20 11:28:24,1.32,3.23
req005306,u7268,s04,2025-08-20 11:28:25,2.58,3.3
req005307,u8696,s04,2025-08-20 11:28:26,3.37,4.0
req005308,u5491,s01,2025-08-20 11:28:27,3.37,0.0
req005309,u6238,s02,2025-08-20 11:28:28,3.51,3.93
req005310,u7680,s04,2025-08-20 11:28:29,3.71,0.0
req005311,u5764,s01,2025-08-20 11:28:30,2.78,3.62
req005312,u6116,s02,2025-08-20 11:28:31,3.09,3.54
req005313,u4676,s01,2025-08-20 11:28:32,0.54,0.9
req005314,u2964,s01,2025-08-20 11:28:33,1.25,2.98
req005315,u4367,s03,2025-08-20 11:28:34,2.74,2.94
req005316,u3686,s02,2025-08-20 11:28:35,3.86,0.0
req005317,u9788,s04,2025-08-20 11:28:36,4.14,5.59
req005318,u2809,s01,2025-08-20 11:28:37,3.78,4.26
req005319,u7120,s01,2025-08-20 11:28:38,2.69,2.81
req005320,u7327,s01,2025-08-20 11:28:39,1.77,3.38
req005321,u2274,s02,2025-08-20 11:28:40,2.5,3.93
req005322,u4324,s04,2025-08-20 11:28:41,0.54,0.0
req005323,u7880,s04,2025-08-20 11:28:42,3.19,3.93
req005324,u9193,s04,2025-08-20 11:28:43,0.84,1.09
req005325,u4041,s01,2025-08-20 11:28:44,1.15,1.94
req005326,u4592,s04,2025-08-20 11:28:45,3.32,0.0
req005327,u4859,s02,2025-08-20 11:28:46,0.56,0.0
req005328,u3380,s02,2025-08-20 11:28:47,3.08,0.0
req005329,u1561,s04,2025-08-20 11:28:48,3.37,3.81
req005330,u5781,s01,2025-08-20 11:28:49,4.05,5.92
req005331,u8054,s03,2025-08-20 11:28:50,0.81,1.92
req005332,u1062,s03,2025-08-20 11:28:51,0.51,2.44
req005333,u9477,s03,2025-08-20 11:28:52,3.95,4.72
req005334,u5798,s04,2025-08-20 11:28:53,1.81,2.97
req005335,u7327,s01,2025-08-20 11:28:54,4.49,4.95
req005336,u8242,s04,2025-08-20 11:28:55,1.33,2.97
req005337,u5872,s03,2025-08-20 11:28:56,3.13,3.31
req005338,u1549,s03,2025-08-20 11:28:57,0.99,2.41
req005339,u8703,s01,2025-08-20 11:28:58,2.31,3.15
req005340,u3183,s03,2025-08-20 11:28:59,4.47,5.67
req005341,u5714,s02,2025-08-20 11:29:00,3.24,4.47
req005342,u9660,s03,2025-08-20 11:29:01,3.6,5.05
req005343,u1751,s02,2025-08-20 11:29:02,1.52,2.01
req005344,u2781,s04,2025-08-20 11:29:03,4.65,5.76
req005345,u9417,s03,2025-08-20 11:29:04,3.31,4.22
req005346,u8826,s01,2025-08-20 11:29:05,0.98,0.0
req005347,u8917,s01,2025-08-20 11:29:06,0.57,1.21
req005348,u2676,s01,2025-08-20 11:29:07,0.57,1.61
req005349,u8997,s04,2025-08-20 11:29:08,0.73,0.0
req005350,u1363,s01,2025-08-20 11:29:09,4.6,0.0
req005351,u9859,s03,2025-08-20 11:29:10,2.11,0.0
req005352,u5162,s02,2025-08-20 11:29:11,1.84,0.0
req005353,u2332,s04,2025-08-20 11:29:12,2.37,4.28
req005354,u6221,s03,2025-08-20 11:29:13,2.34,4.24
req005355,u3616,s03,2025-08-20 11:29:14,1.57,2.2
req005356,u9031,s02,2025-08-20 11:29:15,0.91,0.0
req005357,u8400,s01,2025-08-20 11:29:16,0.99,0.0
req005358,u2736,s04,2025-08-20 11:29:17,3.2,4.98
req005359,u2185,s02,2025-08-20 11:29:18,2.29,4.06
req005360,u6880,s02,2025-08-20 11:29:19,4.56,5.13
req005361,u3656,s01,2025-08-20 11:29:20,2.59,3.83
req005362,u9083,s01,2025-08-20 11:29:21,2.77,4.52
req005363,u6268,s02,2025-08-20 11:29:22,4.68,0.0
req005364,u1230,s01,2025-08-20 11:29:23,2.76,0.0
req005365,u8631,s01,2025-08-20 11:29:24,2.76,0.0
req005366,u4349,s03,2025-08-20 11:29:25,2.13,0.0
req005367,u7973,s03,2025-08-20 11:29:26,3.7,4.78
req005368,u2356,s02,2025-08-20 11:29:27,2.27,3.07
req005369,u4913,s01,2025-08-20 11:29:28,3.15,4.49
req005370,u4069,s02,2025-08-20 11:29:29,2.51,2.94
req005371,u1581,s02,2025-08-20 11:29:30,2.88,3.29
req005372,u5977,s03,2025-08-20 11:29:31,4.22,0.0
req005373,u1928,s01,2025-08-20 11:29:32,2.36,4.04
req005374,u7516,s04,2025-08-20 11:29:33,1.54,1.72
req005375,u5094,s02,2025-08-20 11:29:34,3.07,4.7
req005376,u3667,s01,2025-08-20 11:29:35,4.72,5.37
req005377,u3797,s01,2025-08-20 11:29:36,3.62,0.0
req005378,u4177,s03,2025-08-20 11:29:37,1.89,0.0
req005379,u7345,s04,2025-08-20 11:29:38,4.83,5.85
req005380,u3816,s02,2025-08-20 11:29:39,2.04,0.0
req005381,u9296,s04,2025-08-20 11:29:40,4.92,6.05
req005382,u2565,s04,2025-08-20 11:29:41,1.36,0.0
req005383,u8477,s04,2025-08-20 11:29:42,5.0,0.0
req005384,u2303,s03,2025-08-20 11:29:43,0.84,0.0
req005385,u2710,s03,2025-08-20 11:29:44,3.71,5.27
req005386,u2344,s03,2025-08-20 11:29:45,3.83,5.61
req005387,u4475,s01,2025-08-20 11:29:46,3.56,5.19
req005388,u1431,s02,2025-08-20 11:29:47,4.0,5.19
req005389,u8779,s01,2025-08-20 11:29:48,2.62,0.0
req005390,u4752,s01,2025-08-20 11:29:49,0.74,1.5
req005391,u7889,s04,2025-08-20 11:29:50,2.11,3.21
req005392,u7349,s01,2025-08-20 11:29:51,3.39,0.0
req005393,u2475,s04,2025-08-20 11:29:52,3.41,3.57
req005394,u7634,s02,2025-08-20 11:29:53,1.38,1.95
req005395,u8496,s02,2025-08-20 11:29:54,1.64,2.44
req005396,u2796,s01,2025-08-20 11:29:55,2.69,3.4
req005397,u8202,s04,2025-08-20 11:29:56,3.78,0.0
req005398,u8071,s03,2025-08-20 11:29:57,4.34,4.62
req005399,u8181,s02,2025-08-20 11:29:58,0.89,1.09
req005400,u9589,s04,2025-08-20 11:29:59,4.67,5.57
req005401,u2101,s01,2025-08-20 11:30:00,4.67,4.91
req005402,u7238,s02,2025-08-20 11:30:01,0.54,1.18
req005403,u3837,s02,2025-08-20 11:30:02,2.78,0.0
req005404,u7572,s01,2025-08-20 11:30:03,3.14,0.0
req005405,u7220,s01,2025-08-20 11:30:04,2.99,3.99
req005406,u9022,s02,2025-08-20 11:30:05,3.27,0.0
req005407,u2549,s01,2025-08-20 11:30:06,2.77,0.0
req005408,u5437,s02,2025-08-20 11:30:07,1.82,0.0
req005409,u2050,s01,2025-08-20 11:30:08,0.93,0.0
req005410,u8103,s03,2025-08-20 11:30:09,1.44,0.0
req005411,u9940,s03,2025-08-20 11:30:10,3.83,4.33
req005412,u3846,s02,2025-08-20 11:30:11,1.58,1.83
req005413,u7668,s03,2025-08-20 11:30:12,4.23,5.15
req005414,u6956,s03,2025-08-20 11:30:13,2.32,3.27
req005415,u9077,s02,2025-08-20 11:30:14,2.37,0.0
req005416,u1672,s02,2025-08-20 11:30:15,4.41,0.0
req005417,u1890,s01,2025-08-20 11:30:16,1.46,3.3
req005418,u8293,s01,2025-08-20 11:30:17,1.35,1.69
req005419,u4525,s02,2025-08-20 11:30:18,4.93,6.2
req005420,u3647,s01,2025-08-20 11:30:19,2.93,3.64
req005421,u2818,s01,2025-08-20 11:30:20,1.36,1.69
req005422,u3261,s03,2025-08-20 11:30:21,1.25,0.0
req005423,u8406,s04,2025-08-20 11:30:22,4.38,5.23
req005424,u2199,s01,2025-08-20 11:30:23,3.2,4.11
req005425,u3303,s01,2025-08-20 11:30:24,1.02,0.0
req005426,u2395,s02,2025-08-20 11:30:25,4.49,5.28
req005427,u6805,s03,2025-08-20 11:30:26,2.5,4.05
req005428,u3020,s03,2025-08-20 11:30:27,4.95,6.64
req005429,u8277,s02,2025-08-20 11:30:28,1.77,2.15
req005430,u1311,s02,2025-08-20 11:30:29,2.88,0.0
req005431,u7604,s04,2025-08-20 11:30:30,1.28,1.7
req005432,u3518,s01,2025-08-20 11:30:31,2.48,3.38
req005433,u8515,s02,2025-08-20 11:30:32,1.29,2.0
req005434,u4587,s03,2025-08-20 11:30:33,1.88,3.54
req005435,u2790,s04,2025-08-20 11:30:34,1.71,0.0
req005436,u8025,s04,2025-08-20 11:30:35,1.77,0.0
req005437,u8780,s02,2025-08-20 11:30:36,4.86,6.85
req005438,u4331,s02,2025-08-20 11:30:37,0.67,1.11
req005439,u5140,s02,2025-08-20 11:30:38,2.74,4.29
req005440,u3453,s01,2025-08-20 11:30:39,3.33,4.58
req005441,u5241,s04,2025-08-20 11:30:40,3.47,4.79
req005442,u3367,s01,2025-08-20 11:30:41,3.9,0.0
req005443,u8066,s02,2025-08-20 11:30:42,3.92,4.52
req005444,u8998,s02,2025-08-20 11:30:43,4.8,0.0
req005445,u9512,s02,2025-08-20 11:30:44,3.9,4.18
req005446,u7785,s01,2025-08-20 11:30:45,4.21,5.34
req005447,u2511,s03,2025-08-20 11:30:46,2.9,0.0
req005448,u8331,s03,2025-08-20 11:30:47,3.46,4.73
req005449,u9195,s03,2025-08-20 11:30:48,2.65,0.0
req005450,u5583,s01,2025-08-20 11:30:49,1.74,3.67
req005451,u1153,s02,2025-08-20 11:30:50,1.91,3.29
req005452,u6309,s03,2025-08-20 11:30:51,2.12,0.0
req005453,u5919,s02,2025-08-20 11:30:52,2.03,0.0
req005454,u9878,s04,2025-08-20 11:30:53,2.9,3.84
req005455,u6711,s04,2025-08-20 11:30:54,1.61,3.6
req005456,u2850,s01,2025-08-20 11:30:55,2.82,3.63
req005457,u3097,s03,2025-08-20 11:30:56,4.62,0.0
req005458,u1283,s01,2025-08-20 11:30:57,2.33,0.0
req005459,u7680,s02,2025-08-20 11:30:58,1.5,1.91
req005460,u2734,s01,2025-08-20 11:30:59,2.06,3.33
req005461,u3075,s04,2025-08-20 11:31:00,4.45,5.06
req005462,u7185,s04,2025-08-20 11:31:01,4.74,6.59
req005463,u9394,s03,2025-08-20 11:31:02,4.49,5.4
req005464,u8802,s04,2025-08-20 11:31:03,1.79,2.17
req005465,u5078,s02,2025-08-20 11:31:04,2.25,0.0
req005466,u8698,s01,2025-08-20 11:31:05,4.89,5.26
req005467,u1206,s01,2025-08-20 11:31:06,1.96,3.29
req005468,u2743,s01,2025-08-20 11:31:07,1.12,1.92
req005469,u5431,s02,2025-08-20 11:31:08,1.77,0.0
req005470,u5361,s04,2025-08-20 11:31:09,4.84,5.63
req005471,u9228,s03,2025-08-20 11:31:10,2.37,3.63
req005472,u8474,s03,2025-08-20 11:31:11,4.7,5.22
req005473,u8930,s04,2025-08-20 11:31:12,0.97,1.35
req005474,u2658,s04,2025-08-20 11:31:13,3.95,5.3
req005475,u7013,s04,2025-08-20 11:31:14,0.92,1.03
req005476,u9623,s01,2025-08-20 11:31:15,1.39,3.21
req005477,u3056,s02,2025-08-20 11:31:16,3.27,3.72
req005478,u9071,s03,2025-08-20 11:31:17,2.46,3.41
req005479,u2607,s02,2025-08-20 11:31:18,3.5,0.0
req005480,u3380,s02,2025-08-20 11:31:19,4.88,0.0
req005481,u6856,s02,2025-08-20 11:31:20,0.74,1.24
req005482,u9290,s02,2025-08-20 11:31:21,1.36,1.87
req005483,u4828,s03,2025-08-20 11:31:22,3.38,5.07
req005484,u4520,s03,2025-08-20 11:31:23,4.53,5.74
req005485,u2256,s02,2025-08-20 11:31:24,4.09,4.78
req005486,u9052,s01,2025-08-20 11:31:25,2.6,3.18
req005487,u4504,s03,2025-08-20 11:31:26,3.85,4.35
req005488,u7877,s04,2025-08-20 11:31:27,1.44,2.59
req005489,u9216,s01,2025-08-20 11:31:28,0.56,2.05
req005490,u7890,s03,2025-08-20 11:31:29,3.07,0.0
req005491,u5357,s02,2025-08-20 11:31:30,4.16,4.74
req005492,u3601,s04,2025-08-20 11:31:31,2.45,3.18
req005493,u2926,s02,2025-08-20 11:31:32,3.06,4.53
req005494,u6178,s01,2025-08-20 11:31:33,2.4,3.9
req005495,u2108,s03,2025-08-20 11:31:34,2.81,3.3
req005496,u2321,s01,2025-08-20 11:31:35,4.48,5.31
req005497,u3189,s02,2025-08-20 11:31:36,2.65,4.4
req005498,u7403,s03,2025-08-20 11:31:37,0.53,2.04
req005499,u2090,s03,2025-08-20 11:31:38,4.1,0.0
req005500,u1112,s01,2025-08-20 11:31:39,3.28,3.69
req005501,u2085,s03,2025-08-20 11:31:40,3.79,4.62
req005502,u3212,s01,2025-08-20 11:31:41,4.55,6.5
req005503,u9641,s04,2025-08-20 11:31:42,1.79,2.89
req005504,u3472,s01,2025-08-20 11:31:43,2.76,0.0
req005505,u8851,s01,2025-08-20 11:31:44,3.21,4.68
req005506,u8981,s01,2025-08-20 11:31:45,2.05,2.32
req005507,u6165,s02,2025-08-20 11:31:46,4.31,5.99
req005508,u7185,s03,2025-08-20 11:31:47,3.64,0.0
req005509,u6757,s02,2025-08-20 11:31:48,3.8,5.05
req005510,u4131,s03,2025-08-20 11:31:49,4.14,4.57
req005511,u4487,s04,2025-08-20 11:31:50,1.66,2.48
req005512,u9042,s01,2025-08-20 11:31:51,3.86,4.12
req005513,u8010,s04,2025-08-20 11:31:52,3.98,0.0
req005514,u8653,s02,2025-08-20 11:31:53,4.29,0.0
req005515,u4740,s02,2025-08-20 11:31:54,2.7,0.0
req005516,u3569,s02,2025-08-20 11:31:55,2.77,0.0
req005517,u7906,s04,2025-08-20 11:31:56,0.94,0.0
req005518,u6031,s04,2025-08-20 11:31:57,4.33,0.0
req005519,u3653,s02,2025-08-20 11:31:58,2.9,0.0
req005520,u8137,s03,2025-08-20 11:31:59,3.17,0.0
req005521,u7801,s01,2025-08-20 11:32:00,1.05,2.63
req005522,u8375,s02,2025-08-20 11:32:01,3.21,0.0
req005523,u8251,s04,2025-08-20 11:32:02,0.69,2.21
req005524,u4468,s04,2025-08-20 11:32:03,4.65,5.68
req005525,u1454,s02,2025-08-20 11:32:04,4.39,5.35
req005526,u2425,s04,2025-08-20 11:32:05,1.37,0.0
req005527,u5294,s04,2025-08-20 11:32:06,3.17,0.0
req005528,u3178,s01,2025-08-20 11:32:07,3.21,4.19
req005529,u4311,s03,2025-08-20 11:32:08,4.12,4.29
req005530,u6575,s03,2025-08-20 11:32:09,3.91,4.71
req005531,u3241,s03,2025-08-20 11:32:10,4.97,5.31
req005532,u8959,s01,2025-08-20 11:32:11,2.08,2.53
req005533,u5386,s03,2025-08-20 11:32:12,1.06,2.99
req005534,u4921,s02,2025-08-20 11:32:13,3.08,3.68
req005535,u5630,s01,2025-08-20 11:32:14,3.94,4.96
req005536,u1612,s01,2025-08-20 11:32:15,1.79,0.0
req005537,u8499,s02,2025-08-20 11:32:16,1.56,3.35
req005538,u2186,s03,2025-08-20 11:32:17,4.11,0.0
req005539,u7653,s03,2025-08-20 11:32:18,3.89,4.78
req005540,u3323,s04,2025-08-20 11:32:19,1.42,0.0
req005541,u8950,s03,2025-08-20 11:32:20,4.41,5.51
req005542,u7567,s02,2025-08-20 11:32:21,1.11,0.0
req005543,u8143,s01,2025-08-20 11:32:22,0.99,1.41
req005544,u5250,s04,2025-08-20 11:32:23,2.08,2.72
req005545,u8877,s03,2025-08-20 11:32:24,4.49,5.55
req005546,u9659,s02,2025-08-20 11:32:25,3.63,4.42
req005547,u6039,s01,2025-08-20 11:32:26,2.28,0.0
req005548,u9548,s04,2025-08-20 11:32:27,1.21,1.38
req005549,u8114,s04,2025-08-20 11:32:28,3.71,4.57
req005550,u1461,s01,2025-08-20 11:32:29,3.2,0.0
req005551,u6166,s02,2025-08-20 11:32:30,4.94,0.0
req005552,u7289,s04,2025-08-20 11:32:31,3.95,5.6
req005553,u5111,s01,2025-08-20 11:32:32,0.96,0.0
req005554,u2928,s01,2025-08-20 11:32:33,3.78,4.1
req005555,u4759,s02,2025-08-20 11:32:34,1.66,1.8
req005556,u2304,s02,2025-08-20 11:32:35,4.83,5.16
req005557,u1382,s04,2025-08-20 11:32:36,0.59,2.0
req005558,u7567,s03,2025-08-20 11:32:37,1.57,3.18
req005559,u7583,s01,2025-08-20 11:32:38,2.75,0.0
req005560,u7444,s01,2025-08-20 11:32:39,0.86,0.0
req005561,u1726,s04,2025-08-20 11:32:40,2.05,2.24
req005562,u3514,s02,2025-08-20 11:32:41,2.74,0.0
req005563,u9126,s03,2025-08-20 11:32:42,2.51,0.0
req005564,u3351,s03,2025-08-20 11:32:43,2.57,4.36
req005565,u5975,s02,2025-08-20 11:32:44,4.46,5.75
req005566,u6464,s01,2025-08-20 11:32:45,2.77,3.85
req005567,u2927,s03,2025-08-20 11:32:46,4.73,5.31
req005568,u4314,s02,2025-08-20 11:32:47,1.16,1.97
req005569,u6811,s01,2025-08-20 11:32:48,1.76,3.66
req005570,u7728,s02,2025-08-20 11:32:49,3.45,5.28
req005571,u1104,s01,2025-08-20 11:32:50,1.77,3.06
req005572,u1853,s04,2025-08-20 11:32:51,2.06,0.0
req005573,u2247,s03,2025-08-20 11:32:52,4.55,5.75
req005574,u5267,s04,2025-08-20 11:32:53,2.92,3.42
req005575,u9525,s01,2025-08-20 11:32:54,2.01,3.92
req005576,u1232,s02,2025-08-20 11:32:55,4.0,5.54
req005577,u7590,s04,2025-08-20 11:32:56,0.82,1.65
req005578,u2175,s03,2025-08-20 11:32:57,3.04,4.69
req005579,u1959,s02,2025-08-20 11:32:58,0.95,0.0
req005580,u8030,s02,2025-08-20 11:32:59,1.3,1.8
req005581,u6549,s03,2025-08-20 11:33:00,0.78,1.29
req005582,u6971,s01,2025-08-20 11:33:01,4.56,6.16
req005583,u1020,s01,2025-08-20 11:33:02,0.72,1.88
req005584,u4342,s01,2025-08-20 11:33:03,2.82,3.98
req005585,u7541,s02,2025-08-20 11:33:04,1.51,2.7
req005586,u4562,s04,2025-08-20 11:33:05,2.23,0.0
req005587,u3410,s01,2025-08-20 11:33:06,2.72,3.06
req005588,u8044,s03,2025-08-20 11:33:07,2.53,0.0
req005589,u3811,s03,2025-08-20 11:33:08,3.87,4.63
req005590,u4715,s04,2025-08-20 11:33:09,4.6,5.79
req005591,u8779,s03,2025-08-20 11:33:10,1.85,2.42
req005592,u6281,s02,2025-08-20 11:33:11,0.61,1.67
req005593,u1354,s01,2025-08-20 11:33:12,4.52,5.68
req005594,u6494,s03,2025-08-20 11:33:13,4.9,6.79
req005595,u5815,s02,2025-08-20 11:33:14,2.45,3.02
req005596,u4433,s03,2025-08-20 11:33:15,2.55,3.48
req005597,u3523,s03,2025-08-20 11:33:16,1.15,0.0
req005598,u4028,s02,2025-08-20 11:33:17,2.64,4.6
req005599,u7870,s04,2025-08-20 11:33:18,1.87,2.32
req005600,u1164,s01,2025-08-20 11:33:19,4.97,6.55
req005601,u3594,s01,2025-08-20 11:33:20,1.33,1.77
req005602,u8892,s03,2025-08-20 11:33:21,2.2,3.92
req005603,u5490,s03,2025-08-20 11:33:22,3.27,4.3
req005604,u7374,s04,2025-08-20 11:33:23,2.05,4.0
req005605,u3987,s04,2025-08-20 11:33:24,2.63,3.05
req005606,u5640,s02,2025-08-20 11:33:25,4.88,6.29
req005607,u1911,s02,2025-08-20 11:33:26,2.79,4.21
req005608,u7152,s04,2025-08-20 11:33:27,4.6,6.07
req005609,u9465,s02,2025-08-20 11:33:28,0.69,0.98
req005610,u4352,s03,2025-08-20 11:33:29,1.04,0.0
req005611,u8404,s03,2025-08-20 11:33:30,4.75,5.4
req005612,u6502,s04,2025-08-20 11:33:31,1.08,1.82
req005613,u5241,s01,2025-08-20 11:33:32,3.81,0.0
req005614,u6841,s04,2025-08-20 11:33:33,2.51,3.23
req005615,u9606,s02,2025-08-20 11:33:34,2.33,3.71
req005616,u8918,s01,2025-08-20 11:33:35,3.47,3.67
req005617,u1891,s04,2025-08-20 11:33:36,3.77,5.26
req005618,u3363,s04,2025-08-20 11:33:37,4.69,0.0
req005619,u4500,s03,2025-08-20 11:33:38,1.66,2.76
req005620,u1298,s01,2025-08-20 11:33:39,3.64,4.07
req005621,u8717,s03,2025-08-20 11:33:40,2.04,2.57
req005622,u2067,s02,2025-08-20 11:33:41,3.73,4.02
req005623,u1705,s01,2025-08-20 11:33:42,1.14,2.11
req005624,u6378,s03,2025-08-20 11:33:43,2.56,3.79
req005625,u7175,s03,2025-08-20 11:33:44,1.33,2.53
req005626,u6009,s02,2025-08-20 11:33:45,2.01,0.0
req005627,u1679,s01,2025-08-20 11:33:46,3.72,0.0
req005628,u1366,s04,2025-08-20 11:33:47,1.55,3.48
req005629,u7760,s03,2025-08-20 11:33:48,3.58,4.24
req005630,u8375,s01,2025-08-20 11:33:49,2.73,4.28
req005631,u6005,s04,2025-08-20 11:33:50,0.91,2.38
req005632,u2736,s02,2025-08-20 11:33:51,2.24,0.0
req005633,u7107,s03,2025-08-20 11:33:52,4.41,0.0
req005634,u9597,s01,2025-08-20 11:33:53,4.95,5.17
req005635,u7307,s04,2025-08-20 11:33:54,2.16,0.0
req005636,u9112,s01,2025-08-20 11:33:55,0.75,0.0
req005637,u6213,s01,2025-08-20 11:33:56,1.09,2.96
req005638,u3148,s04,2025-08-20 11:33:57,4.05,5.92
req005639,u5700,s03,2025-08-20 11:33:58,3.45,4.3
req005640,u1370,s01,2025-08-20 11:33:59,1.78,2.67
req005641,u9795,s04,2025-08-20 11:34:00,2.26,0.0
req005642,u9117,s02,2025-08-20 11:34:01,4.15,5.81
req005643,u5476,s02,2025-08-20 11:34:02,2.36,3.4
req005644,u2631,s04,2025-08-20 11:34:03,3.9,5.52
req005645,u6178,s02,2025-08-20 11:34:04,1.83,2.0
req005646,u7058,s03,2025-08-20 11:34:05,3.76,4.34
req005647,u1277,s01,2025-08-20 11:34:06,2.6,0.0
req005648,u8435,s01,2025-08-20 11:34:07,2.95,0.0
req005649,u6439,s01,2025-08-20 11:34:08,3.19,3.46
req005650,u9058,s02,2025-08-20 11:34:09,2.53,3.49
req005651,u7795,s02,2025-08-20 11:34:10,2.6,4.32
req005652,u5238,s01,2025-08-20 11:34:11,1.7,2.88
req005653,u6016,s04,2025-08-20 11:34:12,4.94,6.03
req005654,u7163,s02,2025-08-20 11:34:13,4.58,5.38
req005655,u5057,s03,2025-08-20 11:34:14,2.87,0.0
req005656,u3992,s01,2025-08-20 11:34:15,0.66,0.0
req005657,u2570,s03,2025-08-20 11:34:16,1.26,1.48
req005658,u5983,s04,2025-08-20 11:34:17,4.34,5.9
req005659,u2966,s02,2025-08-20 11:34:18,4.69,5.87
req005660,u7459,s04,2025-08-20 11:34:19,1.23,0.0
req005661,u6088,s04,2025-08-20 11:34:20,3.81,5.68
req005662,u3722,s04,2025-08-20 11:34:21,3.3,4.22
req005663,u5513,s02,2025-08-20 11:34:22,1.87,2.73
req005664,u2011,s01,2025-08-20 11:34:23,2.46,0.0
req005665,u5631,s01,2025-08-20 11:34:24,3.55,0.0
req005666,u4203,s01,2025-08-20 11:34:25,0.96,2.91
req005667,u7562,s01,2025-08-20 11:34:26,1.35,0.0
req005668,u6993,s01,2025-08-20 11:34:27,0.65,0.0
req005669,u5765,s04,2025-08-20 11:34:28,4.56,4.93
req005670,u6297,s02,2025-08-20 11:34:29,3.08,3.66
req005671,u2298,s02,2025-08-20 11:34:30,2.86,3.89
req005672,u2222,s01,2025-08-20 11:34:31,3.68,4.77
req005673,u7983,s03,2025-08-20 11:34:32,4.95,6.09
req005674,u1824,s01,2025-08-20 11:34:33,1.28,0.0
req005675,u1826,s03,2025-08-20 11:34:34,1.1,0.0
req005676,u3901,s01,2025-08-20 11:34:35,1.83,2.33
req005677,u3260,s04,2025-08-20 11:34:36,4.57,6.43
req005678,u3486,s02,2025-08-20 11:34:37,2.35,3.79
req005679,u7996,s03,2025-08-20 11:34:38,4.07,4.66
req005680,u6421,s04,2025-08-20 11:34:39,1.41,2.07
req005681,u7913,s01,2025-08-20 11:34:40,2.72,0.0
req005682,u9076,s04,2025-08-20 11:34:41,1.07,2.84
req005683,u3569,s01,2025-08-20 11:34:42,2.36,3.18
req005684,u7880,s04,2025-08-20 11:34:43,1.68,2.84
req005685,u7151,s04,2025-08-20 11:34:44,2.97,0.0
req005686,u3202,s03,2025-08-20 11:34:45,4.01,4.34
req005687,u5953,s03,2025-08-20 11:34:46,4.72,5.3
req005688,u4757,s03,2025-08-20 11:34:47,1.78,0.0
req005689,u5555,s01,2025-08-20 11:34:48,3.84,4.73
req005690,u2593,s04,2025-08-20 11:34:49,4.49,0.0
req005691,u8595,s03,2025-08-20 11:34:50,1.06,2.41
req005692,u9899,s04,2025-08-20 11:34:51,3.14,3.77
req005693,u2065,s04,2025-08-20 11:34:52,3.25,5.16
req005694,u5948,s01,2025-08-20 11:34:53,1.73,0.0
req005695,u9566,s03,2025-08-20 11:34:54,0.6,1.12
req005696,u1695,s04,2025-08-20 11:34:55,1.66,3.24
req005697,u9801,s04,2025-08-20 11:34:56,3.13,0.0
req005698,u7377,s01,2025-08-20 11:34:57,1.38,2.17
req005699,u6907,s01,2025-08-20 11:34:58,1.79,3.47
req005700,u7258,s01,2025-08-20 11:34:59,3.69,0.0
req005701,u2693,s02,2025-08-20 11:35:00,2.29,0.0
req005702,u5895,s03,2025-08-20 11:35:01,0.79,2.64
req005703,u7674,s04,2025-08-20 11:35:02,2.3,0.0
req005704,u3490,s04,2025-08-20 11:35:03,5.0,5.46
req005705,u2908,s01,2025-08-20 11:35:04,1.67,2.7
req005706,u2260,s01,2025-08-20 11:35:05,1.69,2.08
req005707,u4642,s02,2025-08-20 11:35:06,1.26,0.0
req005708,u7249,s02,2025-08-20 11:35:07,1.72,3.16
req005709,u9819,s01,2025-08-20 11:35:08,3.09,4.77
req005710,u8607,s01,2025-08-20 11:35:09,4.84,5.68
req005711,u6937,s04,2025-08-20 11:35:10,3.23,4.08
req005712,u8846,s01,2025-08-20 11:35:11,2.34,0.0
req005713,u5509,s03,2025-08-20 11:35:12,2.25,2.74
req005714,u2477,s03,2025-08-20 11:35:13,0.61,1.29
req005715,u3792,s04,2025-08-20 11:35:14,0.51,1.23
req005716,u3845,s04,2025-08-20 11:35:15,4.09,4.49
req005717,u9327,s04,2025-08-20 11:35:16,2.71,3.4
req005718,u8756,s01,2025-08-20 11:35:17,0.65,2.47
req005719,u8023,s03,2025-08-20 11:35:18,1.79,0.0
req005720,u8957,s04,2025-08-20 11:35:19,2.11,2.83
req005721,u1193,s04,2025-08-20 11:35:20,4.02,0.0
req005722,u5106,s02,2025-08-20 11:35:21,2.45,3.07
req005723,u5374,s02,2025-08-20 11:35:22,4.05,0.0
req005724,u6051,s04,2025-08-20 11:35:23,3.35,0.0
req005725,u8770,s03,2025-08-20 11:35:24,0.65,1.48
req005726,u2163,s01,2025-08-20 11:35:25,4.86,6.78
req005727,u9827,s02,2025-08-20 11:35:26,1.32,2.87
req005728,u7341,s02,2025-08-20 11:35:27,1.74,0.0
req005729,u5859,s03,2025-08-20 11:35:28,4.14,4.62
req005730,u2042,s02,2025-08-20 11:35:29,1.35,2.88
req005731,u4726,s03,2025-08-20 11:35:30,2.3,3.86
req005732,u1849,s03,2025-08-20 11:35:31,4.39,6.3
req005733,u5160,s01,2025-08-20 11:35:32,3.37,0.0
req005734,u1602,s01,2025-08-20 11:35:33,1.86,3.65
req005735,u9844,s03,2025-08-20 11:35:34,3.4,3.68
req005736,u1856,s03,2025-08-20 11:35:35,4.16,0.0
req005737,u9314,s03,2025-08-20 11:35:36,2.32,3.28
req005738,u7681,s02,2025-08-20 11:35:37,3.07,4.51
req005739,u3302,s01,2025-08-20 11:35:38,4.95,6.9
req005740,u9530,s03,2025-08-20 11:35:39,4.84,5.1
req005741,u4792,s02,2025-08-20 11:35:40,2.79,0.0
req005742,u6200,s01,2025-08-20 11:35:41,0.93,1.73
req005743,u6367,s03,2025-08-20 11:35:42,3.65,4.69
req005744,u8890,s02,2025-08-20 11:35:43,1.71,2.6
req005745,u2654,s01,2025-08-20 11:35:44,3.51,4.48
req005746,u5615,s04,2025-08-20 11:35:45,2.08,0.0
req005747,u4015,s04,2025-08-20 11:35:46,3.73,0.0
req005748,u8649,s03,2025-08-20 11:35:47,2.15,2.95
req005749,u1517,s01,2025-08-20 11:35:48,4.74,6.68
req005750,u4570,s03,2025-08-20 11:35:49,1.12,2.75
req005751,u2373,s01,2025-08-20 11:35:50,0.81,2.31
req005752,u2363,s02,2025-08-20 11:35:51,4.02,4.9
req005753,u3993,s04,2025-08-20 11:35:52,2.31,4.08
req005754,u2046,s03,2025-08-20 11:35:53,2.6,2.88
req005755,u3467,s01,2025-08-20 11:35:54,4.7,0.0
req005756,u6496,s02,2025-08-20 11:35:55,3.15,3.52
req005757,u6488,s01,2025-08-20 11:35:56,3.47,5.38
req005758,u4754,s04,2025-08-20 11:35:57,0.59,1.77
req005759,u6489,s04,2025-08-20 11:35:58,3.52,0.0
req005760,u4513,s02,2025-08-20 11:35:59,2.25,2.65
req005761,u3207,s02,2025-08-20 11:36:00,2.57,4.47
req005762,u5721,s02,2025-08-20 11:36:01,4.14,6.09
req005763,u2954,s04,2025-08-20 11:36:02,2.86,0.0
req005764,u3696,s02,2025-08-20 11:36:03,4.94,6.71
req005765,u7947,s01,2025-08-20 11:36:04,4.09,4.64
req005766,u7791,s01,2025-08-20 11:36:05,3.78,4.41
req005767,u7605,s01,2025-08-20 11:36:06,3.15,0.0
req005768,u3913,s02,2025-08-20 11:36:07,2.36,3.23
req005769,u1742,s03,2025-08-20 11:36:08,0.74,0.0
req005770,u7975,s03,2025-08-20 11:36:09,0.58,1.78
req005771,u6349,s04,2025-08-20 11:36:10,0.71,2.7
req005772,u7422,s02,2025-08-20 11:36:11,4.81,0.0
req005773,u7757,s01,2025-08-20 11:36:12,1.95,3.87
req005774,u1711,s03,2025-08-20 11:36:13,3.65,5.5
req005775,u1057,s03,2025-08-20 11:36:14,3.17,3.44
req005776,u3494,s01,2025-08-20 11:36:15,3.07,4.61
req005777,u9438,s03,2025-08-20 11:36:16,3.11,4.88
req005778,u9979,s02,2025-08-20 11:36:17,1.86,0.0
req005779,u6426,s01,2025-08-20 11:36:18,4.49,0.0
req005780,u5976,s02,2025-08-20 11:36:19,4.64,5.37
req005781,u2124,s04,2025-08-20 11:36:20,3.4,0.0
req005782,u2144,s02,2025-08-20 11:36:21,4.39,4.91
req005783,u2263,s02,2025-08-20 11:36:22,0.77,2.29
req005784,u2949,s01,2025-08-20 11:36:23,0.95,1.22
req005785,u3156,s01,2025-08-20 11:36:24,3.02,0.0
req005786,u1472,s04,2025-08-20 11:36:25,4.31,6.2
req005787,u2472,s02,2025-08-20 11:36:26,1.92,2.32
req005788,u6877,s04,2025-08-20 11:36:27,2.97,0.0
req005789,u1552,s01,2025-08-20 11:36:28,0.54,0.0
req005790,u3534,s04,2025-08-20 11:36:29,4.94,5.91
req005791,u7157,s04,2025-08-20 11:36:30,3.95,5.92
req005792,u2473,s01,2025-08-20 11:36:31,2.13,0.0
req005793,u6493,s02,2025-08-20 11:36:32,4.92,6.9
req005794,u7053,s03,2025-08-20 11:36:33,0.92,2.49
req005795,u5166,s02,2025-08-20 11:36:34,2.59,4.28
req005796,u3478,s01,2025-08-20 11:36:35,0.76,2.7
req005797,u8597,s03,2025-08-20 11:36:36,2.01,3.87
req005798,u8307,s03,2025-08-20 11:36:37,1.49,2.77
req005799,u2493,s01,2025-08-20 11:36:38,1.92,0.0
req005800,u5472,s03,2025-08-20 11:36:39,4.76,6.26
req005801,u2058,s04,2025-08-20 11:36:40,2.42,0.0
req005802,u1848,s02,2025-08-20 11:36:41,1.96,3.19
req005803,u6105,s01,2025-08-20 11:36:42,3.38,4.44
req005804,u6862,s04,2025-08-20 11:36:43,3.58,0.0
req005805,u3234,s02,2025-08-20 11:36:44,4.93,6.7
req005806,u9543,s04,2025-08-20 11:36:45,2.96,0.0
req005807,u9783,s03,2025-08-20 11:36:46,3.89,5.39
req005808,u8728,s03,2025-08-20 11:36:47,2.22,3.95
req005809,u7656,s01,2025-08-20 11:36:48,1.27,1.55
req005810,u5755,s01,2025-08-20 11:36:49,2.43,0.0
req005811,u8074,s02,2025-08-20 11:36:50,2.38,0.0
req005812,u9306,s04,2025-08-20 11:36:51,2.39,3.59
req005813,u9370,s04,2025-08-20 11:36:52,3.63,4.36
req005814,u1350,s02,2025-08-20 11:36:53,2.33,3.41
req005815,u1414,s02,2025-08-20 11:36:54,4.79,0.0
req005816,u5132,s04,2025-08-20 11:36:55,4.92,6.18
req005817,u6248,s04,2025-08-20 11:36:56,2.86,4.57
req005818,u3559,s03,2025-08-20 11:36:57,3.01,3.17
req005819,u7236,s01,2025-08-20 11:36:58,2.33,2.74
req005820,u1453,s04,2025-08-20 11:36:59,2.1,3.95
req005821,u6495,s03,2025-08-20 11:37:00,4.93,0.0
req005822,u2790,s04,2025-08-20 11:37:01,0.68,2.62
req005823,u9223,s01,2025-08-20 11:37:02,2.35,2.56
req005824,u7045,s01,2025-08-20 11:37:03,1.18,1.91
req005825,u5804,s02,2025-08-20 11:37:04,3.77,3.89
req005826,u7299,s02,2025-08-20 11:37:05,1.38,2.92
req005827,u5530,s03,2025-08-20 11:37:06,4.48,5.88
req005828,u2536,s04,2025-08-20 11:37:07,2.19,3.36
req005829,u4308,s01,2025-08-20 11:37:08,4.63,6.04
req005830,u8966,s02,2025-08-20 11:37:09,4.94,6.06
req005831,u3380,s03,2025-08-20 11:37:10,3.97,4.52
req005832,u2758,s02,2025-08-20 11:37:11,3.3,4.83
req005833,u2728,s03,2025-08-20 11:37:12,1.17,0.0
req005834,u3090,s03,2025-08-20 11:37:13,4.7,0.0
req005835,u3743,s02,2025-08-20 11:37:14,4.0,5.59
req005836,u4422,s03,2025-08-20 11:37:15,1.8,3.52
req005837,u2272,s01,2025-08-20 11:37:16,2.61,4.52
req005838,u5963,s04,2025-08-20 11:37:17,0.8,0.0
req005839,u5294,s04,2025-08-20 11:37:18,3.47,4.99
req005840,u9736,s01,2025-08-20 11:37:19,1.06,0.0
req005841,u7652,s04,2025-08-20 11:37:20,3.43,3.63
req005842,u4751,s04,2025-08-20 11:37:21,3.52,0.0
req005843,u7804,s04,2025-08-20 11:37:22,1.96,0.0
req005844,u7934,s04,2025-08-20 11:37:23,4.77,4.91
req005845,u9260,s02,2025-08-20 11:37:24,4.01,5.52
req005846,u1543,s04,2025-08-20 11:37:25,2.74,0.0
req005847,u3870,s01,2025-08-20 11:37:26,4.63,4.84
req005848,u6203,s03,2025-08-20 11:37:27,4.35,5.05
req005849,u7022,s02,2025-08-20 11:37:28,3.61,3.97
req005850,u5389,s01,2025-08-20 11:37:29,1.19,3.13
req005851,u9923,s03,2025-08-20 11:37:30,2.74,3.44
req005852,u6626,s04,2025-08-20 11:37:31,4.39,4.59
req005853,u8327,s02,2025-08-20 11:37:32,3.24,5.14
req005854,u6394,s03,2025-08-20 11:37:33,2.95,4.21
req005855,u4018,s04,2025-08-20 11:37:34,4.8,0.0
req005856,u7749,s04,2025-08-20 11:37:35,0.57,0.74
req005857,u6679,s04,2025-08-20 11:37:36,0.55,2.23
req005858,u9012,s03,2025-08-20 11:37:37,4.52,4.91
req005859,u1623,s01,2025-08-20 11:37:38,0.67,2.29
req005860,u1930,s03,2025-08-20 11:37:39,2.0,3.25
req005861,u6674,s03,2025-08-20 11:37:40,4.66,5.1
req005862,u7725,s04,2025-08-20 11:37:41,3.61,5.14
req005863,u3285,s02,2025-08-20 11:37:42,3.42,4.38
req005864,u9581,s02,2025-08-20 11:37:43,3.46,0.0
req005865,u5746,s03,2025-08-20 11:37:44,1.93,0.0
req005866,u5649,s03,2025-08-20 11:37:45,2.89,4.2
req005867,u4159,s01,2025-08-20 11:37:46,3.33,5.08
req005868,u3392,s01,2025-08-20 11:37:47,1.88,0.0
req005869,u1532,s01,2025-08-20 11:37:48,4.08,4.67
req005870,u9866,s02,2025-08-20 11:37:49,1.95,0.0
req005871,u2443,s01,2025-08-20 11:37:50,0.82,1.62
req005872,u2526,s02,2025-08-20 11:37:51,1.41,3.4
req005873,u7981,s01,2025-08-20 11:37:52,2.34,3.41
req005874,u1710,s03,2025-08-20 11:37:53,4.59,5.75
req005875,u7733,s02,2025-08-20 11:37:54,2.37,3.01
req005876,u3916,s03,2025-08-20 11:37:55,0.9,1.79
req005877,u5033,s02,2025-08-20 11:37:56,1.38,2.43
req005878,u6349,s01,2025-08-20 11:37:57,2.95,3.54
req005879,u8104,s04,2025-08-20 11:37:58,1.3,1.85
req005880,u2498,s03,2025-08-20 11:37:59,0.79,2.03
req005881,u4190,s01,2025-08-20 11:38:00,3.72,4.17
req005882,u7260,s01,2025-08-20 11:38:01,4.03,5.18
req005883,u2524,s03,2025-08-20 11:38:02,4.33,5.77
req005884,u6312,s03,2025-08-20 11:38:03,4.3,0.0
req005885,u2675,s04,2025-08-20 11:38:04,2.21,0.0
req005886,u1138,s02,2025-08-20 11:38:05,3.81,0.0
req005887,u1118,s01,2025-08-20 11:38:06,3.13,3.61
req005888,u4335,s03,2025-08-20 11:38:07,0.61,2.13
req005889,u9121,s04,2025-08-20 11:38:08,2.31,3.09
req005890,u5225,s03,2025-08-20 11:38:09,0.74,0.0
req005891,u3430,s02,2025-08-20 11:38:10,0.88,2.87
req005892,u3032,s02,2025-08-20 11:38:11,0.75,2.71
req005893,u3460,s04,2025-08-20 11:38:12,4.82,0.0
req005894,u1147,s01,2025-08-20 11:38:13,4.3,5.92
req005895,u7871,s02,2025-08-20 11:38:14,2.48,0.0
req005896,u9398,s04,2025-08-20 11:38:15,1.62,2.37
req005897,u7329,s01,2025-08-20 11:38:16,0.83,0.0
req005898,u1596,s04,2025-08-20 11:38:17,2.44,4.32
req005899,u1805,s03,2025-08-20 11:38:18,3.2,5.2
req005900,u9128,s01,2025-08-20 11:38:19,4.09,5.07
req005901,u8647,s01,2025-08-20 11:38:20,0.73,2.0
req005902,u6372,s04,2025-08-20 11:38:21,2.38,0.0
req005903,u8327,s04,2025-08-20 11:38:22,4.9,0.0
req005904,u2527,s01,2025-08-20 11:38:23,1.04,1.15
req005905,u6928,s02,2025-08-20 11:38:24,2.3,0.0
req005906,u6932,s02,2025-08-20 11:38:25,1.74,1.92
req005907,u6415,s01,2025-08-20 11:38:26,1.1,2.15
req005908,u7319,s04,2025-08-20 11:38:27,4.28,0.0
req005909,u3265,s04,2025-08-20 11:38:28,3.64,4.9
req005910,u4087,s02,2025-08-20 11:38:29,2.35,3.04
req005911,u5652,s02,2025-08-20 11:38:30,2.16,0.0
req005912,u9138,s02,2025-08-20 11:38:31,4.22,4.51
req005913,u7816,s04,2025-08-20 11:38:32,0.91,0.0
req005914,u6057,s01,2025-08-20 11:38:33,1.16,0.0
req005915,u7693,s04,2025-08-20 11:38:34,4.58,0.0
req005916,u2031,s02,2025-08-20 11:38:35,4.18,0.0
req005917,u5620,s02,2025-08-20 11:38:36,3.99,0.0
req005918,u6524,s03,2025-08-20 11:38:37,3.31,4.9
req005919,u8480,s02,2025-08-20 11:38:38,1.82,2.72
req005920,u9359,s01,2025-08-20 11:38:39,4.71,0.0
req005921,u7128,s03,2025-08-20 11:38:40,2.71,0.0
req005922,u1112,s01,2025-08-20 11:38:41,1.76,3.09
req005923,u6509,s02,2025-08-20 11:38:42,2.15,3.49
req005924,u2967,s04,2025-08-20 11:38:43,0.58,0.0
req005925,u1474,s02,2025-08-20 11:38:44,1.65,2.79
req005926,u6126,s04,2025-08-20 11:38:45,1.35,1.79
req005927,u2001,s01,2025-08-20 11:38:46,1.11,2.38
req005928,u6869,s01,2025-08-20 11:38:47,0.64,0.0
req005929,u7162,s01,2025-08-20 11:38:48,1.52,2.23
req005930,u1289,s02,2025-08-20 11:38:49,0.97,2.63
req005931,u4525,s02,2025-08-20 11:38:50,0.7,1.17
req005932,u3099,s04,2025-08-20 11:38:51,1.12,1.77
req005933,u7385,s04,2025-08-20 11:38:52,1.41,2.35
req005934,u7648,s01,2025-08-20 11:38:53,2.37,3.88
req005935,u3195,s03,2025-08-20 11:38:54,3.13,4.6
req005936,u6572,s02,2025-08-20 11:38:55,1.95,2.69
req005937,u2592,s01,2025-08-20 11:38:56,1.14,2.21
req005938,u1896,s02,2025-08-20 11:38:57,4.73,5.28
req005939,u4814,s03,2025-08-20 11:38:58,2.82,0.0
req005940,u2589,s03,2025-08-20 11:38:59,3.84,5.4
req005941,u6967,s03,2025-08-20 11:39:00,3.62,0.0
req005942,u5064,s01,2025-08-20 11:39:01,1.78,2.25
req005943,u1412,s04,2025-08-20 11:39:02,3.02,4.68
req005944,u9342,s02,2025-08-20 11:39:03,3.21,5.09
req005945,u8669,s02,2025-08-20 11:39:04,2.08,4.06
req005946,u1548,s02,2025-08-20 11:39:05,3.52,5.25
req005947,u4912,s04,2025-08-20 11:39:06,4.06,4.58
req005948,u4717,s01,2025-08-20 11:39:07,2.14,3.03
req005949,u1012,s01,2025-08-20 11:39:08,0.57,0.0
req005950,u3657,s03,2025-08-20 11:39:09,2.07,0.0
req005951,u5527,s04,2025-08-20 11:39:10,1.03,1.3
req005952,u7722,s03,2025-08-20 11:39:11,1.2,0.0
req005953,u8930,s03,2025-08-20 11:39:12,2.15,0.0
req005954,u8871,s01,2025-08-20 11:39:13,1.43,1.84
req005955,u7863,s01,2025-08-20 11:39:14,4.71,4.9
req005956,u7880,s01,2025-08-20 11:39:15,3.44,4.76
req005957,u8303,s01,2025-08-20 11:39:16,2.83,0.0
req005958,u1086,s01,2025-08-20 11:39:17,0.54,1.65
req005959,u7961,s04,2025-08-20 11:39:18,0.97,2.81
req005960,u5812,s04,2025-08-20 11:39:19,4.05,0.0
req005961,u2470,s01,2025-08-20 11:39:20,2.25,0.0
req005962,u1927,s01,2025-08-20 11:39:21,0.7,0.0
req005963,u9322,s01,2025-08-20 11:39:22,4.22,0.0
req005964,u1875,s02,2025-08-20 11:39:23,1.86,2.84
req005965,u2087,s01,2025-08-20 11:39:24,2.24,3.56
req005966,u1125,s03,2025-08-20 11:39:25,4.88,5.74
req005967,u8697,s04,2025-08-20 11:39:26,0.57,2.25
req005968,u3556,s01,2025-08-20 11:39:27,3.75,5.61
req005969,u8108,s03,2025-08-20 11:39:28,4.77,0.0
req005970,u9117,s02,2025-08-20 11:39:29,0.79,0.0
req005971,u3803,s03,2025-08-20 11:39:30,4.4,5.32
req005972,u3883,s01,2025-08-20 11:39:31,2.37,2.63
req005973,u5649,s01,2025-08-20 11:39:32,4.45,4.86
req005974,u9637,s01,2025-08-20 11:39:33,1.89,0.0
req005975,u6549,s03,2025-08-20 11:39:34,4.92,6.39
req005976,u6755,s03,2025-08-20 11:39:35,3.41,4.13
req005977,u2891,s01,2025-08-20 11:39:36,3.32,4.91
req005978,u6591,s02,2025-08-20 11:39:37,4.13,5.65
req005979,u8340,s02,2025-08-20 11:39:38,2.46,0.0
req005980,u1588,s03,2025-08-20 11:39:39,1.66,3.08
req005981,u4320,s04,2025-08-20 11:39:40,1.68,3.33
req005982,u5230,s01,2025-08-20 11:39:41,1.99,3.53
req005983,u4326,s01,2025-08-20 11:39:42,3.28,0.0
req005984,u5639,s04,2025-08-20 11:39:43,4.27,5.57
req005985,u2519,s01,2025-08-20 11:39:44,2.75,2.86
req005986,u8193,s03,2025-08-20 11:39:45,2.32,3.4
req005987,u2256,s03,2025-08-20 11:39:46,4.07,0.0
req005988,u1819,s02,2025-08-20 11:39:47,1.8,3.03
req005989,u1865,s01,2025-08-20 11:39:48,3.6,5.53
req005990,u4821,s04,2025-08-20 11:39:49,0.98,0.0
req005991,u6615,s02,2025-08-20 11:39:50,1.01,0.0
req005992,u9066,s04,2025-08-20 11:39:51,3.4,4.74
req005993,u1668,s04,2025-08-20 11:39:52,0.87,2.06
req005994,u6481,s01,2025-08-20 11:39:53,1.2,2.33
req005995,u9748,s04,2025-08-20 11:39:54,3.31,3.61
req005996,u4718,s04,2025-08-20 11:39:55,2.47,0.0
req005997,u4592,s02,2025-08-20 11:39:56,3.03,0.0
req005998,u6047,s01,2025-08-20 11:39:57,4.9,5.81
req005999,u5601,s01,2025-08-20 11:39:58,3.34,3.7
req006000,u5002,s04,2025-08-20 11:39:59,3.16,3.36
req006001,u8991,s04,2025-08-20 11:40:00,2.21,2.94
req006002,u5659,s04,2025-08-20 11:40:01,3.34,4.67
req006003,u9039,s02,2025-08-20 11:40:02,0.56,2.31
req006004,u7141,s04,2025-08-20 11:40:03,3.01,4.65
req006005,u1964,s01,2025-08-20 11:40:04,0.81,1.47
req006006,u8038,s03,2025-08-20 11:40:05,1.49,1.68
req006007,u4409,s02,2025-08-20 11:40:06,3.03,3.9
req006008,u7590,s04,2025-08-20 11:40:07,3.51,4.21
req006009,u6523,s03,2025-08-20 11:40:08,2.23,3.04
req006010,u4418,s03,2025-08-20 11:40:09,2.39,3.55
req006011,u4015,s02,2025-08-20 11:40:10,2.74,0.0
req006012,u9311,s04,2025-08-20 11:40:11,3.92,0.0
req006013,u7536,s03,2025-08-20 11:40:12,0.58,0.0
req006014,u4358,s04,2025-08-20 11:40:13,2.51,2.67
req006015,u7157,s04,2025-08-20 11:40:14,0.56,1.36
req006016,u4808,s02,2025-08-20 11:40:15,1.94,3.1
req006017,u5125,s04,2025-08-20 11:40:16,2.84,3.76
req006018,u2310,s01,2025-08-20 11:40:17,0.86,0.0
req006019,u2045,s04,2025-08-20 11:40:18,2.68,0.0
req006020,u6961,s02,2025-08-20 11:40:19,4.66,6.03
req006021,u3243,s01,2025-08-20 11:40:20,3.58,0.0
req006022,u6833,s03,2025-08-20 11:40:21,4.02,4.47
req006023,u7857,s01,2025-08-20 11:40:22,3.11,3.5
req006024,u5407,s04,2025-08-20 11:40:23,4.53,5.21
req006025,u2660,s03,2025-08-20 11:40:24,1.16,1.45
req006026,u7542,s02,2025-08-20 11:40:25,2.52,3.07
req006027,u6795,s01,2025-08-20 11:40:26,3.19,0.0
req006028,u1806,s02,2025-08-20 11:40:27,4.43,4.7
req006029,u8069,s02,2025-08-20 11:40:28,1.89,0.0
req006030,u5863,s03,2025-08-20 11:40:29,0.51,1.37
req006031,u4465,s01,2025-08-20 11:40:30,4.88,6.33
req006032,u4726,s01,2025-08-20 11:40:31,0.62,1.26
req006033,u1422,s02,2025-08-20 11:40:32,1.19,1.3
req006034,u6656,s04,2025-08-20 11:40:33,2.4,0.0
req006035,u5832,s04,2025-08-20 11:40:34,2.73,3.89
req006036,u1999,s04,2025-08-20 11:40:35,4.26,5.67
req006037,u7620,s01,2025-08-20 11:40:36,2.52,3.36
req006038,u7975,s01,2025-08-20 11:40:37,2.96,3.62
req006039,u7058,s02,2025-08-20 11:40:38,1.4,2.43
req006040,u2636,s03,2025-08-20 11:40:39,3.06,3.35
req006041,u5520,s03,2025-08-20 11:40:40,2.07,0.0
req006042,u9376,s01,2025-08-20 11:40:41,0.94,0.0
req006043,u3307,s02,2025-08-20 11:40:42,4.76,6.08
req006044,u7310,s03,2025-08-20 11:40:43,0.87,0.0
req006045,u3890,s04,2025-08-20 11:40:44,3.55,5.04
req006046,u8472,s01,2025-08-20 11:40:45,4.59,6.03
req006047,u3314,s01,2025-08-20 11:40:46,1.31,2.03
req006048,u6554,s04,2025-08-20 11:40:47,1.57,0.0
req006049,u7658,s04,2025-08-20 11:40:48,2.42,4.12
req006050,u5038,s02,2025-08-20 11:40:49,1.83,3.73
req006051,u5058,s01,2025-08-20 11:40:50,3.92,0.0
req006052,u1604,s04,2025-08-20 11:40:51,2.02,2.68
req006053,u2023,s02,2025-08-20 11:40:52,4.94,5.54
req006054,u3423,s04,2025-08-20 11:40:53,4.36,5.8
req006055,u3541,s04,2025-08-20 11:40:54,4.53,0.0
req006056,u5562,s02,2025-08-20 11:40:55,0.79,0.0
req006057,u2189,s02,2025-08-20 11:40:56,1.29,2.74
req006058,u2496,s01,2025-08-20 11:40:57,1.26,0.0
req006059,u8768,s01,2025-08-20 11:40:58,3.52,4.59
req006060,u8761,s01,2025-08-20 11:40:59,0.55,0.0
req006061,u2936,s01,2025-08-20 11:41:00,4.13,0.0
req006062,u7023,s03,2025-08-20 11:41:01,2.96,0.0
req006063,u6766,s03,2025-08-20 11:41:02,3.05,4.9
req006064,u4145,s04,2025-08-20 11:41:03,2.92,3.3
req006065,u8029,s03,2025-08-20 11:41:04,2.91,3.92
req006066,u9039,s01,2025-08-20 11:41:05,1.39,1.56
req006067,u4967,s02,2025-08-20 11:41:06,1.77,0.0
req006068,u2845,s01,2025-08-20 11:41:07,2.69,2.89
req006069,u8921,s01,2025-08-20 11:41:08,3.55,3.75
req006070,u5767,s02,2025-08-20 11:41:09,1.72,0.0
req006071,u3568,s01,2025-08-20 11:41:10,4.13,5.16
req006072,u2081,s04,2025-08-20 11:41:11,4.15,5.37
req006073,u2707,s02,2025-08-20 11:41:12,1.73,1.84
req006074,u6606,s01,2025-08-20 11:41:13,3.02,4.32
req006075,u3166,s01,2025-08-20 11:41:14,2.07,3.1
req006076,u2674,s04,2025-08-20 11:41:15,1.36,1.89
req006077,u3604,s02,2025-08-20 11:41:16,4.13,0.0
req006078,u8100,s03,2025-08-20 11:41:17,4.96,5.09
req006079,u4890,s01,2025-08-20 11:41:18,3.05,3.45
req006080,u7878,s01,2025-08-20 11:41:19,4.61,5.85
req006081,u1117,s01,2025-08-20 11:41:20,3.39,0.0
req006082,u9114,s03,2025-08-20 11:41:21,3.05,4.4
req006083,u1646,s01,2025-08-20 11:41:22,2.66,0.0
req006084,u8701,s02,2025-08-20 11:41:23,1.56,2.89
req006085,u4115,s04,2025-08-20 11:41:24,0.88,0.0
req006086,u7076,s02,2025-08-20 11:41:25,2.49,2.88
req006087,u6963,s03,2025-08-20 11:41:26,3.03,0.0
req006088,u2641,s04,2025-08-20 11:41:27,2.79,4.62
req006089,u4811,s04,2025-08-20 11:41:28,3.63,4.51
req006090,u2535,s02,2025-08-20 11:41:29,1.36,0.0
req006091,u1385,s04,2025-08-20 11:41:30,2.09,0.0
req006092,u4941,s01,2025-08-20 11:41:31,2.37,0.0
req006093,u9823,s03,2025-08-20 11:41:32,1.34,2.9
req006094,u8018,s03,2025-08-20 11:41:33,4.58,5.0
req006095,u9867,s02,2025-08-20 11:41:34,3.57,4.56
req006096,u9525,s04,2025-08-20 11:41:35,0.91,2.0
req006097,u8039,s01,2025-08-20 11:41:36,3.71,5.27
req006098,u4186,s02,2025-08-20 11:41:37,2.97,4.25
req006099,u6454,s04,2025-08-20 11:41:38,2.86,3.72
req006100,u5832,s02,2025-08-20 11:41:39,4.95,0.0
req006101,u2645,s03,2025-08-20 11:41:40,3.28,3.92
req006102,u3305,s03,2025-08-20 11:41:41,4.54,6.49
req006103,u4690,s02,2025-08-20 11:41:42,4.61,5.25
req006104,u1156,s03,2025-08-20 11:41:43,0.96,1.31
req006105,u8739,s02,2025-08-20 11:41:44,0.54,1.21
req006106,u6828,s03,2025-08-20 11:41:45,2.46,3.18
req006107,u7206,s02,2025-08-20 11:41:46,3.96,4.3
req006108,u8361,s02,2025-08-20 11:41:47,4.21,0.0
req006109,u5943,s01,2025-08-20 11:41:48,4.04,5.49
req006110,u6123,s03,2025-08-20 11:41:49,2.51,3.79
req006111,u5083,s04,2025-08-20 11:41:50,3.87,4.57
req006112,u8626,s04,2025-08-20 11:41:51,3.73,5.72
req006113,u9019,s02,2025-08-20 11:41:52,1.91,0.0
req006114,u1590,s02,2025-08-20 11:41:53,1.26,2.6
req006115,u7478,s04,2025-08-20 11:41:54,3.3,4.74
req006116,u5154,s02,2025-08-20 11:41:55,3.55,0.0
req006117,u3549,s02,2025-08-20 11:41:56,3.06,4.22
req006118,u3239,s01,2025-08-20 11:41:57,1.46,0.0
req006119,u7015,s04,2025-08-20 11:41:58,1.75,0.0
req006120,u7776,s01,2025-08-20 11:41:59,3.69,4.84
req006121,u4414,s02,2025-08-20 11:42:00,4.83,0.0
req006122,u9327,s03,2025-08-20 11:42:01,4.75,0.0
req006123,u6961,s01,2025-08-20 11:42:02,2.84,0.0
req006124,u2112,s02,2025-08-20 11:42:03,4.49,4.63
req006125,u8121,s03,2025-08-20 11:42:04,0.63,0.0
req006126,u1467,s03,2025-08-20 11:42:05,4.38,0.0
req006127,u4249,s03,2025-08-20 11:42:06,2.64,4.2
req006128,u2793,s02,2025-08-20 11:42:07,4.02,5.85
req006129,u3529,s03,2025-08-20 11:42:08,0.53,0.86
req006130,u2042,s04,2025-08-20 11:42:09,4.41,6.02
req006131,u2330,s04,2025-08-20 11:42:10,3.18,4.3
req006132,u5913,s01,2025-08-20 11:42:11,1.58,2.22
req006133,u5338,s01,2025-08-20 11:42:12,2.06,3.91
req006134,u3168,s04,2025-08-20 11:42:13,1.4,1.53
req006135,u4143,s02,2025-08-20 11:42:14,2.41,3.03
req006136,u9864,s03,2025-08-20 11:42:15,1.99,3.77
req006137,u2291,s04,2025-08-20 11:42:16,2.91,0.0
req006138,u6106,s02,2025-08-20 11:42:17,4.17,5.18
req006139,u6430,s02,2025-08-20 11:42:18,4.92,0.0
req006140,u5519,s01,2025-08-20 11:42:19,1.63,2.87
req006141,u1929,s03,2025-08-20 11:42:20,0.98,2.5
req006142,u5011,s03,2025-08-20 11:42:21,2.28,2.66
req006143,u3261,s01,2025-08-20 11:42:22,1.15,1.66
req006144,u8812,s02,2025-08-20 11:42:23,4.25,0.0
req006145,u5453,s04,2025-08-20 11:42:24,2.76,4.76
req006146,u2681,s02,2025-08-20 11:42:25,3.29,3.84
req006147,u6613,s02,2025-08-20 11:42:26,1.18,2.3
req006148,u5175,s01,2025-08-20 11:42:27,3.87,4.54
req006149,u8096,s02,2025-08-20 11:42:28,4.88,6.6
req006150,u5115,s04,2025-08-20 11:42:29,2.67,4.6
req006151,u3999,s01,2025-08-20 11:42:30,4.83,5.2
req006152,u3543,s04,2025-08-20 11:42:31,0.66,1.9
req006153,u6963,s03,2025-08-20 11:42:32,0.66,2.3
req006154,u7058,s02,2025-08-20 11:42:33,4.82,6.48
req006155,u3281,s01,2025-08-20 11:42:34,3.65,4.59
req006156,u3235,s04,2025-08-20 11:42:35,1.35,1.88
req006157,u9181,s03,2025-08-20 11:42:36,2.14,2.98
req006158,u2212,s01,2025-08-20 11:42:37,2.78,0.0
req006159,u4002,s01,2025-08-20 11:42:38,3.66,5.19
req006160,u1154,s04,2025-08-20 11:42:39,4.29,6.28
req006161,u8705,s03,2025-08-20 11:42:40,0.87,2.02
req006162,u5958,s01,2025-08-20 11:42:41,3.45,3.92
req006163,u5502,s01,2025-08-20 11:42:42,2.65,0.0
req006164,u2281,s04,2025-08-20 11:42:43,3.19,0.0
req006165,u2729,s01,2025-08-20 11:42:44,2.79,2.97
req006166,u5810,s02,2025-08-20 11:42:45,2.53,4.42
req006167,u9487,s01,2025-08-20 11:42:46,1.42,0.0
req006168,u7305,s01,2025-08-20 11:42:47,2.63,3.65
req006169,u3680,s02,2025-08-20 11:42:48,1.35,2.81
req006170,u8977,s02,2025-08-20 11:42:49,0.7,2.05
req006171,u9327,s01,2025-08-20 11:42:50,2.18,3.97
req006172,u4098,s02,2025-08-20 11:42:51,0.61,1.22
req006173,u3148,s03,2025-08-20 11:42:52,3.03,0.0
req006174,u9259,s03,2025-08-20 11:42:53,0.83,1.77
req006175,u5680,s04,2025-08-20 11:42:54,2.47,0.0
req006176,u6294,s02,2025-08-20 11:42:55,4.91,6.75
req006177,u4152,s02,2025-08-20 11:42:56,0.54,1.75
req006178,u9532,s04,2025-08-20 11:42:57,2.15,0.0
req006179,u2890,s03,2025-08-20 11:42:58,3.53,3.77
req006180,u3711,s03,2025-08-20 11:42:59,1.22,0.0
req006181,u3044,s02,2025-08-20 11:43:00,3.02,3.49
req006182,u8111,s04,2025-08-20 11:43:01,1.66,2.21
req006183,u8108,s01,2025-08-20 11:43:02,1.5,3.49
req006184,u1937,s02,2025-08-20 11:43:03,4.53,0.0
req006185,u5415,s02,2025-08-20 11:43:04,1.41,1.94
req006186,u1195,s03,2025-08-20 11:43:05,2.19,3.94
req006187,u1448,s01,2025-08-20 11:43:06,1.26,1.51
req006188,u4688,s01,2025-08-20 11:43:07,1.78,2.23
req006189,u7929,s02,2025-08-20 11:43:08,1.82,3.58
req006190,u9880,s03,2025-08-20 11:43:09,1.97,3.78
req006191,u8357,s04,2025-08-20 11:43:10,3.38,3.81
req006192,u1686,s01,2025-08-20 11:43:11,3.84,4.38
req006193,u2085,s02,2025-08-20 11:43:12,2.8,0.0
req006194,u8701,s04,2025-08-20 11:43:13,3.25,4.36
req006195,u3373,s03,2025-08-20 11:43:14,4.16,4.36
req006196,u2247,s02,2025-08-20 11:43:15,5.0,6.9
req006197,u7022,s01,2025-08-20 11:43:16,2.55,3.34
req006198,u2422,s03,2025-08-20 11:43:17,4.71,5.74
req006199,u9735,s01,2025-08-20 11:43:18,2.71,3.01
req006200,u5329,s03,2025-08-20 11:43:19,4.02,0.0
req006201,u8636,s04,2025-08-20 11:43:20,3.08,0.0
req006202,u5637,s01,2025-08-20 11:43:21,4.48,4.64
req006203,u5243,s03,2025-08-20 11:43:22,2.52,0.0
req006204,u1683,s02,2025-08-20 11:43:23,3.63,4.62
req006205,u2017,s01,2025-08-20 11:43:24,2.6,2.93
req006206,u1989,s01,2025-08-20 11:43:25,4.36,5.66
req006207,u6205,s03,2025-08-20 11:43:26,4.97,0.0
req006208,u5154,s04,2025-08-20 11:43:27,1.59,3.2
req006209,u5093,s01,2025-08-20 11:43:28,2.63,2.79
req006210,u2476,s03,2025-08-20 11:43:29,0.87,2.13
req006211,u3650,s02,2025-08-20 11:43:30,1.13,0.0
req006212,u3081,s04,2025-08-20 11:43:31,4.68,6.33
req006213,u3676,s01,2025-08-20 11:43:32,2.95,0.0
req006214,u7839,s01,2025-08-20 11:43:33,2.28,3.21
req006215,u5901,s01,2025-08-20 11:43:34,3.52,5.44
req006216,u4043,s03,2025-08-20 11:43:35,3.02,3.33
req006217,u4631,s03,2025-08-20 11:43:36,1.8,2.51
req006218,u3548,s04,2025-08-20 11:43:37,1.52,2.06
req006219,u8245,s04,2025-08-20 11:43:38,3.16,5.15
req006220,u3707,s01,2025-08-20 11:43:39,1.35,2.01
req006221,u5867,s03,2025-08-20 11:43:40,1.13,1.97
req006222,u6049,s03,2025-08-20 11:43:41,1.93,3.64
req006223,u6881,s02,2025-08-20 11:43:42,4.38,0.0
req006224,u1560,s03,2025-08-20 11:43:43,0.67,2.54
req006225,u4633,s01,2025-08-20 11:43:44,4.25,6.13
req006226,u9251,s03,2025-08-20 11:43:45,3.29,4.45
req006227,u4420,s01,2025-08-20 11:43:46,0.68,0.0
req006228,u5990,s01,2025-08-20 11:43:47,3.21,4.57
req006229,u8886,s02,2025-08-20 11:43:48,2.42,3.18
req006230,u7953,s04,2025-08-20 11:43:49,4.29,5.54
req006231,u5587,s01,2025-08-20 11:43:50,4.58,5.26
req006232,u6253,s03,2025-08-20 11:43:51,1.79,3.31
req006233,u4003,s03,2025-08-20 11:43:52,4.03,4.71
req006234,u4073,s04,2025-08-20 11:43:53,1.89,3.66
req006235,u3478,s03,2025-08-20 11:43:54,1.83,2.2
req006236,u6228,s03,2025-08-20 11:43:55,1.37,2.56
req006237,u4264,s03,2025-08-20 11:43:56,3.55,4.64
req006238,u8748,s02,2025-08-20 11:43:57,1.68,2.28
req006239,u8788,s02,2025-08-20 11:43:58,2.59,0.0
req006240,u5849,s03,2025-08-20 11:43:59,4.15,0.0
req006241,u3959,s03,2025-08-20 11:44:00,4.06,4.21
req006242,u3583,s04,2025-08-20 11:44:01,4.35,4.73
req006243,u7737,s02,2025-08-20 11:44:02,1.22,0.0
req006244,u8243,s03,2025-08-20 11:44:03,3.14,5.08
req006245,u2034,s03,2025-08-20 11:44:04,4.62,0.0
req006246,u7231,s01,2025-08-20 11:44:05,0.69,2.58
req006247,u5716,s03,2025-08-20 11:44:06,4.08,4.41
req006248,u9984,s03,2025-08-20 11:44:07,1.61,2.42
req006249,u5186,s02,2025-08-20 11:44:08,3.51,4.49
req006250,u4953,s03,2025-08-20 11:44:09,3.73,4.74
req006251,u6635,s01,2025-08-20 11:44:10,4.67,5.34
req006252,u2996,s01,2025-08-20 11:44:11,2.79,0.0
req006253,u5696,s01,2025-08-20 11:44:12,4.32,0.0
req006254,u6887,s04,2025-08-20 11:44:13,0.7,2.53
req006255,u5694,s01,2025-08-20 11:44:14,2.39,4.22
req006256,u7628,s03,2025-08-20 11:44:15,2.48,2.62
req006257,u3201,s03,2025-08-20 11:44:16,2.92,0.0
req006258,u7386,s01,2025-08-20 11:44:17,2.67,4.01
req006259,u1654,s02,2025-08-20 11:44:18,4.86,5.1
req006260,u6289,s02,2025-08-20 11:44:19,0.85,0.0
req006261,u6616,s02,2025-08-20 11:44:20,1.69,0.0
req006262,u4748,s03,2025-08-20 11:44:21,4.86,0.0
req006263,u9245,s04,2025-08-20 11:44:22,2.5,3.74
req006264,u6951,s04,2025-08-20 11:44:23,3.07,4.82
req006265,u6816,s02,2025-08-20 11:44:24,0.86,2.19
req006266,u6731,s04,2025-08-20 11:44:25,1.78,2.77
req006267,u9871,s02,2025-08-20 11:44:26,0.68,0.0
req006268,u9194,s03,2025-08-20 11:44:27,1.12,3.04
req006269,u6540,s03,2025-08-20 11:44:28,3.35,4.87
req006270,u2608,s02,2025-08-20 11:44:29,3.94,0.0
req006271,u9673,s03,2025-08-20 11:44:30,4.42,4.99
req006272,u2022,s03,2025-08-20 11:44:31,1.63,0.0
req006273,u4600,s03,2025-08-20 11:44:32,2.0,2.84
req006274,u5387,s03,2025-08-20 11:44:33,3.06,0.0
req006275,u8728,s04,2025-08-20 11:44:34,0.88,2.42
req006276,u8523,s02,2025-08-20 11:44:35,4.13,4.27
req006277,u5129,s04,2025-08-20 11:44:36,2.67,2.89
req006278,u5481,s02,2025-08-20 11:44:37,4.84,0.0
req006279,u6724,s03,2025-08-20 11:44:38,1.03,2.76
req006280,u6478,s03,2025-08-20 11:44:39,1.1,0.0
req006281,u4466,s03,2025-08-20 11:44:40,2.07,2.25
req006282,u2718,s01,2025-08-20 11:44:41,1.43,0.0
req006283,u3026,s01,2025-08-20 11:44:42,3.63,5.02
req006284,u2151,s02,2025-08-20 11:44:43,4.76,0.0
req006285,u4655,s02,2025-08-20 11:44:44,0.9,1.61
req006286,u1895,s01,2025-08-20 11:44:45,1.59,0.0
req006287,u9731,s04,2025-08-20 11:44:46,1.57,0.0
req006288,u4402,s02,2025-08-20 11:44:47,2.79,4.46
req006289,u3373,s04,2025-08-20 11:44:48,2.53,0.0
req006290,u2343,s04,2025-08-20 11:44:49,3.77,5.48
req006291,u4053,s02,2025-08-20 11:44:50,3.8,5.71
req006292,u2715,s04,2025-08-20 11:44:51,3.08,3.36
req006293,u7992,s04,2025-08-20 11:44:52,3.16,4.06
req006294,u2658,s01,2025-08-20 11:44:53,4.29,5.48
req006295,u8412,s02,2025-08-20 11:44:54,2.29,4.13
req006296,u7874,s03,2025-08-20 11:44:55,0.56,1.17
req006297,u3283,s01,2025-08-20 11:44:56,1.46,1.7
req006298,u6840,s03,2025-08-20 11:44:57,0.66,1.14
req006299,u2498,s01,2025-08-20 11:44:58,2.27,0.0
req006300,u8464,s04,2025-08-20 11:44:59,2.11,0.0
req006301,u4390,s02,2025-08-20 11:45:00,0.94,1.98
req006302,u2636,s01,2025-08-20 11:45:01,3.9,5.29
req006303,u1493,s03,2025-08-20 11:45:02,2.99,4.4
req006304,u3424,s02,2025-08-20 11:45:03,1.52,0.0
req006305,u9475,s03,2025-08-20 11:45:04,3.92,4.16
req006306,u5071,s01,2025-08-20 11:45:05,3.51,5.06
req006307,u4579,s01,2025-08-20 11:45:06,1.36,0.0
req006308,u2543,s02,2025-08-20 11:45:07,4.92,6.27
req006309,u3350,s02,2025-08-20 11:45:08,1.3,2.17
req006310,u8160,s01,2025-08-20 11:45:09,3.97,5.16
req006311,u6338,s01,2025-08-20 11:45:10,4.86,6.42
req006312,u3314,s02,2025-08-20 11:45:11,3.76,4.36
req006313,u9201,s01,2025-08-20 11:45:12,3.5,5.39
req006314,u2564,s01,2025-08-20 11:45:13,4.56,0.0
req006315,u1027,s01,2025-08-20 11:45:14,1.71,2.07
req006316,u1905,s02,2025-08-20 11:45:15,1.75,3.56
req006317,u8283,s02,2025-08-20 11:45:16,3.39,0.0
req006318,u5643,s04,2025-08-20 11:45:17,4.47,0.0
req006319,u9953,s02,2025-08-20 11:45:18,3.28,4.79
req006320,u9988,s02,2025-08-20 11:45:19,4.9,6.25
req006321,u9821,s04,2025-08-20 11:45:20,1.5,0.0
req006322,u8850,s03,2025-08-20 11:45:21,4.22,4.48
req006323,u2237,s04,2025-08-20 11:45:22,4.67,0.0
req006324,u1156,s04,2025-08-20 11:45:23,2.42,4.27
req006325,u6836,s04,2025-08-20 11:45:24,4.83,0.0
req006326,u5190,s04,2025-08-20 11:45:25,1.41,2.07
req006327,u9566,s04,2025-08-20 11:45:26,4.79,6.31
req006328,u5779,s02,2025-08-20 11:45:27,4.56,6.34
req006329,u1607,s03,2025-08-20 11:45:28,0.8,1.36
req006330,u5488,s01,2025-08-20 11:45:29,2.85,4.69
req006331,u5029,s03,2025-08-20 11:45:30,2.88,4.14
req006332,u1869,s02,2025-08-20 11:45:31,0.76,2.11
req006333,u1938,s01,2025-08-20 11:45:32,0.68,0.0
req006334,u9876,s02,2025-08-20 11:45:33,0.52,2.36
req006335,u7234,s02,2025-08-20 11:45:34,2.86,3.96
req006336,u7702,s01,2025-08-20 11:45:35,2.59,3.53
req006337,u7726,s01,2025-08-20 11:45:36,4.73,6.03
req006338,u6419,s03,2025-08-20 11:45:37,2.04,3.19
req006339,u9504,s02,2025-08-20 11:45:38,3.46,0.0
req006340,u2265,s04,2025-08-20 11:45:39,0.53,0.75
req006341,u6153,s01,2025-08-20 11:45:40,3.49,0.0
req006342,u4421,s03,2025-08-20 11:45:41,4.61,5.05
req006343,u5065,s04,2025-08-20 11:45:42,2.1,2.23
req006344,u7193,s01,2025-08-20 11:45:43,1.91,0.0
req006345,u3550,s03,2025-08-20 11:45:44,3.32,3.63
req006346,u3392,s02,2025-08-20 11:45:45,1.98,0.0
req006347,u4958,s04,2025-08-20 11:45:46,2.31,3.8
req006348,u4946,s03,2025-08-20 11:45:47,1.73,0.0
req006349,u4454,s03,2025-08-20 11:45:48,2.05,2.16
req006350,u7307,s03,2025-08-20 11:45:49,3.56,4.24
req006351,u5522,s04,2025-08-20 11:45:50,4.65,5.6
req006352,u8035,s03,2025-08-20 11:45:51,3.12,5.0
req006353,u6726,s03,2025-08-20 11:45:52,0.55,1.27
req006354,u5382,s02,2025-08-20 11:45:53,1.69,3.28
req006355,u6093,s01,2025-08-20 11:45:54,4.79,5.67
req006356,u8060,s01,2025-08-20 11:45:55,4.6,4.89
req006357,u6893,s01,2025-08-20 11:45:56,1.02,0.0
req006358,u3351,s04,2025-08-20 11:45:57,4.59,0.0
req006359,u1247,s04,2025-08-20 11:45:58,4.84,5.13
req006360,u6942,s01,2025-08-20 11:45:59,1.96,2.88
req006361,u5924,s01,2025-08-20 11:46:00,3.65,3.86
req006362,u9568,s03,2025-08-20 11:46:01,3.02,4.21
req006363,u9585,s02,2025-08-20 11:46:02,2.02,0.0
req006364,u6934,s01,2025-08-20 11:46:03,1.19,2.23
req006365,u1842,s02,2025-08-20 11:46:04,2.15,3.58
req006366,u8659,s02,2025-08-20 11:46:05,4.68,5.13
req006367,u4479,s04,2025-08-20 11:46:06,4.15,5.38
req006368,u3462,s01,2025-08-20 11:46:07,1.99,2.42
req006369,u7032,s03,2025-08-20 11:46:08,2.96,4.43
req006370,u8590,s01,2025-08-20 11:46:09,2.33,0.0
req006371,u2435,s04,2025-08-20 11:46:10,2.6,0.0
req006372,u7696,s01,2025-08-20 11:46:11,3.93,0.0
req006373,u4026,s01,2025-08-20 11:46:12,2.94,3.62
req006374,u1932,s03,2025-08-20 11:46:13,1.31,0.0
req006375,u8879,s01,2025-08-20 11:46:14,1.71,2.98
req006376,u8809,s03,2025-08-20 11:46:15,3.06,0.0
req006377,u3713,s03,2025-08-20 11:46:16,3.62,0.0
req006378,u7803,s04,2025-08-20 11:46:17,2.79,0.0
req006379,u3107,s03,2025-08-20 11:46:18,3.29,5.07
req006380,u6971,s04,2025-08-20 11:46:19,4.05,5.08
req006381,u4054,s02,2025-08-20 11:46:20,2.95,3.42
req006382,u4440,s02,2025-08-20 11:46:21,4.9,6.68
req006383,u3119,s02,2025-08-20 11:46:22,1.56,2.34
req006384,u1651,s03,2025-08-20 11:46:23,4.64,6.13
req006385,u7632,s01,2025-08-20 11:46:24,1.61,2.32
req006386,u7846,s01,2025-08-20 11:46:25,2.89,3.56
req006387,u3397,s03,2025-08-20 11:46:26,2.55,3.87
req006388,u8407,s03,2025-08-20 11:46:27,2.18,0.0
req006389,u3184,s04,2025-08-20 11:46:28,4.83,5.23
req006390,u6571,s01,2025-08-20 11:46:29,1.73,3.48
req006391,u1549,s03,2025-08-20 11:46:30,3.54,0.0
req006392,u8977,s04,2025-08-20 11:46:31,4.12,4.96
req006393,u1184,s02,2025-08-20 11:46:32,1.39,1.53
req006394,u2136,s03,2025-08-20 11:46:33,4.88,0.0
req006395,u3216,s01,2025-08-20 11:46:34,2.96,3.64
req006396,u1610,s03,2025-08-20 11:46:35,4.62,6.21
req006397,u1204,s03,2025-08-20 11:46:36,3.49,5.22
req006398,u5657,s01,2025-08-20 11:46:37,3.42,0.0
req006399,u1749,s04,2025-08-20 11:46:38,2.06,0.0
req006400,u8792,s02,2025-08-20 11:46:39,3.97,5.15
req006401,u6985,s01,2025-08-20 11:46:40,0.63,1.29
req006402,u9501,s02,2025-08-20 11:46:41,3.0,4.1
req006403,u9385,s04,2025-08-20 11:46:42,0.64,2.33
req006404,u3635,s03,2025-08-20 11:46:43,1.88,0.0
req006405,u3135,s01,2025-08-20 11:46:44,0.93,1.63
req006406,u3387,s01,2025-08-20 11:46:45,4.6,5.43
req006407,u8847,s04,2025-08-20 11:46:46,3.33,4.46
req006408,u3081,s02,2025-08-20 11:46:47,3.51,5.3
req006409,u6118,s01,2025-08-20 11:46:48,4.33,0.0
req006410,u9398,s03,2025-08-20 11:46:49,3.8,5.01
req006411,u6256,s02,2025-08-20 11:46:50,1.06,0.0
req006412,u4667,s01,2025-08-20 11:46:51,3.28,3.77
req006413,u2037,s01,2025-08-20 11:46:52,4.9,5.17
req006414,u9109,s03,2025-08-20 11:46:53,1.46,0.0
req006415,u9421,s01,2025-08-20 11:46:54,3.29,3.57
req006416,u6478,s04,2025-08-20 11:46:55,3.04,0.0
req006417,u9274,s04,2025-08-20 11:46:56,2.26,0.0
req006418,u8712,s03,2025-08-20 11:46:57,4.8,0.0
req006419,u9275,s01,2025-08-20 11:46:58,2.1,4.01
req006420,u8920,s04,2025-08-20 11:46:59,0.92,2.58
req006421,u4362,s01,2025-08-20 11:47:00,4.83,0.0
req006422,u5474,s02,2025-08-20 11:47:01,3.78,5.34
req006423,u1870,s02,2025-08-20 11:47:02,2.04,0.0
req006424,u6754,s01,2025-08-20 11:47:03,1.76,0.0
req006425,u4815,s02,2025-08-20 11:47:04,4.68,5.72
req006426,u9848,s02,2025-08-20 11:47:05,1.73,3.11
req006427,u7487,s04,2025-08-20 11:47:06,2.92,0.0
req006428,u8854,s03,2025-08-20 11:47:07,1.47,0.0
req006429,u7623,s01,2025-08-20 11:47:08,4.98,5.32
req006430,u8196,s02,2025-08-20 11:47:09,3.96,5.24
req006431,u8464,s01,2025-08-20 11:47:10,3.05,0.0
req006432,u1199,s01,2025-08-20 11:47:11,3.86,5.5
req006433,u4087,s02,2025-08-20 11:47:12,4.62,4.84
req006434,u8877,s01,2025-08-20 11:47:13,4.83,5.49
req006435,u4109,s04,2025-08-20 11:47:14,4.04,0.0
req006436,u8246,s01,2025-08-20 11:47:15,4.32,4.63
req006437,u7633,s03,2025-08-20 11:47:16,2.29,0.0
req006438,u8791,s03,2025-08-20 11:47:17,2.26,0.0
req006439,u3319,s03,2025-08-20 11:47:18,4.14,4.73
req006440,u1641,s04,2025-08-20 11:47:19,3.92,5.49
req006441,u4324,s01,2025-08-20 11:47:20,4.55,5.28
req006442,u7697,s01,2025-08-20 11:47:21,1.1,0.0
req006443,u8263,s02,2025-08-20 11:47:22,3.61,5.02
req006444,u3007,s03,2025-08-20 11:47:23,3.41,4.98
req006445,u5110,s01,2025-08-20 11:47:24,4.09,5.74
req006446,u7621,s01,2025-08-20 11:47:25,0.61,2.37
req006447,u7048,s02,2025-08-20 11:47:26,4.22,5.46
req006448,u1541,s01,2025-08-20 11:47:27,1.97,2.6
req006449,u2445,s04,2025-08-20 11:47:28,3.59,3.98
req006450,u4052,s01,2025-08-20 11:47:29,3.27,0.0
req006451,u4164,s04,2025-08-20 11:47:30,2.48,0.0
req006452,u6513,s01,2025-08-20 11:47:31,3.86,4.92
req006453,u8915,s03,2025-08-20 11:47:32,4.83,0.0
req006454,u9622,s02,2025-08-20 11:47:33,1.96,0.0
req006455,u3386,s04,2025-08-20 11:47:34,3.87,0.0
req006456,u3856,s01,2025-08-20 11:47:35,1.92,2.22
req006457,u4227,s01,2025-08-20 11:47:36,4.31,6.14
req006458,u5453,s04,2025-08-20 11:47:37,2.47,3.41
req006459,u8552,s04,2025-08-20 11:47:38,2.52,0.0
req006460,u1599,s01,2025-08-20 11:47:39,3.97,5.73
req006461,u9882,s04,2025-08-20 11:47:40,2.73,0.0
req006462,u4607,s04,2025-08-20 11:47:41,1.7,3.15
req006463,u6014,s04,2025-08-20 11:47:42,4.98,6.71
req006464,u1798,s04,2025-08-20 11:47:43,3.29,5.07
req006465,u8122,s01,2025-08-20 11:47:44,3.4,0.0
req006466,u3486,s02,2025-08-20 11:47:45,3.41,3.61
req006467,u7161,s03,2025-08-20 11:47:46,4.48,5.96
req006468,u3306,s01,2025-08-20 11:47:47,1.33,0.0
req006469,u7038,s02,2025-08-20 11:47:48,0.77,1.3
req006470,u4794,s04,2025-08-20 11:47:49,2.24,0.0
req006471,u7495,s01,2025-08-20 11:47:50,3.04,5.02
req006472,u6118,s04,2025-08-20 11:47:51,1.79,3.37
req006473,u6061,s04,2025-08-20 11:47:52,3.6,0.0
req006474,u2199,s02,2025-08-20 11:47:53,0.83,0.94
req006475,u5443,s02,2025-08-20 11:47:54,4.06,0.0
req006476,u9827,s04,2025-08-20 11:47:55,3.73,5.59
req006477,u8760,s03,2025-08-20 11:47:56,1.46,2.12
req006478,u9028,s04,2025-08-20 11:47:57,1.84,2.73
req006479,u8211,s01,2025-08-20 11:47:58,4.13,0.0
req006480,u5805,s01,2025-08-20 11:47:59,3.98,5.24
req006481,u6550,s03,2025-08-20 11:48:00,4.16,6.0
req006482,u5515,s02,2025-08-20 11:48:01,1.95,3.81
req006483,u2989,s03,2025-08-20 11:48:02,4.86,6.03
req006484,u9212,s01,2025-08-20 11:48:03,3.72,4.42
req006485,u9785,s04,2025-08-20 11:48:04,0.79,1.42
req006486,u4726,s04,2025-08-20 11:48:05,2.65,0.0
req006487,u7210,s02,2025-08-20 11:48:06,3.49,4.28
req006488,u9444,s01,2025-08-20 11:48:07,1.26,0.0
req006489,u1086,s03,2025-08-20 11:48:08,4.56,0.0
req006490,u9875,s03,2025-08-20 11:48:09,3.89,4.33
req006491,u9615,s02,2025-08-20 11:48:10,0.87,2.24
req006492,u9585,s03,2025-08-20 11:48:11,4.61,0.0
req006493,u2013,s04,2025-08-20 11:48:12,2.32,0.0
req006494,u4162,s04,2025-08-20 11:48:13,2.54,3.64
req006495,u3722,s04,2025-08-20 11:48:14,4.02,0.0
req006496,u1322,s04,2025-08-20 11:48:15,3.4,0.0
req006497,u8190,s04,2025-08-20 11:48:16,2.47,4.04
req006498,u7389,s01,2025-08-20 11:48:17,1.67,1.95
req006499,u5671,s03,2025-08-20 11:48:18,2.83,3.69
req006500,u5790,s03,2025-08-20 11:48:19,3.11,0.0
req006501,u9630,s01,2025-08-20 11:48:20,3.34,3.9
req006502,u2065,s01,2025-08-20 11:48:21,3.22,4.34
req006503,u8795,s04,2025-08-20 11:48:22,3.28,0.0
req006504,u6821,s04,2025-08-20 11:48:23,2.64,0.0
req006505,u6815,s01,2025-08-20 11:48:24,3.03,0.0
req006506,u3123,s01,2025-08-20 11:48:25,1.8,0.0
req006507,u6499,s03,2025-08-20 11:48:26,1.21,2.2
req006508,u4770,s02,2025-08-20 11:48:27,3.23,0.0
req006509,u2086,s03,2025-08-20 11:48:28,0.71,0.0
req006510,u3989,s01,2025-08-20 11:48:29,0.79,1.74
req006511,u6755,s03,2025-08-20 11:48:30,1.61,0.0
req006512,u6268,s02,2025-08-20 11:48:31,1.37,0.0
req006513,u3270,s03,2025-08-20 11:48:32,2.18,0.0
req006514,u6258,s02,2025-08-20 11:48:33,2.17,2.87
req006515,u1461,s04,2025-08-20 11:48:34,1.03,2.51
req006516,u1451,s04,2025-08-20 11:48:35,1.61,2.62
req006517,u4153,s04,2025-08-20 11:48:36,0.52,1.0
req006518,u1832,s04,2025-08-20 11:48:37,2.08,0.0
req006519,u9914,s04,2025-08-20 11:48:38,4.08,5.22
req006520,u8635,s04,2025-08-20 11:48:39,1.7,2.93
req006521,u4283,s01,2025-08-20 11:48:40,3.4,0.0
req006522,u8792,s01,2025-08-20 11:48:41,0.94,0.0
req006523,u7711,s04,2025-08-20 11:48:42,0.56,0.7
req006524,u1830,s02,2025-08-20 11:48:43,2.74,3.23
req006525,u3858,s01,2025-08-20 11:48:44,2.58,0.0
req006526,u8706,s04,2025-08-20 11:48:45,1.36,1.92
req006527,u9492,s01,2025-08-20 11:48:46,1.79,2.36
req006528,u8765,s03,2025-08-20 11:48:47,0.64,1.19
req006529,u1919,s01,2025-08-20 11:48:48,4.09,0.0
req006530,u4259,s02,2025-08-20 11:48:49,1.86,2.48
req006531,u5094,s04,2025-08-20 11:48:50,1.49,2.09
req006532,u3183,s04,2025-08-20 11:48:51,4.12,5.9
req006533,u2861,s03,2025-08-20 11:48:52,0.68,1.39
req006534,u6549,s01,2025-08-20 11:48:53,1.78,0.0
req006535,u9206,s03,2025-08-20 11:48:54,1.68,2.44
req006536,u4430,s04,2025-08-20 11:48:55,1.68,2.29
req006537,u7622,s01,2025-08-20 11:48:56,0.55,0.0
req006538,u4411,s02,2025-08-20 11:48:57,4.71,6.65
req006539,u1650,s02,2025-08-20 11:48:58,4.39,0.0
req006540,u4229,s03,2025-08-20 11:48:59,2.37,3.49
req006541,u3057,s01,2025-08-20 11:49:00,2.5,0.0
req006542,u9370,s01,2025-08-20 11:49:01,2.86,4.12
req006543,u6650,s02,2025-08-20 11:49:02,2.65,0.0
req006544,u9597,s01,2025-08-20 11:49:03,4.01,5.51
req006545,u8031,s01,2025-08-20 11:49:04,2.7,3.43
req006546,u8625,s01,2025-08-20 11:49:05,1.35,3.29
req006547,u5446,s03,2025-08-20 11:49:06,1.03,1.42
req006548,u4667,s03,2025-08-20 11:49:07,4.63,5.6
req006549,u7301,s04,2025-08-20 11:49:08,0.72,1.1
req006550,u1369,s04,2025-08-20 11:49:09,4.54,0.0
req006551,u5783,s01,2025-08-20 11:49:10,3.61,0.0
req006552,u9255,s01,2025-08-20 11:49:11,2.32,3.92
req006553,u9698,s02,2025-08-20 11:49:12,1.34,0.0
req006554,u9530,s01,2025-08-20 11:49:13,1.9,2.2
req006555,u4845,s04,2025-08-20 11:49:14,2.88,4.03
req006556,u4953,s03,2025-08-20 11:49:15,3.46,3.76
req006557,u7425,s01,2025-08-20 11:49:16,3.61,4.57
req006558,u3251,s02,2025-08-20 11:49:17,2.51,3.14
req006559,u9987,s03,2025-08-20 11:49:18,2.18,4.0
req006560,u2870,s03,2025-08-20 11:49:19,3.96,0.0
req006561,u8188,s04,2025-08-20 11:49:20,4.66,4.86
req006562,u6187,s01,2025-08-20 11:49:21,4.62,5.95
req006563,u1105,s03,2025-08-20 11:49:22,2.98,4.4
req006564,u8100,s02,2025-08-20 11:49:23,0.86,2.65
req006565,u1651,s02,2025-08-20 11:49:24,0.83,2.6
req006566,u5809,s01,2025-08-20 11:49:25,2.31,0.0
req006567,u8614,s01,2025-08-20 11:49:26,3.8,0.0
req006568,u2066,s02,2025-08-20 11:49:27,2.74,4.7
req006569,u9755,s01,2025-08-20 11:49:28,3.32,0.0
req006570,u9373,s02,2025-08-20 11:49:29,4.29,4.87
req006571,u9471,s02,2025-08-20 11:49:30,0.68,1.3
req006572,u1208,s02,2025-08-20 11:49:31,4.66,5.51
req006573,u7386,s02,2025-08-20 11:49:32,1.99,0.0
req006574,u6658,s03,2025-08-20 11:49:33,0.71,0.0
req006575,u2179,s03,2025-08-20 11:49:34,4.26,0.0
req006576,u4808,s01,2025-08-20 11:49:35,4.7,5.82
req006577,u2380,s02,2025-08-20 11:49:36,3.96,4.76
req006578,u2995,s03,2025-08-20 11:49:37,4.12,5.63
req006579,u5513,s04,2025-08-20 11:49:38,4.42,4.54
req006580,u3676,s01,2025-08-20 11:49:39,2.85,0.0
req006581,u7658,s02,2025-08-20 11:49:40,3.56,3.69
req006582,u8340,s02,2025-08-20 11:49:41,1.79,3.25
req006583,u4284,s03,2025-08-20 11:49:42,1.62,3.4
req006584,u1255,s03,2025-08-20 11:49:43,3.24,4.82
req006585,u8319,s04,2025-08-20 11:49:44,3.81,0.0
req006586,u5143,s02,2025-08-20 11:49:45,2.29,0.0
req006587,u7407,s04,2025-08-20 11:49:46,2.3,2.62
req006588,u9983,s01,2025-08-20 11:49:47,4.79,6.67
req006589,u7374,s02,2025-08-20 11:49:48,2.83,3.92
req006590,u4347,s01,2025-08-20 11:49:49,4.94,0.0
req006591,u9824,s04,2025-08-20 11:49:50,4.38,5.89
req006592,u7184,s03,2025-08-20 11:49:51,3.38,3.86
req006593,u5857,s04,2025-08-20 11:49:52,0.54,1.68
req006594,u7370,s02,2025-08-20 11:49:53,1.83,2.56
req006595,u2254,s03,2025-08-20 11:49:54,2.38,4.33
req006596,u1996,s01,2025-08-20 11:49:55,3.44,0.0
req006597,u8466,s03,2025-08-20 11:49:56,2.28,3.28
req006598,u9986,s03,2025-08-20 11:49:57,4.23,5.77
req006599,u2620,s04,2025-08-20 11:49:58,3.48,4.73
req006600,u3814,s01,2025-08-20 11:49:59,2.06,2.34
req006601,u8396,s04,2025-08-20 11:50:00,4.03,0.0
req006602,u8485,s04,2025-08-20 11:50:01,1.86,0.0
req006603,u5211,s01,2025-08-20 11:50:02,0.78,1.91
req006604,u3005,s04,2025-08-20 11:50:03,1.28,2.41
req006605,u8719,s04,2025-08-20 11:50:04,0.51,0.0
req006606,u7955,s04,2025-08-20 11:50:05,4.25,0.0
req006607,u6331,s03,2025-08-20 11:50:06,3.32,4.78
req006608,u6241,s04,2025-08-20 11:50:07,3.07,3.78
req006609,u9394,s01,2025-08-20 11:50:08,3.48,0.0
req006610,u9336,s02,2025-08-20 11:50:09,3.44,5.18
req006611,u3138,s03,2025-08-20 11:50:10,3.04,4.32
req006612,u4608,s02,2025-08-20 11:50:11,4.29,4.46
req006613,u2066,s03,2025-08-20 11:50:12,2.48,3.92
req006614,u7706,s04,2025-08-20 11:50:13,4.12,5.94
req006615,u3375,s02,2025-08-20 11:50:14,4.04,0.0
req006616,u8906,s03,2025-08-20 11:50:15,1.4,0.0
req006617,u1563,s03,2025-08-20 11:50:16,2.54,0.0
req006618,u5813,s03,2025-08-20 11:50:17,4.26,5.66
req006619,u2650,s04,2025-08-20 11:50:18,4.24,5.06
req006620,u5664,s03,2025-08-20 11:50:19,0.61,1.83
req006621,u2949,s01,2025-08-20 11:50:20,1.5,1.93
req006622,u9548,s03,2025-08-20 11:50:21,2.41,0.0
req006623,u6949,s04,2025-08-20 11:50:22,0.71,0.0
req006624,u7818,s01,2025-08-20 11:50:23,1.67,2.91
req006625,u3094,s01,2025-08-20 11:50:24,1.66,2.71
req006626,u4892,s03,2025-08-20 11:50:25,1.47,1.62
req006627,u4881,s02,2025-08-20 11:50:26,2.28,2.99
req006628,u4380,s02,2025-08-20 11:50:27,4.16,0.0
req006629,u9714,s04,2025-08-20 11:50:28,1.6,2.06
req006630,u4877,s04,2025-08-20 11:50:29,3.12,0.0
req006631,u2800,s02,2025-08-20 11:50:30,3.01,3.85
req006632,u7576,s04,2025-08-20 11:50:31,4.18,0.0
req006633,u9171,s01,2025-08-20 11:50:32,2.27,0.0
req006634,u3942,s04,2025-08-20 11:50:33,1.51,0.0
req006635,u1768,s02,2025-08-20 11:50:34,4.51,0.0
req006636,u1570,s01,2025-08-20 11:50:35,4.25,4.81
req006637,u4844,s01,2025-08-20 11:50:36,3.3,4.99
req006638,u8410,s04,2025-08-20 11:50:37,0.92,2.35
req006639,u3302,s02,2025-08-20 11:50:38,0.57,0.0
req006640,u6026,s01,2025-08-20 11:50:39,1.32,2.83
req006641,u9049,s01,2025-08-20 11:50:40,1.38,2.17
req006642,u1967,s03,2025-08-20 11:50:41,1.11,1.22
req006643,u5164,s02,2025-08-20 11:50:42,1.68,2.2
req006644,u2951,s04,2025-08-20 11:50:43,2.02,0.0
req006645,u6861,s02,2025-08-20 11:50:44,3.89,5.43
req006646,u2414,s02,2025-08-20 11:50:45,3.69,4.94
req006647,u4204,s02,2025-08-20 11:50:46,0.97,2.09
req006648,u1858,s03,2025-08-20 11:50:47,4.9,5.53
req006649,u9002,s04,2025-08-20 11:50:48,3.88,0.0
req006650,u5874,s02,2025-08-20 11:50:49,1.24,1.48
req006651,u6360,s03,2025-08-20 11:50:50,1.06,0.0
req006652,u7015,s03,2025-08-20 11:50:51,0.89,0.0
req006653,u3410,s01,2025-08-20 11:50:52,3.79,5.38
req006654,u1566,s01,2025-08-20 11:50:53,1.56,1.73
req006655,u1131,s04,2025-08-20 11:50:54,0.83,1.04
req006656,u4244,s01,2025-08-20 11:50:55,2.4,3.06
req006657,u6746,s01,2025-08-20 11:50:56,3.69,4.88
req006658,u3769,s04,2025-08-20 11:50:57,1.87,3.86
req006659,u1330,s03,2025-08-20 11:50:58,2.67,0.0
req006660,u7006,s01,2025-08-20 11:50:59,1.37,0.0
req006661,u8834,s03,2025-08-20 11:51:00,2.43,2.7
req006662,u1558,s01,2025-08-20 11:51:01,2.12,3.12
req006663,u4218,s02,2025-08-20 11:51:02,2.45,3.69
req006664,u3153,s02,2025-08-20 11:51:03,2.6,0.0
req006665,u3543,s02,2025-08-20 11:51:04,0.92,2.58
req006666,u7809,s02,2025-08-20 11:51:05,0.92,2.33
req006667,u4966,s04,2025-08-20 11:51:06,1.67,0.0
req006668,u1035,s02,2025-08-20 11:51:07,1.02,0.0
req006669,u4371,s02,2025-08-20 11:51:08,1.64,3.27
req006670,u1885,s04,2025-08-20 11:51:09,0.61,1.7
req006671,u9137,s03,2025-08-20 11:51:10,2.08,3.0
req006672,u9271,s02,2025-08-20 11:51:11,1.46,0.0
req006673,u4835,s03,2025-08-20 11:51:12,4.51,5.79
req006674,u9142,s04,2025-08-20 11:51:13,4.36,6.17
req006675,u2085,s01,2025-08-20 11:51:14,1.85,0.0
req006676,u7708,s03,2025-08-20 11:51:15,2.64,0.0
req006677,u5262,s02,2025-08-20 11:51:16,4.8,0.0
req006678,u3417,s01,2025-08-20 11:51:17,2.86,0.0
req006679,u5512,s03,2025-08-20 11:51:18,4.32,0.0
req006680,u7598,s02,2025-08-20 11:51:19,4.22,0.0
req006681,u2654,s03,2025-08-20 11:51:20,4.74,0.0
req006682,u3400,s02,2025-08-20 11:51:21,1.88,3.03
req006683,u6782,s04,2025-08-20 11:51:22,0.7,1.95
req006684,u9002,s04,2025-08-20 11:51:23,0.97,0.0
req006685,u9772,s01,2025-08-20 11:51:24,3.07,0.0
req006686,u3012,s02,2025-08-20 11:51:25,2.89,0.0
req006687,u3718,s03,2025-08-20 11:51:26,1.84,0.0
req006688,u4093,s01,2025-08-20 11:51:27,1.62,0.0
req006689,u4111,s03,2025-08-20 11:51:28,3.69,4.43
req006690,u2923,s04,2025-08-20 11:51:29,2.03,3.26
req006691,u7909,s03,2025-08-20 11:51:30,3.22,4.51
req006692,u1475,s01,2025-08-20 11:51:31,3.71,5.24
req006693,u4263,s03,2025-08-20 11:51:32,2.44,3.63
req006694,u1843,s04,2025-08-20 11:51:33,1.37,1.85
req006695,u9836,s01,2025-08-20 11:51:34,4.37,5.58
req006696,u4030,s02,2025-08-20 11:51:35,0.92,0.0
req006697,u7091,s01,2025-08-20 11:51:36,4.23,0.0
req006698,u7597,s04,2025-08-20 11:51:37,4.27,4.94
req006699,u4941,s01,2025-08-20 11:51:38,3.07,3.34
req006700,u2307,s04,2025-08-20 11:51:39,3.33,5.0
req006701,u2431,s04,2025-08-20 11:51:40,2.11,0.0
req006702,u5782,s04,2025-08-20 11:51:41,4.29,4.52
req006703,u1352,s01,2025-08-20 11:51:42,1.69,2.99
req006704,u3786,s03,2025-08-20 11:51:43,3.02,5.0
req006705,u2544,s03,2025-08-20 11:51:44,0.51,0.78
req006706,u6729,s03,2025-08-20 11:51:45,4.73,5.25
req006707,u4438,s01,2025-08-20 11:51:46,4.77,0.0
req006708,u1817,s04,2025-08-20 11:51:47,3.7,5.25
req006709,u9337,s01,2025-08-20 11:51:48,2.4,2.68
req006710,u1241,s04,2025-08-20 11:51:49,1.3,0.0
req006711,u5633,s01,2025-08-20 11:51:50,2.72,0.0
req006712,u1906,s01,2025-08-20 11:51:51,4.06,5.74
req006713,u3630,s01,2025-08-20 11:51:52,3.22,0.0
req006714,u8520,s02,2025-08-20 11:51:53,2.87,2.97
req006715,u7762,s04,2025-08-20 11:51:54,4.32,6.11
req006716,u2181,s03,2025-08-20 11:51:55,1.91,2.14
req006717,u8647,s01,2025-08-20 11:51:56,4.37,0.0
req006718,u9008,s02,2025-08-20 11:51:57,2.48,0.0
req006719,u9943,s02,2025-08-20 11:51:58,0.51,2.36
req006720,u2660,s01,2025-08-20 11:51:59,3.79,0.0
req006721,u3764,s01,2025-08-20 11:52:00,4.45,6.19
req006722,u9401,s04,2025-08-20 11:52:01,2.68,3.81
req006723,u5094,s02,2025-08-20 11:52:02,2.55,0.0
req006724,u5020,s03,2025-08-20 11:52:03,4.12,5.7
req006725,u3163,s04,2025-08-20 11:52:04,4.48,0.0
req006726,u4591,s04,2025-08-20 11:52:05,4.88,0.0
req006727,u5516,s01,2025-08-20 11:52:06,2.06,2.3
req006728,u7112,s02,2025-08-20 11:52:07,3.18,3.54
req006729,u5203,s04,2025-08-20 11:52:08,4.2,5.0
req006730,u3253,s03,2025-08-20 11:52:09,2.89,4.01
req006731,u3391,s04,2025-08-20 11:52:10,2.58,0.0
req006732,u4367,s02,2025-08-20 11:52:11,3.07,4.82
req006733,u2397,s03,2025-08-20 11:52:12,2.11,0.0
req006734,u8822,s03,2025-08-20 11:52:13,1.36,0.0
req006735,u9181,s04,2025-08-20 11:52:14,0.8,1.93
req006736,u9468,s03,2025-08-20 11:52:15,3.24,0.0
req006737,u2798,s02,2025-08-20 11:52:16,2.21,3.57
req006738,u7361,s01,2025-08-20 11:52:17,4.47,5.86
req006739,u3911,s02,2025-08-20 11:52:18,1.5,0.0
req006740,u2831,s02,2025-08-20 11:52:19,1.9,3.67
req006741,u5493,s03,2025-08-20 11:52:20,4.87,6.45
req006742,u3623,s02,2025-08-20 11:52:21,3.0,0.0
req006743,u8784,s03,2025-08-20 11:52:22,2.06,4.02
req006744,u7801,s03,2025-08-20 11:52:23,4.37,4.51
req006745,u6948,s01,2025-08-20 11:52:24,3.85,4.34
req006746,u8074,s03,2025-08-20 11:52:25,3.08,4.95
req006747,u6547,s02,2025-08-20 11:52:26,4.5,6.11
req006748,u8175,s01,2025-08-20 11:52:27,0.92,0.0
req006749,u1352,s01,2025-08-20 11:52:28,2.28,2.89
req006750,u8827,s03,2025-08-20 11:52:29,4.15,6.1
req006751,u7948,s02,2025-08-20 11:52:30,2.24,3.99
req006752,u3471,s04,2025-08-20 11:52:31,4.67,0.0
req006753,u2106,s04,2025-08-20 11:52:32,1.19,1.41
req006754,u5169,s02,2025-08-20 11:52:33,2.01,3.65
req006755,u2977,s04,2025-08-20 11:52:34,2.42,4.01
req006756,u7695,s02,2025-08-20 11:52:35,3.59,4.11
req006757,u4581,s02,2025-08-20 11:52:36,1.38,2.75
req006758,u6129,s03,2025-08-20 11:52:37,0.54,2.48
req006759,u1901,s01,2025-08-20 11:52:38,4.89,6.27
req006760,u3279,s03,2025-08-20 11:52:39,4.54,6.19
req006761,u2051,s02,2025-08-20 11:52:40,1.85,2.14
req006762,u5649,s01,2025-08-20 11:52:41,2.68,4.16
req006763,u4068,s01,2025-08-20 11:52:42,2.7,0.0
req006764,u2350,s03,2025-08-20 11:52:43,4.41,0.0
req006765,u1373,s02,2025-08-20 11:52:44,3.19,3.68
req006766,u7180,s01,2025-08-20 11:52:45,4.22,4.46
req006767,u2970,s01,2025-08-20 11:52:46,4.6,5.75
req006768,u2999,s03,2025-08-20 11:52:47,3.05,0.0
req006769,u5317,s03,2025-08-20 11:52:48,1.78,3.31
req006770,u2134,s02,2025-08-20 11:52:49,2.74,3.88
req006771,u1764,s01,2025-08-20 11:52:50,4.33,6.2
req006772,u7385,s01,2025-08-20 11:52:51,3.13,4.55
req006773,u5638,s01,2025-08-20 11:52:52,4.53,4.85
req006774,u6269,s02,2025-08-20 11:52:53,4.53,0.0
req006775,u6528,s03,2025-08-20 11:52:54,2.18,4.06
req006776,u9247,s01,2025-08-20 11:52:55,2.52,2.91
req006777,u4051,s03,2025-08-20 11:52:56,3.55,5.09
req006778,u1107,s04,2025-08-20 11:52:57,1.0,1.38
req006779,u1406,s03,2025-08-20 11:52:58,2.6,0.0
req006780,u5173,s03,2025-08-20 11:52:59,1.17,3.17
req006781,u2053,s04,2025-08-20 11:53:00,4.32,0.0
req006782,u3082,s04,2025-08-20 11:53:01,4.74,5.47
req006783,u5430,s01,2025-08-20 11:53:02,1.14,2.18
req006784,u5154,s04,2025-08-20 11:53:03,3.5,4.49
req006785,u6887,s01,2025-08-20 11:53:04,3.36,3.65
req006786,u3038,s02,2025-08-20 11:53:05,3.92,4.96
req006787,u7149,s03,2025-08-20 11:53:06,3.63,4.01
req006788,u2586,s03,2025-08-20 11:53:07,1.48,3.1
req006789,u6034,s01,2025-08-20 11:53:08,1.81,3.73
req006790,u7677,s03,2025-08-20 11:53:09,1.24,2.88
req006791,u6449,s04,2025-08-20 11:53:10,4.65,5.57
req006792,u5053,s01,2025-08-20 11:53:11,2.85,0.0
req006793,u8614,s04,2025-08-20 11:53:12,4.89,0.0
req006794,u1040,s02,2025-08-20 11:53:13,2.52,2.62
req006795,u3493,s03,2025-08-20 11:53:14,2.99,3.16
req006796,u4568,s04,2025-08-20 11:53:15,4.05,0.0
req006797,u9381,s01,2025-08-20 11:53:16,4.09,5.13
req006798,u8716,s02,2025-08-20 11:53:17,1.54,0.0
req006799,u9490,s04,2025-08-20 11:53:18,1.8,3.19
req006800,u4842,s01,2025-08-20 11:53:19,0.94,0.0
req006801,u3998,s02,2025-08-20 11:53:20,4.12,0.0
req006802,u4653,s04,2025-08-20 11:53:21,4.07,0.0
req006803,u3777,s02,2025-08-20 11:53:22,0.87,0.0
req006804,u4995,s03,2025-08-20 11:53:23,1.66,3.32
req006805,u7234,s01,2025-08-20 11:53:24,2.52,3.76
req006806,u8226,s04,2025-08-20 11:53:25,2.94,4.9
req006807,u8200,s02,2025-08-20 11:53:26,2.85,3.89
req006808,u1401,s02,2025-08-20 11:53:27,4.92,6.16
req006809,u7072,s02,2025-08-20 11:53:28,3.94,4.48
req006810,u4337,s02,2025-08-20 11:53:29,1.01,1.76
req006811,u5884,s01,2025-08-20 11:53:30,1.82,0.0
req006812,u3401,s04,2025-08-20 11:53:31,2.05,3.45
req006813,u6801,s03,2025-08-20 11:53:32,1.92,0.0
req006814,u2087,s03,2025-08-20 11:53:33,4.04,5.28
req006815,u9130,s04,2025-08-20 11:53:34,2.12,0.0
req006816,u1983,s04,2025-08-20 11:53:35,2.72,3.52
req006817,u2995,s01,2025-08-20 11:53:36,2.9,3.21
req006818,u4148,s02,2025-08-20 11:53:37,1.72,2.47
req006819,u6190,s03,2025-08-20 11:53:38,1.95,2.13
req006820,u9201,s03,2025-08-20 11:53:39,4.01,5.21
req006821,u9741,s02,2025-08-20 11:53:40,4.4,5.11
req006822,u2495,s02,2025-08-20 11:53:41,0.67,1.49
req006823,u3573,s01,2025-08-20 11:53:42,3.22,4.41
req006824,u2978,s02,2025-08-20 11:53:43,3.35,4.55
req006825,u7117,s02,2025-08-20 11:53:44,3.82,5.04
req006826,u7129,s04,2025-08-20 11:53:45,3.62,0.0
req006827,u6736,s04,2025-08-20 11:53:46,4.45,0.0
req006828,u3207,s01,2025-08-20 11:53:47,0.85,1.88
req006829,u5326,s04,2025-08-20 11:53:48,2.25,0.0
req006830,u5091,s04,2025-08-20 11:53:49,4.02,5.05
req006831,u1023,s01,2025-08-20 11:53:50,4.31,5.97
req006832,u9275,s01,2025-08-20 11:53:51,1.69,0.0
req006833,u8741,s01,2025-08-20 11:53:52,3.13,0.0
req006834,u3018,s02,2025-08-20 11:53:53,1.31,0.0
req006835,u4343,s01,2025-08-20 11:53:54,4.33,5.32
req006836,u1215,s03,2025-08-20 11:53:55,3.79,4.91
req006837,u2673,s03,2025-08-20 11:53:56,1.5,3.48
req006838,u7623,s01,2025-08-20 11:53:57,3.31,3.75
req006839,u2502,s04,2025-08-20 11:53:58,2.79,4.27
req006840,u9565,s02,2025-08-20 11:53:59,1.66,0.0
req006841,u1437,s03,2025-08-20 11:54:00,4.52,0.0
req006842,u6057,s02,2025-08-20 11:54:01,1.17,0.0
req006843,u2126,s02,2025-08-20 11:54:02,2.6,3.6
req006844,u2697,s01,2025-08-20 11:54:03,3.12,0.0
req006845,u3971,s01,2025-08-20 11:54:04,4.21,5.89
req006846,u2073,s04,2025-08-20 11:54:05,1.18,2.05
req006847,u3138,s02,2025-08-20 11:54:06,3.24,3.92
req006848,u7308,s03,2025-08-20 11:54:07,0.53,1.02
req006849,u3008,s03,2025-08-20 11:54:08,4.2,0.0
req006850,u1817,s01,2025-08-20 11:54:09,1.56,0.0
req006851,u1074,s03,2025-08-20 11:54:10,3.74,5.5
req006852,u7965,s02,2025-08-20 11:54:11,3.21,4.67
req006853,u2939,s03,2025-08-20 11:54:12,0.73,0.98
req006854,u1795,s04,2025-08-20 11:54:13,1.32,2.78
req006855,u3241,s03,2025-08-20 11:54:14,1.7,1.87
req006856,u7387,s01,2025-08-20 11:54:15,4.49,4.94
req006857,u8727,s04,2025-08-20 11:54:16,2.66,0.0
req006858,u5382,s01,2025-08-20 11:54:17,4.61,5.84
req006859,u7855,s03,2025-08-20 11:54:18,0.71,1.69
req006860,u8694,s04,2025-08-20 11:54:19,0.53,2.23
req006861,u8191,s03,2025-08-20 11:54:20,4.77,0.0
req006862,u9376,s02,2025-08-20 11:54:21,3.76,0.0
req006863,u1413,s02,2025-08-20 11:54:22,4.02,5.27
req006864,u4174,s01,2025-08-20 11:54:23,4.62,6.55
req006865,u5656,s01,2025-08-20 11:54:24,4.93,6.65
req006866,u4184,s03,2025-08-20 11:54:25,0.94,0.0
req006867,u2716,s01,2025-08-20 11:54:26,1.21,1.96
req006868,u8139,s01,2025-08-20 11:54:27,1.35,0.0
req006869,u4815,s03,2025-08-20 11:54:28,4.18,5.86
req006870,u4524,s04,2025-08-20 11:54:29,2.1,0.0
req006871,u5979,s02,2025-08-20 11:54:30,3.17,0.0
req006872,u9909,s04,2025-08-20 11:54:31,4.35,6.1
req006873,u4856,s03,2025-08-20 11:54:32,3.57,0.0
req006874,u7003,s01,2025-08-20 11:54:33,0.79,2.73
req006875,u6951,s04,2025-08-20 11:54:34,2.51,2.63
req006876,u8236,s02,2025-08-20 11:54:35,0.8,2.56
req006877,u6111,s04,2025-08-20 11:54:36,2.65,2.88
req006878,u1483,s02,2025-08-20 11:54:37,1.49,0.0
req006879,u9877,s02,2025-08-20 11:54:38,0.51,0.0
req006880,u6597,s02,2025-08-20 11:54:39,4.16,5.26
req006881,u8206,s02,2025-08-20 11:54:40,4.86,0.0
req006882,u5911,s03,2025-08-20 11:54:41,4.84,0.0
req006883,u8988,s01,2025-08-20 11:54:42,1.85,2.74
req006884,u2366,s03,2025-08-20 11:54:43,4.23,6.08
req006885,u9045,s02,2025-08-20 11:54:44,3.55,4.42
req006886,u8250,s04,2025-08-20 11:54:45,4.1,5.33
req006887,u2756,s03,2025-08-20 11:54:46,4.31,5.72
req006888,u6239,s02,2025-08-20 11:54:47,4.91,5.05
req006889,u6478,s01,2025-08-20 11:54:48,1.18,2.4
req006890,u7716,s02,2025-08-20 11:54:49,3.96,5.04
req006891,u5780,s02,2025-08-20 11:54:50,3.8,5.03
req006892,u9546,s03,2025-08-20 11:54:51,1.79,2.03
req006893,u7165,s03,2025-08-20 11:54:52,2.27,2.48
req006894,u5140,s03,2025-08-20 11:54:53,1.3,1.74
req006895,u4861,s02,2025-08-20 11:54:54,4.61,6.36
req006896,u3499,s01,2025-08-20 11:54:55,4.46,5.24
req006897,u3474,s03,2025-08-20 11:54:56,3.26,4.18
req006898,u5289,s01,2025-08-20 11:54:57,2.8,3.64
req006899,u7424,s03,2025-08-20 11:54:58,1.55,3.01
req006900,u7330,s03,2025-08-20 11:54:59,4.05,4.64
req006901,u4812,s03,2025-08-20 11:55:00,0.54,0.77
req006902,u2750,s04,2025-08-20 11:55:01,2.58,0.0
req006903,u9751,s02,2025-08-20 11:55:02,4.37,0.0
req006904,u2649,s01,2025-08-20 11:55:03,3.28,4.1
req006905,u6329,s03,2025-08-20 11:55:04,3.36,4.84
req006906,u9732,s02,2025-08-20 11:55:05,0.82,2.66
req006907,u7888,s03,2025-08-20 11:55:06,1.79,1.99
req006908,u1031,s03,2025-08-20 11:55:07,3.53,5.17
req006909,u4224,s04,2025-08-20 11:55:08,0.72,0.95
req006910,u3613,s04,2025-08-20 11:55:09,1.99,2.72
req006911,u7356,s02,2025-08-20 11:55:10,2.09,2.23
req006912,u4312,s04,2025-08-20 11:55:11,2.74,4.57
req006913,u5120,s02,2025-08-20 11:55:12,2.13,0.0
req006914,u4215,s01,2025-08-20 11:55:13,2.54,3.98
req006915,u1852,s02,2025-08-20 11:55:14,2.96,3.76
req006916,u3452,s02,2025-08-20 11:55:15,1.08,0.0
req006917,u8056,s01,2025-08-20 11:55:16,1.31,2.13
req006918,u3580,s01,2025-08-20 11:55:17,4.25,5.57
req006919,u1319,s01,2025-08-20 11:55:18,2.57,0.0
req006920,u5633,s02,2025-08-20 11:55:19,2.1,2.37
req006921,u9395,s02,2025-08-20 11:55:20,2.45,0.0
req006922,u3212,s01,2025-08-20 11:55:21,1.29,1.67
req006923,u5122,s04,2025-08-20 11:55:22,1.58,0.0
req006924,u1327,s03,2025-08-20 11:55:23,2.82,0.0
req006925,u2825,s02,2025-08-20 11:55:24,2.12,3.83
req006926,u6690,s03,2025-08-20 11:55:25,2.64,0.0
req006927,u3380,s04,2025-08-20 11:55:26,1.17,0.0
req006928,u2151,s02,2025-08-20 11:55:27,1.2,0.0
req006929,u8380,s01,2025-08-20 11:55:28,2.23,2.71
req006930,u4397,s02,2025-08-20 11:55:29,2.2,3.68
req006931,u9842,s02,2025-08-20 11:55:30,4.47,5.0
req006932,u2807,s01,2025-08-20 11:55:31,0.65,0.92
req006933,u1831,s04,2025-08-20 11:55:32,4.97,6.78
req006934,u2105,s03,2025-08-20 11:55:33,4.8,6.61
req006935,u9549,s01,2025-08-20 11:55:34,2.94,0.0
req006936,u8285,s03,2025-08-20 11:55:35,3.73,0.0
req006937,u4906,s03,2025-08-20 11:55:36,4.71,5.96
req006938,u4370,s04,2025-08-20 11:55:37,1.63,2.61
req006939,u3994,s04,2025-08-20 11:55:38,1.92,3.07
req006940,u5664,s02,2025-08-20 11:55:39,1.0,1.88
req006941,u8819,s02,2025-08-20 11:55:40,3.04,4.58
req006942,u2613,s04,2025-08-20 11:55:41,1.22,0.0
req006943,u6607,s04,2025-08-20 11:55:42,4.69,6.22
req006944,u3660,s01,2025-08-20 11:55:43,2.44,4.1
req006945,u6596,s01,2025-08-20 11:55:44,4.64,5.73
req006946,u7529,s04,2025-08-20 11:55:45,1.42,3.04
req006947,u8791,s02,2025-08-20 11:55:46,3.62,0.0
req006948,u4833,s04,2025-08-20 11:55:47,3.41,3.81
req006949,u1989,s04,2025-08-20 11:55:48,2.3,2.46
req006950,u4111,s04,2025-08-20 11:55:49,4.54,5.87
req006951,u2689,s04,2025-08-20 11:55:50,2.46,2.76
req006952,u7352,s03,2025-08-20 11:55:51,1.39,2.54
req006953,u8300,s04,2025-08-20 11:55:52,4.9,6.37
req006954,u3888,s02,2025-08-20 11:55:53,2.49,3.36
req006955,u9522,s02,2025-08-20 11:55:54,1.44,1.62
req006956,u2674,s03,2025-08-20 11:55:55,2.14,3.93
req006957,u9838,s04,2025-08-20 11:55:56,3.26,0.0
req006958,u9356,s01,2025-08-20 11:55:57,2.8,2.98
req006959,u7057,s03,2025-08-20 11:55:58,3.36,0.0
req006960,u9751,s04,2025-08-20 11:55:59,3.48,5.3
req006961,u5102,s01,2025-08-20 11:56:00,1.06,1.26
req006962,u1610,s03,2025-08-20 11:56:01,1.92,3.42
req006963,u8488,s01,2025-08-20 11:56:02,3.87,5.73
req006964,u4961,s02,2025-08-20 11:56:03,3.43,5.25
req006965,u5736,s01,2025-08-20 11:56:04,0.9,2.7
req006966,u4749,s01,2025-08-20 11:56:05,1.92,3.7
req006967,u2358,s02,2025-08-20 11:56:06,4.69,5.76
req006968,u1334,s03,2025-08-20 11:56:07,4.38,5.54
req006969,u9994,s01,2025-08-20 11:56:08,3.52,0.0
req006970,u6810,s03,2025-08-20 11:56:09,0.83,2.11
req006971,u8339,s02,2025-08-20 11:56:10,3.23,5.03
req006972,u4476,s04,2025-08-20 11:56:11,0.55,2.24
req006973,u5524,s02,2025-08-20 11:56:12,3.48,5.07
req006974,u7463,s03,2025-08-20 11:56:13,3.79,5.17
req006975,u9448,s01,2025-08-20 11:56:14,2.74,4.01
req006976,u8132,s04,2025-08-20 11:56:15,0.52,2.37
req006977,u8557,s01,2025-08-20 11:56:16,3.5,3.97
req006978,u6565,s02,2025-08-20 11:56:17,4.19,4.66
req006979,u8761,s03,2025-08-20 11:56:18,3.14,5.11
req006980,u1995,s03,2025-08-20 11:56:19,3.69,4.84
req006981,u2525,s03,2025-08-20 11:56:20,0.91,1.93
req006982,u6402,s02,2025-08-20 11:56:21,3.72,5.44
req006983,u5699,s04,2025-08-20 11:56:22,3.26,0.0
req006984,u3488,s04,2025-08-20 11:56:23,1.99,3.7
req006985,u3182,s03,2025-08-20 11:56:24,3.58,4.02
req006986,u9079,s04,2025-08-20 11:56:25,3.41,3.84
req006987,u1648,s02,2025-08-20 11:56:26,3.2,4.81
req006988,u7025,s03,2025-08-20 11:56:27,1.32,2.91
req006989,u7131,s03,2025-08-20 11:56:28,1.83,2.36
req006990,u8792,s02,2025-08-20 11:56:29,4.96,6.66
req006991,u8458,s02,2025-08-20 11:56:30,2.45,3.46
req006992,u3566,s02,2025-08-20 11:56:31,0.77,1.76
req006993,u1569,s02,2025-08-20 11:56:32,4.55,0.0
req006994,u1768,s02,2025-08-20 11:56:33,1.28,0.0
req006995,u6261,s04,2025-08-20 11:56:34,2.32,4.29
req006996,u4839,s02,2025-08-20 11:56:35,1.75,2.84
req006997,u7799,s01,2025-08-20 11:56:36,4.84,5.2
req006998,u9992,s02,2025-08-20 11:56:37,2.2,2.83
req006999,u9598,s01,2025-08-20 11:56:38,3.69,4.42
req007000,u1855,s02,2025-08-20 11:56:39,3.19,5.11
req007001,u8080,s04,2025-08-20 11:56:40,0.69,1.29
req007002,u5479,s02,2025-08-20 11:56:41,2.23,3.15
req007003,u4615,s02,2025-08-20 11:56:42,2.26,3.78
req007004,u6135,s02,2025-08-20 11:56:43,4.95,0.0
req007005,u5031,s01,2025-08-20 11:56:44,4.15,4.77
req007006,u9925,s03,2025-08-20 11:56:45,4.35,5.78
req007007,u3887,s03,2025-08-20 11:56:46,1.91,0.0
req007008,u1521,s03,2025-08-20 11:56:47,1.98,0.0
req007009,u2676,s01,2025-08-20 11:56:48,2.82,3.31
req007010,u9837,s01,2025-08-20 11:56:49,3.34,3.9
req007011,u8683,s01,2025-08-20 11:56:50,3.78,5.75
req007012,u9012,s03,2025-08-20 11:56:51,4.19,4.99
req007013,u7767,s03,2025-08-20 11:56:52,4.43,5.92
req007014,u8402,s02,2025-08-20 11:56:53,0.61,2.31
req007015,u2296,s03,2025-08-20 11:56:54,4.08,0.0
req007016,u3682,s03,2025-08-20 11:56:55,3.25,4.01
req007017,u5405,s03,2025-08-20 11:56:56,2.89,0.0
req007018,u5133,s04,2025-08-20 11:56:57,3.33,4.11
req007019,u2262,s02,2025-08-20 11:56:58,4.47,0.0
req007020,u2136,s02,2025-08-20 11:56:59,2.95,4.52
req007021,u7065,s04,2025-08-20 11:57:00,1.23,2.48
req007022,u4616,s02,2025-08-20 11:57:01,2.47,3.26
req007023,u1034,s01,2025-08-20 11:57:02,4.66,0.0
req007024,u2764,s04,2025-08-20 11:57:03,4.17,5.69
req007025,u3452,s02,2025-08-20 11:57:04,1.41,3.15
req007026,u9088,s04,2025-08-20 11:57:05,3.71,4.26
req007027,u1923,s02,2025-08-20 11:57:06,1.65,0.0
req007028,u8284,s03,2025-08-20 11:57:07,2.07,2.22
req007029,u4168,s02,2025-08-20 11:57:08,2.61,3.23
req007030,u7319,s02,2025-08-20 11:57:09,2.48,0.0
req007031,u7555,s03,2025-08-20 11:57:10,0.63,2.01
req007032,u3926,s04,2025-08-20 11:57:11,3.98,5.82
req007033,u1846,s04,2025-08-20 11:57:12,4.31,0.0
req007034,u7708,s02,2025-08-20 11:57:13,2.89,4.63
req007035,u3479,s01,2025-08-20 11:57:14,1.28,1.8
req007036,u9137,s03,2025-08-20 11:57:15,1.62,3.39
req007037,u3048,s03,2025-08-20 11:57:16,1.07,2.71
req007038,u5235,s03,2025-08-20 11:57:17,1.26,2.76
req007039,u5563,s02,2025-08-20 11:57:18,4.44,0.0
req007040,u8442,s04,2025-08-20 11:57:19,2.66,4.07
req007041,u1192,s04,2025-08-20 11:57:20,1.0,0.0
req007042,u8027,s02,2025-08-20 11:57:21,1.65,3.28
req007043,u8709,s02,2025-08-20 11:57:22,4.77,6.51
req007044,u5259,s03,2025-08-20 11:57:23,2.79,4.45
req007045,u6974,s03,2025-08-20 11:57:24,2.82,0.0
req007046,u1221,s03,2025-08-20 11:57:25,2.87,3.2
req007047,u8430,s03,2025-08-20 11:57:26,1.0,2.47
req007048,u2061,s02,2025-08-20 11:57:27,4.87,6.57
req007049,u8073,s04,2025-08-20 11:57:28,0.88,0.0
req007050,u3378,s03,2025-08-20 11:57:29,3.65,4.1
req007051,u4815,s04,2025-08-20 11:57:30,0.76,1.27
req007052,u3541,s03,2025-08-20 11:57:31,2.5,4.09
req007053,u6842,s03,2025-08-20 11:57:32,4.55,5.3
req007054,u3180,s04,2025-08-20 11:57:33,3.96,4.82
req007055,u8127,s04,2025-08-20 11:57:34,2.01,2.83
req007056,u6689,s03,2025-08-20 11:57:35,2.98,3.48
req007057,u6972,s01,2025-08-20 11:57:36,1.24,0.0
req007058,u6448,s02,2025-08-20 11:57:37,4.8,0.0
req007059,u8276,s01,2025-08-20 11:57:38,3.69,5.57
req007060,u6551,s01,2025-08-20 11:57:39,2.18,3.81
req007061,u8274,s04,2025-08-20 11:57:40,1.93,2.51
req007062,u7680,s01,2025-08-20 11:57:41,1.57,1.87
req007063,u9419,s01,2025-08-20 11:57:42,4.04,4.85
req007064,u3009,s04,2025-08-20 11:57:43,2.46,3.35
req007065,u2816,s02,2025-08-20 11:57:44,1.99,0.0
req007066,u3665,s02,2025-08-20 11:57:45,4.57,4.68
req007067,u1127,s03,2025-08-20 11:57:46,1.18,2.97
req007068,u1594,s01,2025-08-20 11:57:47,1.69,3.41
req007069,u6860,s04,2025-08-20 11:57:48,2.05,3.77
req007070,u7871,s02,2025-08-20 11:57:49,1.67,3.3
req007071,u6253,s01,2025-08-20 11:57:50,3.13,4.62
req007072,u6186,s02,2025-08-20 11:57:51,3.2,4.51
req007073,u6667,s03,2025-08-20 11:57:52,0.75,0.0
req007074,u4994,s03,2025-08-20 11:57:53,1.15,0.0
req007075,u1796,s04,2025-08-20 11:57:54,1.39,3.31
req007076,u5129,s03,2025-08-20 11:57:55,0.82,2.27
req007077,u1334,s03,2025-08-20 11:57:56,1.06,2.36
req007078,u8899,s04,2025-08-20 11:57:57,1.58,0.0
req007079,u5557,s04,2025-08-20 11:57:58,2.06,0.0
req007080,u4263,s03,2025-08-20 11:57:59,4.06,5.66
req007081,u4341,s04,2025-08-20 11:58:00,1.48,2.05
req007082,u9696,s04,2025-08-20 11:58:01,3.52,5.46
req007083,u8514,s01,2025-08-20 11:58:02,0.76,0.9
req007084,u3586,s02,2025-08-20 11:58:03,3.46,4.79
req007085,u8362,s01,2025-08-20 11:58:04,4.08,4.33
req007086,u1158,s04,2025-08-20 11:58:05,3.22,4.94
req007087,u8789,s04,2025-08-20 11:58:06,1.41,3.35
req007088,u6922,s02,2025-08-20 11:58:07,1.99,2.87
req007089,u4516,s03,2025-08-20 11:58:08,4.12,5.85
req007090,u4722,s03,2025-08-20 11:58:09,2.44,0.0
req007091,u6766,s01,2025-08-20 11:58:10,1.65,2.39
req007092,u3885,s02,2025-08-20 11:58:11,4.7,5.1
req007093,u5686,s01,2025-08-20 11:58:12,3.37,4.0
req007094,u3739,s04,2025-08-20 11:58:13,4.13,4.8
req007095,u4194,s01,2025-08-20 11:58:14,0.61,0.0
req007096,u5909,s02,2025-08-20 11:58:15,2.03,3.33
req007097,u5106,s04,2025-08-20 11:58:16,2.57,0.0
req007098,u3121,s02,2025-08-20 11:58:17,3.14,0.0
req007099,u5045,s03,2025-08-20 11:58:18,1.35,2.96
req007100,u3464,s03,2025-08-20 11:58:19,2.74,3.23
req007101,u9925,s04,2025-08-20 11:58:20,3.59,3.86
req007102,u1206,s03,2025-08-20 11:58:21,2.06,0.0
req007103,u2588,s03,2025-08-20 11:58:22,3.61,0.0
req007104,u8724,s01,2025-08-20 11:58:23,2.25,2.77
req007105,u2024,s03,2025-08-20 11:58:24,2.61,3.27
req007106,u1601,s03,2025-08-20 11:58:25,1.1,0.0
req007107,u7496,s02,2025-08-20 11:58:26,3.43,4.06
req007108,u4298,s04,2025-08-20 11:58:27,1.51,2.03
req007109,u8975,s03,2025-08-20 11:58:28,4.23,0.0
req007110,u9603,s03,2025-08-20 11:58:29,2.99,3.98
req007111,u2239,s03,2025-08-20 11:58:30,3.02,4.75
req007112,u3001,s02,2025-08-20 11:58:31,4.61,0.0
req007113,u9937,s04,2025-08-20 11:58:32,1.25,1.54
req007114,u8064,s01,2025-08-20 11:58:33,2.89,4.63
req007115,u9555,s03,2025-08-20 11:58:34,2.22,0.0
req007116,u4977,s04,2025-08-20 11:58:35,4.85,5.89
req007117,u9905,s03,2025-08-20 11:58:36,4.07,5.42
req007118,u4456,s03,2025-08-20 11:58:37,3.91,0.0
req007119,u6628,s03,2025-08-20 11:58:38,1.42,3.07
req007120,u5267,s01,2025-08-20 11:58:39,1.57,2.25
req007121,u4128,s03,2025-08-20 11:58:40,0.63,2.54
req007122,u5539,s04,2025-08-20 11:58:41,3.37,3.63
req007123,u6459,s03,2025-08-20 11:58:42,2.17,0.0
req007124,u9178,s03,2025-08-20 11:58:43,1.9,3.0
req007125,u2274,s01,2025-08-20 11:58:44,3.37,3.95
req007126,u3189,s03,2025-08-20 11:58:45,4.23,0.0
req007127,u5666,s01,2025-08-20 11:58:46,1.1,1.98
req007128,u1907,s02,2025-08-20 11:58:47,4.63,0.0
req007129,u4573,s02,2025-08-20 11:58:48,0.65,1.6
req007130,u9310,s02,2025-08-20 11:58:49,0.93,2.77
req007131,u5306,s03,2025-08-20 11:58:50,4.27,0.0
req007132,u2017,s01,2025-08-20 11:58:51,2.72,0.0
req007133,u7031,s03,2025-08-20 11:58:52,4.73,5.67
req007134,u9680,s04,2025-08-20 11:58:53,2.58,4.01
req007135,u8600,s04,2025-08-20 11:58:54,4.67,0.0
req007136,u1106,s01,2025-08-20 11:58:55,1.58,0.0
req007137,u5123,s01,2025-08-20 11:58:56,3.27,5.18
req007138,u2517,s04,2025-08-20 11:58:57,4.98,0.0
req007139,u4252,s03,2025-08-20 11:58:58,2.19,0.0
req007140,u2866,s03,2025-08-20 11:58:59,0.51,1.55
req007141,u9961,s01,2025-08-20 11:59:00,0.79,1.67
req007142,u8558,s01,2025-08-20 11:59:01,4.37,6.32
req007143,u4590,s03,2025-08-20 11:59:02,2.71,0.0
req007144,u3127,s01,2025-08-20 11:59:03,2.92,4.59
req007145,u4819,s04,2025-08-20 11:59:04,4.1,0.0
req007146,u4147,s04,2025-08-20 11:59:05,4.15,6.04
req007147,u6352,s01,2025-08-20 11:59:06,2.65,3.5
req007148,u2668,s03,2025-08-20 11:59:07,4.36,5.78
req007149,u6384,s04,2025-08-20 11:59:08,2.61,3.18
req007150,u1849,s03,2025-08-20 11:59:09,3.54,5.29
req007151,u7787,s01,2025-08-20 11:59:10,0.65,2.52
req007152,u3300,s01,2025-08-20 11:59:11,1.12,0.0
req007153,u4096,s03,2025-08-20 11:59:12,4.33,0.0
req007154,u5037,s04,2025-08-20 11:59:13,1.91,0.0
req007155,u5992,s01,2025-08-20 11:59:14,2.01,2.62
req007156,u5478,s01,2025-08-20 11:59:15,3.48,3.78
req007157,u1423,s02,2025-08-20 11:59:16,3.17,3.65
req007158,u6961,s04,2025-08-20 11:59:17,0.87,2.17
req007159,u5003,s04,2025-08-20 11:59:18,3.95,4.57
req007160,u9913,s02,2025-08-20 11:59:19,3.28,4.59
req007161,u4842,s02,2025-08-20 11:59:20,4.35,5.12
req007162,u4982,s03,2025-08-20 11:59:21,2.91,0.0
req007163,u4220,s01,2025-08-20 11:59:22,2.36,4.2
req007164,u4441,s02,2025-08-20 11:59:23,2.17,3.13
req007165,u8303,s03,2025-08-20 11:59:24,0.52,0.0
req007166,u9540,s02,2025-08-20 11:59:25,0.68,1.73
req007167,u8973,s04,2025-08-20 11:59:26,1.09,1.85
req007168,u4350,s03,2025-08-20 11:59:27,4.68,0.0
req007169,u4764,s04,2025-08-20 11:59:28,4.46,4.7
req007170,u6348,s03,2025-08-20 11:59:29,2.74,3.78
req007171,u9591,s04,2025-08-20 11:59:30,1.31,2.88
req007172,u1966,s03,2025-08-20 11:59:31,1.16,3.07
req007173,u6346,s02,2025-08-20 11:59:32,1.65,1.9
req007174,u3647,s02,2025-08-20 11:59:33,4.59,0.0
req007175,u9698,s01,2025-08-20 11:59:34,2.85,0.0
req007176,u6563,s03,2025-08-20 11:59:35,4.12,5.74
req007177,u9253,s03,2025-08-20 11:59:36,2.78,0.0
req007178,u2111,s01,2025-08-20 11:59:37,3.24,0.0
req007179,u5638,s03,2025-08-20 11:59:38,3.25,0.0
req007180,u9478,s04,2025-08-20 11:59:39,0.64,1.25
req007181,u9785,s02,2025-08-20 11:59:40,2.5,0.0
req007182,u1197,s03,2025-08-20 11:59:41,4.39,0.0
req007183,u6299,s02,2025-08-20 11:59:42,2.7,4.36
req007184,u6476,s04,2025-08-20 11:59:43,2.46,3.21
req007185,u2095,s02,2025-08-20 11:59:44,2.87,3.19
req007186,u6734,s03,2025-08-20 11:59:45,2.21,3.47
req007187,u6606,s02,2025-08-20 11:59:46,2.82,0.0
req007188,u7726,s01,2025-08-20 11:59:47,1.11,2.91
req007189,u8997,s03,2025-08-20 11:59:48,4.86,0.0
req007190,u5492,s02,2025-08-20 11:59:49,0.65,0.0
req007191,u7608,s01,2025-08-20 11:59:50,2.67,3.12
req007192,u5931,s01,2025-08-20 11:59:51,1.44,1.58
req007193,u3184,s04,2025-08-20 11:59:52,0.76,2.54
req007194,u3997,s01,2025-08-20 11:59:53,3.43,0.0
req007195,u8579,s03,2025-08-20 11:59:54,4.93,0.0
req007196,u4258,s02,2025-08-20 11:59:55,3.87,0.0
req007197,u1857,s04,2025-08-20 11:59:56,1.64,0.0
req007198,u1609,s02,2025-08-20 11:59:57,2.72,4.15
req007199,u7800,s04,2025-08-20 11:59:58,0.72,2.36
req007200,u4926,s03,2025-08-20 11:59:59,2.89,3.1
req007201,u7413,s04,2025-08-20 12:00:00,0.95,2.74
req007202,u5801,s02,2025-08-20 12:00:01,4.08,4.98
req007203,u8589,s03,2025-08-20 12:00:02,0.76,0.0
req007204,u1625,s04,2025-08-20 12:00:03,0.54,2.35
req007205,u5552,s03,2025-08-20 12:00:04,4.38,0.0
req007206,u9584,s03,2025-08-20 12:00:05,4.74,0.0
req007207,u8845,s04,2025-08-20 12:00:06,0.89,0.0
req007208,u1981,s04,2025-08-20 12:00:07,1.76,1.98
req007209,u5812,s01,2025-08-20 12:00:08,3.84,0.0
req007210,u3302,s03,2025-08-20 12:00:09,2.93,4.71
req007211,u9690,s01,2025-08-20 12:00:10,4.77,6.15
req007212,u1734,s03,2025-08-20 12:00:11,2.25,3.4
req007213,u5441,s04,2025-08-20 12:00:12,0.51,0.73
req007214,u9861,s03,2025-08-20 12:00:13,0.59,2.0
req007215,u2781,s04,2025-08-20 12:00:14,3.04,4.28
req007216,u3308,s03,2025-08-20 12:00:15,3.88,0.0
req007217,u5776,s02,2025-08-20 12:00:16,4.06,5.54
req007218,u5425,s02,2025-08-20 12:00:17,4.6,0.0
req007219,u8256,s01,2025-08-20 12:00:18,1.53,2.99
req007220,u7914,s01,2025-08-20 12:00:19,3.82,0.0
req007221,u4514,s03,2025-08-20 12:00:20,4.22,5.16
req007222,u4204,s01,2025-08-20 12:00:21,4.26,0.0
req007223,u8460,s03,2025-08-20 12:00:22,2.35,2.84
req007224,u9005,s03,2025-08-20 12:00:23,3.32,5.17
req007225,u4924,s03,2025-08-20 12:00:24,2.98,4.84
req007226,u9360,s04,2025-08-20 12:00:25,3.19,3.69
req007227,u1310,s03,2025-08-20 12:00:26,1.77,3.07
req007228,u5164,s02,2025-08-20 12:00:27,3.57,0.0
req007229,u8346,s01,2025-08-20 12:00:28,3.7,0.0
req007230,u1667,s02,2025-08-20 12:00:29,1.38,1.87
req007231,u2859,s03,2025-08-20 12:00:30,2.5,4.24
req007232,u4993,s01,2025-08-20 12:00:31,2.4,2.69
req007233,u1144,s03,2025-08-20 12:00:32,3.87,0.0
req007234,u4263,s02,2025-08-20 12:00:33,3.5,0.0
req007235,u8433,s01,2025-08-20 12:00:34,2.64,4.62
req007236,u8042,s04,2025-08-20 12:00:35,3.44,4.7
req007237,u1179,s04,2025-08-20 12:00:36,1.68,1.82
req007238,u5429,s02,2025-08-20 12:00:37,1.55,3.33
req007239,u2777,s01,2025-08-20 12:00:38,1.58,2.98
req007240,u2607,s03,2025-08-20 12:00:39,0.63,0.0
req007241,u9079,s03,2025-08-20 12:00:40,3.61,5.03
req007242,u8666,s02,2025-08-20 12:00:41,4.94,5.56
req007243,u1349,s04,2025-08-20 12:00:42,1.89,2.63
req007244,u6435,s01,2025-08-20 12:00:43,4.68,0.0
req007245,u8458,s02,2025-08-20 12:00:44,3.23,0.0
req007246,u8336,s03,2025-08-20 12:00:45,1.51,3.35
req007247,u4546,s03,2025-08-20 12:00:46,0.55,1.86
req007248,u2633,s02,2025-08-20 12:00:47,3.76,3.89
req007249,u1335,s01,2025-08-20 12:00:48,3.63,4.35
req007250,u9260,s01,2025-08-20 12:00:49,1.53,2.77
req007251,u1855,s04,2025-08-20 12:00:50,2.0,2.38
req007252,u3839,s02,2025-08-20 12:00:51,4.54,0.0
req007253,u8995,s03,2025-08-20 12:00:52,1.21,1.5
req007254,u2140,s04,2025-08-20 12:00:53,4.26,4.47
req007255,u4736,s02,2025-08-20 12:00:54,1.26,2.56
req007256,u7916,s04,2025-08-20 12:00:55,2.67,3.38
req007257,u3721,s03,2025-08-20 12:00:56,2.75,0.0
req007258,u3982,s02,2025-08-20 12:00:57,2.62,0.0
req007259,u6203,s04,2025-08-20 12:00:58,1.8,2.61
req007260,u7020,s03,2025-08-20 12:00:59,1.64,1.85
req007261,u8965,s03,2025-08-20 12:01:00,3.8,0.0
req007262,u9525,s01,2025-08-20 12:01:01,1.74,0.0
req007263,u5625,s04,2025-08-20 12:01:02,3.24,4.74
req007264,u2177,s01,2025-08-20 12:01:03,4.31,5.87
req007265,u1151,s01,2025-08-20 12:01:04,4.27,5.95
req007266,u5083,s02,2025-08-20 12:01:05,1.25,2.59
req007267,u3435,s03,2025-08-20 12:01:06,3.45,5.02
req007268,u3103,s02,2025-08-20 12:01:07,3.21,0.0
req007269,u3192,s02,2025-08-20 12:01:08,1.77,2.97
req007270,u2214,s02,2025-08-20 12:01:09,2.26,3.29
req007271,u2914,s03,2025-08-20 12:01:10,1.78,2.37
req007272,u4611,s03,2025-08-20 12:01:11,2.92,3.12
req007273,u9304,s01,2025-08-20 12:01:12,4.12,4.77
req007274,u9325,s03,2025-08-20 12:01:13,4.45,5.85
req007275,u7988,s03,2025-08-20 12:01:14,3.75,5.61
req007276,u2114,s01,2025-08-20 12:01:15,2.68,0.0
req007277,u7632,s03,2025-08-20 12:01:16,4.81,5.4
req007278,u8100,s04,2025-08-20 12:01:17,3.04,0.0
req007279,u1495,s01,2025-08-20 12:01:18,2.65,0.0
req007280,u8737,s01,2025-08-20 12:01:19,4.36,0.0
req007281,u1237,s04,2025-08-20 12:01:20,1.33,2.7
req007282,u6054,s02,2025-08-20 12:01:21,1.21,2.22
req007283,u2307,s01,2025-08-20 12:01:22,4.02,0.0
req007284,u6273,s01,2025-08-20 12:01:23,4.42,5.71
req007285,u9125,s02,2025-08-20 12:01:24,0.83,0.93
req007286,u3612,s01,2025-08-20 12:01:25,3.94,4.27
req007287,u5141,s01,2025-08-20 12:01:26,2.41,2.92
req007288,u2453,s01,2025-08-20 12:01:27,3.67,5.47
req007289,u7734,s01,2025-08-20 12:01:28,1.11,1.29
req007290,u6580,s03,2025-08-20 12:01:29,4.88,0.0
req007291,u9316,s01,2025-08-20 12:01:30,4.47,5.65
req007292,u5192,s02,2025-08-20 12:01:31,2.33,0.0
req007293,u6739,s03,2025-08-20 12:01:32,4.52,0.0
req007294,u4418,s04,2025-08-20 12:01:33,4.53,6.39
req007295,u7389,s01,2025-08-20 12:01:34,2.58,0.0
req007296,u9332,s03,2025-08-20 12:01:35,4.76,6.1
req007297,u2212,s04,2025-08-20 12:01:36,4.9,5.92
req007298,u1635,s01,2025-08-20 12:01:37,1.48,2.31
req007299,u6722,s02,2025-08-20 12:01:38,0.8,0.0
req007300,u4270,s02,2025-08-20 12:01:39,1.99,3.28
req007301,u6064,s03,2025-08-20 12:01:40,2.7,3.71
req007302,u1153,s01,2025-08-20 12:01:41,0.92,2.36
req007303,u6958,s02,2025-08-20 12:01:42,1.13,0.0
req007304,u4637,s01,2025-08-20 12:01:43,4.87,0.0
req007305,u5815,s01,2025-08-20 12:01:44,3.82,0.0
req007306,u9141,s01,2025-08-20 12:01:45,4.44,5.71
req007307,u5684,s03,2025-08-20 12:01:46,4.87,6.05
req007308,u3993,s03,2025-08-20 12:01:47,2.2,4.12
req007309,u4475,s02,2025-08-20 12:01:48,3.6,5.29
req007310,u1681,s04,2025-08-20 12:01:49,1.33,2.59
req007311,u9842,s01,2025-08-20 12:01:50,2.98,0.0
req007312,u2081,s04,2025-08-20 12:01:51,1.44,2.56
req007313,u1822,s02,2025-08-20 12:01:52,1.22,2.7
req007314,u8718,s02,2025-08-20 12:01:53,0.94,2.57
req007315,u4806,s04,2025-08-20 12:01:54,3.11,3.77
req007316,u5428,s01,2025-08-20 12:01:55,4.77,6.14
req007317,u6801,s02,2025-08-20 12:01:56,1.05,1.41
req007318,u7654,s04,2025-08-20 12:01:57,2.76,0.0
req007319,u6859,s01,2025-08-20 12:01:58,3.59,4.51
req007320,u2171,s02,2025-08-20 12:01:59,2.73,4.61
req007321,u4676,s03,2025-08-20 12:02:00,4.6,5.32
req007322,u1432,s02,2025-08-20 12:02:01,1.25,0.0
req007323,u8690,s04,2025-08-20 12:02:02,0.61,1.0
req007324,u3760,s04,2025-08-20 12:02:03,2.22,0.0
req007325,u7360,s04,2025-08-20 12:02:04,3.0,3.38
req007326,u8450,s01,2025-08-20 12:02:05,1.65,2.5
req007327,u5923,s03,2025-08-20 12:02:06,1.26,1.79
req007328,u6281,s01,2025-08-20 12:02:07,4.12,0.0
req007329,u5080,s02,2025-08-20 12:02:08,1.35,2.26
req007330,u4688,s04,2025-08-20 12:02:09,2.49,3.96
req007331,u7150,s01,2025-08-20 12:02:10,4.8,6.59
req007332,u3159,s02,2025-08-20 12:02:11,3.26,0.0
req007333,u6192,s01,2025-08-20 12:02:12,2.74,3.05
req007334,u2281,s01,2025-08-20 12:02:13,2.12,3.68
req007335,u8220,s01,2025-08-20 12:02:14,2.84,3.14
req007336,u1480,s01,2025-08-20 12:02:15,3.8,4.62
req007337,u3986,s03,2025-08-20 12:02:16,4.2,0.0
req007338,u8878,s03,2025-08-20 12:02:17,3.42,0.0
req007339,u2612,s02,2025-08-20 12:02:18,4.06,6.05
req007340,u6199,s03,2025-08-20 12:02:19,0.9,1.13
req007341,u4047,s03,2025-08-20 12:02:20,0.56,0.7
req007342,u3278,s01,2025-08-20 12:02:21,3.8,0.0
req007343,u8414,s01,2025-08-20 12:02:22,1.68,2.41
req007344,u4845,s02,2025-08-20 12:02:23,4.45,6.36
req007345,u8892,s03,2025-08-20 12:02:24,2.91,0.0
req007346,u3642,s01,2025-08-20 12:02:25,2.65,2.79
req007347,u3283,s02,2025-08-20 12:02:26,3.98,0.0
req007348,u7776,s03,2025-08-20 12:02:27,3.83,0.0
req007349,u4269,s03,2025-08-20 12:02:28,3.67,0.0
req007350,u9650,s04,2025-08-20 12:02:29,3.6,0.0
req007351,u7916,s04,2025-08-20 12:02:30,2.82,3.34
req007352,u2829,s03,2025-08-20 12:02:31,4.67,5.92
req007353,u8664,s03,2025-08-20 12:02:32,4.51,0.0
req007354,u2805,s04,2025-08-20 12:02:33,1.98,2.52
req007355,u7231,s04,2025-08-20 12:02:34,4.12,4.32
req007356,u2036,s02,2025-08-20 12:02:35,4.51,4.71
req007357,u4159,s04,2025-08-20 12:02:36,3.28,4.44
req007358,u9986,s01,2025-08-20 12:02:37,3.0,0.0
req007359,u4104,s01,2025-08-20 12:02:38,3.52,0.0
req007360,u6557,s04,2025-08-20 12:02:39,1.23,0.0
req007361,u9610,s01,2025-08-20 12:02:40,0.89,0.0
req007362,u2699,s04,2025-08-20 12:02:41,4.19,0.0
req007363,u9064,s03,2025-08-20 12:02:42,3.08,4.25
req007364,u9305,s04,2025-08-20 12:02:43,1.05,2.49
req007365,u2552,s04,2025-08-20 12:02:44,2.37,0.0
req007366,u1477,s04,2025-08-20 12:02:45,1.84,2.19
req007367,u6880,s02,2025-08-20 12:02:46,4.44,5.49
req007368,u3512,s02,2025-08-20 12:02:47,2.78,4.02
req007369,u5883,s04,2025-08-20 12:02:48,3.1,3.62
req007370,u6254,s04,2025-08-20 12:02:49,1.56,2.7
req007371,u1203,s02,2025-08-20 12:02:50,4.1,5.55
req007372,u4079,s01,2025-08-20 12:02:51,4.69,6.67
req007373,u6145,s02,2025-08-20 12:02:52,4.07,5.3
req007374,u8432,s04,2025-08-20 12:02:53,2.72,0.0
req007375,u9768,s04,2025-08-20 12:02:54,4.26,6.0
req007376,u4467,s04,2025-08-20 12:02:55,1.35,3.03
req007377,u7003,s02,2025-08-20 12:02:56,1.01,2.9
req007378,u6090,s03,2025-08-20 12:02:57,2.47,3.94
req007379,u3915,s03,2025-08-20 12:02:58,1.32,0.0
req007380,u2171,s03,2025-08-20 12:02:59,1.67,2.17
req007381,u2908,s03,2025-08-20 12:03:00,3.13,3.8
req007382,u4278,s01,2025-08-20 12:03:01,2.32,3.91
req007383,u6539,s04,2025-08-20 12:03:02,4.4,5.49
req007384,u8756,s04,2025-08-20 12:03:03,1.52,2.1
req007385,u7470,s02,2025-08-20 12:03:04,4.99,0.0
req007386,u2501,s04,2025-08-20 12:03:05,2.12,0.0
req007387,u6078,s02,2025-08-20 12:03:06,2.82,4.17
req007388,u5289,s03,2025-08-20 12:03:07,1.1,2.92
req007389,u5862,s04,2025-08-20 12:03:08,3.11,3.89
req007390,u1378,s03,2025-08-20 12:03:09,4.83,6.06
req007391,u1990,s03,2025-08-20 12:03:10,3.87,5.07
req007392,u6387,s03,2025-08-20 12:03:11,1.6,1.94
req007393,u8499,s03,2025-08-20 12:03:12,2.49,2.76
req007394,u8989,s02,2025-08-20 12:03:13,2.41,4.2
req007395,u9988,s03,2025-08-20 12:03:14,0.94,2.81
req007396,u5962,s01,2025-08-20 12:03:15,4.49,6.31
req007397,u4614,s03,2025-08-20 12:03:16,2.22,3.07
req007398,u2356,s03,2025-08-20 12:03:17,2.72,3.37
req007399,u6586,s01,2025-08-20 12:03:18,1.81,3.7
req007400,u3808,s04,2025-08-20 12:03:19,1.19,0.0
req007401,u3665,s02,2025-08-20 12:03:20,4.56,0.0
req007402,u8950,s02,2025-08-20 12:03:21,0.67,2.45
req007403,u2381,s01,2025-08-20 12:03:22,2.3,3.96
req007404,u2805,s03,2025-08-20 12:03:23,3.79,0.0
req007405,u1212,s02,2025-08-20 12:03:24,1.89,2.62
req007406,u8639,s01,2025-08-20 12:03:25,2.51,0.0
req007407,u5997,s03,2025-08-20 12:03:26,3.04,0.0
req007408,u8124,s04,2025-08-20 12:03:27,4.98,0.0
req007409,u6750,s02,2025-08-20 12:03:28,3.91,5.22
req007410,u6586,s02,2025-08-20 12:03:29,4.85,6.38
req007411,u1662,s01,2025-08-20 12:03:30,3.62,4.81
req007412,u7649,s02,2025-08-20 12:03:31,1.71,0.0
req007413,u7053,s02,2025-08-20 12:03:32,1.79,3.03
req007414,u4877,s04,2025-08-20 12:03:33,4.2,5.74
req007415,u1158,s01,2025-08-20 12:03:34,2.42,3.98
req007416,u3940,s03,2025-08-20 12:03:35,2.17,2.73
req007417,u1110,s03,2025-08-20 12:03:36,4.75,5.59
req007418,u1417,s03,2025-08-20 12:03:37,0.56,0.0
req007419,u7939,s03,2025-08-20 12:03:38,2.86,4.44
req007420,u9803,s01,2025-08-20 12:03:39,3.99,0.0
req007421,u7637,s02,2025-08-20 12:03:40,3.81,4.41
req007422,u6685,s04,2025-08-20 12:03:41,2.15,3.99
req007423,u3665,s03,2025-08-20 12:03:42,2.91,4.6
req007424,u4091,s01,2025-08-20 12:03:43,0.53,2.33
req007425,u3563,s02,2025-08-20 12:03:44,2.91,3.57
req007426,u1826,s03,2025-08-20 12:03:45,3.16,3.46
req007427,u5968,s02,2025-08-20 12:03:46,4.44,4.73
req007428,u3227,s02,2025-08-20 12:03:47,1.45,2.61
req007429,u1363,s01,2025-08-20 12:03:48,4.21,4.89
req007430,u5735,s03,2025-08-20 12:03:49,3.73,0.0
req007431,u3616,s02,2025-08-20 12:03:50,3.5,0.0
req007432,u3426,s01,2025-08-20 12:03:51,2.27,2.87
req007433,u5563,s04,2025-08-20 12:03:52,2.15,2.67
req007434,u8617,s01,2025-08-20 12:03:53,3.66,4.83
req007435,u1157,s03,2025-08-20 12:03:54,4.96,0.0
req007436,u5286,s02,2025-08-20 12:03:55,2.32,0.0
req007437,u3564,s04,2025-08-20 12:03:56,4.63,5.77
req007438,u9551,s04,2025-08-20 12:03:57,3.14,4.04
req007439,u5851,s01,2025-08-20 12:03:58,4.41,0.0
req007440,u9209,s02,2025-08-20 12:03:59,1.48,0.0
req007441,u6180,s04,2025-08-20 12:04:00,3.93,4.29
req007442,u1795,s04,2025-08-20 12:04:01,4.26,0.0
req007443,u2233,s04,2025-08-20 12:04:02,4.24,6.1
req007444,u4295,s02,2025-08-20 12:04:03,4.03,4.94
req007445,u7610,s03,2025-08-20 12:04:04,1.87,0.0
req007446,u8906,s03,2025-08-20 12:04:05,2.85,0.0
req007447,u3257,s02,2025-08-20 12:04:06,1.85,2.18
req007448,u5844,s03,2025-08-20 12:04:07,2.04,2.21
req007449,u6508,s02,2025-08-20 12:04:08,1.86,2.25
req007450,u1327,s03,2025-08-20 12:04:09,1.78,2.44
req007451,u4883,s01,2025-08-20 12:04:10,3.62,4.92
req007452,u3306,s02,2025-08-20 12:04:11,3.43,5.37
req007453,u1875,s01,2025-08-20 12:04:12,1.42,0.0
req007454,u1360,s02,2025-08-20 12:04:13,3.61,4.23
req007455,u9648,s01,2025-08-20 12:04:14,1.81,0.0
req007456,u6197,s01,2025-08-20 12:04:15,1.41,0.0
req007457,u8253,s02,2025-08-20 12:04:16,3.86,0.0
req007458,u6292,s02,2025-08-20 12:04:17,2.13,3.73
req007459,u3372,s04,2025-08-20 12:04:18,3.06,0.0
req007460,u2063,s04,2025-08-20 12:04:19,1.4,0.0
req007461,u4705,s03,2025-08-20 12:04:20,3.26,5.09
req007462,u3621,s03,2025-08-20 12:04:21,1.44,0.0
req007463,u7278,s04,2025-08-20 12:04:22,1.25,0.0
req007464,u5876,s03,2025-08-20 12:04:23,2.24,3.08
req007465,u5534,s02,2025-08-20 12:04:24,4.06,4.64
req007466,u7144,s01,2025-08-20 12:04:25,1.29,2.32
req007467,u6020,s01,2025-08-20 12:04:26,1.03,2.83
req007468,u4599,s04,2025-08-20 12:04:27,0.64,0.76
req007469,u2622,s04,2025-08-20 12:04:28,2.37,0.0
req007470,u1321,s01,2025-08-20 12:04:29,1.77,0.0
req007471,u3063,s01,2025-08-20 12:04:30,1.81,0.0
req007472,u2901,s02,2025-08-20 12:04:31,4.92,0.0
req007473,u3206,s01,2025-08-20 12:04:32,1.37,2.39
req007474,u1441,s01,2025-08-20 12:04:33,2.56,0.0
req007475,u9017,s03,2025-08-20 12:04:34,4.94,6.48
req007476,u8138,s02,2025-08-20 12:04:35,0.64,1.88
req007477,u6595,s01,2025-08-20 12:04:36,3.63,4.67
req007478,u9513,s02,2025-08-20 12:04:37,2.17,3.32
req007479,u4507,s01,2025-08-20 12:04:38,4.58,5.86
req007480,u6880,s04,2025-08-20 12:04:39,4.6,6.0
req007481,u9076,s03,2025-08-20 12:04:40,2.24,3.02
req007482,u2868,s01,2025-08-20 12:04:41,1.5,2.58
req007483,u8703,s04,2025-08-20 12:04:42,2.43,3.05
req007484,u9536,s04,2025-08-20 12:04:43,4.84,0.0
req007485,u7937,s01,2025-08-20 12:04:44,1.77,3.74
req007486,u3228,s02,2025-08-20 12:04:45,4.92,5.38
req007487,u1210,s01,2025-08-20 12:04:46,4.19,0.0
req007488,u9534,s03,2025-08-20 12:04:47,1.7,2.09
req007489,u3817,s02,2025-08-20 12:04:48,4.06,4.67
req007490,u8488,s01,2025-08-20 12:04:49,0.72,2.57
req007491,u9107,s04,2025-08-20 12:04:50,2.97,4.32
req007492,u4144,s02,2025-08-20 12:04:51,2.11,3.08
req007493,u5108,s03,2025-08-20 12:04:52,2.42,4.28
req007494,u4491,s01,2025-08-20 12:04:53,2.63,4.44
req007495,u3855,s01,2025-08-20 12:04:54,2.76,3.62
req007496,u5132,s01,2025-08-20 12:04:55,3.45,4.62
req007497,u9513,s04,2025-08-20 12:04:56,3.64,5.46
req007498,u1270,s04,2025-08-20 12:04:57,4.89,5.6
req007499,u9067,s02,2025-08-20 12:04:58,3.93,4.8
req007500,u5344,s03,2025-08-20 12:04:59,3.6,5.21
req007501,u3304,s01,2025-08-20 12:05:00,2.27,0.0
req007502,u7587,s02,2025-08-20 12:05:01,1.03,0.0
req007503,u9237,s01,2025-08-20 12:05:02,0.76,0.0
req007504,u1144,s01,2025-08-20 12:05:03,2.65,4.08
req007505,u2955,s03,2025-08-20 12:05:04,3.51,3.7
req007506,u8329,s02,2025-08-20 12:05:05,3.43,0.0
req007507,u6770,s01,2025-08-20 12:05:06,4.79,5.11
req007508,u1999,s04,2025-08-20 12:05:07,2.22,3.93
req007509,u2561,s01,2025-08-20 12:05:08,3.33,3.49
req007510,u8636,s03,2025-08-20 12:05:09,4.5,6.35
req007511,u8828,s02,2025-08-20 12:05:10,2.32,2.94
req007512,u6704,s02,2025-08-20 12:05:11,2.65,3.89
req007513,u5550,s01,2025-08-20 12:05:12,4.65,5.82
req007514,u8396,s02,2025-08-20 12:05:13,2.98,3.83
req007515,u6698,s03,2025-08-20 12:05:14,4.1,4.26
req007516,u1530,s02,2025-08-20 12:05:15,4.71,5.18
req007517,u4611,s03,2025-08-20 12:05:16,3.07,4.34
req007518,u2247,s01,2025-08-20 12:05:17,0.99,1.94
req007519,u7851,s01,2025-08-20 12:05:18,4.2,5.09
req007520,u9439,s04,2025-08-20 12:05:19,4.18,4.47
req007521,u3007,s02,2025-08-20 12:05:20,1.02,1.78
req007522,u6860,s04,2025-08-20 12:05:21,2.97,0.0
req007523,u8499,s03,2025-08-20 12:05:22,2.69,3.79
req007524,u4133,s02,2025-08-20 12:05:23,4.31,4.56
req007525,u8002,s02,2025-08-20 12:05:24,1.74,1.97
req007526,u8018,s02,2025-08-20 12:05:25,2.42,0.0
req007527,u6096,s01,2025-08-20 12:05:26,3.22,0.0
req007528,u1229,s04,2025-08-20 12:05:27,2.83,3.86
req007529,u7837,s03,2025-08-20 12:05:28,4.8,5.97
req007530,u1109,s04,2025-08-20 12:05:29,4.82,5.41
req007531,u2896,s01,2025-08-20 12:05:30,0.87,0.0
req007532,u3876,s02,2025-08-20 12:05:31,1.84,2.56
req007533,u1425,s04,2025-08-20 12:05:32,0.53,2.14
req007534,u1309,s02,2025-08-20 12:05:33,2.38,4.13
req007535,u4445,s01,2025-08-20 12:05:34,3.48,4.2
req007536,u1339,s01,2025-08-20 12:05:35,2.62,3.4
req007537,u9685,s03,2025-08-20 12:05:36,0.8,2.48
req007538,u2999,s04,2025-08-20 12:05:37,1.38,3.33
req007539,u8546,s03,2025-08-20 12:05:38,1.28,1.99
req007540,u1943,s03,2025-08-20 12:05:39,2.8,4.4
req007541,u6032,s03,2025-08-20 12:05:40,3.55,4.56
req007542,u8259,s01,2025-08-20 12:05:41,1.92,2.52
req007543,u7650,s04,2025-08-20 12:05:42,1.09,0.0
req007544,u6549,s01,2025-08-20 12:05:43,4.09,5.49
req007545,u6443,s03,2025-08-20 12:05:44,4.36,5.34
req007546,u5862,s03,2025-08-20 12:05:45,1.74,2.35
req007547,u5732,s04,2025-08-20 12:05:46,2.39,0.0
req007548,u1618,s04,2025-08-20 12:05:47,0.87,0.0
req007549,u9852,s02,2025-08-20 12:05:48,1.52,0.0
req007550,u9202,s03,2025-08-20 12:05:49,3.95,0.0
req007551,u6493,s01,2025-08-20 12:05:50,2.14,2.44
req007552,u1176,s04,2025-08-20 12:05:51,3.22,4.97
req007553,u4230,s02,2025-08-20 12:05:52,4.76,6.53
req007554,u9037,s03,2025-08-20 12:05:53,3.76,4.0
req007555,u3663,s02,2025-08-20 12:05:54,2.54,3.9
req007556,u2105,s01,2025-08-20 12:05:55,2.15,2.56
req007557,u4358,s04,2025-08-20 12:05:56,1.36,2.69
req007558,u1443,s03,2025-08-20 12:05:57,3.9,5.72
req007559,u6030,s01,2025-08-20 12:05:58,1.01,0.0
req007560,u2505,s02,2025-08-20 12:05:59,0.78,0.0
req007561,u1279,s02,2025-08-20 12:06:00,0.97,1.56
req007562,u9519,s04,2025-08-20 12:06:01,1.59,2.35
req007563,u5889,s02,2025-08-20 12:06:02,3.32,0.0
req007564,u3171,s02,2025-08-20 12:06:03,4.38,5.99
req007565,u7680,s01,2025-08-20 12:06:04,4.97,6.47
req007566,u1280,s03,2025-08-20 12:06:05,3.79,4.67
req007567,u5669,s03,2025-08-20 12:06:06,1.16,2.87
req007568,u7879,s04,2025-08-20 12:06:07,1.75,3.6
req007569,u3568,s03,2025-08-20 12:06:08,1.09,2.05
req007570,u1913,s01,2025-08-20 12:06:09,1.02,1.19
req007571,u9181,s02,2025-08-20 12:06:10,3.05,4.12
req007572,u4800,s04,2025-08-20 12:06:11,4.58,6.09
req007573,u5995,s01,2025-08-20 12:06:12,3.58,0.0
req007574,u4613,s02,2025-08-20 12:06:13,4.1,4.62
req007575,u3274,s04,2025-08-20 12:06:14,2.79,3.08
req007576,u3751,s04,2025-08-20 12:06:15,2.64,3.28
req007577,u2633,s01,2025-08-20 12:06:16,4.72,4.84
req007578,u7000,s03,2025-08-20 12:06:17,3.75,5.21
req007579,u7410,s03,2025-08-20 12:06:18,2.57,0.0
req007580,u4778,s02,2025-08-20 12:06:19,2.0,2.38
req007581,u5858,s03,2025-08-20 12:06:20,0.92,2.39
req007582,u4262,s02,2025-08-20 12:06:21,4.19,0.0
req007583,u8965,s01,2025-08-20 12:06:22,1.26,1.81
req007584,u7892,s04,2025-08-20 12:06:23,2.82,4.8
req007585,u9254,s01,2025-08-20 12:06:24,3.37,4.48
req007586,u3336,s02,2025-08-20 12:06:25,3.85,4.03
req007587,u6742,s04,2025-08-20 12:06:26,0.88,2.45
req007588,u3103,s04,2025-08-20 12:06:27,0.55,1.43
req007589,u4997,s04,2025-08-20 12:06:28,3.68,0.0
req007590,u9306,s02,2025-08-20 12:06:29,2.54,3.79
req007591,u2564,s01,2025-08-20 12:06:30,1.32,3.23
req007592,u6618,s04,2025-08-20 12:06:31,4.92,0.0
req007593,u5614,s04,2025-08-20 12:06:32,4.06,5.14
req007594,u8754,s02,2025-08-20 12:06:33,3.1,4.73
req007595,u6031,s04,2025-08-20 12:06:34,3.66,4.34
req007596,u4435,s02,2025-08-20 12:06:35,1.2,2.66
req007597,u3801,s04,2025-08-20 12:06:36,4.83,5.12
req007598,u6837,s03,2025-08-20 12:06:37,4.98,6.78
req007599,u6331,s01,2025-08-20 12:06:38,3.42,0.0
req007600,u8335,s01,2025-08-20 12:06:39,3.51,3.99
req007601,u6796,s02,2025-08-20 12:06:40,3.67,4.34
req007602,u6126,s01,2025-08-20 12:06:41,3.5,0.0
req007603,u4897,s02,2025-08-20 12:06:42,2.47,4.39
req007604,u9670,s02,2025-08-20 12:06:43,2.93,3.32
req007605,u4754,s03,2025-08-20 12:06:44,1.77,0.0
req007606,u6936,s03,2025-08-20 12:06:45,2.51,3.09
req007607,u1511,s02,2025-08-20 12:06:46,2.46,3.66
req007608,u8136,s04,2025-08-20 12:06:47,1.8,3.76
req007609,u6643,s04,2025-08-20 12:06:48,4.04,5.45
req007610,u5136,s02,2025-08-20 12:06:49,2.34,2.66
req007611,u2178,s03,2025-08-20 12:06:50,2.98,4.5
req007612,u4093,s02,2025-08-20 12:06:51,1.2,2.11
req007613,u1494,s04,2025-08-20 12:06:52,2.64,4.63
req007614,u8724,s04,2025-08-20 12:06:53,3.93,5.22
req007615,u5491,s01,2025-08-20 12:06:54,2.5,3.61
req007616,u5117,s02,2025-08-20 12:06:55,3.01,4.17
req007617,u5069,s02,2025-08-20 12:06:56,3.66,0.0
req007618,u3089,s02,2025-08-20 12:06:57,2.25,3.57
req007619,u8945,s03,2025-08-20 12:06:58,2.09,3.58
req007620,u3165,s02,2025-08-20 12:06:59,0.89,0.0
req007621,u1043,s01,2025-08-20 12:07:00,3.12,3.37
req007622,u4043,s02,2025-08-20 12:07:01,3.68,0.0
req007623,u3240,s01,2025-08-20 12:07:02,3.12,3.47
req007624,u4040,s03,2025-08-20 12:07:03,1.78,0.0
req007625,u3022,s03,2025-08-20 12:07:04,1.68,2.35
req007626,u3367,s03,2025-08-20 12:07:05,1.22,0.0
req007627,u4849,s02,2025-08-20 12:07:06,0.71,0.0
req007628,u8419,s02,2025-08-20 12:07:07,2.42,3.43
req007629,u1135,s02,2025-08-20 12:07:08,1.22,0.0
req007630,u4763,s02,2025-08-20 12:07:09,3.61,4.3
req007631,u3557,s01,2025-08-20 12:07:10,4.83,0.0
req007632,u3260,s03,2025-08-20 12:07:11,0.83,0.0
req007633,u9606,s01,2025-08-20 12:07:12,4.52,5.03
req007634,u9217,s01,2025-08-20 12:07:13,3.46,5.32
req007635,u9744,s03,2025-08-20 12:07:14,4.37,4.53
req007636,u8764,s01,2025-08-20 12:07:15,1.2,3.08
req007637,u1969,s03,2025-08-20 12:07:16,4.58,6.4
req007638,u3965,s01,2025-08-20 12:07:17,4.81,0.0
req007639,u8107,s04,2025-08-20 12:07:18,4.58,5.98
req007640,u1497,s04,2025-08-20 12:07:19,4.03,0.0
req007641,u1948,s02,2025-08-20 12:07:20,0.91,0.0
req007642,u6769,s02,2025-08-20 12:07:21,1.49,1.65
req007643,u3276,s01,2025-08-20 12:07:22,4.61,5.14
req007644,u2001,s01,2025-08-20 12:07:23,1.53,3.49
req007645,u7938,s01,2025-08-20 12:07:24,2.06,3.88
req007646,u2878,s04,2025-08-20 12:07:25,0.73,2.66
req007647,u1499,s01,2025-08-20 12:07:26,3.33,0.0
req007648,u9589,s03,2025-08-20 12:07:27,3.03,0.0
req007649,u5706,s01,2025-08-20 12:07:28,4.83,0.0
req007650,u2789,s01,2025-08-20 12:07:29,4.52,6.51
req007651,u1396,s01,2025-08-20 12:07:30,2.78,0.0
req007652,u7321,s02,2025-08-20 12:07:31,3.24,0.0
req007653,u9121,s01,2025-08-20 12:07:32,2.36,2.58
req007654,u8764,s01,2025-08-20 12:07:33,1.1,2.28
req007655,u8569,s02,2025-08-20 12:07:34,4.41,0.0
req007656,u6525,s02,2025-08-20 12:07:35,2.97,4.65
req007657,u4082,s01,2025-08-20 12:07:36,2.41,3.12
req007658,u3285,s02,2025-08-20 12:07:37,0.81,0.0
req007659,u4968,s04,2025-08-20 12:07:38,3.49,0.0
req007660,u7436,s01,2025-08-20 12:07:39,2.3,3.23
req007661,u4140,s04,2025-08-20 12:07:40,1.64,2.28
req007662,u8935,s01,2025-08-20 12:07:41,4.45,0.0
req007663,u8709,s02,2025-08-20 12:07:42,1.33,1.5
req007664,u4367,s02,2025-08-20 12:07:43,2.82,0.0
req007665,u7604,s04,2025-08-20 12:07:44,4.08,4.32
req007666,u5841,s03,2025-08-20 12:07:45,4.32,4.46
req007667,u3382,s04,2025-08-20 12:07:46,4.18,5.28
req007668,u2905,s01,2025-08-20 12:07:47,4.53,0.0
req007669,u8245,s02,2025-08-20 12:07:48,1.14,0.0
req007670,u9952,s04,2025-08-20 12:07:49,4.73,6.01
req007671,u6482,s01,2025-08-20 12:07:50,0.55,0.0
req007672,u8721,s04,2025-08-20 12:07:51,1.65,0.0
req007673,u3628,s02,2025-08-20 12:07:52,0.88,1.56
req007674,u3773,s01,2025-08-20 12:07:53,4.75,0.0
req007675,u9434,s04,2025-08-20 12:07:54,2.41,4.08
req007676,u1316,s02,2025-08-20 12:07:55,1.92,3.71
req007677,u5373,s03,2025-08-20 12:07:56,1.25,1.62
req007678,u4661,s03,2025-08-20 12:07:57,1.2,1.4
req007679,u7488,s04,2025-08-20 12:07:58,3.26,3.97
req007680,u2470,s04,2025-08-20 12:07:59,0.71,0.0
req007681,u8192,s01,2025-08-20 12:08:00,3.17,4.62
req007682,u5829,s01,2025-08-20 12:08:01,3.99,5.05
req007683,u4067,s01,2025-08-20 12:08:02,3.2,4.23
req007684,u4472,s02,2025-08-20 12:08:03,4.22,4.61
req007685,u1868,s02,2025-08-20 12:08:04,1.69,0.0
req007686,u9768,s01,2025-08-20 12:08:05,0.85,0.0
req007687,u8140,s02,2025-08-20 12:08:06,3.74,4.51
req007688,u2455,s04,2025-08-20 12:08:07,4.23,6.15
req007689,u2353,s01,2025-08-20 12:08:08,2.76,0.0
req007690,u9560,s03,2025-08-20 12:08:09,4.19,4.94
req007691,u1877,s03,2025-08-20 12:08:10,2.56,3.78
req007692,u9829,s04,2025-08-20 12:08:11,1.39,1.6
req007693,u2703,s01,2025-08-20 12:08:12,2.63,2.85
req007694,u8774,s01,2025-08-20 12:08:13,1.47,2.38
req007695,u5905,s04,2025-08-20 12:08:14,2.62,3.87
req007696,u6228,s01,2025-08-20 12:08:15,1.16,1.97
req007697,u6392,s03,2025-08-20 12:08:16,1.34,1.78
req007698,u3145,s02,2025-08-20 12:08:17,4.47,5.97
req007699,u8364,s02,2025-08-20 12:08:18,1.02,1.39
req007700,u6243,s03,2025-08-20 12:08:19,1.51,2.88
req007701,u4259,s02,2025-08-20 12:08:20,4.98,6.9
req007702,u9123,s01,2025-08-20 12:08:21,3.09,4.08
req007703,u1159,s02,2025-08-20 12:08:22,3.14,3.62
req007704,u1395,s04,2025-08-20 12:08:23,4.3,6.0
req007705,u5118,s02,2025-08-20 12:08:24,2.86,3.92
req007706,u2816,s01,2025-08-20 12:08:25,1.5,0.0
req007707,u1554,s03,2025-08-20 12:08:26,2.4,4.25
req007708,u3839,s04,2025-08-20 12:08:27,3.9,5.37
req007709,u4284,s01,2025-08-20 12:08:28,4.43,5.35
req007710,u4591,s03,2025-08-20 12:08:29,1.73,0.0
req007711,u7334,s03,2025-08-20 12:08:30,1.68,2.95
req007712,u3623,s01,2025-08-20 12:08:31,1.97,0.0
req007713,u7196,s01,2025-08-20 12:08:32,3.18,0.0
req007714,u5692,s03,2025-08-20 12:08:33,1.75,2.17
req007715,u2290,s03,2025-08-20 12:08:34,4.52,5.36
req007716,u2125,s02,2025-08-20 12:08:35,4.9,6.13
req007717,u7424,s01,2025-08-20 12:08:36,3.56,0.0
req007718,u3062,s01,2025-08-20 12:08:37,4.87,6.09
req007719,u9040,s01,2025-08-20 12:08:38,1.8,0.0
req007720,u8724,s01,2025-08-20 12:08:39,4.17,0.0
req007721,u1810,s04,2025-08-20 12:08:40,3.55,4.77
req007722,u4997,s04,2025-08-20 12:08:41,1.68,3.19
req007723,u4815,s01,2025-08-20 12:08:42,1.93,2.23
req007724,u2163,s03,2025-08-20 12:08:43,2.7,2.94
req007725,u4669,s01,2025-08-20 12:08:44,4.06,4.44
req007726,u8002,s02,2025-08-20 12:08:45,4.43,0.0
req007727,u5229,s01,2025-08-20 12:08:46,3.35,4.96
req007728,u1338,s01,2025-08-20 12:08:47,3.75,3.97
req007729,u4995,s04,2025-08-20 12:08:48,1.69,2.22
req007730,u8074,s03,2025-08-20 12:08:49,3.83,4.41
req007731,u6363,s02,2025-08-20 12:08:50,3.22,0.0
req007732,u8380,s03,2025-08-20 12:08:51,1.5,0.0
req007733,u2235,s02,2025-08-20 12:08:52,4.78,6.11
req007734,u7937,s03,2025-08-20 12:08:53,2.81,0.0
req007735,u9645,s03,2025-08-20 12:08:54,4.08,4.94
req007736,u9509,s02,2025-08-20 12:08:55,2.87,3.35
req007737,u9018,s02,2025-08-20 12:08:56,4.7,5.65
req007738,u3419,s04,2025-08-20 12:08:57,1.14,0.0
req007739,u4629,s03,2025-08-20 12:08:58,2.96,0.0
req007740,u2180,s02,2025-08-20 12:08:59,0.61,0.0
req007741,u1492,s04,2025-08-20 12:09:00,1.39,2.79
req007742,u2235,s03,2025-08-20 12:09:01,1.76,3.35
req007743,u1638,s03,2025-08-20 12:09:02,2.63,2.97
req007744,u2364,s03,2025-08-20 12:09:03,4.19,5.65
req007745,u9883,s01,2025-08-20 12:09:04,2.6,2.71
req007746,u6712,s02,2025-08-20 12:09:05,3.03,4.51
req007747,u6776,s02,2025-08-20 12:09:06,4.66,0.0
req007748,u5449,s04,2025-08-20 12:09:07,3.9,0.0
req007749,u1184,s03,2025-08-20 12:09:08,0.73,2.09
req007750,u7141,s02,2025-08-20 12:09:09,1.29,2.28
req007751,u8944,s03,2025-08-20 12:09:10,0.67,1.03
req007752,u5250,s01,2025-08-20 12:09:11,0.81,2.36
req007753,u5693,s03,2025-08-20 12:09:12,2.02,2.26
req007754,u9454,s03,2025-08-20 12:09:13,3.78,5.58
req007755,u8963,s04,2025-08-20 12:09:14,1.6,0.0
req007756,u1374,s01,2025-08-20 12:09:15,2.27,3.84
req007757,u4613,s03,2025-08-20 12:09:16,2.27,3.78
req007758,u2406,s04,2025-08-20 12:09:17,3.16,0.0
req007759,u9143,s03,2025-08-20 12:09:18,4.52,0.0
req007760,u2597,s03,2025-08-20 12:09:19,4.92,6.45
req007761,u8924,s03,2025-08-20 12:09:20,3.22,0.0
req007762,u5385,s04,2025-08-20 12:09:21,2.77,0.0
req007763,u8922,s02,2025-08-20 12:09:22,3.57,3.8
req007764,u5765,s02,2025-08-20 12:09:23,3.51,5.49
req007765,u1365,s01,2025-08-20 12:09:24,2.86,0.0
req007766,u8769,s01,2025-08-20 12:09:25,3.82,5.55
req007767,u3991,s04,2025-08-20 12:09:26,2.71,3.78
req007768,u4993,s01,2025-08-20 12:09:27,4.98,0.0
req007769,u3335,s02,2025-08-20 12:09:28,0.72,0.0
req007770,u9616,s04,2025-08-20 12:09:29,2.49,0.0
req007771,u7062,s02,2025-08-20 12:09:30,2.29,0.0
req007772,u4323,s03,2025-08-20 12:09:31,3.97,0.0
req007773,u4845,s02,2025-08-20 12:09:32,1.36,0.0
req007774,u8921,s04,2025-08-20 12:09:33,2.45,3.92
req007775,u5070,s02,2025-08-20 12:09:34,3.64,5.14
req007776,u7497,s01,2025-08-20 12:09:35,3.21,4.89
req007777,u3398,s01,2025-08-20 12:09:36,2.95,3.54
req007778,u4257,s03,2025-08-20 12:09:37,2.46,0.0
req007779,u1404,s01,2025-08-20 12:09:38,3.88,4.69
req007780,u6419,s04,2025-08-20 12:09:39,3.41,5.03
req007781,u8285,s01,2025-08-20 12:09:40,4.44,6.0
req007782,u7574,s04,2025-08-20 12:09:41,3.8,4.89
req007783,u3472,s02,2025-08-20 12:09:42,1.13,1.98
req007784,u1821,s02,2025-08-20 12:09:43,3.29,5.23
req007785,u8570,s02,2025-08-20 12:09:44,0.7,1.59
req007786,u3729,s01,2025-08-20 12:09:45,2.24,3.79
req007787,u7322,s04,2025-08-20 12:09:46,2.35,0.0
req007788,u7656,s01,2025-08-20 12:09:47,4.35,5.23
req007789,u4973,s01,2025-08-20 12:09:48,1.31,2.0
req007790,u3001,s03,2025-08-20 12:09:49,3.4,4.72
req007791,u9734,s04,2025-08-20 12:09:50,1.37,0.0
req007792,u6988,s04,2025-08-20 12:09:51,4.77,0.0
req007793,u9203,s03,2025-08-20 12:09:52,2.88,0.0
req007794,u6563,s02,2025-08-20 12:09:53,3.69,0.0
req007795,u3837,s01,2025-08-20 12:09:54,3.41,5.04
req007796,u2659,s01,2025-08-20 12:09:55,1.87,3.83
req007797,u9537,s03,2025-08-20 12:09:56,4.56,4.94
req007798,u8133,s04,2025-08-20 12:09:57,3.32,5.08
req007799,u3326,s01,2025-08-20 12:09:58,2.8,0.0
req007800,u7053,s03,2025-08-20 12:09:59,2.88,3.98
req007801,u4632,s03,2025-08-20 12:10:00,4.51,4.81
req007802,u6867,s04,2025-08-20 12:10:01,0.77,2.38
req007803,u7388,s01,2025-08-20 12:10:02,2.25,2.98
req007804,u4501,s01,2025-08-20 12:10:03,4.29,6.04
req007805,u5322,s03,2025-08-20 12:10:04,0.67,1.07
req007806,u9804,s02,2025-08-20 12:10:05,3.38,4.83
req007807,u9060,s01,2025-08-20 12:10:06,2.31,2.98
req007808,u5619,s02,2025-08-20 12:10:07,1.42,2.01
req007809,u4045,s04,2025-08-20 12:10:08,3.25,3.45
req007810,u3191,s04,2025-08-20 12:10:09,4.24,0.0
req007811,u5166,s04,2025-08-20 12:10:10,2.6,3.62
req007812,u4339,s01,2025-08-20 12:10:11,1.16,0.0
req007813,u5785,s02,2025-08-20 12:10:12,1.88,2.72
req007814,u1939,s03,2025-08-20 12:10:13,4.92,5.14
req007815,u4291,s03,2025-08-20 12:10:14,1.0,1.53
req007816,u5160,s01,2025-08-20 12:10:15,1.22,2.25
req007817,u3335,s03,2025-08-20 12:10:16,4.96,6.6
req007818,u7326,s02,2025-08-20 12:10:17,4.47,0.0
req007819,u3560,s02,2025-08-20 12:10:18,3.68,5.55
req007820,u7705,s02,2025-08-20 12:10:19,1.18,2.26
req007821,u4631,s03,2025-08-20 12:10:20,1.58,2.45
req007822,u6031,s02,2025-08-20 12:10:21,1.31,0.0
req007823,u5172,s01,2025-08-20 12:10:22,3.34,0.0
req007824,u5907,s01,2025-08-20 12:10:23,2.29,4.2
req007825,u4445,s03,2025-08-20 12:10:24,0.72,2.65
req007826,u1104,s03,2025-08-20 12:10:25,1.81,0.0
req007827,u5114,s01,2025-08-20 12:10:26,4.37,4.83
req007828,u2826,s01,2025-08-20 12:10:27,4.08,5.19
req007829,u1298,s03,2025-08-20 12:10:28,3.39,5.05
req007830,u7071,s02,2025-08-20 12:10:29,0.88,2.54
req007831,u6050,s04,2025-08-20 12:10:30,4.47,5.87
req007832,u6526,s04,2025-08-20 12:10:31,2.91,3.91
req007833,u9680,s04,2025-08-20 12:10:32,2.73,0.0
req007834,u7387,s04,2025-08-20 12:10:33,4.7,0.0
req007835,u1178,s03,2025-08-20 12:10:34,0.54,1.41
req007836,u2149,s02,2025-08-20 12:10:35,3.0,4.63
req007837,u4693,s04,2025-08-20 12:10:36,4.06,4.59
req007838,u8429,s02,2025-08-20 12:10:37,0.79,0.0
req007839,u9033,s02,2025-08-20 12:10:38,2.11,3.02
req007840,u3770,s02,2025-08-20 12:10:39,4.9,6.08
req007841,u7381,s01,2025-08-20 12:10:40,1.45,3.13
req007842,u9179,s02,2025-08-20 12:10:41,2.89,3.7
req007843,u6193,s02,2025-08-20 12:10:42,3.86,5.0
req007844,u8110,s03,2025-08-20 12:10:43,2.26,2.89
req007845,u7621,s04,2025-08-20 12:10:44,2.34,4.03
req007846,u9803,s02,2025-08-20 12:10:45,0.78,2.37
req007847,u1386,s01,2025-08-20 12:10:46,1.36,3.02
req007848,u9050,s02,2025-08-20 12:10:47,4.46,0.0
req007849,u4189,s04,2025-08-20 12:10:48,4.18,4.39
req007850,u6072,s03,2025-08-20 12:10:49,1.87,2.9
req007851,u6545,s01,2025-08-20 12:10:50,2.22,2.58
req007852,u8524,s03,2025-08-20 12:10:51,2.48,3.86
req007853,u3037,s01,2025-08-20 12:10:52,2.06,2.75
req007854,u1381,s03,2025-08-20 12:10:53,3.44,0.0
req007855,u8604,s03,2025-08-20 12:10:54,0.56,2.13
req007856,u2712,s01,2025-08-20 12:10:55,4.46,4.68
req007857,u8504,s04,2025-08-20 12:10:56,1.85,2.93
req007858,u9401,s02,2025-08-20 12:10:57,4.43,4.76
req007859,u1363,s04,2025-08-20 12:10:58,2.54,3.7
req007860,u7688,s04,2025-08-20 12:10:59,3.99,0.0
req007861,u6761,s02,2025-08-20 12:11:00,4.22,5.47
req007862,u6303,s01,2025-08-20 12:11:01,1.86,2.84
req007863,u1613,s04,2025-08-20 12:11:02,3.38,4.01
req007864,u3817,s01,2025-08-20 12:11:03,3.23,3.39
req007865,u8002,s04,2025-08-20 12:11:04,2.64,0.0
req007866,u5970,s02,2025-08-20 12:11:05,2.61,3.97
req007867,u8804,s03,2025-08-20 12:11:06,1.87,3.62
req007868,u3198,s04,2025-08-20 12:11:07,1.9,3.39
req007869,u3187,s01,2025-08-20 12:11:08,2.97,4.77
req007870,u4304,s04,2025-08-20 12:11:09,0.65,2.52
req007871,u2258,s03,2025-08-20 12:11:10,4.7,0.0
req007872,u5283,s04,2025-08-20 12:11:11,3.42,4.37
req007873,u7752,s03,2025-08-20 12:11:12,2.5,0.0
req007874,u5804,s04,2025-08-20 12:11:13,0.78,2.21
req007875,u3527,s02,2025-08-20 12:11:14,3.34,0.0
req007876,u1755,s01,2025-08-20 12:11:15,0.58,1.44
req007877,u3485,s04,2025-08-20 12:11:16,3.56,0.0
req007878,u1208,s03,2025-08-20 12:11:17,0.83,2.68
req007879,u8307,s02,2025-08-20 12:11:18,3.45,0.0
req007880,u7464,s01,2025-08-20 12:11:19,2.33,3.5
req007881,u6870,s04,2025-08-20 12:11:20,3.48,5.01
req007882,u8985,s03,2025-08-20 12:11:21,1.12,1.25
req007883,u8054,s04,2025-08-20 12:11:22,1.03,2.22
req007884,u7466,s01,2025-08-20 12:11:23,1.61,3.12
req007885,u8457,s03,2025-08-20 12:11:24,2.35,0.0
req007886,u6718,s04,2025-08-20 12:11:25,1.64,0.0
req007887,u9555,s03,2025-08-20 12:11:26,0.87,0.0
req007888,u2321,s02,2025-08-20 12:11:27,1.96,2.55
req007889,u4385,s04,2025-08-20 12:11:28,3.68,3.81
req007890,u5905,s01,2025-08-20 12:11:29,3.12,0.0
req007891,u4736,s03,2025-08-20 12:11:30,4.83,6.34
req007892,u5854,s02,2025-08-20 12:11:31,2.46,3.2
req007893,u5440,s01,2025-08-20 12:11:32,2.0,2.91
req007894,u8594,s02,2025-08-20 12:11:33,3.62,4.79
req007895,u8239,s04,2025-08-20 12:11:34,2.35,0.0
req007896,u7228,s04,2025-08-20 12:11:35,3.28,3.59
req007897,u3758,s02,2025-08-20 12:11:36,4.76,5.06
req007898,u4799,s01,2025-08-20 12:11:37,2.75,4.68
req007899,u7500,s04,2025-08-20 12:11:38,2.74,3.48
req007900,u7304,s03,2025-08-20 12:11:39,3.99,4.58
req007901,u7682,s01,2025-08-20 12:11:40,3.9,4.09
req007902,u5059,s04,2025-08-20 12:11:41,2.82,3.25
req007903,u8314,s04,2025-08-20 12:11:42,0.79,1.71
req007904,u8003,s03,2025-08-20 12:11:43,4.91,5.66
req007905,u2961,s02,2025-08-20 12:11:44,2.2,3.11
req007906,u3978,s01,2025-08-20 12:11:45,1.93,3.37
req007907,u1085,s02,2025-08-20 12:11:46,4.92,6.24
req007908,u5275,s01,2025-08-20 12:11:47,4.42,5.46
req007909,u6791,s02,2025-08-20 12:11:48,1.99,3.64
req007910,u9087,s04,2025-08-20 12:11:49,1.89,3.62
req007911,u9143,s02,2025-08-20 12:11:50,3.74,4.96
req007912,u7718,s03,2025-08-20 12:11:51,2.0,2.32
req007913,u8895,s04,2025-08-20 12:11:52,1.63,2.5
req007914,u5138,s04,2025-08-20 12:11:53,4.91,0.0
req007915,u1934,s02,2025-08-20 12:11:54,3.05,0.0
req007916,u5137,s03,2025-08-20 12:11:55,3.93,5.24
req007917,u6711,s04,2025-08-20 12:11:56,3.71,3.93
req007918,u1499,s03,2025-08-20 12:11:57,3.9,0.0
req007919,u7486,s02,2025-08-20 12:11:58,4.57,4.71
req007920,u3730,s01,2025-08-20 12:11:59,2.75,4.65
req007921,u6717,s04,2025-08-20 12:12:00,3.89,5.38
req007922,u2393,s03,2025-08-20 12:12:01,4.09,4.48
req007923,u3036,s01,2025-08-20 12:12:02,4.76,5.71
req007924,u2422,s04,2025-08-20 12:12:03,3.71,4.18
req007925,u6684,s03,2025-08-20 12:12:04,4.52,4.64
req007926,u7112,s04,2025-08-20 12:12:05,0.93,1.77
req007927,u8025,s03,2025-08-20 12:12:06,1.07,2.4
req007928,u6625,s04,2025-08-20 12:12:07,1.21,3.12
req007929,u3907,s01,2025-08-20 12:12:08,1.15,2.71
req007930,u3306,s01,2025-08-20 12:12:09,0.89,1.43
req007931,u8456,s03,2025-08-20 12:12:10,1.05,0.0
req007932,u3039,s04,2025-08-20 12:12:11,4.98,0.0
req007933,u4105,s03,2025-08-20 12:12:12,1.72,2.46
req007934,u7639,s03,2025-08-20 12:12:13,2.65,3.74
req007935,u3355,s01,2025-08-20 12:12:14,4.2,0.0
req007936,u5233,s03,2025-08-20 12:12:15,1.03,0.0
req007937,u9993,s04,2025-08-20 12:12:16,1.93,2.39
req007938,u1176,s04,2025-08-20 12:12:17,1.22,2.9
req007939,u5362,s01,2025-08-20 12:12:18,0.78,1.2
req007940,u8101,s03,2025-08-20 12:12:19,4.82,5.47
req007941,u8886,s02,2025-08-20 12:12:20,4.36,0.0
req007942,u8693,s02,2025-08-20 12:12:21,4.46,5.66
req007943,u4584,s02,2025-08-20 12:12:22,4.41,0.0
req007944,u4261,s03,2025-08-20 12:12:23,1.2,1.53
req007945,u4878,s02,2025-08-20 12:12:24,4.03,0.0
req007946,u6565,s02,2025-08-20 12:12:25,3.78,0.0
req007947,u1881,s01,2025-08-20 12:12:26,4.66,5.95
req007948,u3473,s04,2025-08-20 12:12:27,1.49,0.0
req007949,u8598,s04,2025-08-20 12:12:28,2.36,0.0
req007950,u7330,s02,2025-08-20 12:12:29,1.83,3.72
req007951,u3569,s02,2025-08-20 12:12:30,1.66,3.07
req007952,u7312,s02,2025-08-20 12:12:31,3.44,5.08
req007953,u4305,s03,2025-08-20 12:12:32,1.24,0.0
req007954,u2772,s02,2025-08-20 12:12:33,2.59,0.0
req007955,u5329,s03,2025-08-20 12:12:34,3.41,4.34
req007956,u2470,s02,2025-08-20 12:12:35,1.09,0.0
req007957,u4743,s02,2025-08-20 12:12:36,1.66,0.0
req007958,u6192,s01,2025-08-20 12:12:37,4.85,5.64
req007959,u1557,s02,2025-08-20 12:12:38,4.08,4.8
req007960,u4161,s02,2025-08-20 12:12:39,3.55,4.9
req007961,u8384,s04,2025-08-20 12:12:40,4.35,0.0
req007962,u9583,s04,2025-08-20 12:12:41,0.56,1.65
req007963,u6134,s04,2025-08-20 12:12:42,0.53,1.53
req007964,u2333,s02,2025-08-20 12:12:43,1.19,1.48
req007965,u5911,s02,2025-08-20 12:12:44,2.73,4.11
req007966,u2161,s03,2025-08-20 12:12:45,3.06,4.54
req007967,u3893,s04,2025-08-20 12:12:46,1.01,1.48
req007968,u1258,s01,2025-08-20 12:12:47,0.83,2.37
req007969,u2095,s02,2025-08-20 12:12:48,4.23,0.0
req007970,u2212,s03,2025-08-20 12:12:49,2.59,4.36
req007971,u1399,s04,2025-08-20 12:12:50,4.97,0.0
req007972,u7305,s03,2025-08-20 12:12:51,1.53,1.96
req007973,u9088,s03,2025-08-20 12:12:52,3.41,0.0
req007974,u8970,s02,2025-08-20 12:12:53,4.12,5.08
req007975,u4770,s03,2025-08-20 12:12:54,4.43,0.0
req007976,u7844,s03,2025-08-20 12:12:55,1.88,3.64
req007977,u9921,s02,2025-08-20 12:12:56,1.37,2.4
req007978,u6231,s02,2025-08-20 12:12:57,1.52,0.0
req007979,u3865,s01,2025-08-20 12:12:58,3.5,5.15
req007980,u4858,s01,2025-08-20 12:12:59,2.85,3.36
req007981,u8451,s03,2025-08-20 12:13:00,3.2,0.0
req007982,u6080,s01,2025-08-20 12:13:01,0.59,0.81
req007983,u8605,s03,2025-08-20 12:13:02,2.26,0.0
req007984,u7810,s03,2025-08-20 12:13:03,1.9,2.11
req007985,u2999,s01,2025-08-20 12:13:04,4.39,6.34
req007986,u2893,s04,2025-08-20 12:13:05,3.99,4.4
req007987,u6476,s04,2025-08-20 12:13:06,2.43,4.17
req007988,u6607,s01,2025-08-20 12:13:07,3.34,4.04
req007989,u9707,s01,2025-08-20 12:13:08,0.71,0.0
req007990,u5637,s04,2025-08-20 12:13:09,3.37,3.55
req007991,u8826,s01,2025-08-20 12:13:10,0.94,1.5
req007992,u4127,s03,2025-08-20 12:13:11,3.71,0.0
req007993,u9310,s03,2025-08-20 12:13:12,3.08,0.0
req007994,u5971,s03,2025-08-20 12:13:13,1.85,0.0
req007995,u1159,s03,2025-08-20 12:13:14,2.17,0.0
req007996,u1052,s01,2025-08-20 12:13:15,0.91,1.97
req007997,u9509,s03,2025-08-20 12:13:16,1.95,0.0
req007998,u2821,s02,2025-08-20 12:13:17,4.85,5.15
req007999,u2228,s04,2025-08-20 12:13:18,2.69,0.0
req008000,u2017,s02,2025-08-20 12:13:19,2.63,4.48
req008001,u6840,s02,2025-08-20 12:13:20,3.33,5.14
req008002,u3313,s04,2025-08-20 12:13:21,2.68,3.06
req008003,u2492,s01,2025-08-20 12:13:22,2.1,3.6
req008004,u3751,s04,2025-08-20 12:13:23,1.13,2.11
req008005,u5333,s04,2025-08-20 12:13:24,3.34,5.31
req008006,u1341,s02,2025-08-20 12:13:25,3.87,4.08
req008007,u8840,s04,2025-08-20 12:13:26,4.65,5.64
req008008,u7932,s02,2025-08-20 12:13:27,0.51,1.15
req008009,u7756,s04,2025-08-20 12:13:28,0.8,2.28
req008010,u8894,s03,2025-08-20 12:13:29,4.55,4.86
req008011,u9566,s01,2025-08-20 12:13:30,3.34,0.0
req008012,u7196,s04,2025-08-20 12:13:31,4.81,6.1
req008013,u2661,s03,2025-08-20 12:13:32,2.44,4.34
req008014,u9711,s04,2025-08-20 12:13:33,2.38,3.34
req008015,u7371,s03,2025-08-20 12:13:34,2.05,3.01
req008016,u7247,s04,2025-08-20 12:13:35,1.14,2.18
req008017,u5745,s03,2025-08-20 12:13:36,2.2,3.09
req008018,u6789,s02,2025-08-20 12:13:37,0.57,1.52
req008019,u4303,s01,2025-08-20 12:13:38,2.79,3.77
req008020,u4989,s03,2025-08-20 12:13:39,4.31,6.31
req008021,u9468,s04,2025-08-20 12:13:40,1.95,0.0
req008022,u4267,s02,2025-08-20 12:13:41,0.93,1.25
req008023,u8467,s03,2025-08-20 12:13:42,4.88,0.0
req008024,u4719,s03,2025-08-20 12:13:43,1.08,1.72
req008025,u4343,s04,2025-08-20 12:13:44,2.88,3.38
req008026,u3012,s04,2025-08-20 12:13:45,4.14,0.0
req008027,u1748,s03,2025-08-20 12:13:46,1.64,2.77
req008028,u8191,s03,2025-08-20 12:13:47,4.29,4.4
req008029,u5941,s04,2025-08-20 12:13:48,3.01,4.86
req008030,u8175,s03,2025-08-20 12:13:49,1.99,0.0
req008031,u7552,s02,2025-08-20 12:13:50,4.4,5.51
req008032,u1411,s04,2025-08-20 12:13:51,3.3,0.0
req008033,u4163,s02,2025-08-20 12:13:52,3.27,5.07
req008034,u2412,s01,2025-08-20 12:13:53,2.77,0.0
req008035,u1655,s04,2025-08-20 12:13:54,1.74,0.0
req008036,u8694,s01,2025-08-20 12:13:55,1.87,2.63
req008037,u8267,s01,2025-08-20 12:13:56,0.9,0.0
req008038,u8501,s03,2025-08-20 12:13:57,1.6,0.0
req008039,u4123,s04,2025-08-20 12:13:58,1.75,2.13
req008040,u7020,s04,2025-08-20 12:13:59,0.76,1.23
req008041,u5039,s04,2025-08-20 12:14:00,1.0,1.99
req008042,u4863,s01,2025-08-20 12:14:01,1.72,0.0
req008043,u7708,s03,2025-08-20 12:14:02,3.55,0.0
req008044,u5321,s02,2025-08-20 12:14:03,1.33,1.51
req008045,u2297,s02,2025-08-20 12:14:04,2.85,4.44
req008046,u5425,s04,2025-08-20 12:14:05,2.79,4.39
req008047,u6059,s01,2025-08-20 12:14:06,4.25,0.0
req008048,u2482,s02,2025-08-20 12:14:07,3.24,4.67
req008049,u3699,s03,2025-08-20 12:14:08,4.63,6.43
req008050,u8878,s04,2025-08-20 12:14:09,3.33,0.0
req008051,u7051,s01,2025-08-20 12:14:10,0.61,1.75
req008052,u8862,s02,2025-08-20 12:14:11,2.22,3.23
req008053,u9780,s01,2025-08-20 12:14:12,3.65,0.0
req008054,u1226,s03,2025-08-20 12:14:13,2.64,3.75
req008055,u3873,s02,2025-08-20 12:14:14,2.39,2.84
req008056,u8496,s01,2025-08-20 12:14:15,3.52,4.59
req008057,u3288,s04,2025-08-20 12:14:16,1.79,0.0
req008058,u1935,s03,2025-08-20 12:14:17,4.59,5.72
req008059,u4231,s01,2025-08-20 12:14:18,2.36,3.91
req008060,u6424,s01,2025-08-20 12:14:19,3.34,4.1
req008061,u3686,s01,2025-08-20 12:14:20,4.92,5.2
req008062,u6968,s04,2025-08-20 12:14:21,4.03,5.27
req008063,u2176,s01,2025-08-20 12:14:22,2.89,4.49
req008064,u3531,s04,2025-08-20 12:14:23,4.37,6.31
req008065,u1015,s04,2025-08-20 12:14:24,3.02,0.0
req008066,u9691,s02,2025-08-20 12:14:25,2.49,2.76
req008067,u8434,s03,2025-08-20 12:14:26,4.43,0.0
req008068,u6870,s03,2025-08-20 12:14:27,0.62,2.14
req008069,u6580,s01,2025-08-20 12:14:28,2.33,0.0
req008070,u6115,s01,2025-08-20 12:14:29,2.04,0.0
req008071,u7557,s02,2025-08-20 12:14:30,3.71,4.94
req008072,u9168,s01,2025-08-20 12:14:31,0.56,0.69
req008073,u1922,s01,2025-08-20 12:14:32,3.47,0.0
req008074,u1171,s03,2025-08-20 12:14:33,2.06,0.0
req008075,u5689,s01,2025-08-20 12:14:34,0.94,2.4
req008076,u8776,s01,2025-08-20 12:14:35,4.91,0.0
req008077,u6796,s03,2025-08-20 12:14:36,1.46,1.61
req008078,u9972,s03,2025-08-20 12:14:37,2.07,0.0
req008079,u8529,s01,2025-08-20 12:14:38,1.43,3.02
req008080,u1709,s04,2025-08-20 12:14:39,3.48,4.95
req008081,u2624,s04,2025-08-20 12:14:40,4.02,0.0
req008082,u3175,s02,2025-08-20 12:14:41,4.37,5.78
req008083,u9500,s02,2025-08-20 12:14:42,1.9,2.23
req008084,u1316,s02,2025-08-20 12:14:43,2.86,4.71
req008085,u8517,s04,2025-08-20 12:14:44,3.48,0.0
req008086,u1532,s01,2025-08-20 12:14:45,3.33,0.0
req008087,u4139,s03,2025-08-20 12:14:46,3.72,5.53
req008088,u5493,s02,2025-08-20 12:14:47,3.96,5.77
req008089,u2634,s03,2025-08-20 12:14:48,0.94,1.72
req008090,u2972,s04,2025-08-20 12:14:49,1.26,2.3
req008091,u7420,s02,2025-08-20 12:14:50,3.8,0.0
req008092,u4213,s02,2025-08-20 12:14:51,2.65,0.0
req008093,u9828,s04,2025-08-20 12:14:52,2.42,2.74
req008094,u7861,s04,2025-08-20 12:14:53,2.55,2.75
req008095,u2210,s01,2025-08-20 12:14:54,2.17,0.0
req008096,u1576,s02,2025-08-20 12:14:55,3.16,3.37
req008097,u2491,s04,2025-08-20 12:14:56,1.95,3.13
req008098,u1145,s01,2025-08-20 12:14:57,3.37,0.0
req008099,u9681,s02,2025-08-20 12:14:58,1.41,2.12
req008100,u4277,s02,2025-08-20 12:14:59,3.91,0.0
req008101,u1878,s04,2025-08-20 12:15:00,4.02,5.22
req008102,u2692,s03,2025-08-20 12:15:01,3.1,0.0
req008103,u7086,s02,2025-08-20 12:15:02,2.16,3.39
req008104,u4177,s03,2025-08-20 12:15:03,0.56,2.38
req008105,u6621,s04,2025-08-20 12:15:04,1.05,2.83
req008106,u3261,s04,2025-08-20 12:15:05,0.86,0.0
req008107,u8355,s04,2025-08-20 12:15:06,0.55,2.02
req008108,u1358,s03,2025-08-20 12:15:07,3.75,5.41
req008109,u1742,s02,2025-08-20 12:15:08,4.8,4.91
req008110,u6354,s04,2025-08-20 12:15:09,0.55,0.0
req008111,u7693,s03,2025-08-20 12:15:10,1.01,1.14
req008112,u1613,s02,2025-08-20 12:15:11,4.37,5.34
req008113,u9336,s04,2025-08-20 12:15:12,3.6,4.94
req008114,u9729,s04,2025-08-20 12:15:13,2.32,3.93
req008115,u7682,s04,2025-08-20 12:15:14,4.97,0.0
req008116,u4157,s03,2025-08-20 12:15:15,3.08,4.03
req008117,u5726,s02,2025-08-20 12:15:16,3.51,0.0
req008118,u2401,s03,2025-08-20 12:15:17,3.44,5.33
req008119,u7300,s03,2025-08-20 12:15:18,1.5,3.15
req008120,u3298,s02,2025-08-20 12:15:19,2.7,3.0
req008121,u9920,s01,2025-08-20 12:15:20,1.47,0.0
req008122,u6108,s04,2025-08-20 12:15:21,2.79,3.73
req008123,u2735,s01,2025-08-20 12:15:22,0.64,2.63
req008124,u5285,s01,2025-08-20 12:15:23,2.22,3.1
req008125,u5306,s04,2025-08-20 12:15:24,2.17,3.0
req008126,u8185,s03,2025-08-20 12:15:25,1.81,2.47
req008127,u5613,s03,2025-08-20 12:15:26,0.86,1.88
req008128,u7374,s02,2025-08-20 12:15:27,3.97,5.46
req008129,u1474,s04,2025-08-20 12:15:28,2.39,2.58
req008130,u6893,s02,2025-08-20 12:15:29,4.16,5.85
req008131,u9119,s03,2025-08-20 12:15:30,4.26,0.0
req008132,u3725,s03,2025-08-20 12:15:31,1.46,3.3
req008133,u5073,s03,2025-08-20 12:15:32,2.4,3.98
req008134,u3752,s01,2025-08-20 12:15:33,3.74,5.58
req008135,u2032,s03,2025-08-20 12:15:34,2.75,3.03
req008136,u9885,s02,2025-08-20 12:15:35,4.35,5.31
req008137,u4240,s04,2025-08-20 12:15:36,3.07,3.3
req008138,u6284,s03,2025-08-20 12:15:37,3.33,5.02
req008139,u8878,s03,2025-08-20 12:15:38,4.04,0.0
req008140,u7804,s01,2025-08-20 12:15:39,1.05,2.96
req008141,u9832,s03,2025-08-20 12:15:40,3.13,3.8
req008142,u6640,s03,2025-08-20 12:15:41,0.88,2.0
req008143,u4217,s01,2025-08-20 12:15:42,1.67,2.34
req008144,u9664,s01,2025-08-20 12:15:43,1.46,2.28
req008145,u4800,s03,2025-08-20 12:15:44,3.05,4.06
req008146,u4106,s01,2025-08-20 12:15:45,4.3,5.9
req008147,u6361,s01,2025-08-20 12:15:46,1.1,1.48
req008148,u7146,s01,2025-08-20 12:15:47,3.96,4.36
req008149,u3064,s01,2025-08-20 12:15:48,1.14,1.62
req008150,u5380,s04,2025-08-20 12:15:49,1.35,0.0
req008151,u2844,s02,2025-08-20 12:15:50,4.63,0.0
req008152,u6682,s04,2025-08-20 12:15:51,0.54,0.74
req008153,u2355,s01,2025-08-20 12:15:52,1.39,0.0
req008154,u8632,s03,2025-08-20 12:15:53,1.47,0.0
req008155,u7581,s03,2025-08-20 12:15:54,1.77,3.09
req008156,u4846,s04,2025-08-20 12:15:55,2.14,2.6
req008157,u2624,s01,2025-08-20 12:15:56,0.96,1.89
req008158,u9911,s02,2025-08-20 12:15:57,2.61,0.0
req008159,u3941,s04,2025-08-20 12:15:58,2.3,3.7
req008160,u8584,s02,2025-08-20 12:15:59,3.31,4.26
req008161,u9492,s02,2025-08-20 12:16:00,4.4,0.0
req008162,u7226,s04,2025-08-20 12:16:01,1.84,3.66
req008163,u6995,s04,2025-08-20 12:16:02,2.96,0.0
req008164,u7756,s04,2025-08-20 12:16:03,2.17,3.73
req008165,u9397,s03,2025-08-20 12:16:04,0.68,1.3
req008166,u8681,s01,2025-08-20 12:16:05,4.19,0.0
req008167,u7297,s02,2025-08-20 12:16:06,3.35,3.7
req008168,u8443,s04,2025-08-20 12:16:07,0.51,2.31
req008169,u4314,s01,2025-08-20 12:16:08,1.62,2.47
req008170,u8621,s02,2025-08-20 12:16:09,1.89,0.0
req008171,u6938,s03,2025-08-20 12:16:10,4.15,4.98
req008172,u7275,s04,2025-08-20 12:16:11,3.92,5.56
req008173,u9756,s02,2025-08-20 12:16:12,2.28,0.0
req008174,u9530,s01,2025-08-20 12:16:13,1.21,1.33
req008175,u1533,s02,2025-08-20 12:16:14,2.24,3.2
req008176,u9483,s03,2025-08-20 12:16:15,4.15,5.61
req008177,u6281,s03,2025-08-20 12:16:16,2.54,4.25
req008178,u7685,s04,2025-08-20 12:16:17,1.02,2.8
req008179,u8151,s01,2025-08-20 12:16:18,0.67,1.65
req008180,u6715,s04,2025-08-20 12:16:19,2.0,3.71
req008181,u3343,s03,2025-08-20 12:16:20,1.17,1.34
req008182,u2940,s01,2025-08-20 12:16:21,3.85,4.53
req008183,u7240,s03,2025-08-20 12:16:22,1.75,0.0
req008184,u4576,s04,2025-08-20 12:16:23,4.45,4.57
req008185,u5982,s04,2025-08-20 12:16:24,3.28,3.69
req008186,u9613,s04,2025-08-20 12:16:25,2.27,3.75
req008187,u8798,s03,2025-08-20 12:16:26,3.25,0.0
req008188,u7203,s01,2025-08-20 12:16:27,1.83,1.94
req008189,u5406,s01,2025-08-20 12:16:28,1.14,0.0
req008190,u9541,s02,2025-08-20 12:16:29,4.84,5.93
req008191,u1390,s04,2025-08-20 12:16:30,3.03,0.0
req008192,u3047,s04,2025-08-20 12:16:31,0.53,0.0
req008193,u1842,s03,2025-08-20 12:16:32,1.9,0.0
req008194,u6403,s01,2025-08-20 12:16:33,1.22,2.11
req008195,u2905,s04,2025-08-20 12:16:34,1.66,1.99
req008196,u2520,s01,2025-08-20 12:16:35,0.75,0.0
req008197,u9284,s04,2025-08-20 12:16:36,1.6,3.0
req008198,u5661,s02,2025-08-20 12:16:37,3.57,4.99
req008199,u3272,s01,2025-08-20 12:16:38,4.19,5.67
req008200,u7146,s03,2025-08-20 12:16:39,2.06,0.0
req008201,u5987,s01,2025-08-20 12:16:40,2.85,4.4
req008202,u3026,s03,2025-08-20 12:16:41,0.69,1.39
req008203,u1078,s04,2025-08-20 12:16:42,0.91,2.9
req008204,u3571,s02,2025-08-20 12:16:43,2.98,3.22
req008205,u3398,s03,2025-08-20 12:16:44,4.28,0.0
req008206,u1827,s03,2025-08-20 12:16:45,0.9,2.23
req008207,u6991,s04,2025-08-20 12:16:46,2.38,0.0
req008208,u9756,s04,2025-08-20 12:16:47,4.87,6.81
req008209,u4920,s01,2025-08-20 12:16:48,3.82,4.35
req008210,u6276,s02,2025-08-20 12:16:49,1.39,2.02
req008211,u6293,s02,2025-08-20 12:16:50,1.78,2.97
req008212,u8807,s03,2025-08-20 12:16:51,4.77,0.0
req008213,u9572,s01,2025-08-20 12:16:52,1.49,3.07
req008214,u1351,s02,2025-08-20 12:16:53,2.48,3.2
req008215,u9731,s04,2025-08-20 12:16:54,2.1,3.79
req008216,u4659,s02,2025-08-20 12:16:55,2.71,3.27
req008217,u6675,s04,2025-08-20 12:16:56,1.56,3.32
req008218,u3196,s03,2025-08-20 12:16:57,3.51,4.09
req008219,u7166,s01,2025-08-20 12:16:58,1.56,2.83
req008220,u3835,s04,2025-08-20 12:16:59,3.21,3.99
req008221,u8332,s03,2025-08-20 12:17:00,2.11,0.0
req008222,u5002,s04,2025-08-20 12:17:01,1.63,2.34
req008223,u9829,s01,2025-08-20 12:17:02,3.63,4.4
req008224,u3952,s04,2025-08-20 12:17:03,4.84,0.0
req008225,u8239,s01,2025-08-20 12:17:04,4.41,0.0
req008226,u7495,s03,2025-08-20 12:17:05,0.89,0.0
req008227,u1265,s03,2025-08-20 12:17:06,2.54,3.59
req008228,u8148,s01,2025-08-20 12:17:07,3.63,5.34
req008229,u8469,s04,2025-08-20 12:17:08,3.03,0.0
req008230,u1590,s01,2025-08-20 12:17:09,3.77,0.0
req008231,u7519,s04,2025-08-20 12:17:10,4.89,0.0
req008232,u3379,s02,2025-08-20 12:17:11,2.04,0.0
req008233,u6999,s01,2025-08-20 12:17:12,3.97,0.0
req008234,u1073,s02,2025-08-20 12:17:13,0.92,0.0
req008235,u2319,s04,2025-08-20 12:17:14,4.41,5.95
req008236,u8723,s03,2025-08-20 12:17:15,4.0,4.95
req008237,u3748,s04,2025-08-20 12:17:16,2.84,3.48
req008238,u7609,s03,2025-08-20 12:17:17,4.19,5.91
req008239,u2612,s02,2025-08-20 12:17:18,3.5,5.25
req008240,u2542,s02,2025-08-20 12:17:19,2.99,3.95
req008241,u9826,s01,2025-08-20 12:17:20,4.76,0.0
req008242,u2001,s03,2025-08-20 12:17:21,1.09,2.51
req008243,u6339,s01,2025-08-20 12:17:22,4.97,0.0
req008244,u8163,s01,2025-08-20 12:17:23,1.19,1.99
req008245,u1984,s01,2025-08-20 12:17:24,2.66,0.0
req008246,u7164,s03,2025-08-20 12:17:25,1.54,1.92
req008247,u4891,s02,2025-08-20 12:17:26,1.72,2.43
req008248,u3960,s04,2025-08-20 12:17:27,3.34,4.74
req008249,u5015,s03,2025-08-20 12:17:28,0.66,2.22
req008250,u3268,s04,2025-08-20 12:17:29,4.73,0.0
req008251,u4179,s01,2025-08-20 12:17:30,1.76,0.0
req008252,u8065,s04,2025-08-20 12:17:31,1.73,3.45
req008253,u9032,s03,2025-08-20 12:17:32,4.39,4.52
req008254,u4935,s03,2025-08-20 12:17:33,3.94,4.96
req008255,u7549,s03,2025-08-20 12:17:34,3.52,4.14
req008256,u6572,s03,2025-08-20 12:17:35,1.16,0.0
req008257,u5187,s02,2025-08-20 12:17:36,3.96,5.36
req008258,u1781,s02,2025-08-20 12:17:37,2.12,2.69
req008259,u2342,s02,2025-08-20 12:17:38,4.97,6.15
req008260,u8808,s02,2025-08-20 12:17:39,3.52,4.97
req008261,u4506,s04,2025-08-20 12:17:40,4.26,5.82
req008262,u2954,s01,2025-08-20 12:17:41,3.8,4.41
req008263,u2142,s04,2025-08-20 12:17:42,3.17,3.44
req008264,u2470,s03,2025-08-20 12:17:43,3.72,0.0
req008265,u3787,s02,2025-08-20 12:17:44,3.19,3.71
req008266,u1370,s03,2025-08-20 12:17:45,0.73,1.97
req008267,u3321,s04,2025-08-20 12:17:46,2.05,2.23
req008268,u8605,s02,2025-08-20 12:17:47,1.92,2.32
req008269,u3771,s04,2025-08-20 12:17:48,3.71,5.7
req008270,u3913,s02,2025-08-20 12:17:49,3.09,3.92
req008271,u2860,s02,2025-08-20 12:17:50,3.25,4.29
req008272,u7461,s01,2025-08-20 12:17:51,4.31,0.0
req008273,u4966,s03,2025-08-20 12:17:52,2.86,2.98
req008274,u2101,s02,2025-08-20 12:17:53,1.48,2.7
req008275,u9003,s03,2025-08-20 12:17:54,0.56,1.28
req008276,u5839,s04,2025-08-20 12:17:55,1.22,2.33
req008277,u2565,s01,2025-08-20 12:17:56,0.64,0.0
req008278,u4648,s04,2025-08-20 12:17:57,1.57,2.67
req008279,u9973,s01,2025-08-20 12:17:58,3.36,5.3
req008280,u3100,s03,2025-08-20 12:17:59,1.18,1.79
req008281,u8376,s03,2025-08-20 12:18:00,0.87,2.05
req008282,u4974,s01,2025-08-20 12:18:01,4.87,5.69
req008283,u4668,s02,2025-08-20 12:18:02,4.99,5.89
req008284,u5573,s04,2025-08-20 12:18:03,3.37,0.0
req008285,u1257,s03,2025-08-20 12:18:04,0.99,1.2
req008286,u6496,s01,2025-08-20 12:18:05,4.2,5.61
req008287,u9831,s03,2025-08-20 12:18:06,2.93,3.4
req008288,u7472,s01,2025-08-20 12:18:07,1.32,2.31
req008289,u5004,s02,2025-08-20 12:18:08,3.09,0.0
req008290,u6246,s03,2025-08-20 12:18:09,0.68,1.61
req008291,u5761,s03,2025-08-20 12:18:10,4.88,0.0
req008292,u8152,s04,2025-08-20 12:18:11,4.22,5.21
req008293,u4034,s02,2025-08-20 12:18:12,1.67,0.0
req008294,u5089,s03,2025-08-20 12:18:13,2.39,3.2
req008295,u3283,s04,2025-08-20 12:18:14,2.28,2.84
req008296,u7280,s02,2025-08-20 12:18:15,4.38,5.33
req008297,u8034,s02,2025-08-20 12:18:16,2.1,0.0
req008298,u3278,s01,2025-08-20 12:18:17,0.72,0.91
req008299,u5223,s02,2025-08-20 12:18:18,1.47,2.03
req008300,u3494,s03,2025-08-20 12:18:19,1.47,3.06
req008301,u7957,s03,2025-08-20 12:18:20,4.77,6.47
req008302,u7167,s03,2025-08-20 12:18:21,4.66,6.12
req008303,u4653,s01,2025-08-20 12:18:22,1.85,3.15
req008304,u1281,s03,2025-08-20 12:18:23,0.51,2.15
req008305,u8347,s02,2025-08-20 12:18:24,2.83,3.17
req008306,u5542,s01,2025-08-20 12:18:25,4.09,5.19
req008307,u3156,s03,2025-08-20 12:18:26,1.71,2.03
req008308,u7311,s02,2025-08-20 12:18:27,2.48,4.06
req008309,u7932,s04,2025-08-20 12:18:28,1.28,2.37
req008310,u4336,s04,2025-08-20 12:18:29,1.97,3.61
req008311,u4454,s04,2025-08-20 12:18:30,3.91,5.53
req008312,u9221,s03,2025-08-20 12:18:31,2.43,0.0
req008313,u2378,s04,2025-08-20 12:18:32,2.51,3.5
req008314,u3857,s01,2025-08-20 12:18:33,4.05,0.0
req008315,u3426,s03,2025-08-20 12:18:34,3.93,0.0
req008316,u9646,s03,2025-08-20 12:18:35,1.34,0.0
req008317,u1442,s04,2025-08-20 12:18:36,2.37,3.41
req008318,u1152,s01,2025-08-20 12:18:37,4.32,4.47
req008319,u4034,s04,2025-08-20 12:18:38,2.56,0.0
req008320,u4645,s01,2025-08-20 12:18:39,3.48,4.57
req008321,u8740,s02,2025-08-20 12:18:40,1.88,3.27
req008322,u1903,s01,2025-08-20 12:18:41,0.77,1.31
req008323,u7718,s04,2025-08-20 12:18:42,1.24,0.0
req008324,u1349,s03,2025-08-20 12:18:43,2.31,4.28
req008325,u4202,s04,2025-08-20 12:18:44,2.09,4.04
req008326,u2168,s01,2025-08-20 12:18:45,4.53,5.17
req008327,u5682,s04,2025-08-20 12:18:46,2.96,4.41
req008328,u2087,s01,2025-08-20 12:18:47,3.32,3.48
req008329,u8508,s02,2025-08-20 12:18:48,3.6,4.96
req008330,u5018,s01,2025-08-20 12:18:49,2.89,4.18
req008331,u5078,s01,2025-08-20 12:18:50,3.96,5.62
req008332,u7382,s02,2025-08-20 12:18:51,4.02,0.0
req008333,u2844,s04,2025-08-20 12:18:52,2.08,2.76
req008334,u3621,s03,2025-08-20 12:18:53,0.88,2.65
req008335,u4837,s02,2025-08-20 12:18:54,4.94,6.67
req008336,u4564,s04,2025-08-20 12:18:55,3.39,4.76
req008337,u4306,s02,2025-08-20 12:18:56,3.69,4.69
req008338,u9968,s03,2025-08-20 12:18:57,3.91,0.0
req008339,u2489,s03,2025-08-20 12:18:58,3.26,4.53
req008340,u9978,s01,2025-08-20 12:18:59,2.62,0.0
req008341,u5209,s04,2025-08-20 12:19:00,4.93,6.42
req008342,u6624,s03,2025-08-20 12:19:01,3.77,0.0
req008343,u5582,s02,2025-08-20 12:19:02,4.31,0.0
req008344,u8237,s03,2025-08-20 12:19:03,2.48,4.43
req008345,u6755,s01,2025-08-20 12:19:04,4.57,4.9
req008346,u2330,s04,2025-08-20 12:19:05,3.79,0.0
req008347,u6514,s01,2025-08-20 12:19:06,3.86,0.0
req008348,u3584,s04,2025-08-20 12:19:07,0.89,1.58
req008349,u4951,s01,2025-08-20 12:19:08,3.28,4.86
req008350,u9683,s01,2025-08-20 12:19:09,2.01,2.89
req008351,u6592,s02,2025-08-20 12:19:10,3.51,4.89
req008352,u8198,s02,2025-08-20 12:19:11,3.06,3.41
req008353,u3473,s01,2025-08-20 12:19:12,1.0,2.45
req008354,u6702,s02,2025-08-20 12:19:13,2.88,4.26
req008355,u1344,s01,2025-08-20 12:19:14,2.53,3.74
req008356,u7267,s04,2025-08-20 12:19:15,3.99,5.54
req008357,u8487,s02,2025-08-20 12:19:16,2.76,4.53
req008358,u2241,s02,2025-08-20 12:19:17,2.67,4.35
req008359,u4680,s04,2025-08-20 12:19:18,3.74,4.08
req008360,u3321,s01,2025-08-20 12:19:19,3.51,0.0
req008361,u3178,s02,2025-08-20 12:19:20,4.96,6.47
req008362,u4606,s02,2025-08-20 12:19:21,2.08,0.0
req008363,u8380,s01,2025-08-20 12:19:22,3.6,4.55
req008364,u1263,s01,2025-08-20 12:19:23,1.25,1.98
req008365,u1264,s01,2025-08-20 12:19:24,4.12,5.89
req008366,u4902,s01,2025-08-20 12:19:25,4.04,5.2
req008367,u2713,s03,2025-08-20 12:19:26,3.77,4.82
req008368,u4929,s03,2025-08-20 12:19:27,1.04,2.63
req008369,u6063,s01,2025-08-20 12:19:28,4.94,6.09
req008370,u7414,s04,2025-08-20 12:19:29,4.74,6.47
req008371,u6116,s03,2025-08-20 12:19:30,2.17,2.47
req008372,u5777,s03,2025-08-20 12:19:31,3.1,0.0
req008373,u4726,s01,2025-08-20 12:19:32,4.5,6.07
req008374,u1163,s02,2025-08-20 12:19:33,2.73,3.14
req008375,u2369,s02,2025-08-20 12:19:34,3.2,3.73
req008376,u6390,s03,2025-08-20 12:19:35,3.21,3.65
req008377,u4716,s04,2025-08-20 12:19:36,3.42,3.97
req008378,u4630,s04,2025-08-20 12:19:37,3.09,4.58
req008379,u6495,s01,2025-08-20 12:19:38,2.33,3.68
req008380,u4677,s03,2025-08-20 12:19:39,2.93,0.0
req008381,u4097,s04,2025-08-20 12:19:40,4.42,4.96
req008382,u3188,s04,2025-08-20 12:19:41,4.39,5.0
req008383,u7940,s02,2025-08-20 12:19:42,3.98,4.27
req008384,u6911,s04,2025-08-20 12:19:43,2.36,3.25
req008385,u1641,s03,2025-08-20 12:19:44,4.04,4.86
req008386,u1213,s01,2025-08-20 12:19:45,2.25,2.63
req008387,u2935,s03,2025-08-20 12:19:46,3.49,5.18
req008388,u3857,s01,2025-08-20 12:19:47,3.05,4.77
req008389,u9647,s02,2025-08-20 12:19:48,1.85,2.16
req008390,u2156,s02,2025-08-20 12:19:49,2.54,3.15
req008391,u9278,s04,2025-08-20 12:19:50,4.24,5.74
req008392,u6051,s03,2025-08-20 12:19:51,4.61,6.36
req008393,u9737,s04,2025-08-20 12:19:52,1.42,1.66
req008394,u4636,s02,2025-08-20 12:19:53,2.55,0.0
req008395,u7348,s01,2025-08-20 12:19:54,2.45,4.26
req008396,u5909,s03,2025-08-20 12:19:55,2.7,0.0
req008397,u6464,s03,2025-08-20 12:19:56,4.89,0.0
req008398,u2021,s04,2025-08-20 12:19:57,2.83,3.05
req008399,u5044,s01,2025-08-20 12:19:58,4.24,0.0
req008400,u1855,s01,2025-08-20 12:19:59,3.49,4.79
req008401,u1937,s02,2025-08-20 12:20:00,0.98,1.12
req008402,u7348,s02,2025-08-20 12:20:01,3.63,0.0
req008403,u8630,s02,2025-08-20 12:20:02,3.41,5.27
req008404,u2113,s03,2025-08-20 12:20:03,3.91,4.68
req008405,u4324,s02,2025-08-20 12:20:04,0.84,0.0
req008406,u5653,s04,2025-08-20 12:20:05,1.59,2.92
req008407,u7690,s04,2025-08-20 12:20:06,3.96,4.41
req008408,u1646,s02,2025-08-20 12:20:07,2.17,0.0
req008409,u7253,s01,2025-08-20 12:20:08,4.6,5.31
req008410,u1451,s01,2025-08-20 12:20:09,2.83,4.35
req008411,u7290,s02,2025-08-20 12:20:10,0.5,2.45
req008412,u6681,s01,2025-08-20 12:20:11,3.64,5.62
req008413,u7480,s03,2025-08-20 12:20:12,2.81,0.0
req008414,u2058,s01,2025-08-20 12:20:13,1.93,3.57
req008415,u3371,s04,2025-08-20 12:20:14,0.59,2.3
req008416,u2838,s03,2025-08-20 12:20:15,1.39,3.33
req008417,u9076,s02,2025-08-20 12:20:16,1.23,1.41
req008418,u6096,s01,2025-08-20 12:20:17,3.12,0.0
req008419,u8732,s04,2025-08-20 12:20:18,3.96,4.38
req008420,u3272,s02,2025-08-20 12:20:19,1.56,1.76
req008421,u7760,s01,2025-08-20 12:20:20,3.64,4.69
req008422,u8946,s03,2025-08-20 12:20:21,4.55,0.0
req008423,u3946,s04,2025-08-20 12:20:22,3.3,5.22
req008424,u4470,s01,2025-08-20 12:20:23,3.99,0.0
req008425,u5976,s02,2025-08-20 12:20:24,1.42,0.0
req008426,u1633,s01,2025-08-20 12:20:25,0.84,2.05
req008427,u8112,s03,2025-08-20 12:20:26,2.14,3.3
req008428,u9838,s01,2025-08-20 12:20:27,3.69,5.36
req008429,u9953,s02,2025-08-20 12:20:28,3.59,5.46
req008430,u8205,s02,2025-08-20 12:20:29,4.8,6.23
req008431,u9128,s03,2025-08-20 12:20:30,3.33,0.0
req008432,u3443,s01,2025-08-20 12:20:31,2.35,4.15
req008433,u8887,s04,2025-08-20 12:20:32,4.09,4.52
req008434,u6545,s02,2025-08-20 12:20:33,1.19,0.0
req008435,u4251,s02,2025-08-20 12:20:34,4.16,5.22
req008436,u9979,s01,2025-08-20 12:20:35,2.15,2.94
req008437,u7843,s03,2025-08-20 12:20:36,1.19,1.92
req008438,u7381,s03,2025-08-20 12:20:37,1.23,0.0
req008439,u8966,s03,2025-08-20 12:20:38,4.93,0.0
req008440,u1906,s04,2025-08-20 12:20:39,3.3,0.0
req008441,u8285,s04,2025-08-20 12:20:40,1.28,1.79
req008442,u4410,s02,2025-08-20 12:20:41,1.71,3.51
req008443,u5907,s01,2025-08-20 12:20:42,2.17,3.13
req008444,u3050,s03,2025-08-20 12:20:43,0.75,1.86
req008445,u2674,s04,2025-08-20 12:20:44,0.99,1.61
req008446,u9804,s04,2025-08-20 12:20:45,3.93,0.0
req008447,u1265,s01,2025-08-20 12:20:46,4.04,5.97
req008448,u9362,s03,2025-08-20 12:20:47,4.95,6.21
req008449,u4346,s01,2025-08-20 12:20:48,0.8,0.0
req008450,u2780,s01,2025-08-20 12:20:49,4.5,4.6
req008451,u7511,s03,2025-08-20 12:20:50,1.93,2.54
req008452,u9275,s01,2025-08-20 12:20:51,1.98,3.98
req008453,u3208,s04,2025-08-20 12:20:52,1.07,3.02
req008454,u4267,s04,2025-08-20 12:20:53,4.94,0.0
req008455,u9165,s03,2025-08-20 12:20:54,4.91,0.0
req008456,u7090,s03,2025-08-20 12:20:55,4.39,5.52
req008457,u5004,s02,2025-08-20 12:20:56,0.91,0.0
req008458,u5938,s02,2025-08-20 12:20:57,4.29,5.46
req008459,u3191,s01,2025-08-20 12:20:58,3.36,5.17
req008460,u1478,s01,2025-08-20 12:20:59,1.08,2.53
req008461,u6397,s01,2025-08-20 12:21:00,1.68,0.0
req008462,u7730,s02,2025-08-20 12:21:01,3.6,5.47
req008463,u7654,s03,2025-08-20 12:21:02,4.12,5.13
req008464,u9233,s04,2025-08-20 12:21:03,4.32,6.27
req008465,u1376,s03,2025-08-20 12:21:04,2.95,0.0
req008466,u8478,s01,2025-08-20 12:21:05,2.91,0.0
req008467,u4673,s04,2025-08-20 12:21:06,3.58,0.0
req008468,u6872,s01,2025-08-20 12:21:07,4.0,0.0
req008469,u3815,s04,2025-08-20 12:21:08,1.27,2.4
req008470,u7488,s01,2025-08-20 12:21:09,3.83,5.16
req008471,u8380,s04,2025-08-20 12:21:10,2.04,0.0
req008472,u6196,s04,2025-08-20 12:21:11,2.23,0.0
req008473,u7365,s02,2025-08-20 12:21:12,0.85,1.11
req008474,u6776,s01,2025-08-20 12:21:13,3.15,4.41
req008475,u3891,s02,2025-08-20 12:21:14,0.92,2.48
req008476,u9832,s02,2025-08-20 12:21:15,4.61,5.54
req008477,u1122,s02,2025-08-20 12:21:16,3.29,4.34
req008478,u7131,s02,2025-08-20 12:21:17,4.96,5.81
req008479,u4978,s02,2025-08-20 12:21:18,1.61,0.0
req008480,u1628,s01,2025-08-20 12:21:19,3.56,5.5
req008481,u4187,s01,2025-08-20 12:21:20,4.84,5.85
req008482,u7508,s02,2025-08-20 12:21:21,1.84,2.18
req008483,u2940,s01,2025-08-20 12:21:22,0.93,1.08
req008484,u1147,s03,2025-08-20 12:21:23,3.35,0.0
req008485,u1270,s02,2025-08-20 12:21:24,2.15,0.0
req008486,u5403,s02,2025-08-20 12:21:25,1.73,0.0
req008487,u8124,s03,2025-08-20 12:21:26,4.97,0.0
req008488,u1331,s03,2025-08-20 12:21:27,3.89,0.0
req008489,u6444,s01,2025-08-20 12:21:28,2.68,4.25
req008490,u2786,s04,2025-08-20 12:21:29,0.73,1.87
req008491,u1035,s01,2025-08-20 12:21:30,1.36,1.47
req008492,u1376,s02,2025-08-20 12:21:31,1.84,2.67
req008493,u2592,s02,2025-08-20 12:21:32,2.69,0.0
req008494,u6596,s02,2025-08-20 12:21:33,2.74,4.58
req008495,u1053,s03,2025-08-20 12:21:34,0.61,2.51
req008496,u1761,s04,2025-08-20 12:21:35,4.75,4.95
req008497,u8689,s01,2025-08-20 12:21:36,2.94,0.0
req008498,u3778,s04,2025-08-20 12:21:37,0.59,0.0
req008499,u7476,s04,2025-08-20 12:21:38,3.66,0.0
req008500,u5447,s01,2025-08-20 12:21:39,0.82,1.15
req008501,u7856,s03,2025-08-20 12:21:40,3.75,3.86
req008502,u3349,s01,2025-08-20 12:21:41,3.66,0.0
req008503,u8367,s04,2025-08-20 12:21:42,4.93,0.0
req008504,u2667,s03,2025-08-20 12:21:43,2.04,0.0
req008505,u7843,s01,2025-08-20 12:21:44,1.15,0.0
req008506,u8464,s04,2025-08-20 12:21:45,0.91,2.66
req008507,u6750,s04,2025-08-20 12:21:46,0.82,0.0
req008508,u3128,s02,2025-08-20 12:21:47,4.15,4.38
req008509,u1155,s02,2025-08-20 12:21:48,3.73,4.04
req008510,u6919,s01,2025-08-20 12:21:49,4.89,5.42
req008511,u5008,s02,2025-08-20 12:21:50,1.89,3.73
req008512,u6461,s04,2025-08-20 12:21:51,4.11,0.0
req008513,u5305,s01,2025-08-20 12:21:52,0.92,2.33
req008514,u2282,s04,2025-08-20 12:21:53,4.57,5.84
req008515,u7049,s01,2025-08-20 12:21:54,0.73,0.0
req008516,u9148,s03,2025-08-20 12:21:55,4.05,5.64
req008517,u3580,s04,2025-08-20 12:21:56,1.88,3.3
req008518,u4849,s01,2025-08-20 12:21:57,1.32,0.0
req008519,u9124,s02,2025-08-20 12:21:58,3.67,5.19
req008520,u5258,s04,2025-08-20 12:21:59,4.53,4.77
req008521,u4032,s03,2025-08-20 12:22:00,3.94,0.0
req008522,u5125,s03,2025-08-20 12:22:01,1.91,0.0
req008523,u8591,s03,2025-08-20 12:22:02,2.09,0.0
req008524,u5637,s04,2025-08-20 12:22:03,1.35,2.57
req008525,u3443,s04,2025-08-20 12:22:04,4.21,5.74
req008526,u6330,s04,2025-08-20 12:22:05,0.98,2.15
req008527,u9860,s04,2025-08-20 12:22:06,4.56,4.68
req008528,u2571,s02,2025-08-20 12:22:07,3.21,0.0
req008529,u6175,s01,2025-08-20 12:22:08,3.15,3.65
req008530,u9056,s03,2025-08-20 12:22:09,4.27,6.2
req008531,u6068,s01,2025-08-20 12:22:10,3.5,4.94
req008532,u8021,s02,2025-08-20 12:22:11,1.87,3.28
req008533,u6341,s01,2025-08-20 12:22:12,2.07,0.0
req008534,u2468,s02,2025-08-20 12:22:13,1.28,0.0
req008535,u9727,s02,2025-08-20 12:22:14,2.59,3.94
req008536,u5856,s02,2025-08-20 12:22:15,1.0,1.34
req008537,u7936,s02,2025-08-20 12:22:16,3.44,3.55
req008538,u7133,s02,2025-08-20 12:22:17,1.26,2.2
req008539,u7204,s03,2025-08-20 12:22:18,4.39,0.0
req008540,u4461,s04,2025-08-20 12:22:19,3.65,4.59
req008541,u2804,s01,2025-08-20 12:22:20,4.51,6.15
req008542,u7486,s01,2025-08-20 12:22:21,0.89,1.33
req008543,u1484,s01,2025-08-20 12:22:22,4.09,0.0
req008544,u4337,s03,2025-08-20 12:22:23,4.46,0.0
req008545,u4026,s01,2025-08-20 12:22:24,0.7,0.0
req008546,u9379,s04,2025-08-20 12:22:25,5.0,5.62
req008547,u5228,s04,2025-08-20 12:22:26,1.85,0.0
req008548,u9762,s01,2025-08-20 12:22:27,1.45,1.7
req008549,u8921,s03,2025-08-20 12:22:28,2.37,3.23
req008550,u5963,s04,2025-08-20 12:22:29,0.54,0.0
req008551,u2722,s04,2025-08-20 12:22:30,4.49,5.08
req008552,u9091,s02,2025-08-20 12:22:31,1.71,2.31
req008553,u3070,s04,2025-08-20 12:22:32,2.85,0.0
req008554,u8054,s03,2025-08-20 12:22:33,3.31,3.89
req008555,u4711,s04,2025-08-20 12:22:34,4.06,4.6
req008556,u6837,s01,2025-08-20 12:22:35,1.63,2.34
req008557,u3188,s01,2025-08-20 12:22:36,3.73,0.0
req008558,u9504,s01,2025-08-20 12:22:37,1.03,2.15
req008559,u3253,s04,2025-08-20 12:22:38,3.67,0.0
req008560,u9227,s02,2025-08-20 12:22:39,4.64,5.57
req008561,u1170,s03,2025-08-20 12:22:40,0.88,1.1
req008562,u9672,s02,2025-08-20 12:22:41,1.03,1.94
req008563,u3632,s01,2025-08-20 12:22:42,3.01,0.0
req008564,u4517,s03,2025-08-20 12:22:43,0.71,2.42
req008565,u2595,s03,2025-08-20 12:22:44,1.34,1.63
req008566,u6112,s01,2025-08-20 12:22:45,1.36,3.25
req008567,u4155,s03,2025-08-20 12:22:46,2.67,0.0
req008568,u1624,s04,2025-08-20 12:22:47,1.62,0.0
req008569,u3491,s02,2025-08-20 12:22:48,2.64,0.0
req008570,u6723,s02,2025-08-20 12:22:49,2.85,3.54
req008571,u3441,s04,2025-08-20 12:22:50,3.79,3.92
req008572,u1649,s04,2025-08-20 12:22:51,4.76,0.0
req008573,u1189,s02,2025-08-20 12:22:52,2.77,3.35
req008574,u3076,s01,2025-08-20 12:22:53,2.1,2.33
req008575,u9465,s03,2025-08-20 12:22:54,1.66,2.84
req008576,u1496,s04,2025-08-20 12:22:55,3.36,0.0
req008577,u5749,s02,2025-08-20 12:22:56,4.74,5.44
req008578,u3649,s03,2025-08-20 12:22:57,3.94,0.0
req008579,u7790,s04,2025-08-20 12:22:58,1.43,3.06
req008580,u9967,s02,2025-08-20 12:22:59,4.52,0.0
req008581,u1743,s02,2025-08-20 12:23:00,3.81,5.3
req008582,u9884,s02,2025-08-20 12:23:01,1.08,2.07
req008583,u8837,s04,2025-08-20 12:23:02,3.71,4.88
req008584,u9902,s01,2025-08-20 12:23:03,1.8,3.06
req008585,u3838,s01,2025-08-20 12:23:04,2.71,3.32
req008586,u6176,s03,2025-08-20 12:23:05,1.85,0.0
req008587,u4874,s03,2025-08-20 12:23:06,0.88,1.24
req008588,u5283,s02,2025-08-20 12:23:07,3.96,0.0
req008589,u7179,s03,2025-08-20 12:23:08,4.23,0.0
req008590,u9112,s03,2025-08-20 12:23:09,1.54,2.36
req008591,u1007,s02,2025-08-20 12:23:10,1.58,0.0
req008592,u8267,s01,2025-08-20 12:23:11,2.43,2.71
req008593,u9263,s04,2025-08-20 12:23:12,4.15,0.0
req008594,u6392,s01,2025-08-20 12:23:13,0.85,1.55
req008595,u1605,s03,2025-08-20 12:23:14,4.14,5.29
req008596,u8134,s04,2025-08-20 12:23:15,4.65,5.78
req008597,u2158,s01,2025-08-20 12:23:16,3.03,0.0
req008598,u7277,s01,2025-08-20 12:23:17,0.77,1.1
req008599,u2103,s02,2025-08-20 12:23:18,1.71,1.83
req008600,u5083,s02,2025-08-20 12:23:19,1.0,1.27
req008601,u2929,s01,2025-08-20 12:23:20,1.67,1.84
req008602,u3479,s04,2025-08-20 12:23:21,4.15,5.01
req008603,u2984,s04,2025-08-20 12:23:22,0.75,1.59
req008604,u8525,s02,2025-08-20 12:23:23,1.78,2.34
req008605,u9645,s04,2025-08-20 12:23:24,2.83,0.0
req008606,u9747,s02,2025-08-20 12:23:25,4.43,0.0
req008607,u9762,s02,2025-08-20 12:23:26,1.62,2.13
req008608,u9524,s04,2025-08-20 12:23:27,4.0,0.0
req008609,u2415,s03,2025-08-20 12:23:28,3.13,0.0
req008610,u8119,s01,2025-08-20 12:23:29,3.54,0.0
req008611,u4011,s03,2025-08-20 12:23:30,4.38,5.23
req008612,u7427,s03,2025-08-20 12:23:31,0.62,0.88
req008613,u7920,s02,2025-08-20 12:23:32,2.88,3.39
req008614,u7595,s02,2025-08-20 12:23:33,3.86,4.73
req008615,u9323,s02,2025-08-20 12:23:34,4.48,0.0
req008616,u8806,s03,2025-08-20 12:23:35,1.1,1.38
req008617,u5399,s03,2025-08-20 12:23:36,2.04,3.74
req008618,u3293,s01,2025-08-20 12:23:37,0.85,0.0
req008619,u3624,s02,2025-08-20 12:23:38,4.26,0.0
req008620,u4873,s03,2025-08-20 12:23:39,4.36,0.0
req008621,u4729,s04,2025-08-20 12:23:40,2.68,4.06
req008622,u9685,s04,2025-08-20 12:23:41,0.59,0.0
req008623,u5707,s03,2025-08-20 12:23:42,0.96,1.79
req008624,u5989,s02,2025-08-20 12:23:43,3.31,0.0
req008625,u6105,s04,2025-08-20 12:23:44,4.92,5.31
req008626,u7549,s02,2025-08-20 12:23:45,4.27,4.74
req008627,u2120,s03,2025-08-20 12:23:46,4.09,0.0
req008628,u2493,s01,2025-08-20 12:23:47,2.38,2.71
req008629,u8544,s01,2025-08-20 12:23:48,4.93,0.0
req008630,u6192,s04,2025-08-20 12:23:49,4.21,4.61
req008631,u5946,s04,2025-08-20 12:23:50,2.01,2.91
req008632,u7029,s03,2025-08-20 12:23:51,3.87,4.44
req008633,u8509,s01,2025-08-20 12:23:52,2.45,0.0
req008634,u2103,s04,2025-08-20 12:23:53,3.47,5.25
req008635,u2364,s02,2025-08-20 12:23:54,4.87,6.8
req008636,u8226,s03,2025-08-20 12:23:55,1.61,0.0
req008637,u1171,s03,2025-08-20 12:23:56,4.08,5.49
req008638,u5825,s01,2025-08-20 12:23:57,3.16,4.8
req008639,u5195,s03,2025-08-20 12:23:58,4.77,5.35
req008640,u6069,s03,2025-08-20 12:23:59,1.11,0.0
req008641,u2164,s02,2025-08-20 12:24:00,3.74,5.1
req008642,u6954,s03,2025-08-20 12:24:01,0.67,0.88
req008643,u4152,s03,2025-08-20 12:24:02,1.61,3.53
req008644,u7326,s02,2025-08-20 12:24:03,1.94,3.31
req008645,u2992,s03,2025-08-20 12:24:04,2.45,3.15
req008646,u5221,s03,2025-08-20 12:24:05,4.84,0.0
req008647,u6487,s02,2025-08-20 12:24:06,0.8,2.37
req008648,u2178,s02,2025-08-20 12:24:07,1.26,1.39
req008649,u9875,s03,2025-08-20 12:24:08,1.41,2.22
req008650,u4578,s02,2025-08-20 12:24:09,2.41,4.21
req008651,u2213,s01,2025-08-20 12:24:10,0.77,0.0
req008652,u4755,s03,2025-08-20 12:24:11,4.84,5.44
req008653,u3476,s04,2025-08-20 12:24:12,3.02,0.0
req008654,u2551,s01,2025-08-20 12:24:13,4.16,5.53
req008655,u9628,s01,2025-08-20 12:24:14,3.98,4.76
req008656,u2798,s01,2025-08-20 12:24:15,3.47,4.32
req008657,u7176,s01,2025-08-20 12:24:16,4.57,6.09
req008658,u8753,s03,2025-08-20 12:24:17,4.56,6.39
req008659,u1650,s03,2025-08-20 12:24:18,1.07,1.49
req008660,u5943,s04,2025-08-20 12:24:19,4.56,5.19
req008661,u2702,s03,2025-08-20 12:24:20,2.86,0.0
req008662,u6890,s02,2025-08-20 12:24:21,1.71,2.74
req008663,u7441,s02,2025-08-20 12:24:22,3.24,0.0
req008664,u2776,s02,2025-08-20 12:24:23,1.76,0.0
req008665,u1183,s03,2025-08-20 12:24:24,2.66,3.93
req008666,u1956,s01,2025-08-20 12:24:25,4.17,5.16
req008667,u8972,s02,2025-08-20 12:24:26,0.64,0.0
req008668,u3095,s02,2025-08-20 12:24:27,1.32,0.0
req008669,u8075,s03,2025-08-20 12:24:28,4.8,0.0
req008670,u2014,s02,2025-08-20 12:24:29,2.5,0.0
req008671,u8640,s04,2025-08-20 12:24:30,1.86,3.49
req008672,u7237,s02,2025-08-20 12:24:31,4.65,6.21
req008673,u9396,s02,2025-08-20 12:24:32,4.6,0.0
req008674,u6761,s04,2025-08-20 12:24:33,0.7,1.57
req008675,u2159,s03,2025-08-20 12:24:34,2.13,0.0
req008676,u7896,s01,2025-08-20 12:24:35,4.61,0.0
req008677,u5769,s03,2025-08-20 12:24:36,1.31,1.49
req008678,u1928,s04,2025-08-20 12:24:37,3.1,3.57
req008679,u7960,s03,2025-08-20 12:24:38,1.94,0.0
req008680,u5717,s03,2025-08-20 12:24:39,3.81,4.84
req008681,u1545,s03,2025-08-20 12:24:40,1.21,3.07
req008682,u1843,s04,2025-08-20 12:24:41,3.18,4.36
req008683,u6513,s01,2025-08-20 12:24:42,0.5,1.61
req008684,u5716,s02,2025-08-20 12:24:43,1.64,3.12
req008685,u5822,s03,2025-08-20 12:24:44,1.23,1.62
req008686,u6686,s04,2025-08-20 12:24:45,1.44,1.82
req008687,u2688,s04,2025-08-20 12:24:46,4.37,5.13
req008688,u3200,s01,2025-08-20 12:24:47,4.62,6.61
req008689,u9234,s04,2025-08-20 12:24:48,3.9,0.0
req008690,u3807,s02,2025-08-20 12:24:49,3.16,0.0
req008691,u8901,s04,2025-08-20 12:24:50,1.54,3.3
req008692,u3295,s03,2025-08-20 12:24:51,1.74,3.13
req008693,u5285,s01,2025-08-20 12:24:52,1.89,2.73
req008694,u3619,s04,2025-08-20 12:24:53,4.0,5.15
req008695,u9770,s04,2025-08-20 12:24:54,1.64,2.32
req008696,u9917,s03,2025-08-20 12:24:55,4.88,6.26
req008697,u2235,s04,2025-08-20 12:24:56,4.08,0.0
req008698,u2804,s01,2025-08-20 12:24:57,5.0,5.9
req008699,u7926,s04,2025-08-20 12:24:58,2.57,0.0
req008700,u8086,s04,2025-08-20 12:24:59,3.15,3.48
req008701,u5648,s03,2025-08-20 12:25:00,1.76,2.27
req008702,u8793,s01,2025-08-20 12:25:01,3.22,4.48
req008703,u3658,s02,2025-08-20 12:25:02,4.88,6.3
req008704,u5420,s01,2025-08-20 12:25:03,0.64,0.92
req008705,u9598,s01,2025-08-20 12:25:04,1.8,3.44
req008706,u5036,s02,2025-08-20 12:25:05,1.77,3.44
req008707,u3537,s02,2025-08-20 12:25:06,4.92,6.39
req008708,u6170,s03,2025-08-20 12:25:07,1.1,2.5
req008709,u6269,s04,2025-08-20 12:25:08,4.16,4.7
req008710,u9114,s04,2025-08-20 12:25:09,1.74,3.59
req008711,u5916,s02,2025-08-20 12:25:10,4.37,4.98
req008712,u6992,s04,2025-08-20 12:25:11,2.69,3.14
req008713,u2778,s01,2025-08-20 12:25:12,1.59,2.9
req008714,u4586,s02,2025-08-20 12:25:13,3.69,4.48
req008715,u4377,s01,2025-08-20 12:25:14,4.29,0.0
req008716,u9180,s04,2025-08-20 12:25:15,2.62,4.49
req008717,u6762,s04,2025-08-20 12:25:16,3.71,4.68
req008718,u4248,s01,2025-08-20 12:25:17,1.32,0.0
req008719,u4663,s01,2025-08-20 12:25:18,4.72,5.13
req008720,u5188,s02,2025-08-20 12:25:19,0.93,2.85
req008721,u7015,s04,2025-08-20 12:25:20,1.5,2.58
req008722,u4064,s04,2025-08-20 12:25:21,1.8,0.0
req008723,u4394,s04,2025-08-20 12:25:22,1.19,2.28
req008724,u9983,s01,2025-08-20 12:25:23,2.33,3.16
req008725,u9734,s04,2025-08-20 12:25:24,2.56,4.25
req008726,u2448,s02,2025-08-20 12:25:25,2.83,3.48
req008727,u9226,s02,2025-08-20 12:25:26,0.68,0.81
req008728,u9006,s02,2025-08-20 12:25:27,1.49,2.53
req008729,u2831,s02,2025-08-20 12:25:28,4.13,5.99
req008730,u7509,s04,2025-08-20 12:25:29,4.15,4.77
req008731,u5141,s04,2025-08-20 12:25:30,1.99,0.0
req008732,u7278,s01,2025-08-20 12:25:31,2.58,0.0
req008733,u8194,s02,2025-08-20 12:25:32,1.33,1.94
req008734,u6644,s01,2025-08-20 12:25:33,4.2,0.0
req008735,u8084,s02,2025-08-20 12:25:34,4.81,0.0
req008736,u3227,s04,2025-08-20 12:25:35,1.81,3.31
req008737,u3976,s01,2025-08-20 12:25:36,4.02,5.59
req008738,u6078,s03,2025-08-20 12:25:37,2.09,3.02
req008739,u8474,s01,2025-08-20 12:25:38,0.51,0.0
req008740,u7660,s02,2025-08-20 12:25:39,3.2,4.88
req008741,u9505,s02,2025-08-20 12:25:40,2.35,0.0
req008742,u1524,s02,2025-08-20 12:25:41,3.91,4.34
req008743,u8740,s04,2025-08-20 12:25:42,3.87,4.67
req008744,u3231,s01,2025-08-20 12:25:43,4.76,0.0
req008745,u6403,s01,2025-08-20 12:25:44,2.47,3.34
req008746,u8681,s04,2025-08-20 12:25:45,2.67,0.0
req008747,u8250,s02,2025-08-20 12:25:46,2.3,0.0
req008748,u6840,s04,2025-08-20 12:25:47,1.84,2.53
req008749,u2192,s02,2025-08-20 12:25:48,3.37,0.0
req008750,u4108,s04,2025-08-20 12:25:49,4.23,4.74
req008751,u2523,s04,2025-08-20 12:25:50,1.21,1.95
req008752,u6304,s02,2025-08-20 12:25:51,4.92,5.05
req008753,u5563,s04,2025-08-20 12:25:52,3.58,0.0
req008754,u7853,s03,2025-08-20 12:25:53,4.01,5.45
req008755,u4074,s02,2025-08-20 12:25:54,4.99,0.0
req008756,u7933,s01,2025-08-20 12:25:55,2.77,4.17
req008757,u9170,s04,2025-08-20 12:25:56,0.82,1.78
req008758,u7918,s01,2025-08-20 12:25:57,4.06,4.77
req008759,u3476,s01,2025-08-20 12:25:58,4.42,5.34
req008760,u2702,s02,2025-08-20 12:25:59,1.23,0.0
req008761,u4556,s01,2025-08-20 12:26:00,0.61,2.49
req008762,u8108,s01,2025-08-20 12:26:01,1.11,2.36
req008763,u1201,s02,2025-08-20 12:26:02,1.96,3.45
req008764,u8099,s03,2025-08-20 12:26:03,4.66,5.2
req008765,u3417,s01,2025-08-20 12:26:04,0.51,0.79
req008766,u5671,s04,2025-08-20 12:26:05,4.12,0.0
req008767,u5515,s03,2025-08-20 12:26:06,4.35,0.0
req008768,u5367,s03,2025-08-20 12:26:07,4.15,0.0
req008769,u8620,s04,2025-08-20 12:26:08,0.87,1.13
req008770,u4001,s04,2025-08-20 12:26:09,3.56,4.56
req008771,u9169,s02,2025-08-20 12:26:10,4.79,6.25
req008772,u3214,s03,2025-08-20 12:26:11,1.04,2.61
req008773,u6101,s02,2025-08-20 12:26:12,0.64,2.11
req008774,u6809,s02,2025-08-20 12:26:13,4.43,6.26
req008775,u6283,s02,2025-08-20 12:26:14,3.4,3.6
req008776,u8969,s01,2025-08-20 12:26:15,3.41,0.0
req008777,u7386,s04,2025-08-20 12:26:16,4.84,0.0
req008778,u9753,s03,2025-08-20 12:26:17,3.96,5.69
req008779,u9183,s03,2025-08-20 12:26:18,2.29,3.65
req008780,u6120,s04,2025-08-20 12:26:19,2.46,2.89
req008781,u2103,s03,2025-08-20 12:26:20,1.15,2.55
req008782,u2715,s01,2025-08-20 12:26:21,1.87,2.94
req008783,u5672,s03,2025-08-20 12:26:22,2.5,0.0
req008784,u9659,s02,2025-08-20 12:26:23,1.67,2.45
req008785,u5089,s01,2025-08-20 12:26:24,4.62,5.19
req008786,u4314,s02,2025-08-20 12:26:25,0.55,1.53
req008787,u4645,s01,2025-08-20 12:26:26,3.14,3.69
req008788,u7512,s03,2025-08-20 12:26:27,3.97,4.23
req008789,u4432,s04,2025-08-20 12:26:28,3.79,5.5
req008790,u8071,s03,2025-08-20 12:26:29,3.4,0.0
req008791,u1493,s03,2025-08-20 12:26:30,2.35,3.58
req008792,u2098,s01,2025-08-20 12:26:31,4.63,5.42
req008793,u6110,s04,2025-08-20 12:26:32,1.98,2.93
req008794,u5451,s01,2025-08-20 12:26:33,3.88,0.0
req008795,u9071,s04,2025-08-20 12:26:34,4.67,6.41
req008796,u2856,s03,2025-08-20 12:26:35,1.08,0.0
req008797,u6971,s04,2025-08-20 12:26:36,4.76,5.47
req008798,u8510,s02,2025-08-20 12:26:37,3.99,4.81
req008799,u9121,s02,2025-08-20 12:26:38,3.27,4.83
req008800,u2232,s04,2025-08-20 12:26:39,2.18,2.66
req008801,u5236,s04,2025-08-20 12:26:40,4.57,5.92
req008802,u5476,s03,2025-08-20 12:26:41,0.7,0.0
req008803,u6378,s04,2025-08-20 12:26:42,2.44,3.37
req008804,u6960,s01,2025-08-20 12:26:43,3.9,0.0
req008805,u7432,s02,2025-08-20 12:26:44,4.15,0.0
req008806,u2286,s03,2025-08-20 12:26:45,1.41,2.46
req008807,u5315,s03,2025-08-20 12:26:46,0.71,2.31
req008808,u1633,s03,2025-08-20 12:26:47,4.11,6.1
req008809,u8443,s04,2025-08-20 12:26:48,2.4,4.08
req008810,u8433,s03,2025-08-20 12:26:49,1.15,1.56
req008811,u6061,s04,2025-08-20 12:26:50,0.89,0.0
req008812,u2380,s02,2025-08-20 12:26:51,3.38,3.91
req008813,u9327,s03,2025-08-20 12:26:52,3.12,4.0
req008814,u5612,s03,2025-08-20 12:26:53,4.34,5.81
req008815,u2689,s02,2025-08-20 12:26:54,0.64,0.0
req008816,u3333,s04,2025-08-20 12:26:55,4.41,0.0
req008817,u7233,s03,2025-08-20 12:26:56,4.49,0.0
req008818,u5129,s03,2025-08-20 12:26:57,2.51,3.58
req008819,u1472,s03,2025-08-20 12:26:58,0.84,0.0
req008820,u6334,s04,2025-08-20 12:26:59,4.76,0.0
req008821,u5046,s01,2025-08-20 12:27:00,0.82,0.0
req008822,u6931,s03,2025-08-20 12:27:01,3.16,4.97
req008823,u3215,s02,2025-08-20 12:27:02,2.72,2.91
req008824,u4621,s02,2025-08-20 12:27:03,4.26,4.85
req008825,u3855,s02,2025-08-20 12:27:04,2.76,0.0
req008826,u3209,s02,2025-08-20 12:27:05,2.61,0.0
req008827,u8578,s03,2025-08-20 12:27:06,4.46,4.98
req008828,u7646,s01,2025-08-20 12:27:07,4.84,6.35
req008829,u8957,s04,2025-08-20 12:27:08,2.97,3.95
req008830,u4120,s01,2025-08-20 12:27:09,2.55,2.68
req008831,u1966,s02,2025-08-20 12:27:10,4.24,5.81
req008832,u6334,s01,2025-08-20 12:27:11,4.24,5.03
req008833,u8453,s04,2025-08-20 12:27:12,1.94,2.53
req008834,u3958,s02,2025-08-20 12:27:13,3.09,0.0
req008835,u2953,s01,2025-08-20 12:27:14,1.19,0.0
req008836,u9357,s02,2025-08-20 12:27:15,3.36,0.0
req008837,u8057,s02,2025-08-20 12:27:16,4.25,4.7
req008838,u5571,s03,2025-08-20 12:27:17,1.34,3.24
req008839,u6526,s01,2025-08-20 12:27:18,1.95,3.84
req008840,u4624,s02,2025-08-20 12:27:19,2.52,2.77
req008841,u3120,s03,2025-08-20 12:27:20,4.3,4.84
req008842,u8135,s01,2025-08-20 12:27:21,3.79,5.12
req008843,u2511,s02,2025-08-20 12:27:22,1.93,3.3
req008844,u7587,s03,2025-08-20 12:27:23,1.59,2.48
req008845,u2252,s01,2025-08-20 12:27:24,3.63,0.0
req008846,u8679,s04,2025-08-20 12:27:25,2.66,3.84
req008847,u5221,s01,2025-08-20 12:27:26,3.17,0.0
req008848,u4637,s04,2025-08-20 12:27:27,3.42,4.85
req008849,u5553,s04,2025-08-20 12:27:28,3.01,0.0
req008850,u6655,s01,2025-08-20 12:27:29,3.26,5.17
req008851,u3669,s03,2025-08-20 12:27:30,4.49,5.97
req008852,u3721,s01,2025-08-20 12:27:31,4.41,4.72
req008853,u8323,s03,2025-08-20 12:27:32,1.17,2.63
req008854,u2639,s02,2025-08-20 12:27:33,3.14,3.37
req008855,u9474,s03,2025-08-20 12:27:34,2.48,0.0
req008856,u1176,s04,2025-08-20 12:27:35,1.78,0.0
req008857,u6804,s02,2025-08-20 12:27:36,3.34,0.0
req008858,u6145,s01,2025-08-20 12:27:37,2.8,0.0
req008859,u5325,s04,2025-08-20 12:27:38,3.99,0.0
req008860,u9050,s01,2025-08-20 12:27:39,0.92,1.97
req008861,u1832,s01,2025-08-20 12:27:40,1.86,0.0
req008862,u1911,s04,2025-08-20 12:27:41,0.62,1.72
req008863,u7815,s01,2025-08-20 12:27:42,3.86,5.44
req008864,u9670,s02,2025-08-20 12:27:43,4.61,0.0
req008865,u8940,s02,2025-08-20 12:27:44,3.14,0.0
req008866,u4876,s01,2025-08-20 12:27:45,3.28,3.4
req008867,u1074,s01,2025-08-20 12:27:46,0.71,2.47
req008868,u3302,s01,2025-08-20 12:27:47,2.77,4.13
req008869,u7837,s01,2025-08-20 12:27:48,2.87,3.03
req008870,u3117,s02,2025-08-20 12:27:49,0.68,1.08
req008871,u1407,s04,2025-08-20 12:27:50,4.02,4.2
req008872,u6657,s03,2025-08-20 12:27:51,1.75,0.0
req008873,u7692,s01,2025-08-20 12:27:52,3.76,5.32
req008874,u5035,s03,2025-08-20 12:27:53,2.31,0.0
req008875,u4810,s02,2025-08-20 12:27:54,4.98,5.4
req008876,u7406,s04,2025-08-20 12:27:55,1.45,1.64
req008877,u5243,s02,2025-08-20 12:27:56,0.76,1.12
req008878,u1785,s03,2025-08-20 12:27:57,4.91,6.07
req008879,u8413,s03,2025-08-20 12:27:58,1.6,0.0
req008880,u7686,s04,2025-08-20 12:27:59,3.36,4.4
req008881,u3402,s03,2025-08-20 12:28:00,2.19,0.0
req008882,u9907,s02,2025-08-20 12:28:01,3.38,3.95
req008883,u3637,s01,2025-08-20 12:28:02,3.18,5.07
req008884,u8262,s03,2025-08-20 12:28:03,3.68,0.0
req008885,u2395,s02,2025-08-20 12:28:04,0.58,2.3
req008886,u3609,s03,2025-08-20 12:28:05,4.26,4.96
req008887,u3887,s03,2025-08-20 12:28:06,2.65,3.65
req008888,u7720,s03,2025-08-20 12:28:07,2.83,3.91
req008889,u5009,s01,2025-08-20 12:28:08,2.35,3.89
req008890,u3011,s02,2025-08-20 12:28:09,4.95,5.86
req008891,u1321,s01,2025-08-20 12:28:10,4.11,0.0
req008892,u7650,s04,2025-08-20 12:28:11,1.9,3.04
req008893,u9946,s02,2025-08-20 12:28:12,4.02,4.9
req008894,u8466,s01,2025-08-20 12:28:13,2.47,4.02
req008895,u3824,s04,2025-08-20 12:28:14,4.42,5.58
req008896,u7125,s02,2025-08-20 12:28:15,0.64,2.31
req008897,u5911,s02,2025-08-20 12:28:16,2.1,0.0
req008898,u1762,s03,2025-08-20 12:28:17,2.43,0.0
req008899,u8208,s03,2025-08-20 12:28:18,3.85,0.0
req008900,u9075,s04,2025-08-20 12:28:19,1.32,1.52
req008901,u5134,s03,2025-08-20 12:28:20,1.79,0.0
req008902,u9830,s01,2025-08-20 12:28:21,3.76,5.58
req008903,u9682,s02,2025-08-20 12:28:22,0.85,2.51
req008904,u2202,s02,2025-08-20 12:28:23,1.41,3.07
req008905,u7806,s03,2025-08-20 12:28:24,3.89,4.26
req008906,u9318,s02,2025-08-20 12:28:25,4.44,5.04
req008907,u3485,s04,2025-08-20 12:28:26,3.78,5.74
req008908,u1172,s04,2025-08-20 12:28:27,2.87,4.78
req008909,u5569,s03,2025-08-20 12:28:28,0.95,1.48
req008910,u4537,s02,2025-08-20 12:28:29,4.22,5.14
req008911,u3675,s02,2025-08-20 12:28:30,1.06,0.0
req008912,u9501,s03,2025-08-20 12:28:31,2.23,2.63
req008913,u2501,s01,2025-08-20 12:28:32,0.73,0.0
req008914,u3211,s01,2025-08-20 12:28:33,3.69,4.29
req008915,u8564,s03,2025-08-20 12:28:34,2.77,3.22
req008916,u8951,s02,2025-08-20 12:28:35,4.58,4.83
req008917,u4570,s01,2025-08-20 12:28:36,1.12,2.32
req008918,u2853,s04,2025-08-20 12:28:37,4.19,4.75
req008919,u8459,s01,2025-08-20 12:28:38,2.8,0.0
req008920,u8599,s01,2025-08-20 12:28:39,2.15,4.14
req008921,u5850,s01,2025-08-20 12:28:40,3.4,4.48
req008922,u3757,s03,2025-08-20 12:28:41,4.06,0.0
req008923,u8887,s04,2025-08-20 12:28:42,2.48,0.0
req008924,u9783,s02,2025-08-20 12:28:43,1.55,2.33
req008925,u5339,s02,2025-08-20 12:28:44,4.62,6.46
req008926,u4101,s01,2025-08-20 12:28:45,1.91,0.0
req008927,u8834,s01,2025-08-20 12:28:46,4.99,0.0
req008928,u9923,s04,2025-08-20 12:28:47,3.95,0.0
req008929,u8707,s03,2025-08-20 12:28:48,3.6,4.88
req008930,u3622,s04,2025-08-20 12:28:49,0.56,0.9
req008931,u5423,s04,2025-08-20 12:28:50,2.52,3.57
req008932,u3270,s03,2025-08-20 12:28:51,2.76,3.7
req008933,u8556,s03,2025-08-20 12:28:52,2.19,3.74
req008934,u6723,s02,2025-08-20 12:28:53,1.17,2.59
req008935,u9210,s02,2025-08-20 12:28:54,2.15,2.95
req008936,u2324,s02,2025-08-20 12:28:55,0.84,1.83
req008937,u5469,s02,2025-08-20 12:28:56,1.81,2.9
req008938,u1409,s02,2025-08-20 12:28:57,0.88,1.78
req008939,u7263,s01,2025-08-20 12:28:58,3.89,0.0
req008940,u6368,s04,2025-08-20 12:28:59,3.52,3.82
req008941,u1939,s03,2025-08-20 12:29:00,4.73,6.55
req008942,u6431,s02,2025-08-20 12:29:01,2.21,3.59
req008943,u9946,s02,2025-08-20 12:29:02,4.04,5.03
req008944,u1131,s02,2025-08-20 12:29:03,3.14,0.0
req008945,u7057,s02,2025-08-20 12:29:04,3.41,4.59
req008946,u4512,s01,2025-08-20 12:29:05,2.96,3.47
req008947,u2761,s01,2025-08-20 12:29:06,4.01,5.12
req008948,u8006,s03,2025-08-20 12:29:07,0.69,2.21
req008949,u5878,s01,2025-08-20 12:29:08,0.86,1.97
req008950,u8228,s04,2025-08-20 12:29:09,0.93,0.0
req008951,u1777,s03,2025-08-20 12:29:10,1.8,0.0
req008952,u7124,s03,2025-08-20 12:29:11,3.16,0.0
req008953,u5317,s01,2025-08-20 12:29:12,3.41,4.42
req008954,u8638,s04,2025-08-20 12:29:13,3.71,4.69
req008955,u6543,s02,2025-08-20 12:29:14,1.76,3.31
req008956,u4128,s04,2025-08-20 12:29:15,3.43,4.96
req008957,u5430,s02,2025-08-20 12:29:16,1.03,2.56
req008958,u1588,s01,2025-08-20 12:29:17,0.54,1.11
req008959,u8912,s02,2025-08-20 12:29:18,3.63,4.9
req008960,u4543,s04,2025-08-20 12:29:19,3.72,5.3
req008961,u3949,s04,2025-08-20 12:29:20,3.3,0.0
req008962,u9807,s01,2025-08-20 12:29:21,1.66,2.83
req008963,u5853,s03,2025-08-20 12:29:22,4.67,0.0
req008964,u6650,s02,2025-08-20 12:29:23,4.44,6.02
req008965,u7161,s02,2025-08-20 12:29:24,2.82,4.54
req008966,u9896,s02,2025-08-20 12:29:25,4.95,5.38
req008967,u9380,s03,2025-08-20 12:29:26,1.84,2.52
req008968,u4853,s04,2025-08-20 12:29:27,2.71,3.95
req008969,u3352,s02,2025-08-20 12:29:28,4.68,5.33
req008970,u3270,s02,2025-08-20 12:29:29,2.58,4.47
req008971,u9595,s03,2025-08-20 12:29:30,2.62,0.0
req008972,u2068,s04,2025-08-20 12:29:31,0.86,1.33
req008973,u8860,s04,2025-08-20 12:29:32,1.45,2.23
req008974,u2427,s01,2025-08-20 12:29:33,1.21,3.2
req008975,u1579,s04,2025-08-20 12:29:34,3.04,3.5
req008976,u9988,s01,2025-08-20 12:29:35,1.93,2.88
req008977,u4060,s04,2025-08-20 12:29:36,0.85,0.0
req008978,u3343,s03,2025-08-20 12:29:37,2.79,3.49
req008979,u9936,s03,2025-08-20 12:29:38,3.51,5.15
req008980,u2961,s03,2025-08-20 12:29:39,3.81,4.49
req008981,u5389,s01,2025-08-20 12:29:40,4.27,0.0
req008982,u1919,s02,2025-08-20 12:29:41,2.67,3.08
req008983,u4515,s02,2025-08-20 12:29:42,2.26,4.13
req008984,u4324,s01,2025-08-20 12:29:43,3.58,4.28
req008985,u5208,s01,2025-08-20 12:29:44,0.56,2.07
req008986,u8864,s03,2025-08-20 12:29:45,3.35,4.0
req008987,u8495,s01,2025-08-20 12:29:46,2.33,2.77
req008988,u6876,s01,2025-08-20 12:29:47,2.54,4.16
req008989,u5060,s02,2025-08-20 12:29:48,1.83,0.0
req008990,u4457,s01,2025-08-20 12:29:49,1.07,1.28
req008991,u7291,s01,2025-08-20 12:29:50,2.31,3.04
req008992,u8253,s01,2025-08-20 12:29:51,1.89,0.0
req008993,u9890,s01,2025-08-20 12:29:52,4.82,6.4
req008994,u4793,s03,2025-08-20 12:29:53,4.75,5.82
req008995,u6851,s01,2025-08-20 12:29:54,3.4,4.81
req008996,u9423,s01,2025-08-20 12:29:55,4.57,0.0
req008997,u5621,s03,2025-08-20 12:29:56,3.88,0.0
req008998,u6589,s03,2025-08-20 12:29:57,2.06,0.0
req008999,u5487,s02,2025-08-20 12:29:58,3.22,3.45
req009000,u1529,s03,2025-08-20 12:29:59,1.49,3.01
req009001,u9913,s02,2025-08-20 12:30:00,3.59,4.02
req009002,u7719,s03,2025-08-20 12:30:01,0.7,2.34
req009003,u8997,s03,2025-08-20 12:30:02,4.24,0.0
req009004,u9600,s01,2025-08-20 12:30:03,3.12,4.29
req009005,u2545,s03,2025-08-20 12:30:04,0.76,2.26
req009006,u4432,s04,2025-08-20 12:30:05,4.42,4.92
req009007,u9249,s01,2025-08-20 12:30:06,4.45,5.3
req009008,u3306,s02,2025-08-20 12:30:07,4.34,0.0
req009009,u4807,s03,2025-08-20 12:30:08,3.98,5.6
req009010,u2713,s03,2025-08-20 12:30:09,3.55,5.38
req009011,u2623,s04,2025-08-20 12:30:10,2.29,0.0
req009012,u7675,s04,2025-08-20 12:30:11,1.11,1.64
req009013,u9186,s02,2025-08-20 12:30:12,1.8,3.41
req009014,u7511,s01,2025-08-20 12:30:13,2.06,2.37
req009015,u5606,s04,2025-08-20 12:30:14,2.11,3.02
req009016,u8405,s02,2025-08-20 12:30:15,3.04,0.0
req009017,u6167,s04,2025-08-20 12:30:16,1.44,3.32
req009018,u9536,s03,2025-08-20 12:30:17,1.35,3.25
req009019,u5085,s04,2025-08-20 12:30:18,3.73,4.39
req009020,u4990,s03,2025-08-20 12:30:19,0.53,0.0
req009021,u6834,s04,2025-08-20 12:30:20,1.17,1.64
req009022,u7190,s01,2025-08-20 12:30:21,2.46,0.0
req009023,u7214,s01,2025-08-20 12:30:22,1.17,1.55
req009024,u5034,s01,2025-08-20 12:30:23,4.82,5.83
req009025,u9494,s02,2025-08-20 12:30:24,3.52,3.79
req009026,u9448,s03,2025-08-20 12:30:25,2.45,3.23
req009027,u3725,s01,2025-08-20 12:30:26,1.01,1.14
req009028,u9358,s03,2025-08-20 12:30:27,2.23,2.82
req009029,u3710,s01,2025-08-20 12:30:28,3.43,5.24
req009030,u3964,s01,2025-08-20 12:30:29,4.86,5.81
req009031,u8316,s02,2025-08-20 12:30:30,2.63,2.87
req009032,u1144,s04,2025-08-20 12:30:31,3.62,4.95
req009033,u7538,s02,2025-08-20 12:30:32,1.38,3.3
req009034,u8735,s03,2025-08-20 12:30:33,3.31,4.29
req009035,u9177,s01,2025-08-20 12:30:34,1.58,2.87
req009036,u8471,s04,2025-08-20 12:30:35,1.39,0.0
req009037,u8958,s03,2025-08-20 12:30:36,2.79,0.0
req009038,u4869,s01,2025-08-20 12:30:37,1.45,3.3
req009039,u1543,s02,2025-08-20 12:30:38,3.75,0.0
req009040,u9724,s04,2025-08-20 12:30:39,4.72,5.62
req009041,u6116,s02,2025-08-20 12:30:40,2.27,3.63
req009042,u3954,s02,2025-08-20 12:30:41,1.95,2.89
req009043,u9285,s01,2025-08-20 12:30:42,1.29,3.22
req009044,u6131,s04,2025-08-20 12:30:43,2.26,0.0
req009045,u1990,s03,2025-08-20 12:30:44,3.02,0.0
req009046,u8380,s03,2025-08-20 12:30:45,2.18,3.24
req009047,u8172,s03,2025-08-20 12:30:46,3.3,5.08
req009048,u1638,s03,2025-08-20 12:30:47,3.48,4.54
req009049,u3292,s04,2025-08-20 12:30:48,0.94,2.31
req009050,u4477,s02,2025-08-20 12:30:49,3.64,4.47
req009051,u8085,s04,2025-08-20 12:30:50,4.55,6.39
req009052,u9833,s03,2025-08-20 12:30:51,0.62,0.0
req009053,u2462,s04,2025-08-20 12:30:52,2.98,0.0
req009054,u1875,s04,2025-08-20 12:30:53,3.22,4.55
req009055,u5247,s04,2025-08-20 12:30:54,3.69,3.83
req009056,u7926,s04,2025-08-20 12:30:55,2.24,0.0
req009057,u4791,s02,2025-08-20 12:30:56,4.18,4.31
req009058,u7343,s02,2025-08-20 12:30:57,2.93,0.0
req009059,u5004,s01,2025-08-20 12:30:58,2.34,3.72
req009060,u3317,s04,2025-08-20 12:30:59,3.74,0.0
req009061,u1312,s04,2025-08-20 12:31:00,4.67,4.99
req009062,u2438,s02,2025-08-20 12:31:01,4.15,5.61
req009063,u6643,s02,2025-08-20 12:31:02,4.69,5.4
req009064,u5902,s04,2025-08-20 12:31:03,1.7,2.82
req009065,u7154,s02,2025-08-20 12:31:04,1.03,0.0
req009066,u2167,s04,2025-08-20 12:31:05,2.9,3.33
req009067,u3140,s03,2025-08-20 12:31:06,0.7,1.27
req009068,u2191,s04,2025-08-20 12:31:07,3.54,0.0
req009069,u5193,s02,2025-08-20 12:31:08,1.58,0.0
req009070,u2490,s04,2025-08-20 12:31:09,2.54,3.47
req009071,u3879,s02,2025-08-20 12:31:10,3.45,4.81
req009072,u3980,s01,2025-08-20 12:31:11,2.67,3.07
req009073,u9791,s01,2025-08-20 12:31:12,1.56,0.0
req009074,u7794,s03,2025-08-20 12:31:13,4.46,5.09
req009075,u8314,s03,2025-08-20 12:31:14,3.94,4.43
req009076,u4101,s01,2025-08-20 12:31:15,3.2,4.94
req009077,u2702,s04,2025-08-20 12:31:16,3.64,0.0
req009078,u5262,s03,2025-08-20 12:31:17,2.37,3.7
req009079,u2977,s03,2025-08-20 12:31:18,2.19,3.18
req009080,u5193,s01,2025-08-20 12:31:19,1.22,0.0
req009081,u3442,s03,2025-08-20 12:31:20,4.12,6.02
req009082,u7804,s01,2025-08-20 12:31:21,2.21,3.71
req009083,u6226,s04,2025-08-20 12:31:22,3.62,5.49
req009084,u2697,s02,2025-08-20 12:31:23,1.85,3.09
req009085,u2935,s04,2025-08-20 12:31:24,4.08,4.44
req009086,u9709,s02,2025-08-20 12:31:25,0.97,2.35
req009087,u6425,s02,2025-08-20 12:31:26,3.31,3.79
req009088,u9256,s03,2025-08-20 12:31:27,4.13,0.0
req009089,u1910,s01,2025-08-20 12:31:28,3.47,4.23
req009090,u3901,s02,2025-08-20 12:31:29,3.63,4.7
req009091,u1102,s01,2025-08-20 12:31:30,2.87,3.27
req009092,u3967,s03,2025-08-20 12:31:31,3.02,3.16
req009093,u4482,s02,2025-08-20 12:31:32,0.8,1.52
req009094,u2509,s01,2025-08-20 12:31:33,1.63,3.3
req009095,u6310,s04,2025-08-20 12:31:34,3.75,0.0
req009096,u3726,s02,2025-08-20 12:31:35,4.75,4.88
req009097,u2663,s01,2025-08-20 12:31:36,2.94,3.25
req009098,u9944,s02,2025-08-20 12:31:37,3.77,0.0
req009099,u1214,s02,2025-08-20 12:31:38,3.58,0.0
req009100,u7730,s04,2025-08-20 12:31:39,5.0,0.0
req009101,u2144,s02,2025-08-20 12:31:40,4.08,0.0
req009102,u3558,s02,2025-08-20 12:31:41,3.32,4.95
req009103,u6086,s03,2025-08-20 12:31:42,1.02,1.7
req009104,u3528,s02,2025-08-20 12:31:43,2.13,4.01
req009105,u2011,s02,2025-08-20 12:31:44,1.63,2.45
req009106,u2838,s02,2025-08-20 12:31:45,4.34,5.95
req009107,u5874,s03,2025-08-20 12:31:46,2.51,0.0
req009108,u4791,s03,2025-08-20 12:31:47,2.91,3.5
req009109,u6317,s02,2025-08-20 12:31:48,4.84,5.06
req009110,u8775,s01,2025-08-20 12:31:49,4.27,6.04
req009111,u4679,s04,2025-08-20 12:31:50,4.05,5.91
req009112,u1196,s01,2025-08-20 12:31:51,1.14,2.59
req009113,u9531,s02,2025-08-20 12:31:52,0.6,2.16
req009114,u1884,s02,2025-08-20 12:31:53,1.06,1.17
req009115,u7714,s02,2025-08-20 12:31:54,3.83,0.0
req009116,u6232,s01,2025-08-20 12:31:55,2.35,3.88
req009117,u8714,s02,2025-08-20 12:31:56,1.03,2.03
req009118,u3388,s03,2025-08-20 12:31:57,3.83,4.79
req009119,u8908,s02,2025-08-20 12:31:58,1.38,2.51
req009120,u4088,s01,2025-08-20 12:31:59,3.15,3.77
req009121,u9514,s01,2025-08-20 12:32:00,3.84,5.26
req009122,u1782,s04,2025-08-20 12:32:01,3.24,3.9
req009123,u2694,s02,2025-08-20 12:32:02,4.97,6.13
req009124,u7819,s02,2025-08-20 12:32:03,2.45,0.0
req009125,u6542,s02,2025-08-20 12:32:04,1.9,2.26
req009126,u6024,s03,2025-08-20 12:32:05,1.41,0.0
req009127,u6921,s03,2025-08-20 12:32:06,2.77,4.15
req009128,u7856,s03,2025-08-20 12:32:07,4.34,0.0
req009129,u4182,s03,2025-08-20 12:32:08,4.76,5.22
req009130,u3987,s03,2025-08-20 12:32:09,4.87,0.0
req009131,u5105,s01,2025-08-20 12:32:10,2.89,0.0
req009132,u6669,s03,2025-08-20 12:32:11,3.22,0.0
req009133,u5721,s01,2025-08-20 12:32:12,3.12,3.54
req009134,u1113,s02,2025-08-20 12:32:13,2.6,2.75
req009135,u6889,s04,2025-08-20 12:32:14,1.19,1.52
req009136,u4707,s03,2025-08-20 12:32:15,0.79,0.0
req009137,u8079,s04,2025-08-20 12:32:16,2.46,3.0
req009138,u1012,s01,2025-08-20 12:32:17,1.34,1.86
req009139,u7549,s03,2025-08-20 12:32:18,4.49,0.0
req009140,u6360,s03,2025-08-20 12:32:19,3.93,4.65
req009141,u7914,s03,2025-08-20 12:32:20,3.28,3.48
req009142,u9299,s01,2025-08-20 12:32:21,0.71,0.0
req009143,u2642,s01,2025-08-20 12:32:22,3.3,0.0
req009144,u6257,s03,2025-08-20 12:32:23,3.29,5.17
req009145,u5273,s04,2025-08-20 12:32:24,2.48,0.0
req009146,u1136,s02,2025-08-20 12:32:25,3.46,0.0
req009147,u9529,s03,2025-08-20 12:32:26,4.36,4.69
req009148,u6972,s02,2025-08-20 12:32:27,3.91,5.34
req009149,u3582,s03,2025-08-20 12:32:28,2.63,3.75
req009150,u2580,s03,2025-08-20 12:32:29,1.68,2.83
req009151,u8376,s02,2025-08-20 12:32:30,2.65,2.95
req009152,u8740,s01,2025-08-20 12:32:31,4.76,0.0
req009153,u3980,s02,2025-08-20 12:32:32,4.19,4.75
req009154,u8154,s02,2025-08-20 12:32:33,0.62,2.2
req009155,u3131,s02,2025-08-20 12:32:34,4.02,5.0
req009156,u3441,s02,2025-08-20 12:32:35,1.27,0.0
req009157,u4043,s01,2025-08-20 12:32:36,3.07,0.0
req009158,u4716,s03,2025-08-20 12:32:37,4.13,5.1
req009159,u5639,s02,2025-08-20 12:32:38,3.03,4.17
req009160,u7752,s02,2025-08-20 12:32:39,2.32,3.24
req009161,u8874,s02,2025-08-20 12:32:40,1.95,0.0
req009162,u2755,s02,2025-08-20 12:32:41,1.87,3.5
req009163,u9837,s02,2025-08-20 12:32:42,4.27,0.0
req009164,u5929,s02,2025-08-20 12:32:43,4.21,0.0
req009165,u5459,s01,2025-08-20 12:32:44,4.21,5.73
req009166,u7830,s01,2025-08-20 12:32:45,1.77,0.0
req009167,u2216,s04,2025-08-20 12:32:46,4.1,0.0
req009168,u8210,s01,2025-08-20 12:32:47,0.66,1.36
req009169,u4106,s04,2025-08-20 12:32:48,1.43,3.07
req009170,u3299,s02,2025-08-20 12:32:49,2.82,3.91
req009171,u8414,s04,2025-08-20 12:32:50,2.33,3.62
req009172,u5876,s03,2025-08-20 12:32:51,1.0,2.75
req009173,u4984,s03,2025-08-20 12:32:52,0.69,0.0
req009174,u1415,s04,2025-08-20 12:32:53,3.25,4.25
req009175,u8274,s01,2025-08-20 12:32:54,1.91,0.0
req009176,u7461,s01,2025-08-20 12:32:55,0.57,2.11
req009177,u7291,s04,2025-08-20 12:32:56,2.44,0.0
req009178,u8309,s04,2025-08-20 12:32:57,1.88,3.17
req009179,u5130,s02,2025-08-20 12:32:58,3.09,0.0
req009180,u1086,s01,2025-08-20 12:32:59,4.68,5.59
req009181,u1211,s01,2025-08-20 12:33:00,1.89,0.0
req009182,u2630,s02,2025-08-20 12:33:01,4.99,6.59
req009183,u9504,s03,2025-08-20 12:33:02,0.89,1.19
req009184,u5913,s04,2025-08-20 12:33:03,0.9,2.1
req009185,u8605,s01,2025-08-20 12:33:04,3.71,3.9
req009186,u7988,s03,2025-08-20 12:33:05,3.87,0.0
req009187,u7318,s01,2025-08-20 12:33:06,2.4,2.8
req009188,u6991,s02,2025-08-20 12:33:07,1.79,0.0
req009189,u4130,s02,2025-08-20 12:33:08,4.07,0.0
req009190,u6642,s04,2025-08-20 12:33:09,4.8,6.04
req009191,u7156,s03,2025-08-20 12:33:10,4.95,0.0
req009192,u1384,s02,2025-08-20 12:33:11,3.36,4.04
req009193,u8270,s01,2025-08-20 12:33:12,3.83,4.43
req009194,u2433,s01,2025-08-20 12:33:13,4.2,0.0
req009195,u3388,s02,2025-08-20 12:33:14,4.09,6.01
req009196,u5483,s02,2025-08-20 12:33:15,4.97,0.0
req009197,u1875,s03,2025-08-20 12:33:16,4.15,4.95
req009198,u5117,s03,2025-08-20 12:33:17,3.48,4.65
req009199,u8777,s02,2025-08-20 12:33:18,2.19,3.31
req009200,u7268,s04,2025-08-20 12:33:19,3.19,3.41
req009201,u6876,s02,2025-08-20 12:33:20,4.46,5.84
req009202,u3532,s01,2025-08-20 12:33:21,1.87,0.0
req009203,u1474,s03,2025-08-20 12:33:22,0.64,0.0
req009204,u6686,s04,2025-08-20 12:33:23,1.97,3.04
req009205,u7250,s02,2025-08-20 12:33:24,4.82,5.64
req009206,u3852,s04,2025-08-20 12:33:25,4.07,4.3
req009207,u4021,s01,2025-08-20 12:33:26,1.34,0.0
req009208,u5879,s02,2025-08-20 12:33:27,0.55,1.21
req009209,u8439,s03,2025-08-20 12:33:28,3.51,5.29
req009210,u3047,s04,2025-08-20 12:33:29,3.11,3.54
req009211,u9725,s04,2025-08-20 12:33:30,0.87,0.0
req009212,u1970,s02,2025-08-20 12:33:31,4.85,5.37
req009213,u4072,s04,2025-08-20 12:33:32,3.28,3.77
req009214,u9449,s01,2025-08-20 12:33:33,3.43,5.22
req009215,u9648,s02,2025-08-20 12:33:34,4.34,0.0
req009216,u2152,s02,2025-08-20 12:33:35,2.02,3.45
req009217,u5766,s02,2025-08-20 12:33:36,3.01,4.79
req009218,u4920,s04,2025-08-20 12:33:37,3.09,4.93
req009219,u8475,s01,2025-08-20 12:33:38,4.85,6.71
req009220,u2691,s04,2025-08-20 12:33:39,1.09,0.0
req009221,u1985,s02,2025-08-20 12:33:40,3.92,4.94
req009222,u5695,s03,2025-08-20 12:33:41,3.09,4.09
req009223,u6194,s01,2025-08-20 12:33:42,4.3,5.97
req009224,u9569,s04,2025-08-20 12:33:43,4.24,4.97
req009225,u4065,s04,2025-08-20 12:33:44,0.55,0.0
req009226,u7223,s01,2025-08-20 12:33:45,1.65,1.79
req009227,u1982,s02,2025-08-20 12:33:46,1.31,2.04
req009228,u7588,s02,2025-08-20 12:33:47,2.58,4.04
req009229,u1586,s01,2025-08-20 12:33:48,4.57,4.9
req009230,u1428,s04,2025-08-20 12:33:49,0.52,0.0
req009231,u8452,s03,2025-08-20 12:33:50,2.7,4.29
req009232,u6167,s01,2025-08-20 12:33:51,4.48,6.13
req009233,u1900,s01,2025-08-20 12:33:52,4.67,0.0
req009234,u8531,s01,2025-08-20 12:33:53,3.46,3.75
req009235,u8438,s03,2025-08-20 12:33:54,4.23,0.0
req009236,u6506,s02,2025-08-20 12:33:55,1.96,2.25
req009237,u3374,s03,2025-08-20 12:33:56,1.79,2.27
req009238,u3636,s02,2025-08-20 12:33:57,0.72,0.0
req009239,u2213,s01,2025-08-20 12:33:58,2.76,3.54
req009240,u8466,s04,2025-08-20 12:33:59,2.55,3.66
req009241,u9297,s02,2025-08-20 12:34:00,2.17,3.19
req009242,u1146,s02,2025-08-20 12:34:01,1.01,2.73
req009243,u7762,s04,2025-08-20 12:34:02,1.54,1.91
req009244,u7708,s03,2025-08-20 12:34:03,1.42,2.85
req009245,u9090,s02,2025-08-20 12:34:04,4.75,5.89
req009246,u8272,s02,2025-08-20 12:34:05,4.85,0.0
req009247,u5985,s01,2025-08-20 12:34:06,0.52,2.02
req009248,u9206,s01,2025-08-20 12:34:07,1.27,0.0
req009249,u2151,s04,2025-08-20 12:34:08,4.5,0.0
req009250,u9381,s03,2025-08-20 12:34:09,0.67,1.42
req009251,u4277,s03,2025-08-20 12:34:10,4.75,0.0
req009252,u1185,s04,2025-08-20 12:34:11,2.21,0.0
req009253,u2099,s01,2025-08-20 12:34:12,2.92,3.92
req009254,u7534,s02,2025-08-20 12:34:13,3.94,4.09
req009255,u4323,s02,2025-08-20 12:34:14,1.6,1.92
req009256,u8058,s03,2025-08-20 12:34:15,0.95,1.76
req009257,u9229,s01,2025-08-20 12:34:16,4.14,0.0
req009258,u5449,s01,2025-08-20 12:34:17,4.93,5.94
req009259,u3054,s02,2025-08-20 12:34:18,3.46,3.72
req009260,u7953,s01,2025-08-20 12:34:19,4.21,0.0
req009261,u4955,s04,2025-08-20 12:34:20,4.74,0.0
req009262,u4470,s04,2025-08-20 12:34:21,1.53,3.2
req009263,u8160,s01,2025-08-20 12:34:22,2.08,3.98
req009264,u2343,s04,2025-08-20 12:34:23,1.49,0.0
req009265,u9963,s02,2025-08-20 12:34:24,0.78,2.01
req009266,u2550,s03,2025-08-20 12:34:25,3.8,0.0
req009267,u4900,s02,2025-08-20 12:34:26,1.16,1.36
req009268,u6188,s04,2025-08-20 12:34:27,0.92,2.42
req009269,u6581,s01,2025-08-20 12:34:28,2.11,2.62
req009270,u8135,s02,2025-08-20 12:34:29,0.77,2.26
req009271,u6960,s01,2025-08-20 12:34:30,1.31,2.24
req009272,u8492,s03,2025-08-20 12:34:31,0.81,1.01
req009273,u3656,s04,2025-08-20 12:34:32,4.45,0.0
req009274,u8624,s04,2025-08-20 12:34:33,4.01,0.0
req009275,u3371,s04,2025-08-20 12:34:34,4.37,0.0
req009276,u9068,s04,2025-08-20 12:34:35,4.41,5.04
req009277,u2841,s04,2025-08-20 12:34:36,4.75,0.0
req009278,u9260,s01,2025-08-20 12:34:37,1.34,2.25
req009279,u5188,s01,2025-08-20 12:34:38,4.55,0.0
req009280,u2874,s01,2025-08-20 12:34:39,2.86,4.36
req009281,u5985,s01,2025-08-20 12:34:40,1.25,1.6
req009282,u8601,s02,2025-08-20 12:34:41,3.45,4.1
req009283,u7226,s02,2025-08-20 12:34:42,1.97,2.23
req009284,u4029,s02,2025-08-20 12:34:43,0.71,1.98
req009285,u4886,s01,2025-08-20 12:34:44,0.85,1.85
req009286,u9344,s04,2025-08-20 12:34:45,2.41,4.28
req009287,u1603,s04,2025-08-20 12:34:46,4.22,0.0
req009288,u3585,s02,2025-08-20 12:34:47,1.9,3.41
req009289,u7439,s03,2025-08-20 12:34:48,3.95,0.0
req009290,u9000,s04,2025-08-20 12:34:49,0.75,2.33
req009291,u1949,s02,2025-08-20 12:34:50,2.27,0.0
req009292,u5741,s01,2025-08-20 12:34:51,1.07,1.48
req009293,u7671,s04,2025-08-20 12:34:52,4.39,5.0
req009294,u2141,s03,2025-08-20 12:34:53,4.86,5.93
req009295,u7976,s04,2025-08-20 12:34:54,1.97,0.0
req009296,u8573,s02,2025-08-20 12:34:55,4.95,5.08
req009297,u8927,s03,2025-08-20 12:34:56,3.89,5.64
req009298,u2436,s01,2025-08-20 12:34:57,0.51,2.09
req009299,u7669,s04,2025-08-20 12:34:58,2.68,2.89
req009300,u5562,s01,2025-08-20 12:34:59,4.25,5.96
req009301,u2190,s03,2025-08-20 12:35:00,2.9,3.01
req009302,u9502,s02,2025-08-20 12:35:01,2.97,0.0
req009303,u3026,s01,2025-08-20 12:35:02,2.51,0.0
req009304,u5305,s01,2025-08-20 12:35:03,2.28,2.6
req009305,u7880,s01,2025-08-20 12:35:04,0.62,0.83
req009306,u1851,s01,2025-08-20 12:35:05,3.3,4.31
req009307,u5187,s02,2025-08-20 12:35:06,3.95,0.0
req009308,u2426,s04,2025-08-20 12:35:07,4.06,5.65
req009309,u3479,s04,2025-08-20 12:35:08,3.31,3.75
req009310,u4640,s04,2025-08-20 12:35:09,2.04,3.61
req009311,u8032,s03,2025-08-20 12:35:10,0.6,1.05
req009312,u4278,s01,2025-08-20 12:35:11,4.53,0.0
req009313,u3378,s02,2025-08-20 12:35:12,2.43,4.41
req009314,u3410,s04,2025-08-20 12:35:13,3.21,0.0
req009315,u9498,s02,2025-08-20 12:35:14,1.38,3.1
req009316,u1483,s02,2025-08-20 12:35:15,1.14,2.64
req009317,u3741,s04,2025-08-20 12:35:16,0.89,2.11
req009318,u8338,s04,2025-08-20 12:35:17,4.09,4.65
req009319,u9366,s04,2025-08-20 12:35:18,3.41,0.0
req009320,u1074,s02,2025-08-20 12:35:19,3.3,3.63
req009321,u2197,s01,2025-08-20 12:35:20,4.64,5.61
req009322,u4481,s03,2025-08-20 12:35:21,1.21,2.08
req009323,u5871,s02,2025-08-20 12:35:22,1.27,0.0
req009324,u8958,s04,2025-08-20 12:35:23,1.35,2.73
req009325,u3472,s03,2025-08-20 12:35:24,2.41,0.0
req009326,u1693,s04,2025-08-20 12:35:25,4.43,4.85
req009327,u8110,s03,2025-08-20 12:35:26,4.47,5.64
req009328,u9028,s03,2025-08-20 12:35:27,3.16,4.58
req009329,u5005,s04,2025-08-20 12:35:28,3.46,4.13
req009330,u9818,s03,2025-08-20 12:35:29,4.54,6.12
req009331,u7913,s04,2025-08-20 12:35:30,3.31,0.0
req009332,u7345,s02,2025-08-20 12:35:31,1.53,2.45
req009333,u8910,s02,2025-08-20 12:35:32,3.67,4.08
req009334,u6650,s03,2025-08-20 12:35:33,3.96,4.43
req009335,u2106,s04,2025-08-20 12:35:34,3.36,3.99
req009336,u8063,s03,2025-08-20 12:35:35,1.73,0.0
req009337,u7133,s03,2025-08-20 12:35:36,2.3,0.0
req009338,u4437,s02,2025-08-20 12:35:37,2.62,0.0
req009339,u8268,s02,2025-08-20 12:35:38,1.15,1.55
req009340,u7355,s04,2025-08-20 12:35:39,2.54,3.71
req009341,u8493,s02,2025-08-20 12:35:40,1.23,3.13
req009342,u1412,s02,2025-08-20 12:35:41,2.75,4.55
req009343,u4970,s03,2025-08-20 12:35:42,0.73,1.45
req009344,u3835,s01,2025-08-20 12:35:43,4.77,6.51
req009345,u8880,s03,2025-08-20 12:35:44,1.61,3.52
req009346,u5942,s02,2025-08-20 12:35:45,2.6,3.26
req009347,u2406,s02,2025-08-20 12:35:46,0.65,2.47
req009348,u5864,s01,2025-08-20 12:35:47,1.37,3.37
req009349,u4796,s01,2025-08-20 12:35:48,3.62,0.0
req009350,u9921,s04,2025-08-20 12:35:49,1.0,0.0
req009351,u4880,s04,2025-08-20 12:35:50,3.33,4.95
req009352,u8248,s02,2025-08-20 12:35:51,0.51,0.0
req009353,u6230,s01,2025-08-20 12:35:52,2.59,0.0
req009354,u1014,s01,2025-08-20 12:35:53,3.75,4.59
req009355,u6616,s02,2025-08-20 12:35:54,4.67,0.0
req009356,u4596,s04,2025-08-20 12:35:55,2.72,3.98
req009357,u1227,s03,2025-08-20 12:35:56,4.28,0.0
req009358,u4145,s04,2025-08-20 12:35:57,4.11,4.9
req009359,u4483,s03,2025-08-20 12:35:58,1.83,3.82
req009360,u7157,s04,2025-08-20 12:35:59,4.44,4.67
req009361,u1605,s02,2025-08-20 12:36:00,3.38,5.18
req009362,u2685,s01,2025-08-20 12:36:01,0.97,1.21
req009363,u5800,s04,2025-08-20 12:36:02,4.73,0.0
req009364,u8035,s04,2025-08-20 12:36:03,1.3,0.0
req009365,u9024,s04,2025-08-20 12:36:04,2.62,2.8
req009366,u2832,s02,2025-08-20 12:36:05,2.6,4.49
req009367,u6741,s02,2025-08-20 12:36:06,3.31,5.06
req009368,u2240,s03,2025-08-20 12:36:07,3.49,4.28
req009369,u2357,s02,2025-08-20 12:36:08,1.55,0.0
req009370,u9844,s01,2025-08-20 12:36:09,2.09,4.01
req009371,u9457,s02,2025-08-20 12:36:10,1.15,2.89
req009372,u4014,s04,2025-08-20 12:36:11,1.07,0.0
req009373,u8996,s03,2025-08-20 12:36:12,4.21,0.0
req009374,u1859,s03,2025-08-20 12:36:13,3.88,0.0
req009375,u4945,s01,2025-08-20 12:36:14,2.49,4.3
req009376,u3608,s01,2025-08-20 12:36:15,0.93,2.16
req009377,u3780,s01,2025-08-20 12:36:16,2.52,4.44
req009378,u5860,s01,2025-08-20 12:36:17,1.83,0.0
req009379,u9285,s02,2025-08-20 12:36:18,4.0,5.64
req009380,u2054,s01,2025-08-20 12:36:19,0.93,2.82
req009381,u4877,s01,2025-08-20 12:36:20,2.53,3.16
req009382,u7170,s02,2025-08-20 12:36:21,3.16,4.27
req009383,u1638,s01,2025-08-20 12:36:22,4.94,6.69
req009384,u6008,s02,2025-08-20 12:36:23,0.9,0.0
req009385,u4199,s03,2025-08-20 12:36:24,1.01,2.21
req009386,u8358,s03,2025-08-20 12:36:25,4.95,0.0
req009387,u5386,s04,2025-08-20 12:36:26,2.33,3.95
req009388,u6641,s02,2025-08-20 12:36:27,3.85,0.0
req009389,u7048,s02,2025-08-20 12:36:28,4.03,5.98
req009390,u8357,s01,2025-08-20 12:36:29,1.92,3.55
req009391,u7472,s02,2025-08-20 12:36:30,1.46,0.0
req009392,u8148,s04,2025-08-20 12:36:31,1.74,2.44
req009393,u5051,s02,2025-08-20 12:36:32,3.94,4.27
req009394,u5969,s03,2025-08-20 12:36:33,4.28,4.9
req009395,u1291,s02,2025-08-20 12:36:34,3.65,5.01
req009396,u9783,s04,2025-08-20 12:36:35,2.49,2.61
req009397,u2394,s03,2025-08-20 12:36:36,1.68,0.0
req009398,u3134,s01,2025-08-20 12:36:37,2.41,2.87
req009399,u9139,s02,2025-08-20 12:36:38,4.62,5.34
req009400,u6432,s02,2025-08-20 12:36:39,4.38,6.14
req009401,u9305,s02,2025-08-20 12:36:40,1.96,2.16
req009402,u5490,s01,2025-08-20 12:36:41,1.98,2.17
req009403,u9535,s02,2025-08-20 12:36:42,4.01,0.0
req009404,u3573,s02,2025-08-20 12:36:43,2.42,0.0
req009405,u9006,s02,2025-08-20 12:36:44,3.08,4.23
req009406,u8220,s01,2025-08-20 12:36:45,2.4,2.84
req009407,u7043,s04,2025-08-20 12:36:46,1.59,0.0
req009408,u5969,s03,2025-08-20 12:36:47,1.35,1.91
req009409,u8401,s01,2025-08-20 12:36:48,1.13,0.0
req009410,u4047,s01,2025-08-20 12:36:49,0.55,1.0
req009411,u3799,s03,2025-08-20 12:36:50,1.76,0.0
req009412,u8606,s01,2025-08-20 12:36:51,1.27,2.48
req009413,u1854,s03,2025-08-20 12:36:52,1.66,0.0
req009414,u2361,s04,2025-08-20 12:36:53,0.84,0.0
req009415,u3471,s02,2025-08-20 12:36:54,2.04,2.25
req009416,u5176,s02,2025-08-20 12:36:55,2.84,4.73
req009417,u7150,s03,2025-08-20 12:36:56,4.75,5.08
req009418,u8590,s01,2025-08-20 12:36:57,2.06,3.97
req009419,u6816,s02,2025-08-20 12:36:58,0.64,2.22
req009420,u6155,s01,2025-08-20 12:36:59,2.13,3.8
req009421,u8931,s02,2025-08-20 12:37:00,4.18,4.61
req009422,u7273,s03,2025-08-20 12:37:01,2.03,3.4
req009423,u4367,s02,2025-08-20 12:37:02,1.81,3.46
req009424,u5031,s01,2025-08-20 12:37:03,4.64,0.0
req009425,u8774,s01,2025-08-20 12:37:04,1.84,0.0
req009426,u2964,s02,2025-08-20 12:37:05,4.87,0.0
req009427,u2169,s02,2025-08-20 12:37:06,4.25,0.0
req009428,u4290,s01,2025-08-20 12:37:07,3.58,0.0
req009429,u6229,s02,2025-08-20 12:37:08,3.19,4.35
req009430,u2937,s03,2025-08-20 12:37:09,1.51,2.66
req009431,u8598,s02,2025-08-20 12:37:10,3.79,4.19
req009432,u1502,s02,2025-08-20 12:37:11,2.06,2.95
req009433,u8467,s03,2025-08-20 12:37:12,2.69,3.08
req009434,u2815,s01,2025-08-20 12:37:13,0.97,2.92
req009435,u7820,s02,2025-08-20 12:37:14,1.83,3.23
req009436,u6133,s03,2025-08-20 12:37:15,2.88,3.07
req009437,u1866,s02,2025-08-20 12:37:16,2.61,3.62
req009438,u9655,s02,2025-08-20 12:37:17,2.05,3.36
req009439,u2799,s03,2025-08-20 12:37:18,2.62,2.9
req009440,u8663,s04,2025-08-20 12:37:19,3.85,5.21
req009441,u1811,s03,2025-08-20 12:37:20,2.57,3.01
req009442,u4339,s01,2025-08-20 12:37:21,2.78,3.65
req009443,u8199,s03,2025-08-20 12:37:22,3.66,4.95
req009444,u7478,s03,2025-08-20 12:37:23,4.29,5.08
req009445,u2118,s04,2025-08-20 12:37:24,2.87,3.69
req009446,u4554,s03,2025-08-20 12:37:25,4.77,6.47
req009447,u6360,s03,2025-08-20 12:37:26,2.09,2.78
req009448,u3671,s03,2025-08-20 12:37:27,1.64,2.98
req009449,u5716,s04,2025-08-20 12:37:28,3.62,5.33
req009450,u3501,s01,2025-08-20 12:37:29,1.29,0.0
req009451,u2685,s02,2025-08-20 12:37:30,4.55,4.94
req009452,u8012,s02,2025-08-20 12:37:31,2.24,2.43
req009453,u5508,s04,2025-08-20 12:37:32,3.64,5.31
req009454,u6398,s03,2025-08-20 12:37:33,3.07,0.0
req009455,u4937,s03,2025-08-20 12:37:34,0.74,0.0
req009456,u9910,s03,2025-08-20 12:37:35,3.69,4.84
req009457,u5241,s02,2025-08-20 12:37:36,4.06,5.73
req009458,u6155,s01,2025-08-20 12:37:37,4.92,5.42
req009459,u6624,s03,2025-08-20 12:37:38,2.37,0.0
req009460,u5873,s04,2025-08-20 12:37:39,2.76,4.44
req009461,u3658,s03,2025-08-20 12:37:40,4.44,4.72
req009462,u8609,s02,2025-08-20 12:37:41,1.71,3.49
req009463,u3187,s03,2025-08-20 12:37:42,1.35,0.0
req009464,u5560,s04,2025-08-20 12:37:43,1.1,2.76
req009465,u5458,s04,2025-08-20 12:37:44,4.9,6.08
req009466,u8174,s03,2025-08-20 12:37:45,1.72,2.98
req009467,u6665,s04,2025-08-20 12:37:46,3.91,4.67
req009468,u4322,s03,2025-08-20 12:37:47,2.52,3.0
req009469,u8335,s02,2025-08-20 12:37:48,1.58,2.55
req009470,u3177,s02,2025-08-20 12:37:49,4.61,5.96
req009471,u1552,s04,2025-08-20 12:37:50,2.59,4.59
req009472,u2471,s02,2025-08-20 12:37:51,3.05,0.0
req009473,u5626,s02,2025-08-20 12:37:52,1.5,3.15
req009474,u9486,s02,2025-08-20 12:37:53,1.96,2.89
req009475,u3427,s04,2025-08-20 12:37:54,3.86,5.37
req009476,u3751,s01,2025-08-20 12:37:55,2.04,2.35
req009477,u4258,s03,2025-08-20 12:37:56,2.78,3.67
req009478,u8916,s02,2025-08-20 12:37:57,1.01,0.0
req009479,u3949,s02,2025-08-20 12:37:58,4.33,0.0
req009480,u7015,s01,2025-08-20 12:37:59,3.82,4.73
req009481,u7244,s04,2025-08-20 12:38:00,3.92,0.0
req009482,u9744,s01,2025-08-20 12:38:01,1.3,0.0
req009483,u7724,s01,2025-08-20 12:38:02,2.73,4.73
req009484,u6270,s02,2025-08-20 12:38:03,0.62,1.46
req009485,u1136,s01,2025-08-20 12:38:04,1.92,0.0
req009486,u7217,s04,2025-08-20 12:38:05,2.07,2.33
req009487,u7839,s01,2025-08-20 12:38:06,4.61,4.84
req009488,u1418,s03,2025-08-20 12:38:07,4.97,6.4
req009489,u2977,s02,2025-08-20 12:38:08,3.28,3.93
req009490,u2403,s04,2025-08-20 12:38:09,2.83,4.58
req009491,u7586,s04,2025-08-20 12:38:10,2.48,3.5
req009492,u6658,s03,2025-08-20 12:38:11,0.58,1.31
req009493,u6517,s01,2025-08-20 12:38:12,4.1,5.64
req009494,u9619,s03,2025-08-20 12:38:13,3.52,4.41
req009495,u7533,s02,2025-08-20 12:38:14,3.42,4.92
req009496,u6797,s02,2025-08-20 12:38:15,4.14,5.6
req009497,u2550,s04,2025-08-20 12:38:16,4.68,6.15
req009498,u2336,s02,2025-08-20 12:38:17,2.25,3.98
req009499,u6673,s03,2025-08-20 12:38:18,2.42,4.13
req009500,u1477,s01,2025-08-20 12:38:19,4.89,0.0
req009501,u4896,s04,2025-08-20 12:38:20,3.49,0.0
req009502,u6307,s03,2025-08-20 12:38:21,4.33,5.69
req009503,u6966,s01,2025-08-20 12:38:22,1.5,0.0
req009504,u7061,s04,2025-08-20 12:38:23,1.93,3.85
req009505,u2686,s02,2025-08-20 12:38:24,2.26,0.0
req009506,u9910,s04,2025-08-20 12:38:25,1.93,2.07
req009507,u1915,s04,2025-08-20 12:38:26,4.48,6.35
req009508,u1839,s01,2025-08-20 12:38:27,2.8,3.18
req009509,u7815,s04,2025-08-20 12:38:28,4.79,5.29
req009510,u7551,s01,2025-08-20 12:38:29,1.95,3.6
req009511,u1487,s04,2025-08-20 12:38:30,0.67,0.0
req009512,u6824,s03,2025-08-20 12:38:31,1.12,1.98
req009513,u7936,s02,2025-08-20 12:38:32,1.48,2.39
req009514,u8922,s01,2025-08-20 12:38:33,3.38,3.98
req009515,u8865,s04,2025-08-20 12:38:34,1.31,0.0
req009516,u4043,s03,2025-08-20 12:38:35,2.22,0.0
req009517,u2719,s02,2025-08-20 12:38:36,4.08,4.61
req009518,u4076,s04,2025-08-20 12:38:37,1.06,1.36
req009519,u8148,s03,2025-08-20 12:38:38,0.86,1.33
req009520,u1290,s01,2025-08-20 12:38:39,2.93,0.0
req009521,u1657,s04,2025-08-20 12:38:40,3.64,4.82
req009522,u9807,s04,2025-08-20 12:38:41,4.6,6.04
req009523,u5479,s04,2025-08-20 12:38:42,3.48,4.98
req009524,u4503,s03,2025-08-20 12:38:43,4.76,5.56
req009525,u9846,s02,2025-08-20 12:38:44,1.6,3.45
req009526,u1563,s03,2025-08-20 12:38:45,2.04,2.76
req009527,u1399,s01,2025-08-20 12:38:46,4.28,4.59
req009528,u7964,s01,2025-08-20 12:38:47,4.15,6.05
req009529,u5024,s01,2025-08-20 12:38:48,3.49,0.0
req009530,u4833,s04,2025-08-20 12:38:49,2.78,3.91
req009531,u9094,s03,2025-08-20 12:38:50,0.58,2.53
req009532,u9677,s04,2025-08-20 12:38:51,1.76,2.61
req009533,u3260,s04,2025-08-20 12:38:52,1.21,0.0
req009534,u4994,s01,2025-08-20 12:38:53,0.73,2.27
req009535,u7912,s01,2025-08-20 12:38:54,3.99,0.0
req009536,u2868,s04,2025-08-20 12:38:55,1.09,1.4
req009537,u1219,s04,2025-08-20 12:38:56,2.11,0.0
req009538,u9183,s03,2025-08-20 12:38:57,4.9,6.62
req009539,u9639,s04,2025-08-20 12:38:58,2.34,0.0
req009540,u8420,s04,2025-08-20 12:38:59,1.14,1.56
req009541,u3767,s03,2025-08-20 12:39:00,3.6,0.0
req009542,u2062,s02,2025-08-20 12:39:01,4.14,0.0
req009543,u2630,s01,2025-08-20 12:39:02,1.76,1.99
req009544,u7281,s04,2025-08-20 12:39:03,4.14,4.43
req009545,u4242,s02,2025-08-20 12:39:04,1.72,2.88
req009546,u1108,s04,2025-08-20 12:39:05,3.62,4.27
req009547,u2804,s04,2025-08-20 12:39:06,1.06,0.0
req009548,u8078,s01,2025-08-20 12:39:07,2.43,0.0
req009549,u6414,s04,2025-08-20 12:39:08,2.84,4.77
req009550,u2496,s04,2025-08-20 12:39:09,3.76,5.48
req009551,u7864,s03,2025-08-20 12:39:10,3.43,0.0
req009552,u9905,s03,2025-08-20 12:39:11,4.34,5.97
req009553,u1687,s01,2025-08-20 12:39:12,1.33,2.97
req009554,u1511,s03,2025-08-20 12:39:13,3.48,5.27
req009555,u5420,s03,2025-08-20 12:39:14,1.07,2.81
req009556,u8888,s01,2025-08-20 12:39:15,2.65,4.51
req009557,u4016,s02,2025-08-20 12:39:16,2.86,0.0
req009558,u2667,s02,2025-08-20 12:39:17,0.62,2.5
req009559,u6351,s02,2025-08-20 12:39:18,0.82,1.49
req009560,u4261,s04,2025-08-20 12:39:19,4.28,0.0
req009561,u6414,s02,2025-08-20 12:39:20,1.79,0.0
req009562,u8729,s03,2025-08-20 12:39:21,2.06,2.58
req009563,u1522,s04,2025-08-20 12:39:22,3.38,4.7
req009564,u1334,s03,2025-08-20 12:39:23,1.49,1.82
req009565,u4403,s02,2025-08-20 12:39:24,1.37,1.87
req009566,u6412,s04,2025-08-20 12:39:25,2.4,0.0
req009567,u9332,s04,2025-08-20 12:39:26,0.77,2.34
req009568,u8372,s04,2025-08-20 12:39:27,4.63,5.96
req009569,u2317,s01,2025-08-20 12:39:28,4.73,6.07
req009570,u8943,s02,2025-08-20 12:39:29,2.52,4.43
req009571,u1960,s03,2025-08-20 12:39:30,1.44,2.81
req009572,u4050,s04,2025-08-20 12:39:31,2.62,0.0
req009573,u1162,s01,2025-08-20 12:39:32,0.95,0.0
req009574,u1861,s03,2025-08-20 12:39:33,2.29,3.21
req009575,u6756,s03,2025-08-20 12:39:34,0.83,1.46
req009576,u6367,s03,2025-08-20 12:39:35,3.68,0.0
req009577,u6977,s03,2025-08-20 12:39:36,1.74,2.48
req009578,u1232,s03,2025-08-20 12:39:37,2.84,3.47
req009579,u2779,s01,2025-08-20 12:39:38,0.56,0.0
req009580,u9905,s01,2025-08-20 12:39:39,2.86,3.03
req009581,u8391,s04,2025-08-20 12:39:40,0.51,1.11
req009582,u9667,s03,2025-08-20 12:39:41,4.66,6.35
req009583,u1193,s03,2025-08-20 12:39:42,2.76,0.0
req009584,u1933,s03,2025-08-20 12:39:43,0.95,0.0
req009585,u6322,s02,2025-08-20 12:39:44,2.03,3.51
req009586,u4067,s02,2025-08-20 12:39:45,0.71,0.0
req009587,u5317,s01,2025-08-20 12:39:46,2.89,4.17
req009588,u3367,s03,2025-08-20 12:39:47,1.05,2.86
req009589,u4684,s04,2025-08-20 12:39:48,2.63,3.23
req009590,u3147,s01,2025-08-20 12:39:49,1.87,3.07
req009591,u6820,s03,2025-08-20 12:39:50,3.93,4.09
req009592,u6671,s04,2025-08-20 12:39:51,2.67,4.46
req009593,u5338,s03,2025-08-20 12:39:52,4.32,5.27
req009594,u4309,s04,2025-08-20 12:39:53,4.74,5.18
req009595,u4224,s02,2025-08-20 12:39:54,4.86,5.41
req009596,u5221,s03,2025-08-20 12:39:55,1.67,0.0
req009597,u3803,s04,2025-08-20 12:39:56,3.95,0.0
req009598,u4451,s04,2025-08-20 12:39:57,2.47,4.18
req009599,u3852,s02,2025-08-20 12:39:58,2.42,2.73
req009600,u2372,s02,2025-08-20 12:39:59,4.41,6.27
req009601,u3835,s01,2025-08-20 12:40:00,1.16,1.97
req009602,u5953,s03,2025-08-20 12:40:01,2.65,0.0
req009603,u4262,s03,2025-08-20 12:40:02,3.17,0.0
req009604,u1119,s03,2025-08-20 12:40:03,0.8,1.38
req009605,u3310,s03,2025-08-20 12:40:04,4.39,0.0
req009606,u6423,s02,2025-08-20 12:40:05,1.91,2.64
req009607,u9443,s04,2025-08-20 12:40:06,3.46,4.34
req009608,u4323,s03,2025-08-20 12:40:07,4.68,5.82
req009609,u5032,s03,2025-08-20 12:40:08,3.74,4.95
req009610,u1271,s02,2025-08-20 12:40:09,4.49,5.44
req009611,u4572,s04,2025-08-20 12:40:10,0.81,1.76
req009612,u7551,s03,2025-08-20 12:40:11,2.72,3.36
req009613,u2196,s04,2025-08-20 12:40:12,3.04,3.87
req009614,u4913,s01,2025-08-20 12:40:13,3.6,0.0
req009615,u3213,s04,2025-08-20 12:40:14,1.03,0.0
req009616,u3288,s04,2025-08-20 12:40:15,3.46,0.0
req009617,u9049,s02,2025-08-20 12:40:16,1.16,2.15
req009618,u7923,s03,2025-08-20 12:40:17,0.8,2.04
req009619,u1240,s01,2025-08-20 12:40:18,2.61,2.96
req009620,u5182,s04,2025-08-20 12:40:19,3.2,4.75
req009621,u8922,s04,2025-08-20 12:40:20,4.81,0.0
req009622,u5319,s01,2025-08-20 12:40:21,3.64,5.03
req009623,u5884,s03,2025-08-20 12:40:22,3.16,3.83
req009624,u9134,s04,2025-08-20 12:40:23,1.47,2.44
req009625,u4767,s04,2025-08-20 12:40:24,1.18,3.08
req009626,u1195,s02,2025-08-20 12:40:25,3.23,0.0
req009627,u9413,s03,2025-08-20 12:40:26,1.5,1.64
req009628,u2669,s01,2025-08-20 12:40:27,3.68,0.0
req009629,u2982,s04,2025-08-20 12:40:28,1.02,2.66
req009630,u1502,s02,2025-08-20 12:40:29,2.03,3.1
req009631,u8289,s02,2025-08-20 12:40:30,3.98,0.0
req009632,u1218,s03,2025-08-20 12:40:31,4.24,5.52
req009633,u8995,s01,2025-08-20 12:40:32,2.05,3.45
req009634,u7868,s04,2025-08-20 12:40:33,1.43,2.4
req009635,u7239,s02,2025-08-20 12:40:34,4.81,0.0
req009636,u8872,s04,2025-08-20 12:40:35,3.92,0.0
req009637,u9645,s03,2025-08-20 12:40:36,4.13,0.0
req009638,u5996,s04,2025-08-20 12:40:37,1.5,1.96
req009639,u6563,s04,2025-08-20 12:40:38,2.41,4.24
req009640,u4376,s01,2025-08-20 12:40:39,0.81,2.32
req009641,u4245,s02,2025-08-20 12:40:40,0.99,0.0
req009642,u5755,s04,2025-08-20 12:40:41,1.49,2.65
req009643,u4132,s04,2025-08-20 12:40:42,1.86,0.0
req009644,u4971,s04,2025-08-20 12:40:43,4.99,5.94
req009645,u6744,s04,2025-08-20 12:40:44,2.4,3.45
req009646,u8536,s01,2025-08-20 12:40:45,3.64,5.3
req009647,u9394,s04,2025-08-20 12:40:46,4.57,0.0
req009648,u5868,s04,2025-08-20 12:40:47,1.61,0.0
req009649,u4589,s02,2025-08-20 12:40:48,1.15,0.0
req009650,u8464,s01,2025-08-20 12:40:49,1.59,1.71
req009651,u1645,s01,2025-08-20 12:40:50,4.47,6.21
req009652,u2143,s02,2025-08-20 12:40:51,3.5,3.69
req009653,u2205,s02,2025-08-20 12:40:52,2.53,0.0
req009654,u9313,s01,2025-08-20 12:40:53,4.19,5.46
req009655,u1751,s02,2025-08-20 12:40:54,1.57,2.3
req009656,u4263,s01,2025-08-20 12:40:55,1.58,2.97
req009657,u4240,s02,2025-08-20 12:40:56,3.05,3.31
req009658,u7532,s01,2025-08-20 12:40:57,4.06,5.22
req009659,u2368,s01,2025-08-20 12:40:58,1.67,3.39
req009660,u4352,s01,2025-08-20 12:40:59,1.45,2.49
req009661,u7417,s03,2025-08-20 12:41:00,2.63,2.89
req009662,u4482,s03,2025-08-20 12:41:01,1.1,0.0
req009663,u8877,s01,2025-08-20 12:41:02,3.87,4.04
req009664,u6344,s01,2025-08-20 12:41:03,3.1,4.38
req009665,u1393,s04,2025-08-20 12:41:04,2.81,0.0
req009666,u7907,s02,2025-08-20 12:41:05,4.43,4.66
req009667,u1359,s03,2025-08-20 12:41:06,3.8,0.0
req009668,u6125,s03,2025-08-20 12:41:07,1.17,1.41
req009669,u1985,s03,2025-08-20 12:41:08,2.39,3.3
req009670,u4615,s01,2025-08-20 12:41:09,1.95,2.45
req009671,u4986,s01,2025-08-20 12:41:10,4.11,4.6
req009672,u7128,s01,2025-08-20 12:41:11,3.74,0.0
req009673,u2597,s02,2025-08-20 12:41:12,2.62,0.0
req009674,u2845,s04,2025-08-20 12:41:13,4.21,5.22
req009675,u7473,s02,2025-08-20 12:41:14,2.35,2.98
req009676,u4871,s02,2025-08-20 12:41:15,4.12,0.0
req009677,u8841,s03,2025-08-20 12:41:16,0.64,0.0
req009678,u5712,s04,2025-08-20 12:41:17,1.11,1.63
req009679,u6797,s02,2025-08-20 12:41:18,3.9,0.0
req009680,u8389,s03,2025-08-20 12:41:19,1.01,2.09
req009681,u4849,s02,2025-08-20 12:41:20,3.58,0.0
req009682,u7758,s03,2025-08-20 12:41:21,3.76,0.0
req009683,u3752,s02,2025-08-20 12:41:22,3.48,0.0
req009684,u6753,s01,2025-08-20 12:41:23,4.18,0.0
req009685,u4950,s03,2025-08-20 12:41:24,2.8,0.0
req009686,u1210,s04,2025-08-20 12:41:25,4.54,0.0
req009687,u5014,s04,2025-08-20 12:41:26,3.06,0.0
req009688,u5380,s01,2025-08-20 12:41:27,2.79,3.44
req009689,u3058,s03,2025-08-20 12:41:28,2.79,3.04
req009690,u8093,s01,2025-08-20 12:41:29,4.6,6.0
req009691,u1061,s02,2025-08-20 12:41:30,1.6,2.81
req009692,u3765,s02,2025-08-20 12:41:31,3.63,4.13
req009693,u8217,s01,2025-08-20 12:41:32,1.59,0.0
req009694,u4871,s01,2025-08-20 12:41:33,0.91,2.12
req009695,u4056,s04,2025-08-20 12:41:34,4.79,6.71
req009696,u3103,s04,2025-08-20 12:41:35,1.08,0.0
req009697,u7577,s02,2025-08-20 12:41:36,3.59,5.51
req009698,u3139,s03,2025-08-20 12:41:37,2.41,3.52
req009699,u8377,s04,2025-08-20 12:41:38,4.27,4.56
req009700,u3211,s02,2025-08-20 12:41:39,3.98,0.0
req009701,u9479,s03,2025-08-20 12:41:40,1.15,2.12
req009702,u8601,s03,2025-08-20 12:41:41,2.61,2.76
req009703,u1426,s03,2025-08-20 12:41:42,0.62,1.51
req009704,u3130,s04,2025-08-20 12:41:43,2.43,4.26
req009705,u4021,s03,2025-08-20 12:41:44,3.65,4.64
req009706,u5954,s02,2025-08-20 12:41:45,1.54,2.69
req009707,u1230,s02,2025-08-20 12:41:46,4.15,0.0
req009708,u1266,s04,2025-08-20 12:41:47,0.74,1.14
req009709,u9015,s01,2025-08-20 12:41:48,0.66,0.0
req009710,u6411,s01,2025-08-20 12:41:49,0.62,0.75
req009711,u2331,s04,2025-08-20 12:41:50,1.76,0.0
req009712,u2142,s03,2025-08-20 12:41:51,2.6,0.0
req009713,u1060,s04,2025-08-20 12:41:52,0.98,2.97
req009714,u4054,s01,2025-08-20 12:41:53,4.99,0.0
req009715,u4884,s01,2025-08-20 12:41:54,5.0,5.74
req009716,u5333,s01,2025-08-20 12:41:55,2.84,3.47
req009717,u1185,s01,2025-08-20 12:41:56,3.06,0.0
req009718,u7764,s01,2025-08-20 12:41:57,4.67,5.86
req009719,u6766,s03,2025-08-20 12:41:58,3.96,5.48
req009720,u7848,s04,2025-08-20 12:41:59,1.26,1.84
req009721,u8665,s03,2025-08-20 12:42:00,4.07,5.17
req009722,u6870,s01,2025-08-20 12:42:01,1.54,2.27
req009723,u7223,s03,2025-08-20 12:42:02,2.44,3.45
req009724,u5499,s01,2025-08-20 12:42:03,2.9,3.31
req009725,u6815,s03,2025-08-20 12:42:04,3.73,0.0
req009726,u9584,s03,2025-08-20 12:42:05,1.18,2.25
req009727,u2498,s02,2025-08-20 12:42:06,0.84,1.03
req009728,u8236,s03,2025-08-20 12:42:07,4.4,0.0
req009729,u2049,s01,2025-08-20 12:42:08,4.22,0.0
req009730,u4455,s02,2025-08-20 12:42:09,2.85,0.0
req009731,u1617,s01,2025-08-20 12:42:10,3.48,0.0
req009732,u4640,s02,2025-08-20 12:42:11,3.74,5.44
req009733,u3636,s04,2025-08-20 12:42:12,2.64,3.93
req009734,u3376,s02,2025-08-20 12:42:13,1.66,3.55
req009735,u5781,s03,2025-08-20 12:42:14,2.67,3.91
req009736,u5885,s01,2025-08-20 12:42:15,4.78,5.23
req009737,u3846,s01,2025-08-20 12:42:16,4.27,5.29
req009738,u3730,s03,2025-08-20 12:42:17,2.59,3.95
req009739,u2758,s01,2025-08-20 12:42:18,1.52,2.33
req009740,u4473,s04,2025-08-20 12:42:19,4.5,0.0
req009741,u9926,s03,2025-08-20 12:42:20,3.37,0.0
req009742,u5790,s01,2025-08-20 12:42:21,2.32,0.0
req009743,u4340,s04,2025-08-20 12:42:22,1.0,2.15
req009744,u4564,s03,2025-08-20 12:42:23,3.88,0.0
req009745,u3093,s04,2025-08-20 12:42:24,1.93,0.0
req009746,u2529,s02,2025-08-20 12:42:25,3.23,3.64
req009747,u4979,s01,2025-08-20 12:42:26,3.06,4.64
req009748,u4773,s02,2025-08-20 12:42:27,3.65,0.0
req009749,u1611,s02,2025-08-20 12:42:28,2.92,4.75
req009750,u2004,s03,2025-08-20 12:42:29,3.34,4.04
req009751,u1824,s01,2025-08-20 12:42:30,0.87,2.48
req009752,u5740,s03,2025-08-20 12:42:31,3.49,0.0
req009753,u3713,s03,2025-08-20 12:42:32,1.37,0.0
req009754,u6420,s02,2025-08-20 12:42:33,2.26,2.53
req009755,u7150,s04,2025-08-20 12:42:34,2.81,3.38
req009756,u1023,s03,2025-08-20 12:42:35,3.59,4.57
req009757,u4111,s02,2025-08-20 12:42:36,3.84,0.0
req009758,u1473,s04,2025-08-20 12:42:37,3.67,4.5
req009759,u3114,s04,2025-08-20 12:42:38,0.93,0.0
req009760,u4256,s04,2025-08-20 12:42:39,2.24,3.52
req009761,u1028,s04,2025-08-20 12:42:40,1.76,2.93
req009762,u6540,s01,2025-08-20 12:42:41,2.29,2.56
req009763,u9252,s01,2025-08-20 12:42:42,3.41,3.76
req009764,u9034,s02,2025-08-20 12:42:43,1.37,1.57
req009765,u3992,s02,2025-08-20 12:42:44,2.76,4.67
req009766,u1432,s02,2025-08-20 12:42:45,4.48,0.0
req009767,u3781,s04,2025-08-20 12:42:46,3.79,0.0
req009768,u1391,s02,2025-08-20 12:42:47,3.76,0.0
req009769,u8422,s04,2025-08-20 12:42:48,4.32,0.0
req009770,u6825,s01,2025-08-20 12:42:49,2.3,3.63
req009771,u3509,s04,2025-08-20 12:42:50,3.92,5.65
req009772,u1822,s01,2025-08-20 12:42:51,0.76,1.89
req009773,u1325,s04,2025-08-20 12:42:52,0.75,1.22
req009774,u3821,s03,2025-08-20 12:42:53,1.99,3.28
req009775,u6334,s04,2025-08-20 12:42:54,1.39,2.45
req009776,u6852,s02,2025-08-20 12:42:55,2.83,0.0
req009777,u7436,s01,2025-08-20 12:42:56,1.32,0.0
req009778,u4471,s03,2025-08-20 12:42:57,4.89,5.77
req009779,u2373,s02,2025-08-20 12:42:58,4.33,0.0
req009780,u9379,s01,2025-08-20 12:42:59,4.92,0.0
req009781,u8082,s04,2025-08-20 12:43:00,4.13,4.94
req009782,u1115,s04,2025-08-20 12:43:01,4.78,6.12
req009783,u8129,s03,2025-08-20 12:43:02,2.16,3.43
req009784,u3655,s01,2025-08-20 12:43:03,2.74,3.13
req009785,u4650,s04,2025-08-20 12:43:04,1.58,3.23
req009786,u2918,s02,2025-08-20 12:43:05,3.36,4.67
req009787,u5352,s02,2025-08-20 12:43:06,4.05,5.17
req009788,u4961,s04,2025-08-20 12:43:07,2.74,4.26
req009789,u9630,s04,2025-08-20 12:43:08,1.83,0.0
req009790,u8862,s04,2025-08-20 12:43:09,2.78,0.0
req009791,u5611,s03,2025-08-20 12:43:10,0.78,1.17
req009792,u5942,s02,2025-08-20 12:43:11,3.75,5.6
req009793,u4784,s01,2025-08-20 12:43:12,2.53,0.0
req009794,u9084,s01,2025-08-20 12:43:13,4.54,5.15
req009795,u5023,s02,2025-08-20 12:43:14,4.65,5.25
req009796,u1114,s03,2025-08-20 12:43:15,1.06,2.71
req009797,u6743,s01,2025-08-20 12:43:16,4.98,5.71
req009798,u4735,s04,2025-08-20 12:43:17,4.86,6.54
req009799,u6769,s01,2025-08-20 12:43:18,3.32,4.04
req009800,u7877,s03,2025-08-20 12:43:19,4.21,5.36
req009801,u3164,s02,2025-08-20 12:43:20,0.58,1.12
req009802,u8995,s04,2025-08-20 12:43:21,4.87,6.36
req009803,u7777,s04,2025-08-20 12:43:22,2.55,2.97
req009804,u4870,s03,2025-08-20 12:43:23,4.59,6.4
req009805,u1234,s04,2025-08-20 12:43:24,2.23,3.04
req009806,u1573,s01,2025-08-20 12:43:25,4.05,5.05
req009807,u9030,s03,2025-08-20 12:43:26,2.38,0.0
req009808,u7257,s01,2025-08-20 12:43:27,2.13,0.0
req009809,u4757,s01,2025-08-20 12:43:28,4.76,0.0
req009810,u4055,s03,2025-08-20 12:43:29,3.65,3.8
req009811,u6329,s02,2025-08-20 12:43:30,4.28,6.23
req009812,u3247,s03,2025-08-20 12:43:31,2.95,4.6
req009813,u8502,s04,2025-08-20 12:43:32,4.63,0.0
req009814,u5000,s03,2025-08-20 12:43:33,3.83,4.78
req009815,u8207,s02,2025-08-20 12:43:34,0.82,2.67
req009816,u7320,s02,2025-08-20 12:43:35,3.95,0.0
req009817,u8959,s01,2025-08-20 12:43:36,0.58,2.45
req009818,u5239,s04,2025-08-20 12:43:37,4.23,0.0
req009819,u9983,s03,2025-08-20 12:43:38,1.99,3.1
req009820,u2452,s02,2025-08-20 12:43:39,3.19,3.73
req009821,u4793,s01,2025-08-20 12:43:40,3.87,0.0
req009822,u2550,s04,2025-08-20 12:43:41,3.37,4.4
req009823,u5493,s02,2025-08-20 12:43:42,3.53,0.0
req009824,u3396,s03,2025-08-20 12:43:43,4.52,5.24
req009825,u1128,s04,2025-08-20 12:43:44,2.18,3.13
req009826,u4784,s01,2025-08-20 12:43:45,2.96,4.79
req009827,u9174,s01,2025-08-20 12:43:46,1.29,0.0
req009828,u6938,s04,2025-08-20 12:43:47,2.6,3.24
req009829,u7438,s03,2025-08-20 12:43:48,1.18,2.87
req009830,u6080,s04,2025-08-20 12:43:49,3.35,0.0
req009831,u2025,s01,2025-08-20 12:43:50,1.96,0.0
req009832,u6067,s04,2025-08-20 12:43:51,4.37,0.0
req009833,u5066,s04,2025-08-20 12:43:52,2.05,3.93
req009834,u2145,s02,2025-08-20 12:43:53,1.79,3.42
req009835,u5870,s01,2025-08-20 12:43:54,2.71,3.81
req009836,u1475,s02,2025-08-20 12:43:55,1.29,2.46
req009837,u2665,s03,2025-08-20 12:43:56,1.42,3.08
req009838,u4843,s01,2025-08-20 12:43:57,4.02,0.0
req009839,u9652,s03,2025-08-20 12:43:58,2.74,2.92
req009840,u8727,s04,2025-08-20 12:43:59,1.43,2.93
req009841,u6057,s02,2025-08-20 12:44:00,0.64,0.0
req009842,u3650,s04,2025-08-20 12:44:01,2.6,3.7
req009843,u7028,s02,2025-08-20 12:44:02,3.84,4.69
req009844,u4947,s03,2025-08-20 12:44:03,2.08,3.64
req009845,u4311,s02,2025-08-20 12:44:04,1.62,2.23
req009846,u8568,s04,2025-08-20 12:44:05,2.28,0.0
req009847,u2692,s03,2025-08-20 12:44:06,4.82,6.62
req009848,u9428,s01,2025-08-20 12:44:07,2.4,3.81
req009849,u5187,s04,2025-08-20 12:44:08,1.67,0.0
req009850,u4070,s01,2025-08-20 12:44:09,3.06,4.32
req009851,u9776,s04,2025-08-20 12:44:10,4.15,0.0
req009852,u5619,s01,2025-08-20 12:44:11,0.6,0.0
req009853,u1194,s03,2025-08-20 12:44:12,3.01,0.0
req009854,u9795,s01,2025-08-20 12:44:13,4.26,0.0
req009855,u9733,s02,2025-08-20 12:44:14,1.47,2.56
req009856,u9297,s03,2025-08-20 12:44:15,4.65,5.15
req009857,u7010,s01,2025-08-20 12:44:16,3.1,4.37
req009858,u7743,s03,2025-08-20 12:44:17,2.83,0.0
req009859,u4633,s04,2025-08-20 12:44:18,4.84,0.0
req009860,u9220,s02,2025-08-20 12:44:19,1.08,2.56
req009861,u1132,s01,2025-08-20 12:44:20,3.83,3.95
req009862,u3999,s01,2025-08-20 12:44:21,4.18,4.98
req009863,u9930,s04,2025-08-20 12:44:22,2.7,4.38
req009864,u6499,s03,2025-08-20 12:44:23,0.53,1.83
req009865,u3434,s04,2025-08-20 12:44:24,2.86,4.13
req009866,u2130,s03,2025-08-20 12:44:25,1.19,1.72
req009867,u3489,s02,2025-08-20 12:44:26,3.03,4.33
req009868,u1836,s03,2025-08-20 12:44:27,3.82,5.41
req009869,u1800,s02,2025-08-20 12:44:28,2.89,0.0
req009870,u5699,s03,2025-08-20 12:44:29,3.34,0.0
req009871,u2485,s02,2025-08-20 12:44:30,0.97,1.83
req009872,u7621,s01,2025-08-20 12:44:31,0.94,1.39
req009873,u5373,s01,2025-08-20 12:44:32,4.33,4.58
req009874,u6892,s03,2025-08-20 12:44:33,0.72,1.78
req009875,u2522,s03,2025-08-20 12:44:34,1.78,3.18
req009876,u7027,s01,2025-08-20 12:44:35,4.72,5.13
req009877,u6766,s04,2025-08-20 12:44:36,2.56,3.46
req009878,u7640,s03,2025-08-20 12:44:37,3.54,4.72
req009879,u5287,s03,2025-08-20 12:44:38,1.5,0.0
req009880,u9853,s02,2025-08-20 12:44:39,1.72,2.12
req009881,u8815,s02,2025-08-20 12:44:40,2.79,3.4
req009882,u1517,s03,2025-08-20 12:44:41,3.37,0.0
req009883,u4085,s03,2025-08-20 12:44:42,4.82,6.08
req009884,u3218,s04,2025-08-20 12:44:43,3.08,4.56
req009885,u2983,s02,2025-08-20 12:44:44,0.93,2.24
req009886,u9482,s03,2025-08-20 12:44:45,2.15,3.61
req009887,u8589,s01,2025-08-20 12:44:46,1.6,0.0
req009888,u1244,s01,2025-08-20 12:44:47,1.64,2.84
req009889,u4915,s02,2025-08-20 12:44:48,2.77,4.46
req009890,u7014,s03,2025-08-20 12:44:49,1.92,0.0
req009891,u1669,s04,2025-08-20 12:44:50,1.8,3.47
req009892,u9979,s03,2025-08-20 12:44:51,4.86,0.0
req009893,u9970,s04,2025-08-20 12:44:52,3.13,4.74
req009894,u9466,s03,2025-08-20 12:44:53,1.68,2.87
req009895,u5578,s01,2025-08-20 12:44:54,1.74,0.0
req009896,u3697,s03,2025-08-20 12:44:55,4.15,6.14
req009897,u4796,s02,2025-08-20 12:44:56,4.49,4.66
req009898,u6943,s02,2025-08-20 12:44:57,3.56,4.03
req009899,u5342,s02,2025-08-20 12:44:58,2.44,4.08
req009900,u1143,s03,2025-08-20 12:44:59,3.94,0.0
req009901,u3215,s04,2025-08-20 12:45:00,4.72,0.0
req009902,u2132,s03,2025-08-20 12:45:01,1.25,0.0
req009903,u7747,s02,2025-08-20 12:45:02,4.38,6.05
req009904,u9858,s02,2025-08-20 12:45:03,4.32,0.0
req009905,u1740,s02,2025-08-20 12:45:04,2.15,3.81
req009906,u7972,s04,2025-08-20 12:45:05,1.81,3.57
req009907,u2137,s02,2025-08-20 12:45:06,3.04,3.94
req009908,u4727,s02,2025-08-20 12:45:07,1.73,0.0
req009909,u6611,s03,2025-08-20 12:45:08,1.15,3.02
req009910,u7382,s03,2025-08-20 12:45:09,4.79,5.29
req009911,u4342,s03,2025-08-20 12:45:10,2.71,4.59
req009912,u7292,s01,2025-08-20 12:45:11,2.63,3.79
req009913,u3397,s01,2025-08-20 12:45:12,1.07,1.48
req009914,u3340,s03,2025-08-20 12:45:13,2.77,4.27
req009915,u5428,s01,2025-08-20 12:45:14,3.84,4.5
req009916,u5704,s04,2025-08-20 12:45:15,1.62,0.0
req009917,u8089,s03,2025-08-20 12:45:16,2.16,2.68
req009918,u4008,s01,2025-08-20 12:45:17,1.31,0.0
req009919,u8025,s01,2025-08-20 12:45:18,2.1,2.53
req009920,u6465,s01,2025-08-20 12:45:19,4.38,4.54
req009921,u6960,s04,2025-08-20 12:45:20,1.57,3.12
req009922,u7742,s04,2025-08-20 12:45:21,0.63,1.65
req009923,u2993,s03,2025-08-20 12:45:22,2.91,0.0
req009924,u6979,s04,2025-08-20 12:45:23,3.11,5.07
req009925,u9045,s01,2025-08-20 12:45:24,1.98,0.0
req009926,u8383,s01,2025-08-20 12:45:25,3.39,0.0
req009927,u3102,s02,2025-08-20 12:45:26,0.67,1.6
req009928,u4752,s01,2025-08-20 12:45:27,2.03,3.73
req009929,u6537,s01,2025-08-20 12:45:28,1.15,3.09
req009930,u6641,s01,2025-08-20 12:45:29,1.53,1.67
req009931,u2376,s01,2025-08-20 12:45:30,2.22,2.52
req009932,u8860,s04,2025-08-20 12:45:31,2.72,3.48
req009933,u3164,s02,2025-08-20 12:45:32,0.92,0.0
req009934,u8559,s02,2025-08-20 12:45:33,0.96,0.0
req009935,u5596,s01,2025-08-20 12:45:34,3.53,5.28
req009936,u5858,s03,2025-08-20 12:45:35,2.32,0.0
req009937,u8460,s03,2025-08-20 12:45:36,1.29,2.98
req009938,u4042,s04,2025-08-20 12:45:37,1.56,2.36
req009939,u8654,s03,2025-08-20 12:45:38,3.74,0.0
req009940,u1702,s01,2025-08-20 12:45:39,0.73,1.21
req009941,u6788,s01,2025-08-20 12:45:40,2.79,4.41
req009942,u5348,s02,2025-08-20 12:45:41,2.12,0.0
req009943,u5558,s04,2025-08-20 12:45:42,4.15,5.38
req009944,u7191,s01,2025-08-20 12:45:43,4.06,0.0
req009945,u2615,s04,2025-08-20 12:45:44,3.6,0.0
req009946,u8369,s01,2025-08-20 12:45:45,2.23,2.39
req009947,u4665,s03,2025-08-20 12:45:46,3.34,4.97
req009948,u6166,s02,2025-08-20 12:45:47,3.38,5.3
req009949,u4711,s02,2025-08-20 12:45:48,1.99,2.17
req009950,u7577,s01,2025-08-20 12:45:49,4.46,5.1
req009951,u1918,s01,2025-08-20 12:45:50,4.93,6.59
req009952,u7864,s03,2025-08-20 12:45:51,1.91,0.0
req009953,u9198,s04,2025-08-20 12:45:52,4.11,5.32
req009954,u5701,s01,2025-08-20 12:45:53,2.75,4.73
req009955,u5762,s02,2025-08-20 12:45:54,2.59,4.43
req009956,u9166,s01,2025-08-20 12:45:55,2.24,2.68
req009957,u1044,s04,2025-08-20 12:45:56,1.81,3.19
req009958,u7917,s03,2025-08-20 12:45:57,4.64,0.0
req009959,u9016,s02,2025-08-20 12:45:58,3.83,0.0
req009960,u6035,s03,2025-08-20 12:45:59,2.48,0.0
req009961,u1077,s03,2025-08-20 12:46:00,3.88,5.22
req009962,u2039,s04,2025-08-20 12:46:01,3.73,4.04
req009963,u3570,s01,2025-08-20 12:46:02,1.7,0.0
req009964,u7317,s04,2025-08-20 12:46:03,1.29,1.56
req009965,u1489,s02,2025-08-20 12:46:04,4.26,0.0
req009966,u3514,s03,2025-08-20 12:46:05,4.15,5.33
req009967,u9310,s03,2025-08-20 12:46:06,4.99,5.86
req009968,u8458,s03,2025-08-20 12:46:07,0.59,0.0
req009969,u1894,s04,2025-08-20 12:46:08,2.93,0.0
req009970,u1382,s02,2025-08-20 12:46:09,3.66,4.8
req009971,u8331,s03,2025-08-20 12:46:10,3.12,0.0
req009972,u2064,s01,2025-08-20 12:46:11,3.7,4.25
req009973,u2763,s02,2025-08-20 12:46:12,1.12,2.28
req009974,u1423,s01,2025-08-20 12:46:13,0.51,0.0
req009975,u8027,s02,2025-08-20 12:46:14,0.92,0.0
req009976,u5854,s01,2025-08-20 12:46:15,2.21,0.0
req009977,u9334,s04,2025-08-20 12:46:16,1.98,0.0
req009978,u1868,s03,2025-08-20 12:46:17,4.43,0.0
req009979,u3372,s03,2025-08-20 12:46:18,0.88,0.0
req009980,u4184,s01,2025-08-20 12:46:19,2.49,3.32
req009981,u3374,s01,2025-08-20 12:46:20,4.81,6.6
req009982,u6847,s04,2025-08-20 12:46:21,2.76,3.44
req009983,u9328,s01,2025-08-20 12:46:22,1.1,0.0
req009984,u7502,s01,2025-08-20 12:46:23,1.81,0.0
req009985,u9354,s03,2025-08-20 12:46:24,3.32,5.07
req009986,u1262,s02,2025-08-20 12:46:25,0.55,1.39
req009987,u2015,s01,2025-08-20 12:46:26,4.86,6.06
req009988,u9886,s03,2025-08-20 12:46:27,3.05,0.0
req009989,u9773,s03,2025-08-20 12:46:28,3.67,0.0
req009990,u2617,s04,2025-08-20 12:46:29,2.75,3.39
req009991,u5663,s01,2025-08-20 12:46:30,4.81,6.45
req009992,u9603,s04,2025-08-20 12:46:31,3.15,4.85
req009993,u5927,s02,2025-08-20 12:46:32,3.48,5.12
req009994,u9864,s03,2025-08-20 12:46:33,4.37,5.69
req009995,u6092,s03,2025-08-20 12:46:34,4.38,5.06
req009996,u7347,s01,2025-08-20 12:46:35,0.63,1.94
req009997,u6389,s03,2025-08-20 12:46:36,1.77,0.0
req009998,u5294,s01,2025-08-20 12:46:37,1.61,3.53
req009999,u2207,s02,2025-08-20 12:46:38,0.53,1.86
req010000,u2115,s04,2025-08-20 12:46:39,4.45,6.37
