user_id,age,gender,segment
u9286,33,F,music_lover, [1,0,0,0,0,0,0,0,0,0]
u8338,47,M,traveler [0,1,0,0,0,0,0,0,0,0]
u7162,34,F,traveler
u9961,42,F,online_shopper
u4874,31,F,sports_fan
u4107,41,F,music_lover
u7165,22,M,online_shopper
u5154,30,M,music_lover
u3882,35,F,sports_fan
u6829,24,F,online_shopper
u2658,45,F,sports_fan
u1539,34,F,music_lover
u3540,28,M,online_shopper
u2848,42,M,sports_fan
u2993,34,M,traveler
u5035,36,M,music_lover
u8131,23,F,online_shopper
u5712,37,M,traveler
u2919,35,F,sports_fan
u5446,38,F,traveler
u1312,27,M,music_lover
u3583,18,M,online_shopper
u1540,18,F,traveler
u3487,32,M,sports_fan
u9727,44,F,traveler
u1255,23,M,online_shopper
u1635,44,F,traveler
u7512,42,M,online_shopper
u7285,43,M,sports_fan
u8525,24,F,online_shopper
u7093,27,M,sports_fan
u1960,21,F,traveler
u9161,31,F,online_shopper
u6138,25,M,music_lover
u7816,18,M,sports_fan
u6896,47,F,traveler
u6090,46,M,traveler
u7996,38,F,sports_fan
u1915,19,F,music_lover
u5521,44,M,sports_fan
u7956,36,F,online_shopper
u2259,27,M,traveler
u8924,21,F,sports_fan
u2846,34,M,online_shopper
u4573,33,M,traveler
u7796,22,M,traveler
u1011,27,M,online_shopper
u7327,39,M,sports_fan
u1667,28,M,sports_fan
u4897,18,F,traveler
u4911,30,M,sports_fan
u7831,37,M,music_lover
u9855,19,M,sports_fan
u5411,18,F,sports_fan
u6613,31,F,traveler
u2171,38,M,traveler
u6743,29,F,online_shopper
u5339,28,F,traveler
u5157,18,M,sports_fan
u5244,31,M,music_lover
u4249,25,F,online_shopper
u2719,35,M,traveler
u6030,22,M,online_shopper
u6420,48,M,sports_fan
u9699,49,M,online_shopper
u3319,48,M,traveler
u6722,20,F,online_shopper
u6072,39,M,sports_fan
u2838,23,F,traveler
u4386,41,F,sports_fan
u3417,44,M,traveler
u4527,38,F,traveler
u4284,22,F,music_lover
u6454,38,M,music_lover
u9370,42,M,traveler
u7347,19,M,sports_fan
u5488,20,F,online_shopper
u1748,48,M,traveler
u3924,21,F,music_lover
u6639,46,F,music_lover
u6291,40,F,sports_fan
u7722,43,F,traveler
u8916,45,M,online_shopper
u5346,18,M,music_lover
u6246,33,M,sports_fan
u1532,36,M,traveler
u1171,43,M,sports_fan
u4347,40,M,traveler
u2884,25,F,online_shopper
u3099,19,F,sports_fan
u5500,44,M,sports_fan
u6443,20,M,sports_fan
u4896,31,M,traveler
u9871,24,F,music_lover
u4603,30,F,traveler
u4314,24,F,online_shopper
u1646,33,M,traveler
u1266,20,M,sports_fan
u7115,43,F,sports_fan
u6278,22,M,online_shopper
u2122,40,M,music_lover
u2694,20,F,online_shopper
u2926,41,M,music_lover
u9622,45,F,sports_fan
u5642,32,F,online_shopper
u8447,37,F,music_lover
u4739,28,M,online_shopper
u4956,47,F,sports_fan
u4079,40,M,traveler
u1878,35,M,traveler
u2482,22,M,music_lover
u2212,39,M,sports_fan
u1581,30,M,online_shopper
u4905,46,F,sports_fan
u8456,18,M,online_shopper
u8808,49,F,online_shopper
u4074,44,M,traveler
u1929,31,M,sports_fan
u8969,26,F,music_lover
u4125,47,M,online_shopper
u5184,26,F,online_shopper
u5287,21,M,music_lover
u6128,38,F,music_lover
u6477,42,F,music_lover
u3027,48,M,sports_fan
u2776,43,F,music_lover
u1896,44,M,online_shopper
u9619,49,F,traveler
u2088,19,F,traveler
u2730,33,M,traveler
u2232,22,F,traveler
u2468,37,M,online_shopper
u7888,35,M,sports_fan
u1044,19,M,sports_fan
u2800,31,M,online_shopper
u5045,32,F,traveler
u5815,42,F,online_shopper
u9598,27,F,traveler
u3686,45,F,traveler
u9433,33,M,online_shopper
u5962,25,F,sports_fan
u8943,43,F,online_shopper
u1191,43,F,online_shopper
u9496,41,M,traveler
u2296,41,F,sports_fan
u1716,38,F,online_shopper
u6493,31,F,online_shopper
u8989,37,M,music_lover
u7318,27,F,online_shopper
u5239,30,F,music_lover
u4395,36,F,traveler
u2509,19,M,sports_fan
u1120,43,M,sports_fan
u5349,22,M,music_lover
u7091,31,M,online_shopper
u3787,41,M,traveler
u7567,38,M,music_lover
u1409,40,M,sports_fan
u2395,38,F,traveler
u2052,49,M,traveler
u1338,43,F,online_shopper
u5049,42,M,traveler
u6069,41,M,online_shopper
u2492,25,F,sports_fan
u8791,49,M,music_lover
u4831,18,M,music_lover
u2161,22,M,sports_fan
u5517,42,M,online_shopper
u2499,28,F,traveler
u4941,25,M,traveler
u3103,34,M,sports_fan
u3494,42,F,online_shopper
u1856,27,F,music_lover
u9156,31,M,music_lover
u9232,18,M,music_lover
u5283,22,M,music_lover
u6283,32,F,sports_fan
u8065,27,F,music_lover
u1454,32,F,sports_fan
u9479,18,F,sports_fan
u6338,48,M,traveler
u9427,41,F,sports_fan
u7921,28,F,traveler
u9356,35,M,online_shopper
u6064,23,M,music_lover
u5847,19,M,online_shopper
u7973,19,F,online_shopper
u5946,34,M,traveler
u8901,39,M,traveler
u7674,22,F,traveler
u1159,37,F,sports_fan
u3490,31,F,music_lover
u1879,29,M,traveler
u8140,21,M,traveler
u5313,26,F,sports_fan
u2680,44,M,music_lover
u8205,35,M,online_shopper
u4130,27,F,traveler
u7601,24,M,online_shopper
u5615,47,M,sports_fan
u5762,22,F,music_lover
u2752,32,M,traveler
u3396,47,F,sports_fan
u3040,43,M,sports_fan
u8075,30,M,online_shopper
u6573,31,M,sports_fan
u4553,42,M,sports_fan
u5736,21,M,music_lover
u6612,23,M,music_lover
u1206,32,F,music_lover
u5598,30,M,sports_fan
u5534,30,M,traveler
u6487,35,F,music_lover
u3568,34,F,traveler
u2815,45,M,sports_fan
u6192,18,F,music_lover
u8592,21,F,traveler
u9851,28,F,music_lover
u5294,42,F,music_lover
u2491,36,F,traveler
u9867,45,F,traveler
u6453,30,M,traveler
u3643,49,F,sports_fan
u8639,33,M,online_shopper
u8999,36,M,online_shopper
u8464,48,F,sports_fan
u1651,32,M,traveler
u8349,45,M,traveler
u2071,29,F,sports_fan
u3314,40,F,online_shopper
u1529,25,F,sports_fan
u8664,44,F,traveler
u5724,39,M,traveler
u8185,18,F,music_lover
u4359,39,F,online_shopper
u1916,25,M,traveler
u9383,22,M,sports_fan
u1448,41,F,sports_fan
u7229,45,M,online_shopper
u8643,18,F,sports_fan
u9677,29,F,online_shopper
u4224,21,M,sports_fan
u7939,49,F,sports_fan
u4168,32,F,traveler
u6060,45,F,online_shopper
u7590,26,F,traveler
u6123,27,F,online_shopper
u7837,38,M,traveler
u8688,30,M,traveler
u7780,27,F,music_lover
u1668,45,F,traveler
u7898,27,M,traveler
u4432,31,F,sports_fan
u4229,36,M,sports_fan
u2299,36,F,online_shopper
u4290,42,F,music_lover
u3831,18,M,online_shopper
u1430,44,F,sports_fan
u9944,39,F,online_shopper
u2358,39,F,sports_fan
u6644,43,M,sports_fan
u5506,49,F,online_shopper
u7833,48,M,sports_fan
u7427,41,M,sports_fan
u8854,47,F,music_lover
u1226,25,F,music_lover
u5080,34,M,sports_fan
u1351,40,F,sports_fan
u3799,27,F,traveler
u5564,18,F,traveler
u9535,25,M,sports_fan
u8911,22,F,music_lover
u4844,19,M,sports_fan
u5757,36,M,music_lover
u2859,44,M,music_lover
u7204,47,M,traveler
u8401,48,F,sports_fan
u5168,42,M,music_lover
u7304,19,F,sports_fan
u7130,37,M,online_shopper
u5191,40,M,online_shopper
u9312,41,M,traveler
u6197,28,F,online_shopper
u6837,20,F,online_shopper
u2286,43,M,sports_fan
u9745,43,M,traveler
u7541,26,M,traveler
u6514,25,M,online_shopper
u6921,49,M,sports_fan
u6226,23,F,sports_fan
u1109,31,F,traveler
u5420,45,M,sports_fan
u7062,25,F,sports_fan
u8609,32,F,traveler
u2606,44,M,sports_fan
u4035,43,F,music_lover
u2177,41,F,traveler
u3480,20,F,online_shopper
u5935,40,F,music_lover
u9124,25,M,music_lover
u9040,45,M,traveler
u4920,39,F,online_shopper
u4333,33,F,traveler
u8012,23,M,sports_fan
u2939,24,M,traveler
u8595,46,F,sports_fan
u6436,30,F,online_shopper
u6712,37,M,traveler
u8735,43,M,online_shopper
u1663,46,M,online_shopper
u9245,48,F,music_lover
u2455,48,M,traveler
u3482,43,M,traveler
u1164,26,F,music_lover
u8369,36,M,online_shopper
u7572,24,F,traveler
u6068,33,F,online_shopper
u4776,42,M,online_shopper
u3083,41,M,traveler
u5640,24,F,online_shopper
u1885,32,M,music_lover
u6047,46,F,online_shopper
u2164,22,F,online_shopper
u5995,19,M,traveler
u6844,46,M,online_shopper
u3090,19,F,online_shopper
u2644,37,F,traveler
u6361,22,F,sports_fan
u5699,29,M,sports_fan
u8021,21,F,online_shopper
u7857,47,M,music_lover
u2623,44,M,traveler
u4989,47,F,traveler
u6110,35,M,sports_fan
u8029,37,M,music_lover
u7936,28,M,sports_fan
u8874,46,F,sports_fan
u7322,38,M,online_shopper
u9870,37,M,traveler
u6221,23,M,online_shopper
u1030,30,M,online_shopper
u4361,43,F,music_lover
u5357,40,M,traveler
u7068,22,M,music_lover
u4913,42,F,music_lover
u8283,46,M,online_shopper
u2018,21,F,sports_fan
u8274,44,M,traveler
u1090,27,M,sports_fan
u6565,19,M,traveler
u1866,44,M,sports_fan
u9795,43,F,online_shopper
u6179,25,M,traveler
u3038,47,F,sports_fan
u9826,37,M,sports_fan
u4387,37,M,traveler
u9860,20,M,music_lover
u7701,45,M,music_lover
u4824,26,F,traveler
u3296,37,M,online_shopper
u2336,19,F,traveler
u8798,44,F,traveler
u7913,47,M,sports_fan
u2954,34,M,online_shopper
u4471,45,F,music_lover
u1451,18,M,sports_fan
u4437,41,F,sports_fan
u9532,46,M,music_lover
u3773,46,M,sports_fan
u7124,34,M,online_shopper
u7649,22,F,sports_fan
u4056,30,M,music_lover
u3660,46,M,music_lover
u7944,25,M,online_shopper
u6674,47,F,online_shopper
u3548,24,M,traveler
u4782,40,F,traveler
u4808,31,M,music_lover
u9819,25,F,online_shopper
u2831,49,M,music_lover
u2670,28,M,online_shopper
u2333,20,M,music_lover
u8931,22,F,online_shopper
u6009,35,F,online_shopper
u3786,22,M,traveler
u3305,30,M,traveler
u9541,22,F,traveler
u8899,19,M,online_shopper
u1955,43,M,online_shopper
u5379,47,F,traveler
u3362,30,F,traveler
u2751,45,M,sports_fan
u5421,23,F,music_lover
u1656,34,M,traveler
u6293,25,M,music_lover
u7646,44,M,sports_fan
u4344,34,F,online_shopper
u3501,36,M,online_shopper
u3851,32,M,music_lover
u7988,47,F,music_lover
u1705,18,F,music_lover
u3601,47,F,sports_fan
u6178,49,F,music_lover
u4491,35,F,traveler
u3110,24,F,traveler
u6152,24,F,sports_fan
u1932,46,F,sports_fan
u3320,33,M,music_lover
u8482,28,M,music_lover
u7775,22,F,music_lover
u1012,38,M,online_shopper
u1830,31,M,online_shopper
u6434,40,M,traveler
u3180,43,M,online_shopper
u4264,44,F,music_lover
u2591,48,F,sports_fan
u6594,45,F,sports_fan
u4908,27,F,traveler
u7394,22,M,online_shopper
u2555,47,F,sports_fan
u9463,41,M,online_shopper
u2050,36,F,sports_fan
u2101,35,F,music_lover
u1757,43,M,music_lover
u4949,21,M,sports_fan
u1602,48,M,online_shopper
u9108,40,F,music_lover
u3956,26,F,sports_fan
u9315,36,M,online_shopper
u1117,28,F,sports_fan
u3885,20,M,online_shopper
u8459,28,M,sports_fan
u3096,24,F,sports_fan
u3646,34,F,music_lover
u1709,40,M,traveler
u2909,35,F,online_shopper
u9818,43,F,music_lover
u3486,32,M,music_lover
u3527,47,M,traveler
u8450,34,M,music_lover
u9519,43,F,sports_fan
u3429,42,F,traveler
u5629,34,M,sports_fan
u9056,41,F,music_lover
u8275,27,F,online_shopper
u8244,47,F,sports_fan
u9800,32,M,music_lover
u9735,40,M,traveler
u6027,33,F,sports_fan
u1423,32,M,music_lover
u5484,43,F,sports_fan
u4530,26,M,music_lover
u3642,45,F,traveler
u9920,38,M,online_shopper
u6897,36,F,online_shopper
u6909,18,M,online_shopper
u4094,49,F,traveler
u7551,19,F,online_shopper
u2163,23,M,traveler
u9225,41,F,online_shopper
u7519,26,M,music_lover
u6791,41,F,traveler
u4633,35,F,sports_fan
u7855,18,F,traveler
u6232,48,M,music_lover
u9647,27,F,online_shopper
u5195,21,F,music_lover
u1176,31,M,music_lover
u6870,48,F,music_lover
u3042,38,M,music_lover
u8662,49,M,online_shopper
u7045,43,F,music_lover
u6859,23,F,music_lover
u6099,37,F,traveler
u8645,22,F,music_lover
u6039,32,M,online_shopper
u4449,41,F,traveler
u6797,27,F,traveler
u6906,20,M,music_lover
u4737,34,M,sports_fan
u9142,49,M,online_shopper
u3491,26,F,online_shopper
u5192,48,F,traveler
u8786,26,F,music_lover
u5614,32,F,online_shopper
u2121,35,M,sports_fan
u7753,20,F,sports_fan
u6543,25,M,sports_fan
u2124,20,F,traveler
u5953,36,F,traveler
u6120,39,F,online_shopper
u3823,30,M,online_shopper
u2532,39,M,sports_fan
u2313,33,F,online_shopper
u2829,24,F,online_shopper
u2907,43,M,online_shopper
u2542,37,M,online_shopper
u8314,22,F,online_shopper
u8540,43,F,music_lover
u3695,36,F,traveler
u1522,47,F,traveler
u3801,19,F,online_shopper
u3241,20,F,music_lover
u7151,45,F,music_lover
u3940,20,F,sports_fan
u9639,46,F,online_shopper
u6601,19,M,online_shopper
u5044,33,M,music_lover
u5656,34,M,music_lover
u9968,44,F,sports_fan
u2353,33,M,traveler
u6531,33,M,music_lover
u7693,36,M,music_lover
u5848,49,M,online_shopper
u9709,34,F,online_shopper
u6423,41,M,music_lover
u8973,22,M,traveler
u8826,29,F,sports_fan
u5890,39,M,sports_fan
u6916,29,F,traveler
u4032,46,F,online_shopper
u2832,43,M,traveler
u3232,24,M,sports_fan
u2756,24,F,music_lover
u8414,21,F,online_shopper
u7537,23,M,online_shopper
u8509,33,F,traveler
u6304,25,F,music_lover
u8834,23,F,traveler
u2316,40,F,traveler
u4955,47,M,online_shopper
u6702,46,M,online_shopper
u4747,47,M,traveler
u6346,36,F,sports_fan
u9207,47,M,online_shopper
u3397,42,M,traveler
u9119,27,M,sports_fan
u5985,33,M,traveler
u8717,19,F,sports_fan
u1623,31,M,traveler
u5227,28,F,online_shopper
u9978,41,F,traveler
u7908,41,M,online_shopper
u4087,45,F,traveler
u8250,19,F,music_lover
u6296,42,M,traveler
u1227,20,M,traveler
u6035,43,F,online_shopper
u5678,48,M,online_shopper
u9742,39,F,traveler
u3156,49,M,online_shopper
u3182,28,F,online_shopper
u2875,21,M,music_lover
u5479,31,M,online_shopper
u7166,22,F,online_shopper
u9917,20,M,traveler
u8890,45,M,traveler
u4429,43,M,online_shopper
u2742,25,M,traveler
u5486,27,M,sports_fan
u7049,49,F,music_lover
u5771,29,F,traveler
u3018,43,M,sports_fan
u9457,25,F,online_shopper
u7754,40,M,online_shopper
u6414,24,F,traveler
u3827,19,M,traveler
u7900,43,M,music_lover
u8302,29,M,sports_fan
u5929,39,F,traveler
u5545,37,F,sports_fan
u3095,28,F,online_shopper
u7029,26,M,sports_fan
u8673,22,M,sports_fan
u1350,23,M,traveler
u6170,24,M,online_shopper
u9229,31,F,online_shopper
u2847,35,M,sports_fan
u7576,32,F,online_shopper
u3423,18,M,music_lover
u7804,33,F,online_shopper
u2283,32,M,sports_fan
u7431,39,M,sports_fan
u1179,26,M,online_shopper
u7109,24,F,music_lover
u3213,29,M,online_shopper
u5524,45,M,music_lover
u3054,26,M,traveler
u5225,29,M,music_lover
u3894,28,M,traveler
u6993,20,M,music_lover
u2472,30,F,music_lover
u3698,22,F,music_lover
u7648,49,F,traveler
u1401,39,M,music_lover
u4929,39,M,sports_fan
u9139,38,F,music_lover
u3993,47,M,music_lover
u4647,35,F,sports_fan
u2415,28,F,music_lover
u9064,43,F,sports_fan
u5483,20,F,music_lover
u8499,39,M,traveler
u3317,26,F,traveler
u2806,48,M,sports_fan
u2302,43,F,traveler
u7555,25,F,online_shopper
u3730,41,M,traveler
u2513,25,M,traveler
u4909,30,M,sports_fan
u1417,28,M,online_shopper
u2344,23,F,sports_fan
u7142,30,M,online_shopper
u8474,45,M,online_shopper
u7089,28,M,sports_fan
u8927,31,F,traveler
u7451,31,M,music_lover
u6528,36,F,online_shopper
u7234,22,M,sports_fan
u4131,32,M,traveler
u6805,30,M,online_shopper
u5934,41,F,sports_fan
u4566,33,F,online_shopper
u9327,46,M,sports_fan
u4664,36,M,music_lover
u3751,34,M,online_shopper
u3901,45,F,music_lover
u4711,47,F,sports_fan
u6397,48,M,music_lover
u3960,33,F,music_lover
u1106,46,M,sports_fan
u8918,49,F,sports_fan
u7859,31,F,music_lover
u7761,34,F,sports_fan
u7102,24,F,traveler
u5761,23,F,sports_fan
u1093,22,M,sports_fan
u8552,41,M,music_lover
u6873,41,F,traveler
u2274,44,F,online_shopper
u2715,18,M,music_lover
u2718,33,M,traveler
u1434,40,F,online_shopper
u4088,31,F,online_shopper
u5765,44,F,traveler
u4136,19,M,online_shopper
u3342,46,M,online_shopper
u3810,21,F,traveler
u6739,18,F,traveler
u3852,19,F,traveler
u1375,46,F,music_lover
u1218,43,F,traveler
u8206,26,F,music_lover
u9251,45,F,music_lover
u6384,18,M,traveler
u8299,40,M,online_shopper
u5453,37,F,music_lover
u7830,40,F,music_lover
u6551,48,F,online_shopper
u7251,33,M,online_shopper
u7659,31,F,sports_fan
u4201,40,M,sports_fan
u3926,48,F,music_lover
u6998,44,M,traveler
u4322,30,F,music_lover
u8114,43,M,music_lover
u3954,48,F,music_lover
u5369,49,M,online_shopper
u4305,36,M,online_shopper
u4772,32,F,traveler
u8273,46,F,sports_fan
u7188,35,F,traveler
u5623,20,M,online_shopper
u5631,32,M,traveler
u1309,32,M,online_shopper
u8268,22,F,music_lover
u6925,30,F,sports_fan
u2702,41,M,online_shopper
u1219,44,M,online_shopper
u6422,42,F,sports_fan
u7378,37,M,music_lover
u9886,33,F,music_lover
u9193,39,M,traveler
u9630,37,M,music_lover
u9869,32,F,online_shopper
u1162,47,F,online_shopper
u4751,47,M,traveler
u4572,31,M,sports_fan
u6943,26,M,online_shopper
u1718,38,M,music_lover
u4977,35,M,music_lover
u7027,34,F,online_shopper
u8600,22,M,online_shopper
u2431,32,M,music_lover
u6458,41,M,traveler
u5462,48,F,online_shopper
u8006,28,M,online_shopper
u5800,44,F,sports_fan
u2331,47,M,traveler
u5570,46,F,sports_fan
u9284,39,F,online_shopper
u8528,44,F,music_lover
u2770,29,M,music_lover
u9385,24,F,online_shopper
u1976,42,F,online_shopper
u7180,37,F,sports_fan
u8491,49,M,music_lover
u4754,38,F,music_lover
u2888,26,M,sports_fan
u8663,20,M,traveler
u5201,34,F,music_lover
u9637,41,M,sports_fan
u9042,26,F,traveler
u3792,28,F,music_lover
u2448,31,M,online_shopper
u6161,43,M,sports_fan
u3771,44,M,traveler
u4372,45,M,sports_fan
u4999,47,M,traveler
u5872,48,M,traveler
u6083,27,F,music_lover
u7892,21,M,traveler
u2607,33,M,sports_fan
u3758,33,M,sports_fan
u6073,46,F,music_lover
u9941,29,F,online_shopper
u4244,49,M,traveler
u1383,49,M,traveler
u1407,23,F,music_lover
u2722,24,F,music_lover
u8514,40,F,music_lover
u3132,25,F,traveler
u7349,23,F,sports_fan
u8316,24,F,online_shopper
u2450,47,F,sports_fan
u7366,48,F,music_lover
u4759,26,F,traveler
u6339,33,F,sports_fan
u4994,39,M,online_shopper
u2059,47,F,music_lover
u3322,30,F,online_shopper
u4610,32,M,traveler
u9678,35,M,music_lover
u8707,21,M,music_lover
u1894,22,M,music_lover
u2257,25,F,online_shopper
u6761,48,F,traveler
u5807,21,M,music_lover
u6510,34,F,sports_fan
u5657,34,M,music_lover
u2892,19,M,music_lover
u7538,41,F,music_lover
u7654,33,F,sports_fan
u6063,36,M,sports_fan
u4212,39,F,traveler
u2103,24,F,online_shopper
u2918,28,F,music_lover
u2272,18,M,online_shopper
u7597,38,F,online_shopper
u4455,35,M,music_lover
u6425,24,F,music_lover
u3918,45,F,sports_fan
u3389,45,M,traveler
u3476,30,M,sports_fan
u3175,20,M,online_shopper
u7547,26,M,music_lover
u7308,34,F,online_shopper
u1902,19,F,sports_fan
u4335,32,F,online_shopper
u8443,26,M,music_lover
u2964,24,F,traveler
u6427,36,F,online_shopper
u4023,28,F,traveler
u7453,41,M,online_shopper
u3102,38,M,music_lover
u7147,48,M,music_lover
u8261,35,M,traveler
u3912,43,F,music_lover
u3928,34,M,traveler
u9680,39,F,sports_fan
u9970,21,M,traveler
u1855,19,F,online_shopper
u3965,34,M,traveler
u5471,40,M,traveler
u5963,37,F,online_shopper
u5343,18,M,music_lover
u8070,30,M,music_lover
u4717,27,F,sports_fan
u1995,34,M,music_lover
u7890,40,M,sports_fan
u1769,38,F,sports_fan
u2009,34,M,sports_fan
u7760,28,F,music_lover
u4586,26,M,online_shopper
u6628,48,M,music_lover
u4525,20,M,online_shopper
u7150,27,F,music_lover
u6199,34,M,sports_fan
u5781,33,F,online_shopper
u9299,33,F,music_lover
u5333,32,F,music_lover
u5454,30,M,traveler
u8721,19,M,online_shopper
u7283,43,M,sports_fan
u2046,23,M,sports_fan
u5317,20,F,online_shopper
u9388,43,F,music_lover
u8703,41,M,sports_fan
u5208,18,F,music_lover
u6496,34,F,traveler
u7985,41,M,sports_fan
u3278,44,M,music_lover
u7432,18,F,sports_fan
u1257,48,M,music_lover
u9691,47,M,traveler
u1108,28,F,traveler
u3707,21,F,traveler
u7268,28,F,music_lover
u4377,30,M,sports_fan
u6165,46,F,sports_fan
u9741,39,F,music_lover
u2315,34,M,traveler
u2216,49,M,traveler
u2268,37,F,online_shopper
u3992,46,F,music_lover
u1198,38,M,traveler
u6995,30,M,online_shopper
u2168,34,F,traveler
u6540,19,F,sports_fan
u6963,19,M,online_shopper
u8806,39,F,music_lover
u7313,35,M,sports_fan
u2893,23,F,sports_fan
u3605,42,F,online_shopper
u7479,48,F,sports_fan
u2691,19,M,online_shopper
u2821,40,M,music_lover
u4506,47,F,traveler
u3596,28,M,sports_fan
u7367,34,M,music_lover
u6024,26,F,traveler
u7249,37,F,online_shopper
u8498,22,M,online_shopper
u1742,37,F,music_lover
u3759,32,F,traveler
u6109,43,M,online_shopper
u3772,42,F,traveler
u2615,49,M,online_shopper
u8591,48,M,traveler
u2241,47,F,music_lover
u1320,34,F,music_lover
u9366,27,M,sports_fan
u5834,23,M,sports_fan
u7975,30,M,music_lover
u2932,45,F,sports_fan
u6801,38,M,online_shopper
u1922,33,F,sports_fan
u4292,41,M,sports_fan
u5649,19,M,traveler
u7726,45,F,online_shopper
u2624,37,M,music_lover
u5441,22,F,online_shopper
u3444,41,F,traveler
u7976,46,F,sports_fan
u7748,34,M,online_shopper
u4967,24,F,traveler
u9653,41,F,music_lover
u3184,34,F,sports_fan
u6413,22,F,traveler
u4642,23,M,traveler
u4445,49,F,traveler
u9477,49,M,music_lover
u9905,27,M,music_lover
u6257,22,F,traveler
u5671,31,M,online_shopper
u8555,48,M,music_lover
u6306,42,F,online_shopper
u2131,37,F,online_shopper
u4296,31,M,traveler
u2931,19,M,traveler
u5440,26,F,sports_fan
u7305,35,M,music_lover
u8775,35,M,music_lover
u6966,45,M,music_lover
u9074,39,F,traveler
u1061,26,F,music_lover
u9790,22,F,traveler
u4846,43,F,music_lover
u8085,35,F,online_shopper
u8467,29,F,traveler
u1132,23,F,sports_fan
u8669,34,M,sports_fan
u7694,31,F,music_lover
u6928,27,F,online_shopper
u5812,43,F,online_shopper
u3442,36,M,music_lover
u6115,20,M,sports_fan
u1683,27,M,music_lover
u5315,31,F,online_shopper
u1604,32,M,music_lover
u2588,33,F,music_lover
u6292,23,F,music_lover
u3876,31,M,online_shopper
u6681,21,M,sports_fan
u1854,30,F,traveler
u1271,44,F,music_lover
u5347,44,M,traveler
u3087,25,F,traveler
u2181,40,M,sports_fan
u3711,26,M,sports_fan
u2957,38,F,online_shopper
u5214,28,F,traveler
u3725,22,M,traveler
u4933,22,F,music_lover
u3803,42,M,music_lover
u2775,35,M,sports_fan
u6836,33,F,sports_fan
u7236,40,M,sports_fan
u3108,43,F,online_shopper
u3379,36,F,traveler
u3705,41,M,online_shopper
u4018,26,M,traveler
u9661,28,M,sports_fan
u7627,28,M,online_shopper
u5472,31,F,online_shopper
u2503,27,M,traveler
u3336,26,F,traveler
u6690,49,M,online_shopper
u2265,22,F,music_lover
u6814,43,M,traveler
u3163,44,M,traveler
u5766,28,M,online_shopper
u9822,45,M,sports_fan
u5889,26,M,music_lover
u4668,30,F,sports_fan
u2012,46,M,online_shopper
u3697,36,M,sports_fan
u4312,25,M,sports_fan
u1662,40,M,online_shopper
u1205,21,F,traveler
u9787,29,M,sports_fan
u7455,42,M,online_shopper
u6755,48,M,online_shopper
u3628,24,M,online_shopper
u5883,41,F,sports_fan
u1594,44,M,traveler
u7794,25,M,sports_fan
u6575,36,F,sports_fan
u8199,40,F,music_lover
u2728,25,M,sports_fan
u9685,36,F,online_shopper
u5923,42,F,online_shopper
u5273,46,M,music_lover
u9397,43,F,music_lover
u6627,21,M,music_lover
u1770,46,M,music_lover
u5577,27,F,sports_fan
u5660,49,F,sports_fan
u2635,32,M,online_shopper
u5831,49,M,sports_fan
u4005,40,F,music_lover
u3604,25,F,traveler
u3022,32,F,music_lover
u6820,33,F,music_lover
u8245,41,F,traveler
u9231,38,M,traveler
u5704,24,F,music_lover
u1291,25,M,sports_fan
u6763,46,F,online_shopper
u2115,30,F,traveler
u2070,30,F,online_shopper
u7278,44,M,sports_fan
u8133,46,F,music_lover
u8962,19,M,sports_fan
u2098,43,M,sports_fan
u6408,37,M,online_shopper
u3835,32,F,sports_fan
u9993,23,F,traveler
u4800,42,F,music_lover
u6245,35,F,traveler
u1221,24,F,sports_fan
u7051,19,F,online_shopper
u2021,43,F,online_shopper
u1493,19,M,traveler
u1382,18,M,traveler
u3958,42,F,online_shopper
u8093,39,F,traveler
u2936,46,M,sports_fan
u1740,31,M,music_lover
u8067,19,F,music_lover
u6285,27,F,music_lover
u2560,21,M,online_shopper
u3576,21,F,online_shopper
u5144,45,F,online_shopper
u9049,40,F,music_lover
u7871,24,M,traveler
u4922,37,F,online_shopper
u4970,22,F,online_shopper
u1304,44,M,sports_fan
u5519,29,F,online_shopper
u6126,29,M,online_shopper
u3459,49,F,music_lover
u9029,42,F,music_lover
u8685,23,M,sports_fan
u5996,48,F,music_lover
u1052,35,F,traveler
u1640,46,F,traveler
u9623,19,F,music_lover
u8432,36,F,online_shopper
u6511,46,F,sports_fan
u7798,44,M,online_shopper
u1333,48,F,online_shopper
u7709,48,M,sports_fan
u8232,33,M,music_lover
u3257,40,M,sports_fan
u1065,19,M,traveler
u9885,34,F,online_shopper
u5253,37,F,traveler
u3493,48,M,sports_fan
u4274,48,M,music_lover
u5609,43,F,sports_fan
u1352,24,F,traveler
u2961,38,F,traveler
u2113,24,M,online_shopper
u2076,49,M,online_shopper
u8293,40,M,online_shopper
u9733,29,F,online_shopper
u9891,40,F,music_lover
u5094,46,F,sports_fan
u1710,28,F,sports_fan
u5016,46,F,sports_fan
u3224,34,F,music_lover
u7896,28,F,sports_fan
u1607,25,M,sports_fan
u5789,23,M,music_lover
u4938,49,M,online_shopper
u9828,48,M,online_shopper
u9845,23,M,music_lover
u2293,32,M,music_lover
u2159,43,F,online_shopper
u4465,37,M,music_lover
u1373,29,M,sports_fan
u3332,26,M,traveler
u5210,30,M,traveler
u2913,32,F,sports_fan
u4607,32,F,music_lover
u4365,43,F,online_shopper
u4835,47,F,traveler
u7280,46,F,traveler
u9380,47,F,sports_fan
u5406,30,M,online_shopper
u8829,26,M,traveler
u2767,47,F,sports_fan
u8704,28,F,online_shopper
u9166,39,M,music_lover
u4992,28,F,sports_fan
u8115,26,F,traveler
u1755,34,F,sports_fan
u4011,40,M,sports_fan
u8749,42,M,traveler
u4133,38,M,music_lover
u9066,23,M,traveler
u1335,39,M,traveler
u4552,22,F,music_lover
u9616,43,M,traveler
u1826,42,M,online_shopper
u6409,38,F,online_shopper
u8439,20,F,traveler
u2761,23,F,online_shopper
u5684,39,M,sports_fan
u4047,34,M,online_shopper
u9434,28,M,online_shopper
u1561,21,M,sports_fan
u4370,43,F,online_shopper
u4957,29,M,traveler
u4358,27,M,sports_fan
u4317,34,F,sports_fan
u4512,23,F,traveler
u2471,35,F,traveler
u3891,38,M,traveler
u5764,36,M,online_shopper
u8719,39,M,online_shopper
u3770,46,F,online_shopper
u7123,42,M,traveler
u3488,32,M,music_lover
u8573,29,F,online_shopper
u7355,36,M,music_lover
u1905,42,M,sports_fan
u8087,22,M,traveler
u6162,46,F,traveler
u4781,35,F,sports_fan
u1517,43,M,online_shopper
u4394,29,F,online_shopper
u9512,49,M,online_shopper
u1319,43,M,music_lover
u6497,43,F,sports_fan
u8108,32,M,music_lover
u3274,27,F,online_shopper
u5268,45,F,music_lover
u5825,42,M,sports_fan
u8419,47,F,online_shopper
u4950,36,M,music_lover
u7861,26,M,sports_fan
u7300,23,F,online_shopper
u2339,31,M,online_shopper
u7120,18,F,traveler
u3474,18,F,online_shopper
u4535,46,M,traveler
u4616,48,F,online_shopper
u7529,28,M,music_lover
u7866,20,F,music_lover
u4289,38,M,online_shopper
u6524,39,F,online_shopper
u2233,22,F,traveler
u7846,25,F,music_lover
u3344,39,M,music_lover
u2178,35,M,online_shopper
u3565,22,F,traveler
u5879,29,M,online_shopper
u4270,40,M,music_lover
u9006,46,F,music_lover
u3097,35,M,music_lover
u6011,38,M,music_lover
u6581,29,F,online_shopper
u1933,38,F,music_lover
u8869,25,F,online_shopper
u4611,47,M,music_lover
u1025,49,M,music_lover
u3998,26,F,sports_fan
u3246,32,M,traveler
u7428,20,M,sports_fan
u3335,32,M,sports_fan
u4997,45,F,music_lover
u9724,21,M,traveler
u8433,45,F,sports_fan
u3665,47,M,sports_fan
u6547,33,M,online_shopper
u3752,42,M,traveler
u1511,42,M,sports_fan
u5247,36,F,sports_fan
u6280,35,F,online_shopper
u8119,44,F,music_lover
u3485,33,F,sports_fan
u5710,49,M,traveler
u2207,29,M,online_shopper
u7809,29,M,traveler
u7009,40,F,traveler
u8953,21,M,traveler
u1711,32,F,online_shopper
u2073,36,F,traveler
u5114,35,F,sports_fan
u8326,43,M,online_shopper
u9297,28,M,sports_fan
u1419,47,M,music_lover
u6093,45,F,sports_fan
u6224,41,M,traveler
u1390,40,F,music_lover
u3206,32,F,traveler
u9815,33,F,online_shopper
u1588,28,M,online_shopper
u4252,28,M,music_lover
u9946,38,M,sports_fan
u8529,49,M,traveler
u5621,30,F,sports_fan
u5924,24,F,traveler
u1984,48,M,traveler
u5269,32,M,sports_fan
u5990,34,M,online_shopper
u5186,42,F,online_shopper
u1114,41,M,music_lover
u7516,44,F,sports_fan
u7877,30,F,online_shopper
u4319,21,M,online_shopper
u9328,18,M,traveler
u6860,29,M,traveler
u6388,21,M,online_shopper
u9500,18,M,music_lover
u4724,23,M,online_shopper
u1035,41,M,music_lover
u9837,28,M,music_lover
u7228,38,F,traveler
u8107,42,M,music_lover
u7677,43,M,sports_fan
u9505,35,M,sports_fan
u3399,45,F,traveler
u7610,35,F,online_shopper
u6200,37,M,sports_fan
u5091,23,M,sports_fan
u1726,31,M,online_shopper
u9547,23,F,traveler
u2705,39,M,music_lover
u6816,32,M,music_lover
u8102,39,F,online_shopper
u7306,46,F,online_shopper
u2222,18,M,sports_fan
u8695,34,F,music_lover
u4345,46,F,traveler
u4384,29,M,sports_fan
u8410,47,F,music_lover
u8034,48,M,traveler
u8015,20,M,music_lover
u6588,19,M,sports_fan
u2754,49,M,traveler
u7016,40,F,music_lover
u6494,23,F,music_lover
u7423,22,M,music_lover
u9988,25,F,sports_fan
u9736,19,F,sports_fan
u3295,44,F,traveler
u5754,48,M,online_shopper
u8769,29,F,music_lover
u1151,24,F,music_lover
u9394,31,F,music_lover
u1512,27,M,sports_fan
u5263,37,F,music_lover
u7371,31,F,traveler
u2569,28,M,sports_fan
u1753,45,F,sports_fan
u5422,48,F,sports_fan
u6213,36,M,sports_fan
u1741,18,F,online_shopper
u1508,43,M,sports_fan
u1505,19,M,online_shopper
u5782,48,F,sports_fan
u5224,40,F,sports_fan
u1734,20,M,music_lover
u3657,44,M,sports_fan
u3141,22,F,traveler
u4513,28,F,traveler
u9753,36,F,traveler
u7907,24,M,music_lover
u6196,45,F,sports_fan
u4597,33,M,traveler
u1020,37,M,traveler
u3959,25,F,traveler
u8747,43,M,online_shopper
u2948,41,M,online_shopper
u2841,21,F,online_shopper
u1289,29,M,traveler
u9318,35,M,traveler
u7856,40,M,sports_fan
u4308,31,F,traveler
u3443,34,M,traveler
u9681,46,F,traveler
u2380,29,M,traveler
u3816,26,M,music_lover
u4438,33,F,sports_fan
u9768,38,M,traveler
u8636,27,F,music_lover
u6392,37,F,online_shopper
u4424,47,M,music_lover
u5342,37,F,online_shopper
u5933,28,F,music_lover
u7054,45,M,music_lover
u4410,45,F,music_lover
u8630,26,M,online_shopper
u2683,18,M,online_shopper
u4479,33,M,online_shopper
u3367,21,M,traveler
u1570,39,F,online_shopper
u7217,49,M,music_lover
u2284,46,F,online_shopper
u9403,25,M,sports_fan
u1239,19,M,traveler
u1970,31,M,music_lover
u7574,41,M,sports_fan
u7335,26,M,online_shopper
u9929,48,F,music_lover
u7328,41,M,online_shopper
u5798,31,F,music_lover
u2475,31,M,traveler
u2067,38,F,music_lover
u4076,47,F,online_shopper
u1560,29,M,online_shopper
u6579,28,F,music_lover
u8958,18,F,sports_fan
u8584,39,F,traveler
u9494,18,M,music_lover
u4990,49,F,traveler
u5229,28,M,online_shopper
u7670,37,M,traveler
u9508,42,M,traveler
u6746,32,M,online_shopper
u8632,45,F,traveler
u2058,38,M,sports_fan
u5393,40,F,sports_fan
u3879,26,M,music_lover
u4864,37,M,music_lover
u2525,38,M,sports_fan
u4684,39,F,music_lover
u7317,34,F,traveler
u3741,27,M,online_shopper
u6229,48,M,music_lover
u3492,32,F,music_lover
u8310,29,F,sports_fan
u1214,22,F,online_shopper
u6887,31,M,music_lover
u5467,27,F,music_lover
u6116,37,F,online_shopper
u5451,18,M,online_shopper
u7912,47,F,online_shopper
u7478,33,M,music_lover
u4120,21,M,sports_fan
u4123,22,F,traveler
u8381,26,F,music_lover
u3693,34,F,music_lover
u2793,23,M,online_shopper
u2438,41,M,online_shopper
u6694,42,M,traveler
u3676,44,F,music_lover
u2225,22,F,online_shopper
u2822,35,M,music_lover
u8792,34,F,online_shopper
u7325,38,M,traveler
u5868,28,M,sports_fan
u5563,20,M,traveler
u9306,23,F,music_lover
u5740,26,M,music_lover
u9372,30,F,online_shopper
u2458,44,F,music_lover
u3441,18,M,music_lover
u2231,47,F,music_lover
u2980,32,M,online_shopper
u4880,49,F,traveler
u5403,37,F,online_shopper
u2015,21,M,music_lover
u7792,45,M,sports_fan
u3203,40,F,sports_fan
u5392,19,M,traveler
u4093,33,F,traveler
u9533,41,F,traveler
u1857,46,F,traveler
u7643,23,M,traveler
u9137,37,F,music_lover
u4331,32,M,sports_fan
u8841,36,M,music_lover
u2457,43,M,traveler
u3594,45,F,online_shopper
u5625,24,M,sports_fan
u7728,42,F,sports_fan
u1078,28,F,music_lover
u5277,35,M,music_lover
u9706,25,F,online_shopper
u5773,19,M,sports_fan
u1135,44,M,sports_fan
u9838,29,M,sports_fan
u9655,39,F,traveler
u9263,47,M,sports_fan
u6444,25,M,music_lover
u7957,18,M,online_shopper
u5235,24,M,traveler
u5368,26,F,traveler
u3303,39,F,sports_fan
u4871,39,F,online_shopper
u1575,26,F,music_lover
u4160,48,F,music_lover
u8506,19,F,music_lover
u5004,21,M,online_shopper
u2205,31,F,online_shopper
u4064,31,M,sports_fan
u3351,44,F,online_shopper
u9343,25,M,online_shopper
u4815,38,F,sports_fan
u2169,26,F,traveler
u2975,20,M,music_lover
u9444,39,M,traveler
u3150,39,F,music_lover
u4873,36,M,traveler
u5063,23,M,online_shopper
u7379,18,F,traveler
u6000,38,F,traveler
u3249,35,M,sports_fan
u3091,25,M,online_shopper
u3753,24,F,online_shopper
u9690,49,M,music_lover
u1469,24,M,sports_fan
u4840,27,F,online_shopper
u5818,21,M,traveler
u3609,47,F,traveler
u9534,35,F,traveler
u7974,36,F,online_shopper
u6725,48,F,online_shopper
u4476,48,F,music_lover
u1686,27,M,music_lover
u6216,37,M,online_shopper
u6315,36,M,traveler
u5957,20,F,sports_fan
u4297,46,F,music_lover
u4082,47,M,online_shopper
u6685,34,F,traveler
u2599,48,F,music_lover
u5437,18,M,music_lover
u9925,41,F,online_shopper
u9425,25,M,traveler
u5348,34,F,music_lover
u2322,21,F,music_lover
u1624,19,M,online_shopper
u4115,34,F,music_lover
u3313,19,F,online_shopper
u1034,49,F,online_shopper
u8626,18,M,online_shopper
u2036,22,F,music_lover
u8371,48,F,sports_fan
u2833,43,F,traveler
u5874,48,M,traveler
u3009,48,F,traveler
u2897,45,F,sports_fan
u6647,47,F,music_lover
u3927,23,F,music_lover
u1618,29,F,traveler
u6401,41,M,online_shopper
u5700,27,M,traveler
u8071,25,F,sports_fan
u4202,31,M,sports_fan
u5250,21,M,music_lover
u5856,36,F,online_shopper
u4532,45,F,music_lover
u7057,22,M,music_lover
u5756,41,F,sports_fan
u3130,38,F,music_lover
u9770,43,M,sports_fan
u3472,24,M,music_lover
u2613,37,M,sports_fan
u1216,19,M,sports_fan
u5516,42,F,traveler
u5794,28,M,sports_fan
u1541,27,M,sports_fan
u3088,35,M,online_shopper
u1472,19,F,sports_fan
u4640,31,M,online_shopper
u1432,41,F,online_shopper
u9109,27,F,music_lover
u5587,23,F,sports_fan
u3398,49,M,music_lover
u8761,38,F,music_lover
u9198,20,F,sports_fan
u4986,40,M,sports_fan
u9248,33,F,traveler
u6362,25,F,music_lover
u4302,26,F,music_lover
u2749,28,F,traveler
u8127,33,F,sports_fan
u8544,19,F,traveler
u2140,41,F,online_shopper
u8935,48,F,online_shopper
u4259,22,F,music_lover
u6082,18,M,traveler
u6478,47,F,online_shopper
u5965,43,M,music_lover
u5136,40,F,sports_fan
u2973,47,M,music_lover
u3824,32,M,online_shopper
u5243,24,M,online_shopper
u1197,33,M,online_shopper
u4349,43,F,sports_fan
u3518,49,M,traveler
u5274,29,M,sports_fan
u9960,36,M,sports_fan
u3502,32,F,online_shopper
u8434,44,M,sports_fan
u4534,20,M,sports_fan
u2533,37,M,sports_fan
u6686,38,F,traveler
u6134,38,F,music_lover
u5266,22,F,online_shopper
u6299,32,F,online_shopper
u7184,39,F,online_shopper
u5531,34,M,sports_fan
u2876,33,M,traveler
u7422,33,F,sports_fan
u2044,40,F,sports_fan
u3634,29,M,music_lover
u5753,21,F,music_lover
u3426,46,M,traveler
u5979,22,M,music_lover
u2593,41,F,traveler
u4655,46,M,sports_fan
u1057,25,M,sports_fan
u1418,29,F,online_shopper
u1001,22,M,music_lover
u9128,28,F,sports_fan
u8317,46,M,music_lover
u9926,36,M,traveler
u3622,27,F,music_lover
u2360,41,F,sports_fan
u3215,35,F,traveler
u1630,29,M,music_lover
u8042,26,M,music_lover
u4159,39,F,sports_fan
u4931,27,F,sports_fan
u2341,37,F,traveler
u9398,37,M,music_lover
u6538,36,M,online_shopper
u6129,44,M,traveler
u8473,38,M,online_shopper
u5329,23,F,online_shopper
u4516,27,F,traveler
u9659,36,F,traveler
u4959,26,F,traveler
u2787,47,F,traveler
u4797,33,F,sports_fan
u2374,25,F,online_shopper
u9839,29,F,sports_fan
u8009,39,F,music_lover
u4309,22,M,sports_fan
u3304,28,F,traveler
u7549,36,M,online_shopper
u5459,20,F,online_shopper
u9033,41,M,online_shopper
u7664,39,F,online_shopper
u5251,43,M,traveler
u7824,48,F,online_shopper
u3456,32,M,music_lover
u4171,47,M,music_lover
u5976,44,M,music_lover
u3778,39,F,music_lover
u1230,37,F,sports_fan
u5031,20,M,online_shopper
u1232,48,M,online_shopper
u2665,39,F,music_lover
u4166,18,M,music_lover
u1341,28,M,traveler
u9110,30,F,traveler
u1113,22,M,traveler
u2985,24,F,music_lover
u9348,48,F,traveler
u8884,18,M,sports_fan
u8346,30,M,sports_fan
u8976,48,F,music_lover
u3768,27,M,online_shopper
u5289,48,M,sports_fan
u1510,45,F,traveler
u1048,37,F,music_lover
u8586,35,F,music_lover
u1858,30,F,music_lover
u5281,18,F,online_shopper
u9628,34,F,traveler
u3036,29,M,traveler
u4003,40,M,traveler
u6360,23,F,sports_fan
u1844,24,F,traveler
u2586,18,M,traveler
u8665,48,M,online_shopper
u8563,27,F,traveler
u5196,45,F,sports_fan
u4862,20,M,online_shopper
u4795,24,F,sports_fan
u7413,27,F,online_shopper
u1145,27,F,traveler
u7696,26,M,traveler
u2571,23,F,music_lover
u6621,41,F,online_shopper
u9739,26,M,music_lover
u6981,40,F,traveler
u8488,26,M,traveler
u1014,44,M,online_shopper
u3883,27,M,music_lover
u2674,46,F,traveler
u6940,21,M,music_lover
u5498,42,M,online_shopper
u3478,33,F,online_shopper
u7297,42,M,online_shopper
u7146,19,M,online_shopper
u9577,28,M,traveler
u9664,26,F,traveler
u6428,20,M,online_shopper
u7917,44,F,music_lover
u4948,24,M,music_lover
u2778,30,F,traveler
u8116,44,F,sports_fan
u6032,30,M,sports_fan
u3185,45,F,sports_fan
u3860,36,F,traveler
u8571,45,F,online_shopper
u5999,28,F,traveler
u8709,46,M,online_shopper
u3505,22,M,online_shopper
u1695,33,M,online_shopper
u4879,45,F,traveler
u3458,19,M,music_lover
u5190,27,F,music_lover
u4175,27,M,traveler
u4216,36,F,music_lover
u9254,49,F,sports_fan
u8472,43,M,sports_fan
u4484,37,F,music_lover
u5515,43,F,music_lover
u7909,45,M,music_lover
u3986,45,F,music_lover
u3211,23,F,music_lover
u7167,44,F,traveler
u5230,39,M,sports_fan
u9670,33,M,online_shopper
u6955,30,M,traveler
u3250,36,M,online_shopper
u8161,20,M,music_lover
u6563,26,F,online_shopper
u9746,27,F,traveler
u7782,33,M,music_lover
u7438,35,F,music_lover
u5810,21,M,traveler
u7250,38,M,online_shopper
u3781,41,M,traveler
u2014,41,F,online_shopper
u4730,39,F,online_shopper
u6571,33,F,traveler
u2463,35,M,music_lover
u9136,43,M,sports_fan
u8698,48,F,music_lover
u4700,46,F,traveler
u7508,27,M,traveler
u2197,18,F,traveler
u1868,40,M,online_shopper
u4681,27,M,music_lover
u2901,34,M,sports_fan
u6344,44,M,traveler
u8002,36,M,traveler
u8751,33,F,sports_fan
u4472,49,M,music_lover
u4468,42,M,music_lover
u1981,23,M,traveler
u6700,25,M,traveler
u4342,47,M,sports_fan
u4152,33,F,online_shopper
u5344,29,F,online_shopper
u4646,26,F,music_lover
u6485,33,F,traveler
u7840,24,F,traveler
u5991,25,M,online_shopper
u5008,37,M,traveler
u5017,22,F,online_shopper
u8451,46,F,music_lover
u3949,40,M,online_shopper
u7014,26,M,sports_fan
u6103,25,F,music_lover
u9220,40,F,sports_fan
u8064,37,F,traveler
u4885,33,M,online_shopper
u6964,28,F,sports_fan
u6606,18,F,traveler
u7072,34,M,sports_fan
u2753,29,F,sports_fan
u4902,22,M,sports_fan
u2477,31,M,sports_fan
u2215,24,M,music_lover
u6888,44,M,music_lover
u6970,45,M,sports_fan
u1334,41,M,traveler
u2423,24,F,sports_fan
u5774,21,F,online_shopper
u8946,32,M,music_lover
u6372,44,M,music_lover
u9921,47,F,online_shopper
u1000,24,F,online_shopper
u5552,39,F,music_lover
u7493,41,F,online_shopper
u2508,26,M,music_lover
u9973,18,F,traveler
u1137,19,F,traveler
u8495,25,F,sports_fan
u7720,48,M,music_lover
u5009,24,F,online_shopper
u6629,40,M,music_lover
u6822,20,M,sports_fan
u4435,24,M,sports_fan
u7260,37,M,music_lover
u7716,43,M,sports_fan
u9695,33,F,sports_fan
u1617,43,M,music_lover
u3349,19,F,sports_fan
u8436,49,M,traveler
u9234,18,F,music_lover
u4599,25,M,sports_fan
u5134,22,F,online_shopper
u6353,27,M,music_lover
u2688,21,M,traveler
u2747,47,M,online_shopper
u4690,26,M,online_shopper
u4458,31,F,traveler
u3571,49,M,online_shopper
u9281,46,F,traveler
u6476,38,F,traveler
u8257,27,M,sports_fan
u5663,35,M,music_lover
u1265,42,M,music_lover
u2040,43,F,online_shopper
u1172,40,F,online_shopper
u6325,26,F,sports_fan
u3913,22,M,music_lover
u5859,40,F,music_lover
u9501,25,F,sports_fan
u6133,29,F,traveler
u9863,37,M,traveler
u2290,41,F,music_lover
u9077,40,M,online_shopper
u7028,36,M,online_shopper
u7063,31,M,music_lover
u5851,28,M,online_shopper
u9821,28,M,music_lover
u4275,41,F,music_lover
u6592,21,F,sports_fan
u2151,35,F,sports_fan
u6804,48,F,music_lover
u9233,26,F,online_shopper
u3935,25,M,sports_fan
u4856,21,F,online_shopper
u9998,36,F,music_lover
u6799,36,M,online_shopper
u8173,39,M,music_lover
u1184,19,M,online_shopper
u5001,28,M,music_lover
u3375,20,F,sports_fan
u2368,18,M,sports_fan
u6715,27,F,online_shopper
u6448,38,F,traveler
u7311,30,F,online_shopper
u6046,20,M,traveler
u6187,44,F,sports_fan
u1904,24,M,traveler
u2634,42,M,sports_fan
u9017,22,F,music_lover
u2189,19,F,sports_fan
u2735,35,M,music_lover
u3764,45,F,sports_fan
u5156,31,F,traveler
u8845,37,F,music_lover
u7501,43,M,traveler
u2412,45,F,music_lover
u7946,47,M,music_lover
u8972,47,M,online_shopper
u3165,42,M,traveler
u6314,44,M,music_lover
u6031,19,M,sports_fan
u7061,22,M,sports_fan
u2462,30,M,sports_fan
u8100,24,M,music_lover
u2904,27,M,online_shopper
u8246,45,F,music_lover
u6435,37,F,online_shopper
u6432,48,F,online_shopper
u6389,24,M,sports_fan
u2911,40,F,sports_fan
u9249,35,M,sports_fan
u1258,35,M,music_lover
u6363,19,M,sports_fan
u7270,42,M,sports_fan
u3914,33,F,traveler
u4498,30,M,music_lover
u9283,34,M,music_lover
u3739,23,M,online_shopper
u2034,40,F,online_shopper
u1029,48,M,music_lover
u4884,26,M,music_lover
u2096,20,M,online_shopper
u1834,42,M,sports_fan
u6079,24,F,traveler
u2600,47,F,online_shopper
u8481,22,F,sports_fan
u9937,45,F,online_shopper
u5013,38,F,traveler
u4418,24,M,sports_fan
u9317,27,M,online_shopper
u3243,39,M,sports_fan
u1654,41,F,online_shopper
u9217,27,F,music_lover
u4042,27,M,traveler
u5176,42,F,online_shopper
u2687,23,M,traveler
u8207,36,M,music_lover
u3183,49,F,traveler
u3105,45,M,traveler
u7953,42,M,traveler
u6842,48,F,online_shopper
u8827,35,M,music_lover
u9773,38,M,online_shopper
u6056,32,M,online_shopper
u5002,43,F,music_lover
u6850,30,F,music_lover
u7883,37,F,music_lover
u7263,19,M,sports_fan
u6190,49,F,online_shopper
u8193,47,M,traveler
u9775,39,F,sports_fan
u2779,45,M,sports_fan
u5399,27,F,sports_fan
u4422,40,F,sports_fan
u1600,19,M,music_lover
u3663,46,F,music_lover
u2263,20,F,traveler
u6130,47,F,sports_fan
u7818,22,F,sports_fan
u1496,42,M,music_lover
u3819,32,M,music_lover
u8404,24,M,sports_fan
u1881,32,M,sports_fan
u1031,45,M,music_lover
u7923,29,M,music_lover
u5925,20,F,online_shopper
u8194,27,F,online_shopper
u7058,21,M,traveler
u4388,24,F,online_shopper
u5015,28,F,traveler
u6602,34,F,traveler
u6789,37,M,online_shopper
u1443,32,M,sports_fan
u3292,34,F,music_lover
u2845,31,M,traveler
u8990,38,F,sports_fan
u5145,45,F,online_shopper
u4570,29,M,online_shopper
u8578,35,F,sports_fan
u1121,42,M,traveler
u3235,30,M,traveler
u3585,36,F,sports_fan
u3930,22,F,traveler
u7080,29,M,music_lover
u3037,25,M,online_shopper
u7730,47,F,online_shopper
u6410,25,M,traveler
u4167,26,F,sports_fan
u9992,45,F,music_lover
u5884,36,M,traveler
u2856,36,F,sports_fan
u6003,21,M,traveler
u1412,23,F,sports_fan
u1262,40,F,sports_fan
u5917,45,F,online_shopper
u4423,29,F,music_lover
u4318,18,F,sports_fan
u5429,35,M,traveler
u8633,36,F,traveler
u2983,34,F,sports_fan
u9559,20,M,music_lover
u2725,21,M,online_shopper
u4559,44,F,sports_fan
u7668,31,M,traveler
u5726,23,F,traveler
u2798,47,M,sports_fan
u2773,22,M,online_shopper
u7425,44,F,traveler
u5513,23,M,online_shopper
u8170,30,M,traveler
u6529,26,F,online_shopper
u6895,34,M,sports_fan
u5419,32,M,online_shopper
u7149,47,M,sports_fan
u5982,32,M,online_shopper
u2444,46,F,sports_fan
u2377,36,M,traveler
u8674,47,F,online_shopper
u5520,25,M,sports_fan
u7713,26,M,music_lover
u3201,44,F,traveler
u4021,19,F,online_shopper
u9599,31,M,online_shopper
u5385,43,F,music_lover
u5666,31,M,sports_fan
u7579,22,F,music_lover
u1783,46,F,music_lover
u5132,49,M,sports_fan
u2428,20,M,online_shopper
u2659,27,F,online_shopper
u9426,19,M,online_shopper
u1963,30,F,music_lover
u5871,45,M,sports_fan
u9002,28,F,online_shopper
u6153,28,F,sports_fan
u9311,26,F,music_lover
u5895,38,F,online_shopper
u7244,26,F,traveler
u2063,29,F,music_lover
u8871,18,F,sports_fan
u8693,37,F,traveler
u6025,34,M,traveler
u6067,22,F,traveler
u1042,29,M,online_shopper
u3098,28,M,online_shopper
u5630,38,M,online_shopper
u1199,46,M,traveler
u9602,33,F,online_shopper
u9638,24,F,traveler
u6382,40,M,music_lover
u5596,25,M,music_lover
u9079,39,F,sports_fan
u5977,43,M,online_shopper
u3845,36,F,traveler
u2320,42,F,traveler
u3997,32,M,sports_fan
u7660,22,M,music_lover
u5032,26,F,sports_fan
u9751,38,F,traveler
u2254,36,F,traveler
u9810,30,F,music_lover
u9875,24,F,online_shopper
u4726,42,F,sports_fan
u7756,18,M,online_shopper
u5839,20,F,music_lover
u6834,24,F,sports_fan
u5970,49,F,sports_fan
u2362,26,M,online_shopper
u6462,21,F,traveler
u4150,38,M,online_shopper
u4111,25,F,online_shopper
u2239,37,M,traveler
u3453,35,M,sports_fan
u1953,40,M,traveler
u3457,19,F,traveler
u3039,49,F,music_lover
u7736,31,M,online_shopper
u9600,23,M,online_shopper
u4316,24,M,music_lover
u1743,41,F,traveler
u9266,38,M,sports_fan
u9601,18,M,sports_fan
u3135,33,F,music_lover
u6440,20,F,traveler
u2495,43,F,online_shopper
u8920,48,F,traveler
u6326,42,F,sports_fan
u9148,32,M,online_shopper
u9866,39,M,traveler
u7096,28,M,online_shopper
u3890,22,M,music_lover
u4339,34,M,traveler
u2190,33,F,traveler
u6856,49,F,sports_fan
u7926,37,M,music_lover
u2142,38,M,sports_fan
u3726,35,F,online_shopper
u1751,46,M,traveler
u6387,22,M,online_shopper
u4829,36,M,sports_fan
u3196,25,F,traveler
u3855,48,F,sports_fan
u9054,43,M,online_shopper
u4420,31,F,online_shopper
u5844,28,F,music_lover
u5430,46,M,online_shopper
u9282,32,F,traveler
u6557,48,M,online_shopper
u4767,18,M,sports_fan
u5509,37,F,traveler
u8147,29,M,traveler
u7708,49,M,music_lover
u7078,28,M,music_lover
u2356,32,F,sports_fan
u1564,26,F,traveler
u1499,29,F,sports_fan
u1089,18,F,music_lover
u6078,39,M,sports_fan
u4194,39,F,sports_fan
u6968,44,M,music_lover
u9438,19,M,traveler
u8774,34,M,sports_fan
u9898,18,M,sports_fan
u2247,27,F,traveler
u6711,30,F,music_lover
u9593,46,M,traveler
u4122,32,F,music_lover
u8394,22,F,sports_fan
u3682,28,M,traveler
u1322,38,F,online_shopper
u8596,44,F,online_shopper
u7725,43,M,sports_fan
u1234,24,F,sports_fan
u3193,42,F,online_shopper
u2108,21,F,traveler
u3934,37,M,traveler
u4034,44,M,traveler
u3623,28,F,music_lover
u4514,24,F,online_shopper
u1399,31,M,online_shopper
u3245,42,F,music_lover
u8335,24,M,sports_fan
u7095,41,M,music_lover
u9396,27,F,traveler
u7552,33,F,sports_fan
u4488,48,M,sports_fan
u9322,24,F,online_shopper
u8957,42,F,music_lover
u5637,39,M,sports_fan
u7623,28,M,music_lover
u4518,42,M,sports_fan
u5984,36,F,traveler
u6492,21,M,music_lover
u7642,42,F,traveler
u8282,19,F,music_lover
u7144,45,F,sports_fan
u3514,33,F,music_lover
u9178,19,F,sports_fan
u7173,43,F,sports_fan
u5706,25,M,music_lover
u4951,28,F,online_shopper
u5221,43,M,traveler
u6512,23,F,music_lover
u2589,38,M,sports_fan
u5745,35,F,sports_fan
u9180,34,F,traveler
u2452,47,F,sports_fan
u9933,36,F,music_lover
u7107,28,F,online_shopper
u5173,23,M,online_shopper
u9786,46,F,traveler
u9490,44,F,sports_fan
u6769,44,M,traveler
u1201,29,M,traveler
u3936,29,M,sports_fan
u5442,48,F,online_shopper
u7048,29,F,sports_fan
u4613,22,M,traveler
u4162,23,M,sports_fan
u5267,32,F,traveler
u2093,44,F,sports_fan
u3390,49,F,sports_fan
u9387,24,F,traveler
u1420,24,F,online_shopper
u8537,20,M,online_shopper
u8683,44,F,online_shopper
u9658,43,M,traveler
u1081,41,F,traveler
u4741,25,F,music_lover
u1659,48,F,online_shopper
u8200,28,F,sports_fan
u6984,36,F,music_lover
u3405,39,M,traveler
u2391,42,M,sports_fan
u9707,18,M,traveler
u2551,44,M,sports_fan
u2008,19,M,music_lover
u1859,35,M,sports_fan
u2132,49,M,sports_fan
u3387,38,F,music_lover
u1316,46,F,traveler
u6348,39,M,online_shopper
u9611,36,M,traveler
u8872,37,F,traveler
u8169,43,M,traveler
u1714,45,F,sports_fan
u1321,30,M,online_shopper
u4081,35,F,sports_fan
u7819,45,F,sports_fan
u4441,36,M,traveler
u4688,45,M,sports_fan
u4517,25,F,traveler
u7943,32,M,music_lover
u1579,38,M,online_shopper
u4576,35,F,traveler
u3902,27,F,traveler
u6509,32,M,sports_fan
u5261,27,F,traveler
u1102,44,M,online_shopper
u9597,48,F,traveler
u6180,35,M,sports_fan
u4652,37,M,music_lover
u9336,42,M,online_shopper
u1552,47,F,traveler
u7031,23,F,music_lover
u8996,18,F,online_shopper
u2162,31,F,online_shopper
u1518,44,M,traveler
u1467,37,M,online_shopper
u9084,47,F,sports_fan
u6934,20,M,music_lover
u5760,18,F,traveler
u1701,39,M,sports_fan
u3589,27,F,sports_fan
u2539,34,M,music_lover
u5717,18,F,online_shopper
u7703,33,F,music_lover
u4718,40,M,sports_fan
u6343,18,M,traveler
u5193,44,F,sports_fan
u9833,46,M,online_shopper
u7606,20,F,traveler
u5234,22,F,sports_fan
u1962,36,F,sports_fan
u3795,48,F,traveler
u2111,39,M,traveler
u7869,48,M,sports_fan
u9913,31,M,sports_fan
u4637,31,M,sports_fan
u5654,42,F,traveler
u1849,35,F,sports_fan
u1733,24,F,music_lover
u9264,37,M,sports_fan
u2867,49,M,online_shopper
u8384,46,F,traveler
u8533,28,M,online_shopper
u9482,39,M,music_lover
u6044,27,M,sports_fan
u5331,29,F,traveler
u3146,27,F,music_lover
u8597,23,M,music_lover
u7113,48,F,online_shopper
u7157,25,F,online_shopper
u1928,24,F,traveler
u9756,30,F,music_lover
u9034,38,M,sports_fan
u5449,40,M,online_shopper
u8755,48,F,sports_fan
u5842,29,F,sports_fan
u8679,29,F,traveler
u2750,47,F,music_lover
u2490,39,M,music_lover
u9575,30,M,sports_fan
u3896,38,M,traveler
u9853,26,F,online_shopper
u9083,37,F,online_shopper
u2706,45,M,online_shopper
u2003,24,M,online_shopper
u8236,46,M,sports_fan
u8838,33,F,online_shopper
u1697,40,F,online_shopper
u2923,36,F,music_lover
u2703,41,F,online_shopper
u6614,42,M,music_lover
u6508,28,F,online_shopper
u9783,48,F,music_lover
u7534,22,M,sports_fan
u4745,34,M,online_shopper
u3797,18,F,traveler
u9325,22,M,traveler
u2350,47,M,music_lover
u8670,49,M,online_shopper
u3559,49,M,sports_fan
u4661,19,F,sports_fan
u7650,19,M,sports_fan
u3671,29,M,sports_fan
u6088,46,M,online_shopper
u4190,39,M,sports_fan
u4707,22,F,online_shopper
u4368,47,M,sports_fan
u6630,28,F,traveler
u1490,30,F,online_shopper
u3406,35,M,sports_fan
u9758,31,F,sports_fan
u8795,22,M,music_lover
u5746,28,M,sports_fan
u6678,21,M,traveler
u9446,39,M,online_shopper
u8776,34,F,music_lover
u3424,31,M,sports_fan
u5501,45,M,sports_fan
u5290,20,M,music_lover
u3952,38,M,online_shopper
u7737,41,F,traveler
u3599,19,M,music_lover
u3057,25,F,music_lover
u5901,41,M,sports_fan
u5938,33,F,traveler
u3266,23,M,online_shopper
u2454,38,M,online_shopper
u9981,49,M,traveler
u8285,24,F,music_lover
u5928,39,F,traveler
u7405,32,M,music_lover
u8323,26,F,sports_fan
u7417,35,F,traveler
u2826,29,F,traveler
u5131,23,F,sports_fan
u1806,44,M,music_lover
u7288,29,M,music_lover
u1814,24,M,traveler
u7387,32,F,traveler
u7860,18,F,online_shopper
u5220,32,F,music_lover
u1208,31,F,sports_fan
u6580,42,M,music_lover
u9360,30,M,online_shopper
u5351,41,F,online_shopper
u3148,38,F,traveler
u3811,31,M,online_shopper
u3386,32,F,online_shopper
u5373,38,F,online_shopper
u9606,26,F,sports_fan
u8393,35,F,traveler
u5702,23,F,online_shopper
u9087,37,F,sports_fan
u1118,21,M,traveler
u4560,25,F,traveler
u7118,36,M,sports_fan
u7021,28,M,online_shopper
u9437,25,F,online_shopper
u4590,48,F,traveler
u8945,27,M,sports_fan
u2649,46,M,traveler
u8470,22,F,sports_fan
u4569,19,F,online_shopper
u9332,48,M,traveler
u8003,29,M,sports_fan
u9371,38,F,music_lover
u7680,37,F,music_lover
u2963,42,M,sports_fan
u4430,23,F,sports_fan
u7333,28,F,sports_fan
u7374,46,F,music_lover
u4761,36,F,sports_fan
u7281,35,F,online_shopper
u2430,47,M,music_lover
u1786,24,M,sports_fan
u7436,34,M,music_lover
u2175,38,M,music_lover
u9953,38,F,music_lover
u7621,21,M,online_shopper
u7069,49,F,online_shopper
u7878,20,M,traveler
u9983,48,F,online_shopper
u3428,42,F,music_lover
u8309,47,F,sports_fan
u8804,21,F,traveler
u7914,31,M,music_lover
u5241,26,M,sports_fan
u8357,40,F,traveler
u2016,42,F,traveler
u3529,35,F,sports_fan
u4144,35,F,traveler
u4811,33,F,online_shopper
u1054,45,F,sports_fan
u5841,29,M,sports_fan
u9117,25,M,online_shopper
u8407,47,F,sports_fan
u4320,45,M,online_shopper
u3310,26,M,traveler
u4184,46,M,music_lover
u2967,35,M,sports_fan
u9177,23,M,online_shopper
u7528,31,M,music_lover
u9025,23,M,music_lover
u5741,24,F,online_shopper
u1680,22,F,sports_fan
u5185,20,M,sports_fan
u2085,27,F,sports_fan
u4238,47,F,traveler
u1439,33,M,sports_fan
u6861,28,F,online_shopper
u2237,20,F,music_lover
u1360,32,M,sports_fan
u7056,29,M,traveler
u5314,39,M,online_shopper
u9592,18,F,online_shopper
u3656,30,F,traveler
u7242,48,M,sports_fan
u6318,33,M,sports_fan
u3445,41,F,music_lover
u2045,24,F,online_shopper
u2819,24,F,online_shopper
u9008,23,M,music_lover
u8192,20,F,sports_fan
u8504,47,F,sports_fan
u3283,29,M,sports_fan
u2192,26,F,sports_fan
u5866,43,M,music_lover
u9780,28,F,traveler
u7685,23,F,traveler
u9400,29,F,online_shopper
u7122,33,F,sports_fan
u4414,39,F,music_lover
u3720,39,F,traveler
u4268,39,M,traveler
u4588,23,M,music_lover
u6877,29,F,online_shopper
u1495,21,M,music_lover
u7981,35,F,online_shopper
u5502,34,M,sports_fan
u7237,25,M,online_shopper
u5875,49,M,sports_fan
u1223,30,M,sports_fan
u5857,22,M,sports_fan
u9395,20,M,music_lover
u5619,42,M,traveler
u5181,36,M,music_lover
u1720,22,F,music_lover
u5275,35,M,traveler
u2757,23,M,traveler
u3191,26,F,traveler
u5465,34,F,traveler
u5382,28,F,sports_fan
u6974,32,M,traveler
u2280,36,F,music_lover
u1105,33,M,sports_fan
u9138,43,F,music_lover
u3401,18,M,sports_fan
u1605,32,M,sports_fan
u5137,38,F,online_shopper
u8558,22,F,sports_fan
u9203,37,F,online_shopper
u6139,22,F,online_shopper
u5863,49,M,sports_fan
u7959,33,F,traveler
u9294,25,M,traveler
u6707,47,F,music_lover
u6833,41,M,music_lover
u7929,23,F,online_shopper
u2501,29,M,sports_fan
u8970,49,F,sports_fan
u1533,21,F,sports_fan
u5643,33,F,online_shopper
u3160,28,M,sports_fan
u5854,30,M,music_lover
u4888,37,F,traveler
u6542,32,F,online_shopper
u6411,38,F,traveler
u3531,22,M,online_shopper
u1708,30,F,traveler
u5443,19,F,online_shopper
u3808,29,M,traveler
u3414,23,F,music_lover
u2443,46,M,music_lover
u1363,40,F,online_shopper
u3171,20,F,music_lover
u9764,27,F,traveler
u9848,37,M,music_lover
u5228,42,F,music_lover
u5187,21,F,traveler
u8406,27,M,traveler
u7559,44,M,sports_fan
u5734,24,M,sports_fan
u9572,35,F,online_shopper
u9531,38,F,online_shopper
u1465,39,F,sports_fan
u7999,31,M,traveler
u8576,35,M,online_shopper
u8023,18,F,traveler
u4073,42,M,sports_fan
u8104,40,M,sports_fan
u9504,41,M,online_shopper
u7540,38,F,sports_fan
u2550,38,M,online_shopper
u5034,34,F,music_lover
u2314,47,F,traveler
u7632,49,F,traveler
u3347,20,M,traveler
u5583,32,M,music_lover
u3288,31,F,sports_fan
u2915,24,F,sports_fan
u8074,47,M,music_lover
u4694,27,F,music_lover
u6658,42,M,sports_fan
u7258,46,M,music_lover
u4548,46,M,sports_fan
u3032,25,M,music_lover
u8237,49,M,music_lover
u1387,28,F,sports_fan
u4232,45,F,sports_fan
u8917,22,F,sports_fan
u8062,49,M,sports_fan
u9382,20,F,online_shopper
u7961,42,F,online_shopper
u8209,37,M,sports_fan
u2996,26,F,traveler
u2676,36,M,traveler
u7010,24,M,online_shopper
u5146,18,M,music_lover
u5358,27,M,sports_fan
u3194,44,M,online_shopper
u1869,29,F,traveler
u9415,32,F,sports_fan
u5380,38,M,music_lover
u2572,42,M,music_lover
u4180,44,M,traveler
u6669,42,F,traveler
u6523,39,M,sports_fan
u2520,28,M,online_shopper
u4814,23,M,sports_fan
u2461,20,M,sports_fan
u1101,47,M,music_lover
u9031,45,F,sports_fan
u6050,26,F,online_shopper
u4482,34,F,sports_fan
u8417,40,F,traveler
u7447,36,M,sports_fan
u6767,19,F,traveler
u2788,38,F,music_lover
u8621,22,M,music_lover
u1408,35,M,music_lover
u4215,49,M,music_lover
u3815,29,F,online_shopper
u4687,41,F,music_lover
u2179,32,M,sports_fan
u1458,31,F,music_lover
u1229,19,F,traveler
u9952,41,M,traveler
u1260,39,M,online_shopper
u2584,27,M,online_shopper
u8376,37,M,music_lover
u4526,20,M,music_lover
u8303,47,F,traveler
u7291,26,F,music_lover
u2210,32,F,music_lover
u2106,47,F,sports_fan
u3748,39,F,sports_fan
u8811,38,M,online_shopper
u9665,47,F,music_lover
u2427,46,F,music_lover
u9683,46,F,traveler
u8047,43,M,sports_fan
u7864,20,F,music_lover
u1062,36,F,sports_fan
u2809,23,F,online_shopper
u9883,43,F,traveler
u6459,37,F,online_shopper
u3368,21,F,music_lover
u4596,49,M,music_lover
u1410,28,M,music_lover
u8956,25,M,sports_fan
u8754,35,F,sports_fan
u7690,39,M,online_shopper
u7795,30,M,sports_fan
u8154,32,F,music_lover
u2453,33,M,online_shopper
u7053,42,M,traveler
u6194,20,F,music_lover
u2133,22,F,sports_fan
u6656,44,M,sports_fan
u9643,24,M,music_lover
u3268,18,F,music_lover
u2221,25,F,online_shopper
u5633,23,M,traveler
u6137,21,M,sports_fan
u7343,28,F,sports_fan
u2823,23,M,online_shopper
u9480,35,F,online_shopper
u1426,37,M,traveler
u4451,41,F,traveler
u5878,37,F,traveler
u3137,38,F,sports_fan
u4487,19,M,online_shopper
u4313,47,M,sports_fan
u9591,36,M,sports_fan
u9379,48,F,online_shopper
u3699,36,M,traveler
u9188,49,F,online_shopper
u7749,35,M,online_shopper
u6611,45,M,sports_fan
u2420,41,M,online_shopper
u2937,28,M,sports_fan
u4481,20,F,traveler
u4456,28,F,traveler
u7845,18,F,music_lover
u9583,19,M,online_shopper
u6317,41,F,traveler
u6688,18,M,sports_fan
u4621,18,M,sports_fan
u6956,30,F,sports_fan
u2304,44,F,traveler
u7665,18,F,online_shopper
u7727,27,F,online_shopper
u7504,46,M,traveler
u3100,30,F,traveler
u7600,25,M,music_lover
u2940,39,M,online_shopper
u3065,24,M,music_lover
u4947,37,M,music_lover
u3691,29,M,music_lover
u2282,25,F,music_lover
u8637,30,M,online_shopper
u8097,19,F,music_lover
u8977,26,F,online_shopper
u7377,37,M,traveler
u7625,34,F,online_shopper
u2366,48,F,traveler
u4181,35,M,online_shopper
u1637,41,F,online_shopper
u8123,33,M,online_shopper
u1566,26,F,sports_fan
u9641,22,F,online_shopper
u7475,37,F,traveler
u9000,33,F,online_shopper
u3227,43,M,music_lover
u3794,30,F,traveler
u4043,40,F,music_lover
u2334,19,M,traveler
u6954,40,M,music_lover
u6616,47,F,traveler
u2281,29,F,music_lover
u3234,26,M,music_lover
u2802,19,M,traveler
u2965,29,M,traveler
u5405,41,M,traveler
u3173,39,F,music_lover
u9651,23,M,online_shopper
u7086,30,M,traveler
u4822,33,F,traveler
u7397,37,M,online_shopper
u4008,42,M,music_lover
u1906,25,F,sports_fan
u6287,24,M,sports_fan
u9181,45,M,online_shopper
u7414,32,M,online_shopper
u8949,22,M,sports_fan
u6782,38,F,sports_fan
u3694,35,M,music_lover
u5850,38,M,sports_fan
u6952,36,M,music_lover
u8650,30,F,traveler
u1170,40,F,online_shopper
u1374,42,M,traveler
u1290,33,F,online_shopper
u1112,30,F,traveler
u2394,43,M,music_lover
u1890,48,M,online_shopper
u6958,46,F,traveler
u6572,45,M,online_shopper
u6426,31,M,music_lover
u9502,33,F,sports_fan
u7620,39,M,traveler
u8523,29,M,online_shopper
u7032,29,F,sports_fan
u5069,28,F,sports_fan
u6537,49,F,online_shopper
u3780,43,F,sports_fan
u1354,45,F,online_shopper
u7403,40,M,online_shopper
u8661,45,F,music_lover
u5536,40,F,online_shopper
u7656,24,M,traveler
u2376,47,F,music_lover
u1356,21,F,music_lover
u3897,23,F,music_lover
u9803,40,M,music_lover
u4575,31,F,traveler
u2146,43,F,traveler
u5019,48,M,music_lover
u6753,48,M,sports_fan
u4098,31,F,traveler
u4906,29,F,traveler
u1441,32,M,music_lover
u8438,28,F,traveler
u3843,21,F,music_lover
u6736,42,F,sports_fan
u4053,28,F,music_lover
u4606,42,M,sports_fan
u1719,29,M,traveler
u6828,37,M,sports_fan
u7968,25,M,music_lover
u7634,41,F,online_shopper
u4543,35,F,traveler
u1795,23,F,online_shopper
u6051,26,M,music_lover
u4105,41,M,online_shopper
u9615,34,F,traveler
u8331,22,M,music_lover
u8521,33,M,music_lover
u3076,30,F,sports_fan
u1437,30,F,music_lover
u4267,38,F,music_lover
u1966,26,F,online_shopper
u9018,19,M,sports_fan
u5667,38,M,sports_fan
u2105,33,F,online_shopper
u7757,18,F,music_lover
u4723,25,F,traveler
u3893,41,F,sports_fan
u9914,19,F,sports_fan
u8550,27,F,traveler
u6312,30,M,traveler
u6378,18,M,online_shopper
u6203,20,M,sports_fan
u3650,26,F,music_lover
u6645,40,F,online_shopper
u6486,40,M,traveler
u1599,43,F,music_lover
u6311,21,M,traveler
u3189,48,M,traveler
u3834,22,M,sports_fan
u5652,40,M,online_shopper
u9301,19,M,music_lover
u6719,32,M,sports_fan
u1994,20,M,music_lover
u9246,36,F,music_lover
u8348,28,M,online_shopper
u3915,24,F,music_lover
u1521,24,M,sports_fan
u9734,44,F,sports_fan
u4138,39,F,sports_fan
u1652,34,F,sports_fan
u6766,43,F,music_lover
u6268,44,M,sports_fan
u8220,32,M,online_shopper
u8343,25,M,music_lover
u5113,27,F,online_shopper
u2536,32,F,sports_fan
u4178,49,F,online_shopper
u4127,43,M,traveler
u2053,48,M,sports_fan
u5913,37,F,music_lover
u7948,41,M,online_shopper
u8888,24,M,music_lover
u9069,34,F,sports_fan
u1015,40,M,music_lover
u8362,37,M,online_shopper
u3624,38,M,online_shopper
u9788,30,M,traveler
u1128,23,M,traveler
u1967,22,M,online_shopper
u4139,33,M,traveler
u9290,45,M,sports_fan
u3092,19,M,online_shopper
u5529,49,F,online_shopper
u3762,41,M,online_shopper
u5182,41,M,music_lover
u3270,47,F,sports_fan
u7793,22,F,sports_fan
u6383,47,F,sports_fan
u1160,22,M,sports_fan
u2663,29,M,online_shopper
u7496,40,M,traveler
u3920,35,M,sports_fan
u6554,38,M,sports_fan
u9852,18,M,traveler
u1263,49,F,online_shopper
u8290,30,M,online_shopper
u2860,37,M,online_shopper
u6394,29,M,online_shopper
u5715,25,M,traveler
u1099,18,F,music_lover
u4015,32,M,traveler
u8770,27,F,sports_fan
u9401,18,F,online_shopper
u9499,31,F,sports_fan
u2104,30,F,music_lover
u9223,37,F,online_shopper
u4587,27,F,music_lover
u3372,49,F,sports_fan
u6290,22,M,traveler
u1690,26,M,music_lover
u5527,48,F,traveler
u9358,31,F,sports_fan
u4556,38,F,sports_fan
u4447,18,M,sports_fan
u3030,32,F,sports_fan
u8554,44,F,sports_fan
u7190,36,F,online_shopper
u8026,37,F,online_shopper
u8398,48,M,traveler
u4009,24,M,music_lover
u3321,35,F,music_lover
u5099,21,M,online_shopper
u6724,41,M,sports_fan
u9307,38,F,sports_fan
u6625,23,F,online_shopper
u2760,20,F,sports_fan
u9516,21,F,music_lover
u4063,42,F,sports_fan
u6419,19,F,sports_fan
u7739,20,F,music_lover
u3360,35,M,music_lover
u8842,19,F,online_shopper
u7875,44,F,sports_fan
u2686,42,M,traveler
u6231,48,M,music_lover
u7030,25,F,music_lover
u2654,24,F,music_lover
u4755,47,M,music_lover
u6228,26,M,music_lover
u9662,48,M,music_lover
u3058,41,F,online_shopper
u4524,26,M,sports_fan
u8919,19,M,traveler
u3003,24,F,traveler
u6012,42,M,traveler
u9250,30,F,sports_fan
u7593,47,F,traveler
u9227,46,M,sports_fan
u7365,42,F,sports_fan
u6499,25,M,sports_fan
u7231,18,M,sports_fan
u9731,20,F,traveler
u8904,25,M,sports_fan
u8803,49,M,online_shopper
u3727,36,M,music_lover
u2891,21,M,music_lover
u2143,27,M,music_lover
u6858,35,M,online_shopper
u8367,36,F,music_lover
u8647,38,M,traveler
u3392,29,M,traveler
u2685,28,F,online_shopper
u7743,49,M,online_shopper
u3231,23,M,online_shopper
u7791,23,F,online_shopper
u3230,40,F,music_lover
u5927,45,M,sports_fan
u1643,43,F,music_lover
u3114,25,M,online_shopper
u9143,39,M,traveler
u3239,27,F,online_shopper
u8886,39,F,online_shopper
u8125,19,F,music_lover
u9179,30,F,sports_fan
u4738,36,M,music_lover
u1346,49,F,online_shopper
u4740,39,F,traveler
u2227,39,F,sports_fan
u3069,23,M,online_shopper
u9716,48,M,traveler
u1650,21,F,traveler
u3164,48,M,traveler
u2390,28,M,sports_fan
u2182,35,F,sports_fan
u7669,41,M,online_shopper
u2843,19,M,music_lover
u3229,20,M,music_lover
u4658,34,M,sports_fan
u4632,26,M,online_shopper
u7557,36,M,online_shopper
u2167,35,M,online_shopper
u8612,23,M,music_lover
u7769,41,M,sports_fan
u4346,21,M,online_shopper
u3673,34,M,music_lover
u9900,47,M,music_lover
u1954,40,F,music_lover
u8477,47,F,online_shopper
u6866,47,M,sports_fan
u3326,36,F,traveler
u9714,38,M,online_shopper
u4343,28,F,traveler
u2865,35,M,music_lover
u5885,48,M,music_lover
u2517,49,F,sports_fan
u7583,41,F,music_lover
u8248,33,M,music_lover
u4033,49,F,music_lover
u6354,36,M,sports_fan
u9004,26,M,music_lover
u6266,34,M,online_shopper
u3412,33,F,music_lover
u1782,23,F,music_lover
u5830,36,M,music_lover
u4937,47,M,music_lover
u3888,21,F,online_shopper
u7628,28,M,online_shopper
u4592,37,M,online_shopper
u1385,32,M,traveler
u1935,41,F,online_shopper
u9888,26,M,online_shopper
u5948,48,M,sports_fan
u4067,38,M,traveler
u8046,45,M,online_shopper
u5544,28,M,sports_fan
u5323,27,M,online_shopper
u8272,27,M,sports_fan
u9076,36,M,traveler
u5293,42,M,music_lover
u1633,49,M,online_shopper
u6076,18,M,sports_fan
u9168,34,F,music_lover
u9067,36,F,online_shopper
u5135,35,M,sports_fan
u6240,41,M,music_lover
u8492,38,F,sports_fan
u2422,43,F,online_shopper
u8997,34,M,music_lover
u9543,36,F,music_lover
u6835,20,M,music_lover
u2278,30,M,traveler
u4622,19,F,online_shopper
u8866,26,F,music_lover
u3564,49,M,sports_fan
u6526,30,F,traveler
u5402,49,M,online_shopper
u4362,18,F,music_lover
u5571,49,M,online_shopper
u3308,27,M,online_shopper
u6949,38,F,music_lover
u8965,42,M,music_lover
u4648,45,F,music_lover
u2595,20,M,sports_fan
u5209,27,M,traveler
u3515,36,M,traveler
u5716,24,F,traveler
u2022,34,F,traveler
u6689,46,M,music_lover
u1212,42,M,sports_fan
u7992,40,M,traveler
u4778,47,F,traveler
u8418,45,F,music_lover
u5758,29,M,online_shopper
u1730,25,M,online_shopper
u3877,35,F,traveler
u8653,48,M,music_lover
u5915,20,M,music_lover
u6254,47,F,music_lover
u8080,42,F,online_shopper
u2523,47,M,online_shopper
u1611,48,F,online_shopper
u9560,49,M,music_lover
u4258,21,F,music_lover
u7812,49,F,online_shopper
u8617,38,F,traveler
u2200,42,F,sports_fan
u9078,43,F,music_lover
u6049,25,F,music_lover
u2905,22,M,sports_fan
u8564,28,M,traveler
u2361,19,M,online_shopper
u3226,36,M,music_lover
u2518,20,F,sports_fan
u9897,29,F,traveler
u7865,24,M,sports_fan
u1196,49,F,online_shopper
u9261,23,F,sports_fan
u3873,40,M,traveler
u6729,25,M,online_shopper
u1380,44,M,sports_fan
u9660,22,F,music_lover
u7928,30,F,online_shopper
u9295,48,F,online_shopper
u8517,30,M,sports_fan
u1861,39,F,music_lover
u7803,18,F,traveler
u1058,31,F,sports_fan
u2781,21,F,sports_fan
u1644,39,M,sports_fan
u4732,37,F,music_lover
u7223,46,F,music_lover
u1530,49,F,sports_fan
u1917,18,M,online_shopper
u9737,49,F,online_shopper
u1139,31,M,traveler
u4114,36,F,online_shopper
u9772,36,F,online_shopper
u2886,20,F,sports_fan
u7193,37,M,sports_fan
u6415,28,F,music_lover
u5905,26,M,online_shopper
u4119,42,M,sports_fan
u1462,47,M,traveler
u3857,41,F,online_shopper
u3279,47,F,online_shopper
u6731,36,F,sports_fan
u7104,45,M,traveler
u2977,19,F,sports_fan
u2902,30,M,traveler
u8270,20,M,traveler
u9513,48,M,sports_fan
u6258,28,M,online_shopper
u6489,31,F,music_lover
u5065,32,M,online_shopper
u4134,22,M,sports_fan
u9774,24,M,traveler
u9771,19,M,traveler
u9830,23,M,online_shopper
u2769,28,M,music_lover
u2689,44,F,sports_fan
u9652,19,F,traveler
u4400,30,F,sports_fan
u5098,18,F,online_shopper
u5305,48,M,traveler
u5431,44,M,traveler
u8453,20,F,traveler
u5650,47,F,sports_fan
u5730,49,M,music_lover
u4608,37,F,traveler
u8793,19,M,sports_fan
u7666,36,F,online_shopper
u7449,45,F,sports_fan
u4863,39,F,online_shopper
u3075,47,F,sports_fan
u9436,26,M,sports_fan
u6057,35,M,online_shopper
u5682,40,M,traveler
u4716,18,M,music_lover
u2522,37,F,online_shopper
u1925,31,M,music_lover
u3033,46,M,online_shopper
u1572,31,M,sports_fan
u6975,35,M,traveler
u9115,30,M,traveler
u2267,21,F,music_lover
u3839,35,F,online_shopper
u8772,36,F,online_shopper
u3068,41,M,online_shopper
u9674,21,M,online_shopper
u3123,23,F,music_lover
u7464,29,F,music_lover
u3043,26,M,music_lover
u9703,30,M,music_lover
u4218,41,M,online_shopper
u8333,31,F,music_lover
u3214,32,F,music_lover
u4936,31,F,sports_fan
u2669,35,F,sports_fan
u6624,47,F,music_lover
u7176,49,F,sports_fan
u9373,49,F,sports_fan
u4886,19,F,sports_fan
u3355,20,F,sports_fan
u2381,35,F,traveler
u7735,36,F,online_shopper
u1558,35,M,sports_fan
u5223,32,F,online_shopper
u4095,39,F,online_shopper
u1361,42,F,sports_fan
u4810,41,M,online_shopper
u3064,23,M,traveler
u6589,21,M,online_shopper
u8358,27,M,online_shopper
u4126,29,M,online_shopper
u6310,22,F,sports_fan
u7345,37,F,sports_fan
u5670,22,M,traveler
u8033,33,F,online_shopper
u4196,35,M,sports_fan
u2675,32,F,music_lover
u1264,25,F,music_lover
u8753,18,F,sports_fan
u8710,26,F,music_lover
u9807,29,F,traveler
u5177,18,F,sports_fan
u2928,22,F,online_shopper
u6271,26,F,traveler
u7192,18,F,sports_fan
u4715,49,M,traveler
u1154,47,M,online_shopper
u9121,31,F,music_lover
u9470,34,F,online_shopper
u3947,20,M,online_shopper
u5435,33,M,music_lover
u2804,25,M,traveler
u8598,36,M,sports_fan
u3400,45,M,sports_fan
u6911,32,F,traveler
u8701,47,F,sports_fan
u3964,19,M,sports_fan
u4796,23,M,online_shopper
u4867,27,M,online_shopper
u1457,38,M,traveler
u9216,30,M,music_lover
u3807,45,F,music_lover
u6269,32,M,online_shopper
u8016,28,F,music_lover
u4786,26,F,sports_fan
u2643,44,M,online_shopper
u3672,31,M,music_lover
u8847,20,F,music_lover
u5022,47,F,sports_fan
u4549,37,F,online_shopper
u3580,44,F,music_lover
u4397,43,F,music_lover
u7605,49,M,music_lover
u6186,33,M,traveler
u8487,25,F,sports_fan
u6276,28,F,traveler
u4501,19,M,music_lover
u6697,22,F,online_shopper
u7787,46,M,sports_fan
u7402,47,M,online_shopper
u7170,29,F,sports_fan
u6405,26,M,traveler
u6517,28,M,traveler
u3558,33,F,music_lover
u6521,42,M,traveler
u8069,27,M,traveler
u2064,42,F,online_shopper
u1914,28,M,music_lover
u3452,47,M,online_shopper
u2144,18,F,traveler
u9024,18,F,traveler
u5954,18,M,music_lover
u5020,41,M,music_lover
u1461,37,F,online_shopper
u9428,32,F,traveler
u6013,26,F,sports_fan
u2565,44,M,online_shopper
u2544,23,F,sports_fan
u2999,36,F,online_shopper
u8546,25,M,traveler
u9844,34,F,traveler
u9625,29,F,online_shopper
u3300,19,F,online_shopper
u4243,25,M,sports_fan
u2890,18,F,traveler
u3261,45,M,music_lover
u8568,30,M,sports_fan
u3942,28,M,music_lover
u5354,38,F,music_lover
u4494,36,F,online_shopper
u8305,19,F,online_shopper
u8258,47,M,music_lover
u3754,37,M,sports_fan
u3620,35,F,online_shopper
u9462,38,F,traveler
u4030,41,M,music_lover
u8392,21,M,online_shopper
u7686,24,M,sports_fan
u1152,22,M,online_shopper
u4708,26,M,music_lover
u2134,48,F,music_lover
u6014,30,F,online_shopper
u9997,35,M,traveler
u3140,32,F,traveler
u9987,35,M,sports_fan
u7581,18,F,traveler
u8723,21,M,sports_fan
u5023,30,F,traveler
u4749,31,F,traveler
u8223,25,M,music_lover
u6600,38,F,online_shopper
u4748,22,M,music_lover
u2898,37,M,sports_fan
u6742,48,F,traveler
u5003,24,F,online_shopper
u4303,43,M,sports_fan
u8141,41,F,music_lover
u6080,26,F,traveler
u5989,23,F,traveler
u9595,29,F,online_shopper
u3489,42,F,sports_fan
u6932,28,F,online_shopper
u7294,32,M,online_shopper
u2896,34,M,sports_fan
u1327,48,F,music_lover
u1422,20,F,sports_fan
u3562,34,M,sports_fan
u3125,44,M,online_shopper
u8605,38,F,online_shopper
u1846,25,M,sports_fan
u3675,39,F,sports_fan
u5560,29,F,music_lover
u4515,30,F,traveler
u9608,43,M,online_shopper
u7473,29,M,sports_fan
u9466,22,M,music_lover
u4667,18,M,online_shopper
u7925,45,F,traveler
u6971,34,M,music_lover
u5296,22,F,traveler
u1679,45,F,sports_fan
u4993,38,F,online_shopper
u3922,25,M,music_lover
u7611,19,M,sports_fan
u7409,40,F,music_lover
u1157,22,F,music_lover
u9247,31,M,sports_fan
u5140,19,M,online_shopper
u3029,38,M,sports_fan
u3598,29,F,online_shopper
u9530,42,M,music_lover
u4834,45,M,music_lover
u8377,46,M,sports_fan
u6720,31,M,music_lover
u5727,22,M,music_lover
u2136,38,M,traveler
u8725,44,F,traveler
u2158,35,M,traveler
u4764,42,M,online_shopper
u7717,35,F,traveler
u5366,33,M,sports_fan
u4973,46,M,traveler
u6754,22,F,online_shopper
u5129,19,M,traveler
u5843,35,M,sports_fan
u5117,39,F,traveler
u8511,43,F,traveler
u3534,20,F,music_lover
u6821,43,M,traveler
u5327,46,M,traveler
u4542,26,F,music_lover
u8330,45,F,traveler
u4919,23,M,sports_fan
u2414,43,M,sports_fan
u2661,43,M,traveler
u8276,35,M,sports_fan
u7844,47,M,music_lover
u9877,18,M,traveler
u6008,48,F,traveler
u7488,49,F,online_shopper
u3728,35,M,music_lover
u7164,43,M,music_lover
u2853,39,M,traveler
u8320,19,F,traveler
u8649,40,F,music_lover
u4155,40,M,sports_fan
u9390,34,F,music_lover
u5505,29,M,online_shopper
u2433,47,F,sports_fan
u9696,39,F,music_lover
u9344,38,F,traveler
u5522,41,F,music_lover
u1435,41,M,traveler
u4791,42,M,music_lover
u2645,19,M,traveler
u6597,44,M,music_lover
u7879,18,M,sports_fan
u3721,27,M,traveler
u2763,39,F,sports_fan
u9642,19,M,sports_fan
u4028,22,F,sports_fan
u2196,34,F,sports_fan
u9357,18,F,music_lover
u7918,31,F,sports_fan
u1609,38,F,traveler
u2004,23,F,traveler
u8936,28,F,music_lover
u1431,24,F,online_shopper
u7930,44,F,online_shopper
u9750,37,F,traveler
u2771,37,M,music_lover
u8519,38,M,music_lover
u3619,49,F,sports_fan
u9195,39,F,sports_fan
u6506,41,F,traveler
u2372,26,M,online_shopper
u2130,40,F,online_shopper
u4363,43,M,music_lover
u3977,20,F,online_shopper
u5058,23,F,music_lover
u2112,26,F,music_lover
u8624,23,F,online_shopper
u5721,45,F,music_lover
u4470,44,M,music_lover
u3569,27,M,music_lover
u9423,41,F,traveler
u2496,47,M,music_lover
u4291,25,M,traveler
u1353,37,F,sports_fan
u1298,33,F,online_shopper
u9923,24,F,online_shopper
u1050,40,F,music_lover
u5983,40,M,online_shopper
u9454,41,F,online_shopper
u4164,48,F,sports_fan
u8824,35,M,sports_fan
u8050,45,F,traveler
u5055,35,M,sports_fan
u5085,32,F,sports_fan
u4058,39,M,sports_fan
u3570,44,F,music_lover
u9107,23,F,traveler
u6020,22,F,online_shopper
u1307,35,F,sports_fan
u6847,25,F,traveler
u6237,20,M,traveler
u4340,33,F,sports_fan
u2530,34,M,online_shopper
u7979,34,F,music_lover
u8347,29,M,traveler
u1892,40,F,online_shopper
u3464,24,F,sports_fan
u4736,39,F,traveler
u2582,39,M,music_lover
u9903,38,M,traveler
u6604,45,F,traveler
u8974,23,M,traveler
u4900,47,M,music_lover
u9936,19,F,music_lover
u6205,22,F,online_shopper
u6595,19,M,online_shopper
u7873,47,M,traveler
u4935,20,M,online_shopper
u7577,22,F,sports_fan
u7429,48,M,music_lover
u7292,34,M,sports_fan
u3632,48,M,music_lover
u3109,44,F,music_lover
u8493,48,F,music_lover
u2442,36,F,music_lover
u8160,27,F,music_lover
u9310,29,M,music_lover
u6762,39,M,traveler
u1220,35,F,music_lover
u3325,36,F,online_shopper
u1818,30,M,traveler
u3345,42,M,online_shopper
u6798,25,M,sports_fan
u9224,20,F,music_lover
u5553,40,F,sports_fan
u2500,29,F,online_shopper
u7658,47,M,traveler
u5911,48,M,sports_fan
u1002,21,F,sports_fan
u5575,47,F,music_lover
u9893,31,F,sports_fan
u7806,24,M,sports_fan
u7248,38,F,sports_fan
u2673,45,F,online_shopper
u5852,30,F,music_lover
u3093,29,M,music_lover
u7444,32,M,music_lover
u8696,19,F,traveler
u1649,39,F,music_lover
u6341,18,F,online_shopper
u2872,23,F,music_lover
u7233,18,F,sports_fan
u1851,36,F,online_shopper
u2807,49,F,sports_fan
u9609,44,F,online_shopper
u9071,27,M,music_lover
u3340,48,F,traveler
u8614,40,M,music_lover
u8089,31,F,online_shopper
u2013,19,F,music_lover
u7171,26,M,online_shopper
u9114,49,F,music_lover
u9165,20,F,online_shopper
u9536,36,F,traveler
u2364,31,M,music_lover
u3821,33,M,music_lover
u5298,24,F,online_shopper
u1043,18,M,sports_fan
u5638,22,M,music_lover
u1370,43,M,traveler
u9061,20,M,online_shopper
u9573,34,F,music_lover
u7983,40,F,music_lover
u6349,43,F,sports_fan
u5888,31,F,traveler
u4014,33,F,online_shopper
u3252,24,F,sports_fan
u4963,26,F,music_lover
u5394,47,M,online_shopper
u4537,24,M,sports_fan
u2713,32,F,traveler
u9907,46,F,traveler
u8522,47,F,traveler
u4979,37,F,online_shopper
u9237,20,M,music_lover
u7598,39,F,music_lover
u9804,33,M,sports_fan
u6892,39,F,music_lover
u5335,35,F,traveler
u1691,24,M,traveler
u4869,48,M,traveler
u4069,34,M,online_shopper
u9016,42,M,music_lover
u6066,35,M,traveler
u3177,20,M,sports_fan
u6937,39,F,music_lover
u5639,28,M,sports_fan
u1792,49,M,sports_fan
u6967,40,F,traveler
u4499,31,F,traveler
u4966,34,F,traveler
u1466,36,M,sports_fan
u3761,39,M,sports_fan
u9645,37,F,traveler
u5111,22,M,online_shopper
u5606,46,F,sports_fan
u1156,45,M,traveler
u4306,20,F,traveler
u1712,33,M,online_shopper
u3573,47,M,traveler
u4326,41,M,traveler
u4045,18,F,online_shopper
u6890,28,M,online_shopper
u3384,27,F,music_lover
u5492,24,M,sports_fan
u5693,33,F,sports_fan
u4393,49,M,music_lover
u7785,19,M,sports_fan
u7240,25,F,music_lover
u7156,32,F,sports_fan
u1764,33,F,traveler
u7940,20,F,online_shopper
u2642,37,M,online_shopper
u4773,19,M,online_shopper
u8429,32,M,sports_fan
u8332,31,F,traveler
u2545,38,F,online_shopper
u3789,26,F,music_lover
u2425,21,F,sports_fan
u8579,40,M,sports_fan
u8215,25,M,traveler
u5664,27,F,sports_fan
u2328,49,F,online_shopper
u9596,34,M,online_shopper
u5071,23,M,music_lover
u1339,22,F,music_lover
u8287,27,F,sports_fan
u8496,43,F,music_lover
u8112,34,M,sports_fan
u6997,33,F,online_shopper
u1842,42,M,traveler
u9794,44,M,online_shopper
u5387,43,F,sports_fan
u9528,40,F,online_shopper
u3710,46,F,online_shopper
u8690,34,F,traveler
u5110,45,M,online_shopper
u8654,35,F,sports_fan
u3063,37,M,music_lover
u1396,43,M,traveler
u7903,26,M,sports_fan
u5632,28,M,sports_fan
u5028,19,M,online_shopper
u3509,31,M,traveler
u9646,32,F,traveler
u8449,18,F,online_shopper
u4673,18,F,music_lover
u5073,26,M,traveler
u3607,29,F,sports_fan
u8561,34,M,music_lover
u8174,32,M,traveler
u5708,21,F,music_lover
u1749,22,F,sports_fan
u1596,31,F,music_lover
u7416,23,F,traveler
u2578,23,F,traveler
u8501,36,M,sports_fan
u4096,40,M,sports_fan
u1203,47,M,music_lover
u6412,41,M,music_lover
u7040,18,F,sports_fan
u3259,46,F,traveler
u6421,26,M,online_shopper
u3008,46,M,online_shopper
u7385,39,F,traveler
u2791,18,F,traveler
u7942,44,M,sports_fan
u1613,42,F,online_shopper
u2921,21,F,traveler
u6824,42,F,traveler
u8420,33,M,traveler
u2526,43,F,music_lover
u7437,45,F,traveler
u8234,22,F,music_lover
u6991,33,F,online_shopper
u8933,39,M,traveler
u8520,31,M,traveler
u9823,26,F,online_shopper
u9420,31,F,sports_fan
u6206,33,M,traveler
u9474,48,M,traveler
u3946,47,F,music_lover
u7472,49,F,online_shopper
u9364,23,F,traveler
u6912,34,M,online_shopper
u2734,18,M,online_shopper
u8448,35,M,traveler
u1393,28,M,online_shopper
u9986,28,M,traveler
u4595,45,M,music_lover
u1883,29,F,sports_fan
u1768,19,M,music_lover
u1913,33,F,sports_fan
u7461,39,M,online_shopper
u3765,27,F,online_shopper
u2435,43,M,sports_fan
u7060,38,F,online_shopper
u3989,31,F,music_lover
u5115,47,F,traveler
u7607,24,M,sports_fan
u1535,25,M,traveler
u4634,43,M,traveler
u6097,27,M,online_shopper
u4904,27,F,online_shopper
u9711,27,M,online_shopper
u6204,31,M,traveler
u8730,36,F,sports_fan
u4057,26,M,music_lover
u5285,34,M,music_lover
u6665,36,F,online_shopper
u2780,19,M,traveler
u9367,32,F,sports_fan
u3128,23,F,sports_fan
u1703,49,F,traveler
u1641,46,F,traveler
u5307,46,M,sports_fan
u4140,45,M,online_shopper
u4217,33,M,traveler
u4307,34,F,music_lover
u9705,41,F,traveler
u3916,45,F,sports_fan
u8092,27,F,music_lover
u2764,29,M,sports_fan
u7400,43,F,sports_fan
u9304,29,M,music_lover
u9308,36,M,traveler
u7259,23,F,sports_fan
u5601,19,M,music_lover
u6352,38,M,sports_fan
u1761,49,M,music_lover
u6735,35,F,online_shopper
u7213,24,M,sports_fan
u4227,48,F,sports_fan
u3431,22,M,music_lover
u8228,41,M,music_lover
u4511,39,M,music_lover
u1934,46,M,music_lover
u2908,25,F,traveler
u2564,29,F,traveler
u6113,42,M,traveler
u8727,40,M,online_shopper
u3866,18,M,sports_fan
u8906,42,F,traveler
u4680,32,M,traveler
u5036,30,M,sports_fan
u5958,42,F,traveler
u9816,27,M,sports_fan
u4881,35,F,online_shopper
u3371,47,F,music_lover
u4324,35,M,online_shopper
u8631,24,M,sports_fan
u4677,32,M,sports_fan
u6201,47,M,traveler
u4084,22,F,traveler
u8452,22,M,music_lover
u2920,18,F,music_lover
u5804,23,M,traveler
u4504,33,F,traveler
u6241,25,M,online_shopper
u7160,21,F,sports_fan
u2622,30,M,online_shopper
u1480,36,F,sports_fan
u2529,27,M,music_lover
u3528,43,F,music_lover
u6101,34,M,sports_fan
u1330,37,M,music_lover
u9979,49,M,sports_fan
u4209,49,M,traveler
u8505,35,F,traveler
u8269,22,F,music_lover
u8553,29,M,music_lover
u7934,43,M,online_shopper
u7651,18,F,music_lover
u5955,42,M,sports_fan
u1964,42,F,sports_fan
u4495,38,F,sports_fan
u6284,18,M,online_shopper
u3976,20,M,traveler
u1727,24,F,sports_fan
u8790,38,F,online_shopper
u1554,28,F,online_shopper
u1901,42,F,music_lover
u7132,37,F,music_lover
u2301,38,M,traveler
u1664,32,F,online_shopper
u1780,20,M,sports_fan
u2608,25,F,online_shopper
u6150,46,F,music_lover
u9163,20,M,online_shopper
u1183,39,M,sports_fan
u5612,40,F,online_shopper
u4828,30,F,traveler
u3767,19,F,traveler
u7550,40,M,traveler
u1805,48,M,music_lover
u7832,20,F,traveler
u7019,36,F,online_shopper
u6841,32,F,sports_fan
u2949,38,M,traveler
u1178,32,M,sports_fan
u8954,37,F,music_lover
u2298,43,F,music_lover
u2006,24,F,music_lover
u4385,20,M,music_lover
u7112,42,M,traveler
u9376,34,F,online_shopper
u6098,47,M,music_lover
u2914,46,F,sports_fan
u6679,45,M,music_lover
u5319,19,M,traveler
u6404,33,M,online_shopper
u7827,28,M,online_shopper
u8227,26,M,traveler
u9558,28,F,online_shopper
u7916,41,M,traveler
u9607,40,F,traveler
u4357,42,F,online_shopper
u2574,22,F,traveler
u5232,30,M,sports_fan
u6738,36,M,traveler
u3046,30,M,music_lover
u4816,19,M,music_lover
u3070,39,F,music_lover
u7533,46,M,music_lover
u7497,19,M,traveler
u6646,25,F,traveler
u4300,22,M,traveler
u2017,28,F,music_lover
u2357,19,F,music_lover
u2738,23,F,music_lover
u4477,39,F,online_shopper
u1825,47,F,online_shopper
u2855,49,M,sports_fan
u6273,41,M,traveler
u7396,29,M,online_shopper
u5258,23,F,traveler
u2989,33,M,traveler
u4912,36,M,sports_fan
u9271,41,F,music_lover
u6026,35,M,traveler
u2697,26,M,music_lover
u7191,39,M,traveler
u8039,34,M,online_shopper
u6457,49,F,online_shopper
u3970,37,F,music_lover
u4497,34,F,music_lover
u5838,20,F,online_shopper
u1487,47,M,music_lover
u8616,32,M,online_shopper
u5620,27,F,music_lover
u5805,39,F,traveler
u9206,48,F,online_shopper
u4631,36,F,traveler
u5105,22,F,online_shopper
u2051,41,M,music_lover
u1576,41,M,music_lover
u1735,30,F,traveler
u9849,42,F,traveler
u1744,45,M,online_shopper
u1937,48,F,sports_fan
u1100,21,M,sports_fan
u5480,31,F,sports_fan
u6560,38,M,sports_fan
u8239,37,M,music_lover
u3955,24,M,traveler
u5790,45,F,sports_fan
u9202,42,F,sports_fan
u4802,23,M,traveler
u5060,28,M,online_shopper
u4823,28,M,online_shopper
u9556,35,F,music_lover
u9850,24,M,online_shopper
u7316,36,M,sports_fan
u3637,41,F,traveler
u2089,20,M,sports_fan
u1839,26,F,traveler
u8785,31,M,music_lover
u9335,34,F,music_lover
u6607,39,M,sports_fan
u2736,44,F,online_shopper
u3298,43,F,online_shopper
u4817,40,F,music_lover
u8031,20,F,traveler
u9334,23,M,traveler
u9919,28,F,music_lover
u2976,30,M,music_lover
u2120,47,F,sports_fan
u2330,43,M,online_shopper
u7094,31,F,online_shopper
u1593,20,M,online_shopper
u8594,26,M,sports_fan
u3696,23,M,music_lover
u2755,28,M,online_shopper
u4230,25,F,sports_fan
u6744,37,M,traveler
u5123,25,F,online_shopper
u3871,38,M,traveler
u2652,32,F,sports_fan
u7542,32,F,online_shopper
u4065,25,F,music_lover
u7604,30,M,online_shopper
u5588,32,F,sports_fan
u9858,33,M,traveler
u8877,46,F,online_shopper
u2399,49,M,sports_fan
u6131,19,M,sports_fan
u3048,47,M,online_shopper
u6615,46,M,sports_fan
u1819,20,F,traveler
u1270,33,F,traveler
u7480,27,M,traveler
u6726,37,M,sports_fan
u2692,18,M,traveler
u2710,22,M,music_lover
u5599,20,M,music_lover
u7487,24,F,music_lover
u8288,49,F,sports_fan
u9228,35,F,online_shopper
u9293,31,F,online_shopper
u5464,31,F,music_lover
u6107,44,F,sports_fan
u7852,31,M,music_lover
u1181,46,M,music_lover
u1384,18,F,traveler
u5932,35,M,sports_fan
u5661,20,F,music_lover
u6765,43,M,traveler
u5260,38,M,sports_fan
u6403,39,M,music_lover
u1087,41,F,online_shopper
u2363,30,M,music_lover
u9045,37,M,online_shopper
u3886,32,F,traveler
u7310,37,M,music_lover
u4390,46,F,traveler
u5175,35,M,traveler
u4584,20,F,music_lover
u3391,36,F,traveler
u7047,49,M,online_shopper
u8589,32,F,music_lover
u2436,49,M,sports_fan
u8536,35,F,online_shopper
u3712,18,M,sports_fan
u3745,35,M,sports_fan
u6931,22,F,online_shopper
u7290,41,M,traveler
u7307,48,F,traveler
u5280,38,M,music_lover
u3166,29,F,sports_fan
u2109,36,F,traveler
u8020,40,M,traveler
u7303,37,F,music_lover
u2505,40,F,sports_fan
u8172,41,M,online_shopper
u3253,36,F,online_shopper
u1591,43,M,sports_fan
u6135,18,M,traveler
u7334,49,M,traveler
u3817,41,M,online_shopper
u4539,39,F,sports_fan
u8242,20,F,traveler
u4995,42,F,music_lover
u1210,18,F,sports_fan
u6367,41,F,sports_fan
u7145,42,M,sports_fan
u4353,43,F,online_shopper
u7764,34,M,online_shopper
u5617,26,M,traveler
u3813,22,F,traveler
u9648,49,M,online_shopper
u7275,22,F,traveler
u1292,28,M,sports_fan
u2795,38,F,online_shopper
u2991,44,F,traveler
u7706,34,F,online_shopper
u3790,33,F,online_shopper
u8139,22,M,online_shopper
u8277,29,M,online_shopper
u8105,31,M,sports_fan
u8570,47,F,sports_fan
u6329,27,M,traveler
u6461,30,M,online_shopper
u4220,32,M,online_shopper
u3260,43,F,sports_fan
u4925,23,M,traveler
u4926,22,M,sports_fan
u3667,49,F,online_shopper
u9687,33,M,music_lover
u5749,23,F,traveler
u2668,46,M,online_shopper
u3499,48,M,music_lover
u3612,45,M,online_shopper
u8203,42,F,traveler
u5573,40,F,traveler
u7631,28,M,traveler
u6973,46,F,music_lover
u2583,38,F,music_lover
u9015,48,F,online_shopper
u3052,49,F,traveler
u5960,43,F,sports_fan
u8297,26,M,sports_fan
u5613,38,M,traveler
u8898,22,F,sports_fan
u7218,28,F,sports_fan
u3188,23,F,traveler
u4321,41,F,online_shopper
u4953,34,M,music_lover
u8620,26,M,sports_fan
u5555,25,M,traveler
u7284,47,F,online_shopper
u1985,24,M,traveler
u6996,49,F,online_shopper
u5943,22,M,sports_fan
u1484,34,F,sports_fan
u3236,40,M,sports_fan
u1486,26,F,sports_fan
u4206,36,M,online_shopper
u9498,29,M,traveler
u1526,49,F,online_shopper
u6340,25,M,music_lover
u9999,33,F,music_lover
u8458,31,M,online_shopper
u5324,31,M,music_lover
u1848,36,F,online_shopper
u7198,45,F,sports_fan
u6279,20,F,online_shopper
u1986,24,F,sports_fan
u9879,23,F,traveler
u6718,47,F,traveler
u4961,22,M,sports_fan
u4371,33,F,online_shopper
u2199,28,M,online_shopper
u5213,40,M,sports_fan
u9878,42,M,music_lover
u7595,18,F,online_shopper
u9296,27,M,sports_fan
u3418,46,F,music_lover
u2054,34,F,music_lover
u4770,48,M,sports_fan
u3047,38,M,online_shopper
u9413,41,F,music_lover
u9546,40,M,music_lover
u8839,24,F,music_lover
u5714,20,M,traveler
u2090,42,M,sports_fan
u2359,22,F,traveler
u1827,44,M,music_lover
u8146,47,F,music_lover
u6086,29,M,sports_fan
u7481,27,M,music_lover
u2342,20,M,sports_fan
u3044,33,F,music_lover
u8084,23,M,sports_fan
u9550,33,M,sports_fan
u7457,41,M,online_shopper
u4016,25,M,online_shopper
u7688,37,M,sports_fan
u3560,46,M,sports_fan
u3167,48,F,music_lover
u5755,37,F,music_lover
u7206,26,M,online_shopper
u3616,47,F,music_lover
u4679,47,M,sports_fan
u1119,30,M,traveler
u2141,43,F,sports_fan
u2256,19,M,sports_fan
u5813,46,F,music_lover
u3510,26,M,music_lover
u8925,46,F,sports_fan
u5204,30,F,music_lover
u1311,31,M,sports_fan
u4510,41,F,sports_fan
u1948,30,M,sports_fan
u2240,36,M,sports_fan
u8370,33,F,online_shopper
u5767,35,M,music_lover
u4843,33,M,sports_fan
u6642,19,M,sports_fan
u6701,18,M,sports_fan
u2812,27,F,music_lover
u7821,42,M,music_lover
u6166,31,M,online_shopper
u7129,34,F,traveler
u1843,35,F,online_shopper
u1877,24,F,sports_fan
u2631,38,F,online_shopper
u2087,46,M,music_lover
u6502,44,M,sports_fan
u9621,34,M,music_lover
u9116,21,M,online_shopper
u3178,29,M,traveler
u2152,39,F,sports_fan
u4508,25,F,sports_fan
u1297,19,M,traveler
u2561,43,M,sports_fan
u2149,45,F,music_lover
u8211,36,F,music_lover
u1990,48,M,online_shopper
u3614,31,M,music_lover
u3202,40,M,online_shopper
u6992,34,M,sports_fan
u9565,40,M,music_lover
u4187,34,F,music_lover
u1124,25,F,music_lover
u4466,23,F,music_lover
u9930,27,F,music_lover
u5120,47,M,sports_fan
u3582,24,M,sports_fan
u7639,19,F,traveler
u1189,32,M,sports_fan
u2369,39,F,sports_fan
u5897,22,F,online_shopper
u1280,20,F,traveler
u8479,26,F,online_shopper
u9170,22,M,online_shopper
u9381,41,M,online_shopper
u3348,37,F,online_shopper
u5780,46,M,sports_fan
u2228,23,M,traveler
u9274,21,F,online_shopper
u2100,21,F,traveler
u5203,42,F,sports_fan
u7007,38,F,traveler
u9510,34,F,traveler
u8471,32,F,sports_fan
u5499,44,M,music_lover
u5626,24,M,online_shopper
u3814,36,F,online_shopper
u7462,28,F,sports_fan
u4806,20,F,traveler
u1067,45,M,sports_fan
u9679,32,M,music_lover
u5497,39,F,traveler
u5161,36,F,music_lover
u3516,34,F,sports_fan
u7704,23,M,sports_fan
u8894,40,F,sports_fan
u9125,48,M,music_lover
u7181,22,F,online_shopper
u4298,30,F,music_lover
u8981,34,F,music_lover
u2538,19,F,music_lover
u5047,35,F,sports_fan
u5608,27,M,music_lover
u9603,41,F,online_shopper
u5043,25,M,music_lover
u6671,25,F,online_shopper
u2712,35,M,traveler
u3722,29,M,online_shopper
u9134,45,M,sports_fan
u3479,38,F,traveler
u5338,22,M,sports_fan
u1130,21,F,sports_fan
u3330,41,F,traveler
u8210,41,M,online_shopper
u4960,45,F,sports_fan
u3240,30,M,online_shopper
u1276,42,M,sports_fan
u9209,21,M,sports_fan
u9478,18,M,traveler
u8018,28,M,traveler
u6550,26,M,online_shopper
u1147,34,F,traveler
u5916,37,M,sports_fan
u3455,28,F,music_lover
u4323,27,M,music_lover
u6248,34,F,music_lover
u8446,20,F,music_lover
u7015,36,M,online_shopper
u9632,49,M,traveler
u7470,40,M,sports_fan
u9861,45,M,music_lover
u7675,20,M,online_shopper
u2291,23,M,online_shopper
u6716,43,F,sports_fan
u1404,37,M,traveler
u7273,23,F,music_lover
u2028,42,F,music_lover
u9094,45,F,online_shopper
u8718,24,F,online_shopper
u1460,18,F,music_lover
u8868,25,M,sports_fan
u1158,33,M,online_shopper
u1325,37,F,online_shopper
u4478,41,M,traveler
u9551,32,F,sports_fan
u2603,36,F,sports_fan
u8251,27,M,online_shopper
u5322,29,F,traveler
u7071,47,F,online_shopper
u7724,22,F,music_lover
u4520,20,M,online_shopper
u9876,45,M,online_shopper
u1725,44,M,online_shopper
u4416,30,M,music_lover
u8307,47,F,traveler
u2445,36,F,traveler
u4116,20,M,sports_fan
u4493,37,M,sports_fan
u2319,20,F,sports_fan
u8412,33,F,online_shopper
u9747,47,M,online_shopper
u7034,29,F,sports_fan
u2739,35,F,music_lover
u8339,46,F,online_shopper
u9448,47,F,music_lover
u8822,39,M,music_lover
u7652,34,F,online_shopper
u4044,38,F,sports_fan
u9219,44,M,traveler
u1996,39,M,traveler
u6250,45,F,traveler
u9868,34,M,music_lover
u1294,34,M,sports_fan
u2307,24,M,online_shopper
u5770,31,M,music_lover
u2558,28,F,online_shopper
u2147,33,M,online_shopper
u3621,39,F,music_lover
u3689,42,M,music_lover
u5576,21,M,sports_fan
u5018,36,M,music_lover
u2789,39,M,online_shopper
u5829,25,M,sports_fan
u3636,22,F,online_shopper
u7933,20,F,sports_fan
u2074,20,M,online_shopper
u8557,34,F,sports_fan
u7641,23,F,music_lover
u4705,27,F,traveler
u8940,40,F,online_shopper
u1876,26,M,online_shopper
u8606,23,F,sports_fan
u4010,41,M,music_lover
u1195,39,M,music_lover
u8880,19,F,sports_fan
u5478,20,M,music_lover
u4448,28,F,music_lover
u4682,32,M,sports_fan
u4693,31,F,online_shopper
u8713,30,M,sports_fan
u8485,34,M,traveler
u5444,38,M,sports_fan
u1895,45,F,sports_fan
u4145,28,F,music_lover
u5785,23,F,online_shopper
u7949,39,F,traveler
u9468,46,F,music_lover
u1444,45,F,music_lover
u7870,19,M,music_lover
u7321,18,F,online_shopper
u1415,40,F,sports_fan
u2248,49,F,sports_fan
u8512,21,F,traveler
u4849,26,M,online_shopper
u4147,28,F,sports_fan
u3276,41,F,traveler
u4475,23,F,online_shopper
u6663,33,M,traveler
u6673,27,M,music_lover
u6776,20,M,sports_fan
u7330,41,F,traveler
u5026,45,M,online_shopper
u8027,27,M,online_shopper
u8480,29,M,online_shopper
u4562,48,M,online_shopper
u9732,18,F,sports_fan
u7003,44,M,music_lover
u8032,42,M,sports_fan
u6515,27,F,sports_fan
u7065,46,F,online_shopper
u8705,42,M,traveler
u8469,49,F,music_lover
u9666,27,M,online_shopper
u6364,41,F,sports_fan
u1681,43,F,music_lover
u5942,21,F,sports_fan
u3870,26,F,traveler
u7719,44,F,traveler
u9801,26,M,traveler
u4669,29,F,traveler
u5672,43,F,music_lover
u7711,28,F,traveler
u5124,38,F,music_lover
u6522,23,F,online_shopper
u2485,49,F,online_shopper
u5361,44,F,online_shopper
u9252,47,F,sports_fan
u3301,24,M,music_lover
u3941,26,M,online_shopper
u1411,28,M,online_shopper
u3007,40,M,online_shopper
u9037,34,F,online_shopper
u4161,49,M,music_lover
u8510,28,M,music_lover
u6796,42,F,sports_fan
u4295,39,M,online_shopper
u1060,35,F,traveler
u1478,43,M,music_lover
u1910,49,M,music_lover
u5904,26,M,sports_fan
u1369,34,M,online_shopper
u6982,38,M,traveler
u3785,42,F,sports_fan
u3012,45,M,online_shopper
u3530,33,M,traveler
u2214,31,F,traveler
u3905,18,M,music_lover
u8423,19,M,traveler
u8291,28,M,traveler
u6889,24,F,music_lover
u9272,27,M,traveler
u6395,29,F,online_shopper
u1821,28,F,online_shopper
u3111,19,F,music_lover
u1702,42,F,music_lover
u1185,31,M,music_lover
u8689,26,F,sports_fan
u6168,44,M,sports_fan
u8121,47,F,traveler
u6005,46,F,sports_fan
u1240,29,M,sports_fan
u5295,27,F,online_shopper
u9824,41,M,online_shopper
u4467,19,F,traveler
u9827,29,M,music_lover
u6111,43,M,online_shopper
u9568,49,F,online_shopper
u2343,20,M,online_shopper
u2956,30,F,sports_fan
u8196,36,F,online_shopper
u8158,41,M,online_shopper
u3688,30,M,music_lover
u1402,41,F,sports_fan
u9859,39,F,music_lover
u3331,33,M,music_lover
u2294,40,M,sports_fan
u8162,18,M,sports_fan
u4827,25,F,sports_fan
u7700,30,F,music_lover
u5407,24,M,traveler
u5876,38,F,music_lover
u5160,38,M,sports_fan
u5311,19,M,music_lover
u6351,30,F,traveler
u1999,29,F,traveler
u7320,34,F,traveler
u8259,48,F,online_shopper
u2796,26,M,music_lover
u6818,27,F,sports_fan
u8821,20,F,music_lover
u8837,45,M,traveler
u4945,44,F,traveler
u2527,38,F,traveler
u5931,28,F,music_lover
u6961,41,F,sports_fan
u4376,29,M,online_shopper
u1798,24,M,traveler
u3635,40,M,sports_fan
u3769,27,M,traveler
u8740,49,F,traveler
u1822,27,M,music_lover
u6698,46,F,online_shopper
u5490,49,F,traveler
u1155,45,F,online_shopper
u1802,43,M,traveler
u5066,46,F,music_lover
u5046,44,M,traveler
u1125,37,F,sports_fan
u5992,27,M,online_shopper
u6951,21,M,sports_fan
u7220,27,M,music_lover
u4055,39,M,sports_fan
u4378,27,F,sports_fan
u1796,21,M,sports_fan
u9314,24,M,online_shopper
u8355,48,M,music_lover
u9439,35,F,traveler
u6929,40,F,online_shopper
u1213,20,M,online_shopper
u1738,41,M,music_lover
u8265,32,F,online_shopper
u4564,22,F,traveler
u8844,47,M,online_shopper
u4860,26,F,sports_fan
u8475,37,F,online_shopper
u5093,29,M,music_lover
u9757,38,M,music_lover
u3312,33,F,online_shopper
u1477,28,M,online_shopper
u8225,34,M,sports_fan
u1104,20,F,online_shopper
u6854,32,F,traveler
u6868,21,F,sports_fan
u6737,49,M,traveler
u5089,26,M,sports_fan
u1777,25,F,traveler
u4492,35,F,traveler
u1366,49,M,traveler
u6862,39,M,traveler
u9578,21,F,online_shopper
u4086,49,F,online_shopper
u1492,44,M,music_lover
u4262,22,M,online_shopper
u6368,43,F,music_lover
u5611,26,M,traveler
u9353,33,F,sports_fan
u9846,21,M,sports_fan
u9171,33,M,online_shopper
u4029,46,F,traveler
u6119,22,M,music_lover
u4277,24,F,music_lover
u3544,28,F,music_lover
u8588,24,M,sports_fan
u2552,23,F,music_lover
u4615,46,M,sports_fan
u3434,36,F,traveler
u3867,34,F,sports_fan
u7692,45,F,traveler
u6882,42,M,online_shopper
u7038,48,F,online_shopper
u5648,23,M,sports_fan
u5011,36,F,online_shopper
u7776,34,F,online_shopper
u5595,29,F,traveler
u7484,29,M,traveler
u4789,30,F,sports_fan
u6914,23,M,sports_fan
u1813,36,F,music_lover
u4891,18,F,music_lover
u6876,30,M,online_shopper
u1284,22,M,online_shopper
u7676,18,M,traveler
u8850,20,F,sports_fan
u4901,20,F,music_lover
u8840,32,F,music_lover
u6561,32,M,sports_fan
u2128,48,F,sports_fan
u3524,39,M,sports_fan
u6016,21,F,music_lover
u9555,25,M,traveler
u3145,20,M,sports_fan
u1657,25,F,online_shopper
u1133,46,M,music_lover
u5301,29,F,traveler
u8094,40,M,sports_fan
u2816,35,M,online_shopper
u1893,45,F,music_lover
u4927,30,F,sports_fan
u3880,47,M,online_shopper
u5735,25,F,sports_fan
u9019,34,M,online_shopper
u1475,26,F,traveler
u3911,24,M,music_lover
u1277,39,F,traveler
u3511,41,M,music_lover
u8059,47,F,music_lover
u9939,42,M,sports_fan
u4921,32,M,traveler
u7932,46,F,music_lover
u2114,41,F,online_shopper
u1245,39,M,sports_fan
u3306,33,F,online_shopper
u6643,37,F,online_shopper
u3495,42,F,online_shopper
u5024,25,F,sports_fan
u7839,41,M,traveler
u7500,33,M,online_shopper
u8005,36,M,online_shopper
u8788,33,F,music_lover
u3427,43,F,sports_fan
u4254,42,M,traveler
u4968,48,F,music_lover
u1032,31,M,traveler
u8828,40,M,online_shopper
u1357,33,M,online_shopper
u7361,18,M,sports_fan
u1969,35,F,online_shopper
u2878,44,M,sports_fan
u6781,35,F,online_shopper
u9185,18,M,online_shopper
u3267,34,F,music_lover
u2868,37,F,online_shopper
u9068,24,M,traveler
u1494,23,F,traveler
u2235,30,F,music_lover
u4861,45,F,music_lover
u6676,24,F,online_shopper
u8396,45,M,music_lover
u3563,49,M,sports_fan
u1027,41,M,music_lover
u5468,25,M,traveler
u6010,29,M,sports_fan
u1193,49,F,traveler
u3377,45,M,music_lover
u9175,45,F,music_lover
u4942,33,M,music_lover
u1359,20,F,online_shopper
u9221,24,M,traveler
u7298,49,F,online_shopper
u7381,23,M,online_shopper
u9417,46,M,online_shopper
u6922,30,M,traveler
u9309,31,M,sports_fan
u9196,30,M,music_lover
u9806,44,F,online_shopper
u4974,25,M,traveler
u8263,36,M,traveler
u2251,31,F,music_lover
u1127,44,M,online_shopper
u1573,42,F,sports_fan
u6757,22,F,music_lover
u7463,35,F,sports_fan
u7653,21,M,online_shopper
u8038,40,F,music_lover
u4213,18,M,online_shopper
u2062,18,F,online_shopper
u6188,45,F,traveler
u2303,26,M,sports_fan
u7863,36,F,sports_fan
u3207,18,M,music_lover
u9369,32,M,online_shopper
u5685,30,F,music_lover
u5033,40,F,music_lover
u4490,46,F,online_shopper
u8819,24,M,sports_fan
u2570,31,M,music_lover
u8143,47,M,music_lover
u8300,19,M,music_lover
u9940,30,F,online_shopper
u1479,25,F,music_lover
u4984,45,M,sports_fan
u6578,48,F,traveler
u5172,29,M,sports_fan
u8466,30,M,online_shopper
u5695,20,F,traveler
u9157,48,M,online_shopper
u8408,46,M,online_shopper
u8111,36,M,traveler
u4480,49,M,online_shopper
u9443,47,F,sports_fan
u7135,29,M,traveler
u8905,38,M,online_shopper
u7525,47,M,music_lover
u7466,19,M,sports_fan
u5362,37,M,traveler
u2156,35,F,traveler
u8076,33,M,online_shopper
u2953,49,F,traveler
u9785,45,F,traveler
u5680,26,M,online_shopper
u2397,39,F,music_lover
u7874,34,F,sports_fan
u1762,42,F,sports_fan
u3837,41,F,traveler
u6155,35,M,traveler
u8878,36,M,traveler
u4645,24,M,music_lover
u9829,21,F,music_lover
u9449,25,M,online_shopper
u6988,18,M,music_lover
u2041,27,F,music_lover
u1215,21,M,music_lover
u6989,34,M,sports_fan
u4380,24,M,traveler
u8851,42,M,sports_fan
u8056,18,F,music_lover
u9075,33,M,traveler
u3129,41,F,music_lover
u4261,48,M,traveler
u7945,27,F,sports_fan
u4461,28,M,music_lover
u6297,23,M,music_lover
u3005,39,M,sports_fan
u1463,41,F,music_lover
u4113,48,M,traveler
u3677,18,F,music_lover
u6174,26,M,sports_fan
u2650,28,F,online_shopper
u4128,23,F,music_lover
u3138,36,M,music_lover
u6919,49,M,music_lover
u8079,30,F,online_shopper
u6402,34,M,traveler
u9112,31,F,sports_fan
u5947,49,F,traveler
u3233,48,F,traveler
u3957,37,M,sports_fan
u3307,38,M,sports_fan
u7388,21,F,traveler
u1168,44,F,sports_fan
u4439,24,F,music_lover
u2662,32,F,traveler
u5272,39,M,traveler
u7443,46,F,online_shopper
u2229,27,F,online_shopper
u1882,22,M,traveler
u1642,30,F,sports_fan
u3658,32,F,sports_fan
u4085,20,M,music_lover
u6070,42,F,traveler
u4712,36,M,traveler
u8893,20,F,sports_fan
u5763,36,M,traveler
u6176,29,M,sports_fan
u2585,31,M,traveler
u7941,25,M,sports_fan
u9047,49,F,sports_fan
u7637,35,M,online_shopper
u9729,21,F,sports_fan
u8478,46,M,sports_fan
u9967,48,M,music_lover
u8138,49,M,sports_fan
u5508,41,F,sports_fan
u8601,28,M,music_lover
u3978,48,M,traveler
u3366,47,M,music_lover
u1625,34,M,sports_fan
u2068,36,F,traveler
u4401,21,M,traveler
u8101,23,F,music_lover
u2126,19,F,music_lover
u9090,24,F,sports_fan
u8103,45,M,online_shopper
u7267,36,F,traveler
u7752,31,F,music_lover
u3613,33,M,sports_fan
u9201,25,F,music_lover
u5433,35,M,online_shopper
u3449,26,F,online_shopper
u2398,21,F,sports_fan
u7326,31,M,online_shopper
u1425,41,F,traveler
u4248,37,F,sports_fan
u2378,39,F,sports_fan
u6034,41,M,traveler
u1267,38,M,music_lover
u1163,39,M,sports_fan
u3849,35,F,music_lover
u1919,37,M,traveler
u8604,22,M,traveler
u7196,18,F,music_lover
u2365,40,F,music_lover
u9486,23,M,music_lover
u8836,37,M,sports_fan
u6723,21,F,online_shopper
u3192,36,M,sports_fan
u2519,45,M,online_shopper
u5417,34,F,sports_fan
u4845,23,F,music_lover
u9994,22,F,music_lover
u3350,23,F,sports_fan
u8025,48,F,traveler
u4269,43,M,online_shopper
u2799,18,M,sports_fan
u1923,49,M,sports_fan
u2473,35,F,online_shopper
u3247,48,F,music_lover
u4722,32,M,music_lover
u3825,33,M,music_lover
u2204,40,F,traveler
u2001,26,F,online_shopper
u1672,39,M,music_lover
u1817,39,F,traveler
u4070,22,M,music_lover
u4799,28,F,traveler
u7588,22,M,traveler
u4256,23,F,music_lover
u2038,19,M,traveler
u7515,27,F,online_shopper
u9359,39,F,online_shopper
u4659,21,M,music_lover
u3238,31,F,sports_fan
u4197,20,F,traveler
u2966,30,M,sports_fan
u4839,40,F,music_lover
u9088,47,F,online_shopper
u7603,32,M,music_lover
u8762,33,M,music_lover
u7640,22,F,traveler
u6264,27,F,traveler
u1468,20,F,sports_fan
u5037,33,F,sports_fan
u7532,25,F,music_lover
u5039,33,F,traveler
u6793,22,F,music_lover
u2885,28,M,traveler
u5306,36,F,online_shopper
u7570,46,F,traveler
u2324,33,M,sports_fan
u1096,31,M,music_lover
u4179,28,F,traveler
u8004,31,M,sports_fan
u2406,33,M,sports_fan
u7214,42,F,music_lover
u6238,35,M,sports_fan
u8216,20,M,music_lover
u2174,20,F,music_lover
u5912,18,F,traveler
u8873,29,F,online_shopper
u6809,24,F,traveler
u2844,28,F,sports_fan
u6495,30,M,online_shopper
u5321,31,F,sports_fan
u8910,49,F,online_shopper
u4792,39,M,music_lover
u8202,29,M,sports_fan
u1040,23,M,online_shopper
u3649,23,M,traveler
u8944,24,F,music_lover
u2321,23,F,music_lover
u4203,45,M,sports_fan
u4821,26,F,sports_fan
u7681,38,F,online_shopper
u6212,47,M,music_lover
u4239,45,F,music_lover
u2601,49,M,sports_fan
u9672,44,M,music_lover
u4676,34,M,traveler
u5259,34,M,online_shopper
u8150,32,F,music_lover
u9776,18,F,music_lover
u2541,49,F,music_lover
u5481,31,F,online_shopper
u1569,19,M,sports_fan
u7420,37,F,traveler
u3532,39,M,sports_fan
u5367,24,F,music_lover
u8799,30,M,traveler
u3382,38,F,music_lover
u7608,24,F,online_shopper
u8222,35,M,online_shopper
u8460,23,M,online_shopper
u1989,36,F,music_lover
u1442,45,M,sports_fan
u5860,26,M,sports_fan
u8240,27,M,music_lover
u1982,43,M,music_lover
u6239,21,F,traveler
u2493,38,F,online_shopper
u2612,47,M,sports_fan
u8329,45,F,sports_fan
u9421,38,M,traveler
u8921,29,F,traveler
u7584,30,M,music_lover
u1771,47,F,music_lover
u5949,35,M,music_lover
u5350,30,M,online_shopper
u2810,37,M,sports_fan
u9566,40,M,traveler
u7937,44,F,sports_fan
u8155,45,M,music_lover
u5415,35,M,online_shopper
u4457,22,M,sports_fan
u5097,33,M,music_lover
u8712,38,F,traveler
u8968,38,F,music_lover
u4004,40,F,music_lover
u2002,27,F,sports_fan
u8508,31,F,online_shopper
u5005,40,F,traveler
u3523,45,M,traveler
u4663,46,F,traveler
u1115,32,F,online_shopper
u7802,28,F,traveler
u8226,47,F,music_lover
u3994,25,M,online_shopper
u4182,44,M,traveler
u1453,34,F,online_shopper
u1800,20,M,music_lover
u5233,18,M,sports_fan
u7276,49,M,online_shopper
u4589,24,M,sports_fan
u9337,38,F,online_shopper
u8342,19,M,music_lover
u2684,27,F,sports_fan
u3859,48,F,traveler
u1930,35,M,traveler
u1231,24,M,sports_fan
u6185,22,F,online_shopper
u3858,46,F,sports_fan
u5824,21,F,traveler
u9424,31,F,online_shopper
u9374,41,M,sports_fan
u9950,20,F,online_shopper
u8364,30,F,online_shopper
u2095,20,M,music_lover
u8301,25,M,music_lover
u6558,35,F,online_shopper
u5870,36,M,traveler
u5681,21,F,traveler
u7341,27,M,online_shopper
u9584,20,F,online_shopper
u5408,29,F,music_lover
u5238,41,F,traveler
u7938,23,F,music_lover
u8400,36,M,traveler
u7662,40,M,traveler
u8675,21,F,sports_fan
u8122,20,M,online_shopper
u4352,35,F,sports_fan
u8697,25,M,traveler
u2851,41,F,music_lover
u8699,48,F,online_shopper
u1131,49,M,sports_fan
u4226,19,F,traveler
u9831,42,M,traveler
u6999,45,F,sports_fan
u6749,24,M,online_shopper
u2426,28,M,sports_fan
u5474,23,F,sports_fan
u3828,36,F,music_lover
u3117,20,F,music_lover
u7684,30,F,sports_fan
u9553,37,M,sports_fan
u1614,44,F,traveler
u6236,48,M,online_shopper
u3647,42,M,traveler
u9275,41,M,music_lover
u4341,19,F,online_shopper
u5909,46,M,online_shopper
u8724,22,M,music_lover
u2723,48,F,traveler
u9410,32,M,sports_fan
u5539,27,M,sports_fan
u7338,23,F,online_shopper
u1841,31,F,online_shopper
u2959,38,M,sports_fan
u4001,18,M,online_shopper
u9890,26,F,sports_fan
u9975,27,M,music_lover
u2389,45,F,music_lover
u7750,39,M,sports_fan
u5155,48,F,online_shopper
u2176,38,F,music_lover
u9323,28,M,sports_fan
u1237,39,F,sports_fan
u3625,36,F,online_shopper
u8295,26,M,online_shopper
u3385,29,M,traveler
u7904,37,F,online_shopper
u7486,23,F,music_lover
u4337,33,M,music_lover
u3655,30,F,music_lover
u5122,23,F,sports_fan
u3757,30,F,sports_fan
u4650,32,F,sports_fan
u1850,35,F,music_lover
u9032,33,F,traveler
u8515,26,M,sports_fan
u9208,35,M,traveler
u8284,27,M,sports_fan
u9276,29,F,music_lover
u2031,22,M,traveler
u5801,44,M,sports_fan
u3743,49,F,music_lover
u7906,19,M,sports_fan
u3537,26,M,online_shopper
u9864,35,M,music_lover
u1900,41,M,sports_fan
u8163,44,F,traveler
u5582,44,F,sports_fan
u6167,18,F,traveler
u4624,48,M,online_shopper
u5326,31,M,online_shopper
u1303,20,F,traveler
u2861,40,M,sports_fan
u7931,28,F,traveler
u2803,39,F,online_shopper
u5747,44,F,online_shopper
u6539,35,M,online_shopper
u9103,42,F,traveler
u6704,19,F,online_shopper
u3793,39,M,sports_fan
u8567,34,F,traveler
u2160,44,F,online_shopper
u3982,20,M,traveler
u2118,38,F,online_shopper
u5778,24,F,music_lover
u3732,20,F,online_shopper
u5189,42,F,sports_fan
u6171,32,F,music_lover
u9052,21,M,traveler
u5832,42,F,online_shopper
u1692,32,M,music_lover
u5286,20,F,traveler
u1516,28,M,music_lover
u8805,45,F,sports_fan
u6281,20,M,traveler
u4915,46,M,sports_fan
u2655,37,F,online_shopper
u7315,35,M,traveler
u2620,31,F,music_lover
u5476,38,M,music_lover
u4199,26,M,traveler
u7960,48,M,music_lover
u6114,32,F,traveler
u3820,25,M,sports_fan
u9904,25,F,sports_fan
u2592,25,F,sports_fan
u8715,41,M,sports_fan
u8581,31,M,online_shopper
u7714,23,M,traveler
u8892,46,M,traveler
u8243,30,F,online_shopper
u7189,24,F,music_lover
u2630,44,F,online_shopper
u7616,32,M,music_lover
u8057,27,M,music_lover
u6473,29,F,sports_fan
u3586,47,M,traveler
u9285,22,F,sports_fan
u1077,39,M,online_shopper
u5733,20,F,online_shopper
u7609,22,M,online_shopper
u4793,43,M,music_lover
u4040,29,F,music_lover
u1956,20,M,sports_fan
u9205,38,M,online_shopper
u6717,43,M,traveler
u3714,18,F,sports_fan
u8430,34,F,online_shopper
u6234,27,M,online_shopper
u6640,48,M,sports_fan
u3121,23,M,music_lover
u5389,41,M,online_shopper
u9540,37,M,sports_fan
u9589,48,M,online_shopper
u4578,30,F,music_lover
u6649,32,F,sports_fan
u5130,40,M,music_lover
u2813,38,M,online_shopper
u7920,19,F,traveler
u3282,38,F,music_lover
u1515,48,F,traveler
u8494,45,F,online_shopper
u4231,19,F,online_shopper
u9613,47,M,online_shopper
u8862,42,M,sports_fan
u1272,34,M,music_lover
u3020,36,F,music_lover
u3258,47,F,sports_fan
u7224,47,F,sports_fan
u6655,18,M,music_lover
u1586,22,F,online_shopper
u6657,45,M,music_lover
u2024,48,M,online_shopper
u3933,37,M,traveler
u7360,44,M,traveler
u5732,33,F,online_shopper
u8802,39,M,music_lover
u1088,22,F,sports_fan
u8706,40,M,sports_fan
u3846,47,F,traveler
u8741,40,M,online_shopper
u6255,27,M,music_lover
u3462,44,M,traveler
u2873,38,M,music_lover
u2693,27,M,sports_fan
u8809,18,M,music_lover
u2086,26,M,sports_fan
u1715,35,M,online_shopper
u4833,24,F,traveler
u5000,36,F,music_lover
u4804,43,M,music_lover
u9813,39,M,sports_fan
u6675,33,F,traveler
u6081,38,M,online_shopper
u2511,23,M,online_shopper
u7137,47,F,traveler
u4958,27,F,sports_fan
u1957,22,M,online_shopper
u9585,46,M,music_lover
u4636,42,F,music_lover
u6398,30,M,sports_fan
u4421,29,F,online_shopper
u8635,41,M,traveler
u5053,47,M,online_shopper
u6549,34,F,music_lover
u1474,47,F,sports_fan
u7352,42,M,traveler
u3272,19,M,sports_fan
u4853,48,F,traveler
u1875,22,F,traveler
u2667,39,M,music_lover
u2666,27,M,music_lover
u8319,46,M,traveler
u1209,18,M,online_shopper
u5141,29,M,traveler
u7128,31,M,traveler
u1519,40,M,traveler
u2349,25,M,sports_fan
u7502,34,F,music_lover
u3293,28,F,traveler
u1974,43,M,sports_fan
u8181,49,M,sports_fan
u9882,37,F,online_shopper
u9333,19,M,music_lover
u3082,48,F,online_shopper
u5493,22,M,traveler
u9169,49,F,traveler
u8930,35,F,music_lover
u2978,26,F,traveler
u8988,26,M,music_lover
u6095,48,M,sports_fan
u6358,27,M,music_lover
u3907,38,M,sports_fan
u1391,38,F,music_lover
u9738,21,F,music_lover
u9972,34,M,sports_fan
u2850,43,F,online_shopper
u2866,29,M,sports_fan
u4108,20,F,music_lover
u8789,21,M,traveler
u6893,40,M,online_shopper
u8176,47,F,traveler
u1629,24,F,music_lover
u7777,44,M,online_shopper
u2870,40,F,online_shopper
u4090,40,F,music_lover
u9432,28,M,traveler
u7187,21,M,traveler
u2498,42,M,music_lover
u1440,37,M,online_shopper
u1911,45,M,online_shopper
u9194,23,M,music_lover
u7807,18,M,traveler
u3708,18,M,traveler
u6265,23,M,traveler
u8660,18,M,music_lover
u8058,32,F,sports_fan
u9093,18,F,music_lover
u7398,23,F,sports_fan
u3463,41,M,traveler
u4500,26,F,music_lover
u4022,48,M,sports_fan
u8132,23,M,traveler
u2951,34,F,traveler
u1497,45,M,traveler
u2065,40,M,music_lover
u4522,47,M,traveler
u9347,35,M,traveler
u1886,40,M,online_shopper
u4971,43,F,sports_fan
u2817,43,F,traveler
u4729,37,F,music_lover
u9943,18,F,sports_fan
u8151,44,F,traveler
u1174,42,F,traveler
u3777,33,F,sports_fan
u3974,46,F,sports_fan
u8391,33,F,sports_fan
u7459,18,M,music_lover
u4842,24,M,sports_fan
u2524,31,F,music_lover
u9841,32,M,traveler
u3147,23,M,sports_fan
u8732,40,M,online_shopper
u1211,43,F,music_lover
u5188,34,F,traveler
u5166,34,M,music_lover
u3460,23,M,music_lover
u3680,30,M,music_lover
u1831,41,M,sports_fan
u6586,48,F,online_shopper
u8372,28,M,online_shopper
u5469,36,F,traveler
u3152,27,M,traveler
u4727,47,F,online_shopper
u2633,44,F,online_shopper
u8375,19,F,music_lover
u1836,37,F,traveler
u4106,25,F,online_shopper
u1927,32,M,online_shopper
u8760,46,M,online_shopper
u6910,26,M,traveler
u7524,30,M,music_lover
u7586,44,M,music_lover
u8942,39,M,sports_fan
u5491,40,F,traveler
u2217,32,M,sports_fan
u4757,32,F,online_shopper
u5108,18,M,music_lover
u1543,22,M,traveler
u5855,46,F,music_lover
u8030,32,M,sports_fan
u1810,39,F,online_shopper
u9316,47,M,music_lover
u3865,43,F,sports_fan
u5143,31,M,sports_fan
u8182,23,M,traveler
u2543,23,M,online_shopper
u2765,40,F,online_shopper
u2260,37,M,music_lover
u2371,22,F,music_lover
u8998,39,F,sports_fan
u6105,26,M,music_lover
u3543,37,F,online_shopper
u2629,37,F,traveler
u7880,24,M,music_lover
u8963,47,F,music_lover
u8716,33,M,music_lover
u3115,34,F,traveler
u7302,45,M,online_shopper
u4336,44,M,music_lover
u8036,40,F,music_lover
u5987,25,M,traveler
u5998,45,M,online_shopper
u8073,35,M,online_shopper
u4762,37,M,traveler
u1074,30,M,traveler
u5940,31,M,music_lover
u5475,21,M,music_lover
u8714,27,F,online_shopper
u6373,27,F,sports_fan
u6987,23,M,sports_fan
u4769,24,M,traveler
u5014,24,M,online_shopper
u7536,21,F,sports_fan
u8454,36,F,sports_fan
u4060,37,M,traveler
u2213,26,F,online_shopper
u2808,43,M,sports_fan
u9475,45,M,online_shopper
u7177,44,M,traveler
u3549,40,M,sports_fan
u6670,48,F,music_lover
u3388,36,F,music_lover
u8066,33,F,online_shopper
u9384,20,F,online_shopper
u6375,22,F,sports_fan
u2707,41,M,online_shopper
u8846,22,M,sports_fan
u7622,46,F,online_shopper
u3187,23,M,online_shopper
u1452,26,F,traveler
u4050,26,M,online_shopper
u8531,39,F,music_lover
u9242,29,F,music_lover
u7070,33,F,traveler
u8995,33,M,traveler
u1871,22,M,traveler
u9404,46,M,traveler
u3433,41,M,sports_fan
u9340,49,M,online_shopper
u6708,18,F,online_shopper
u9122,44,M,music_lover
u4554,20,F,music_lover
u8534,23,M,music_lover
u1332,25,M,sports_fan
u2797,33,M,online_shopper
u8559,23,F,traveler
u5138,31,M,sports_fan
u3168,27,M,music_lover
u5864,39,M,traveler
u2512,21,F,music_lover
u1563,29,M,sports_fan
u6972,24,M,music_lover
u3323,24,F,online_shopper
u1028,46,M,traveler
u5867,33,F,online_shopper
u5057,18,F,online_shopper
u2502,45,M,traveler
u1481,33,F,music_lover
u2202,20,F,music_lover
u8000,32,M,sports_fan
u2729,42,M,music_lover
u3557,46,M,music_lover
u7950,23,M,online_shopper
u8607,30,F,music_lover
u6136,37,F,music_lover
u4051,25,F,online_shopper
u2403,29,F,traveler
u7277,40,F,sports_fan
u6061,31,M,traveler
u9984,33,M,traveler
u1016,43,M,traveler
u7362,31,F,traveler
u9527,33,M,traveler
u1085,23,M,online_shopper
u3380,21,M,music_lover
u8191,37,F,music_lover
u2504,41,F,sports_fan
u8340,36,M,traveler
u8849,44,F,sports_fan
u8457,42,M,online_shopper
u7441,25,F,online_shopper
u1698,21,F,traveler
u7424,45,M,sports_fan
u3969,46,M,traveler
u9654,48,F,traveler
u3737,20,M,online_shopper
u4091,30,M,online_shopper
u7077,21,F,music_lover
u9791,49,M,sports_fan
u2099,28,M,online_shopper
u5823,33,F,sports_fan
u3363,32,M,sports_fan
u9349,45,M,traveler
u2035,19,M,music_lover
u7580,32,F,sports_fan
u7511,23,F,sports_fan
u1865,32,M,sports_fan
u6756,30,F,sports_fan
u4332,20,F,traveler
u4183,36,F,sports_fan
u4870,29,M,music_lover
u1545,29,M,sports_fan
u1376,34,M,music_lover
u3713,41,M,music_lover
u6160,25,F,sports_fan
u5078,42,F,traveler
u9030,30,M,music_lover
u8086,44,M,online_shopper
u8659,29,M,music_lover
u9548,33,F,sports_fan
u5438,38,F,traveler
u8748,28,F,online_shopper
u7025,37,F,music_lover
u3566,26,F,sports_fan
u9649,36,M,online_shopper
u7955,37,F,sports_fan
u4783,25,M,sports_fan
u9200,46,M,sports_fan
u8959,30,F,traveler
u3840,19,M,online_shopper
u2825,36,F,online_shopper
u7105,30,F,online_shopper
u7022,44,M,traveler
u5696,46,F,sports_fan
u5554,36,M,online_shopper
u7111,28,M,music_lover
u4784,41,F,music_lover
u1428,44,F,sports_fan
u8061,19,M,online_shopper
u8311,25,M,sports_fan
u9517,24,M,traveler
u6294,18,F,traveler
u2549,31,F,sports_fan
u4132,25,M,traveler
u2489,44,F,online_shopper
u5207,18,M,traveler
u5679,48,F,sports_fan
u6777,47,F,online_shopper
u9650,42,F,sports_fan
u7043,34,M,online_shopper
u9880,38,M,sports_fan
u9744,41,F,music_lover
u4173,21,M,music_lover
u9473,23,F,traveler
u7141,18,F,sports_fan
u2338,48,F,sports_fan
u3640,20,M,music_lover
u7373,45,M,music_lover
u5783,38,F,music_lover
u4186,19,F,sports_fan
u3541,34,F,traveler
u9525,26,M,music_lover
u5103,46,M,sports_fan
u8879,25,F,online_shopper
u6930,36,F,sports_fan
u3953,32,M,sports_fan
u2927,23,F,traveler
u8502,41,M,sports_fan
u9581,47,M,music_lover
u1666,23,M,sports_fan
u8768,25,M,traveler
u8380,20,M,online_shopper
u4934,48,F,sports_fan
u2758,48,F,online_shopper
u8078,29,F,sports_fan
u5133,37,F,online_shopper
u6202,25,F,online_shopper
u2037,28,F,music_lover
u7247,43,F,online_shopper
u3376,44,M,traveler
u7435,43,M,sports_fan
u1507,32,M,online_shopper
u5775,30,F,online_shopper
u7175,41,F,online_shopper
u5594,39,M,traveler
u3011,43,M,music_lover
u1590,48,F,sports_fan
u3208,47,F,online_shopper
u8668,30,M,sports_fan
u5386,31,M,sports_fan
u8599,39,F,online_shopper
u4671,26,F,music_lover
u9631,41,F,music_lover
u1008,20,F,sports_fan
u6811,40,M,music_lover
u8188,29,F,music_lover
u7991,26,M,online_shopper
u7848,29,M,music_lover
u3218,43,F,online_shopper
u8765,28,F,music_lover
u4600,36,M,traveler
u2049,44,M,traveler
u6211,26,M,online_shopper
u5849,22,M,traveler
u6747,27,F,sports_fan
u6881,26,F,sports_fan
u2681,18,M,online_shopper
u5288,30,M,music_lover
u5398,37,F,online_shopper
u7587,29,F,music_lover
u6864,28,M,music_lover
u5692,26,F,sports_fan
u2721,46,F,sports_fan
u3967,32,M,music_lover
u2535,46,M,online_shopper
u5653,45,M,traveler
u9959,30,M,online_shopper
u8912,45,M,music_lover
u2790,29,F,traveler
u6430,48,M,online_shopper
u7410,31,M,sports_fan
u2355,26,F,music_lover
u4473,39,F,traveler
u6661,27,F,online_shopper
u9522,23,F,music_lover
u7407,36,M,music_lover
u6953,27,M,sports_fan
u4507,32,M,online_shopper
u1765,38,F,music_lover
u9028,47,M,music_lover
u2960,25,F,online_shopper
u5644,35,M,traveler
u1606,19,F,online_shopper
u7203,21,M,online_shopper
u5125,26,F,online_shopper
u4798,33,F,music_lover
u6263,22,M,online_shopper
u9352,36,F,music_lover
u7020,32,F,music_lover
u4251,41,M,online_shopper
u7013,48,M,sports_fan
u4489,49,F,sports_fan
u7964,32,M,sports_fan
u2479,29,F,music_lover
u8256,33,F,music_lover
u5686,28,F,traveler
u4454,24,M,sports_fan
u3195,42,F,online_shopper
u8098,33,M,traveler
u7784,27,M,traveler
u1550,39,F,music_lover
u9799,35,F,online_shopper
u8262,33,M,music_lover
u9060,18,M,sports_fan
u2252,22,F,sports_fan
u2145,45,M,online_shopper
u7951,40,F,traveler
u7272,24,M,online_shopper
u3497,35,F,music_lover
u9058,49,M,music_lover
u8991,23,M,traveler
u6559,34,F,music_lover
u5592,29,M,music_lover
u6117,29,M,online_shopper
u3021,18,F,sports_fan
u3299,19,M,online_shopper
u8694,38,M,online_shopper
u1891,43,M,traveler
u2597,43,M,traveler
u4154,35,M,traveler
u7734,31,M,sports_fan
u8198,27,F,online_shopper
u4257,47,M,online_shopper
u7179,31,F,music_lover
u8947,20,M,online_shopper
u2639,42,F,traveler
u9020,38,F,traveler
u8389,47,M,online_shopper
u8294,30,F,online_shopper
u6449,36,M,online_shopper
u7510,22,M,online_shopper
u8937,36,F,music_lover
u4768,44,F,traveler
u7299,47,F,music_lover
u4837,22,F,traveler
u3687,30,F,traveler
u8134,32,M,sports_fan
u7257,43,M,traveler
u3719,23,F,traveler
u9039,44,F,online_shopper
u1647,29,F,online_shopper
u8939,33,M,music_lover
u9951,42,F,sports_fan
u6935,35,M,traveler
u9529,32,M,traveler
u2011,33,F,online_shopper
u6770,31,M,music_lover
u9183,33,M,music_lover
u4877,20,F,online_shopper
u5495,39,F,online_shopper
u7368,19,M,traveler
u1053,41,F,sports_fan
u3216,27,M,music_lover
u8566,31,M,music_lover
u7238,40,F,online_shopper
u2250,49,M,online_shopper
u5822,47,M,music_lover
u9509,34,M,sports_fan
u3971,38,M,traveler
u9618,38,M,traveler
u3584,47,F,music_lover
u6424,34,F,sports_fan
u6309,39,M,traveler
u7810,35,F,traveler
u4719,20,F,sports_fan
u6261,38,F,sports_fan
u3001,32,F,music_lover
u7152,29,F,online_shopper
u8224,33,F,online_shopper
u1073,23,F,traveler
u8152,31,M,music_lover
u8794,44,F,sports_fan
u7695,35,F,music_lover
u9055,37,M,online_shopper
u6108,20,F,sports_fan
u5975,34,M,music_lover
u5558,37,F,traveler
u1820,23,M,music_lover
u9106,43,M,music_lover
u4052,24,M,sports_fan
u6695,23,F,sports_fan
u6355,29,F,traveler
u3228,34,M,traveler
u5694,38,M,music_lover
u8681,38,M,online_shopper
u2924,23,M,online_shopper
u1143,32,M,traveler
u3071,22,F,sports_fan
u9346,42,M,online_shopper
u6125,39,M,traveler
u2487,32,M,music_lover
u8413,28,F,sports_fan
u4233,26,F,music_lover
u1310,21,F,music_lover
u7226,20,F,sports_fan
u8638,30,M,music_lover
u3277,49,M,online_shopper
u9050,23,M,music_lover
u4649,18,F,music_lover
u9012,27,M,online_shopper
u8054,22,F,traveler
u7799,19,F,sports_fan
u7301,39,F,sports_fan
u8187,49,M,online_shopper
u3120,36,F,music_lover
u7882,33,M,online_shopper
u3062,46,F,sports_fan
u8815,47,M,sports_fan
u5487,26,F,traveler
u6773,35,F,music_lover
u9549,34,F,online_shopper
u5964,24,F,music_lover
u4204,38,F,sports_fan
u4242,34,F,sports_fan
u6104,38,F,music_lover
u1365,37,M,music_lover
u6230,18,M,sports_fan
u3704,49,M,online_shopper
u6825,25,M,sports_fan
u1344,49,F,music_lover
u2483,37,M,online_shopper
u4211,27,M,traveler
u6596,40,F,music_lover
u9725,23,M,music_lover
u2042,26,F,traveler
u4794,18,M,traveler
u3139,27,F,online_shopper
u1247,42,F,sports_fan
u2297,41,M,traveler
u7418,48,M,music_lover
u4818,46,F,music_lover
u1918,29,F,sports_fan
u6371,28,F,sports_fan
u4054,22,F,online_shopper
u8402,36,F,sports_fan
u3119,27,M,sports_fan
u9189,35,M,music_lover
u3026,26,M,music_lover
u7596,46,M,sports_fan
u4752,47,M,online_shopper
u6253,20,F,traveler
u9046,21,M,traveler
u3838,39,M,online_shopper
u9965,38,M,music_lover
u8569,23,F,traveler
u4651,19,M,online_shopper
u9100,22,F,traveler
u4174,37,M,online_shopper
u6112,30,F,music_lover
u2857,18,M,sports_fan
u7820,31,F,sports_fan
u9842,37,M,music_lover
u9694,28,F,music_lover
u5618,19,M,music_lover
u8361,32,F,sports_fan
u6810,24,F,online_shopper
u6256,40,M,sports_fan
u7965,22,F,sports_fan
u4157,29,M,music_lover
u9386,34,F,online_shopper
u5395,33,M,traveler
u6815,34,M,sports_fan
u9362,48,F,online_shopper
u2276,44,M,traveler
u5628,24,M,online_shopper
u6106,43,F,music_lover
u7329,48,F,online_shopper
u5374,18,M,sports_fan
u1598,19,M,traveler
u6591,48,F,traveler
u7370,37,M,traveler
u6377,22,M,online_shopper
u3353,44,M,traveler
u2123,18,M,traveler
u4819,30,M,music_lover
u5423,18,M,sports_fan
u2656,36,F,traveler
u2129,18,M,online_shopper
u9070,20,M,sports_fan
u6904,22,F,traveler
u5102,45,F,sports_fan
u7106,36,M,traveler
u5891,29,M,traveler
u3467,43,F,traveler
u2405,25,F,music_lover
u3285,49,M,sports_fan
u5169,22,F,music_lover
u4614,32,F,music_lover
u9910,28,M,online_shopper
u5779,32,F,traveler
u8556,22,M,music_lover
u9948,23,F,online_shopper
u8985,45,M,sports_fan
u3435,21,M,sports_fan
u7972,22,M,music_lover
u4288,30,F,online_shopper
u9003,39,M,traveler
u5428,29,M,sports_fan
u9160,23,M,online_shopper
u8124,47,M,sports_fan
u5512,22,M,traveler
u8461,47,M,online_shopper
u8044,45,M,traveler
u7562,27,F,music_lover
u8135,45,M,traveler
u7356,23,M,sports_fan
u6740,26,M,music_lover
u6235,41,M,traveler
u7745,37,M,music_lover
u4807,35,M,traveler
u1194,21,M,online_shopper
u9710,30,M,music_lover
u3669,39,M,traveler
u6795,43,F,music_lover
u9256,40,F,traveler
u7682,44,M,traveler
u2935,21,F,music_lover
u5206,30,M,music_lover
u4883,28,M,online_shopper
u4433,28,M,online_shopper
u2039,36,M,music_lover
u6667,18,M,sports_fan
u5164,31,F,traveler
u3812,30,M,music_lover
u1242,24,F,music_lover
u4851,18,M,traveler
u9514,49,F,sports_fan
u4878,30,M,sports_fan
u4581,41,M,music_lover
u1524,22,F,online_shopper
u2139,25,F,online_shopper
u6546,31,M,sports_fan
u6145,19,M,traveler
u8189,36,F,music_lover
u7911,21,F,music_lover
u8764,19,M,music_lover
u5445,21,F,traveler
u6872,48,M,traveler
u6901,23,F,music_lover
u3590,44,M,music_lover
u9836,49,M,traveler
u3212,46,M,sports_fan
u8729,40,F,online_shopper
u6303,39,F,sports_fan
u9934,40,F,sports_fan
u9095,35,M,music_lover
u3072,18,F,sports_fan
u2716,30,M,music_lover
u3358,47,F,traveler
u9260,32,F,sports_fan
u5262,26,F,music_lover
u9239,40,M,online_shopper
u6852,46,M,music_lover
u7205,46,F,music_lover
u3374,44,F,online_shopper
u3197,19,F,music_lover
u3013,47,M,music_lover
u9419,31,F,online_shopper
u2262,47,M,music_lover
u1007,40,M,sports_fan
u3158,21,F,music_lover
u3035,36,M,sports_fan
u3302,37,F,online_shopper
u1693,22,F,sports_fan
u3887,26,F,online_shopper
u7024,37,F,music_lover
u8267,42,F,music_lover
u6936,48,F,online_shopper
u5941,37,F,sports_fan
u2091,34,F,sports_fan
u2992,44,M,sports_fan
u5997,45,F,sports_fan
u5776,44,M,music_lover
u3991,33,F,sports_fan
u4189,44,F,traveler
u3251,34,F,online_shopper
u2348,37,F,sports_fan
u2032,37,M,online_shopper
u5400,43,F,online_shopper
u6464,24,M,music_lover
u1525,18,M,online_shopper
u9557,29,M,sports_fan
u4409,38,F,traveler
u7000,43,F,sports_fan
u9667,41,M,music_lover
u5550,41,M,sports_fan
u4743,40,F,online_shopper
u2641,37,F,traveler
u5425,40,M,sports_fan
u3577,34,F,online_shopper
u8784,32,M,sports_fan
u5580,23,M,traveler
u1241,48,F,sports_fan
u8825,30,F,sports_fan
u8743,40,F,online_shopper
u7140,29,M,traveler
u6482,20,M,online_shopper
u5971,25,M,music_lover
u8777,41,M,online_shopper
u3333,41,M,traveler
u4444,44,F,online_shopper
u8966,33,M,sports_fan
u6741,32,M,traveler
u9065,38,M,traveler
u4221,49,F,sports_fan
u3373,46,F,music_lover
u7805,24,F,music_lover
u3352,33,M,music_lover
u6880,38,F,sports_fan
u4571,46,M,music_lover
u1574,41,M,sports_fan
u9832,42,M,traveler
u8728,28,M,sports_fan
u6289,21,M,music_lover
u6087,33,M,online_shopper
u8611,21,M,music_lover
u1639,49,M,traveler
u4143,44,M,traveler
u4097,40,M,traveler
u1669,40,M,music_lover
u4528,45,M,sports_fan
u2982,47,M,sports_fan
u1912,28,M,online_shopper
u1279,41,M,sports_fan
u5605,33,M,online_shopper
u8253,33,M,traveler
u1645,24,M,online_shopper
u8422,40,M,online_shopper
u8857,23,M,online_shopper
u3917,48,F,music_lover
u6124,39,F,traveler
u7023,27,F,music_lover
u8148,36,F,traveler
u3718,37,F,music_lover
u5325,32,F,music_lover
u2417,43,M,traveler
u6331,21,F,traveler
u7344,42,F,sports_fan
u5669,23,M,online_shopper
u6322,45,F,traveler
u1557,43,M,sports_fan
u1107,36,M,music_lover
u2464,45,F,online_shopper
u1943,44,M,online_shopper
u4177,37,M,sports_fan
u4109,46,F,music_lover
u5038,39,F,traveler
u9378,29,M,sports_fan
u8082,23,M,online_shopper
u1358,30,M,music_lover
u4639,45,F,music_lover
u4163,45,F,sports_fan
u4675,22,M,sports_fan
u3550,31,F,sports_fan
u3419,31,M,music_lover
u2332,34,M,traveler
u6545,44,M,traveler
u3153,43,F,online_shopper
u1870,39,F,music_lover
u2970,47,M,traveler
u2289,21,F,music_lover
u1023,25,F,music_lover
u1811,43,M,music_lover
u5106,18,F,sports_fan
u9489,49,F,traveler
u8524,29,F,sports_fan
u2125,30,F,online_shopper
u6054,38,F,music_lover
u4503,37,M,music_lover
u6466,22,M,online_shopper
u2743,42,F,traveler
u3653,24,M,music_lover
u1502,20,F,music_lover
u9186,36,M,traveler
u8217,24,F,online_shopper
u6431,34,M,online_shopper
u5070,30,M,traveler
u6085,41,M,traveler
u4026,36,F,online_shopper
u6481,30,M,online_shopper
u4411,25,F,music_lover
u1153,25,F,online_shopper
u1368,30,M,online_shopper
u8737,19,M,sports_fan
u9569,47,M,sports_fan
u3553,20,M,online_shopper
u4709,30,M,traveler
u4830,43,M,online_shopper
u4483,34,M,traveler
u5083,23,M,sports_fan
u5064,20,F,traveler
u8547,42,M,online_shopper
u8671,18,F,sports_fan
u1349,47,F,sports_fan
u7088,32,F,sports_fan
u9431,25,M,music_lover
u1621,47,M,sports_fan
u6750,49,M,traveler
u6641,40,F,traveler
u8625,29,F,online_shopper
u7747,24,M,online_shopper
u2025,44,M,sports_fan
u3733,33,F,music_lover
u1406,25,M,online_shopper
u3287,26,F,traveler
u1459,25,F,traveler
u7312,23,M,sports_fan
u7382,18,M,online_shopper
u3094,33,F,traveler
u6262,18,M,sports_fan
u1281,30,M,online_shopper
u6867,28,M,music_lover
u7125,40,M,music_lover
u2699,28,F,music_lover
u7790,36,F,music_lover
u6626,36,F,online_shopper
u3275,28,F,online_shopper
u6146,42,F,music_lover
u8035,32,M,traveler
u3172,27,F,online_shopper
u7389,37,M,sports_fan
u3734,33,M,traveler
u3318,20,M,traveler
u3618,46,F,traveler
u5372,19,F,music_lover
u4978,38,M,traveler
u3200,42,F,online_shopper
u1942,31,M,traveler
u7633,32,M,traveler
u6488,45,F,sports_fan
u8327,41,M,sports_fan
u7139,25,M,online_shopper
u5211,18,F,traveler
u5562,42,F,music_lover
u8929,41,M,sports_fan
u1414,31,M,music_lover
u8640,44,F,online_shopper
u8885,47,M,online_shopper
u9190,31,F,traveler
u1832,46,M,online_shopper
u2579,36,M,traveler
u6127,25,F,music_lover
u1975,26,F,music_lover
u8442,32,F,sports_fan
u3134,29,F,sports_fan
u5578,35,F,traveler
u3050,48,F,music_lover
u6516,18,F,online_shopper
u7282,32,F,music_lover
u9210,48,F,sports_fan
u4207,18,M,online_shopper
u4665,18,M,sports_fan
u8860,38,M,online_shopper
u5862,19,F,music_lover
u7868,21,F,sports_fan
u7808,34,F,online_shopper
u8967,19,M,sports_fan
u7131,24,F,music_lover
u1146,48,M,sports_fan
u7239,42,F,sports_fan
u1781,39,M,traveler
u9620,27,M,online_shopper
u4691,27,M,traveler
u2317,30,F,online_shopper
u2577,22,M,traveler
u6193,43,F,music_lover
u8951,44,F,traveler
u7758,24,F,traveler
u9698,42,F,online_shopper
u2772,46,F,traveler
u9187,31,M,online_shopper
u2470,35,M,sports_fan
u4892,39,M,music_lover
u1395,36,M,music_lover
u8179,43,F,online_shopper
u9174,45,F,sports_fan
u1470,43,M,music_lover
u4304,37,F,music_lover
u1450,38,F,sports_fan
u8435,38,F,traveler
u3056,27,M,online_shopper
u9755,25,M,online_shopper
u1884,38,F,traveler
u8383,19,F,online_shopper
u8590,31,F,sports_fan
u9805,19,M,sports_fan
u2969,29,M,music_lover
u9892,34,F,traveler
u9141,35,F,sports_fan
u3219,34,M,online_shopper
u4012,32,M,music_lover
u1603,20,M,sports_fan
u7406,38,M,traveler
u9483,36,F,sports_fan
u8110,44,F,music_lover
u9402,40,M,online_shopper
u2382,43,M,traveler
u6463,49,F,online_shopper
u7526,28,F,sports_fan
u9253,35,M,traveler
u5718,38,F,music_lover
u8887,46,F,sports_fan
u7815,20,F,music_lover
u7246,35,M,sports_fan
u6734,21,F,online_shopper
u9257,45,M,music_lover
u7201,26,M,online_shopper
u3988,42,F,online_shopper
u1299,23,M,music_lover
u6504,24,M,traveler
u7575,18,F,music_lover
u1824,20,F,sports_fan
u1534,32,M,music_lover
u3987,19,F,sports_fan
u9911,48,M,music_lover
u4753,26,F,online_shopper
u7117,43,M,music_lover
u6768,25,F,traveler
u9126,36,M,music_lover
u5689,43,F,sports_fan
u2061,31,F,sports_fan
u3143,41,F,traveler
u6650,27,M,traveler
u6938,41,M,online_shopper
u1959,28,M,traveler
u3856,47,M,music_lover
u9073,25,M,sports_fan
u5118,21,F,traveler
u4924,40,M,traveler
u4725,43,M,music_lover
u4351,48,F,online_shopper
u1739,25,M,sports_fan
u3556,27,M,online_shopper
u7293,32,M,traveler
u4148,30,M,sports_fan
u5029,22,M,traveler
u2195,47,F,music_lover
u6118,42,F,sports_fan
u6416,32,F,online_shopper
u2416,42,F,sports_fan
u4350,20,F,traveler
u1852,20,F,music_lover
u9524,46,M,music_lover
u4991,41,M,online_shopper
u6484,30,F,online_shopper
u2805,40,F,traveler
u5961,26,F,sports_fan
u6985,46,M,music_lover
u8756,19,M,music_lover
u3410,32,F,traveler
u4735,49,F,sports_fan
u2580,35,M,sports_fan
u7825,40,M,online_shopper
u8096,46,M,online_shopper
u5969,25,M,sports_fan
u1286,20,F,traveler
u1342,18,M,sports_fan
u4072,43,M,sports_fan
u2740,24,M,music_lover
u2701,47,M,traveler
u1386,44,F,traveler
u8010,23,F,traveler
u3608,46,M,traveler
u5622,48,M,online_shopper
u8318,47,M,online_shopper
u7210,18,F,music_lover
u9342,26,F,online_shopper
u6059,28,F,traveler
u5447,44,F,sports_fan
u1243,44,F,music_lover
u2373,39,M,sports_fan
u7369,46,M,online_shopper
u1655,22,F,traveler
u3996,20,M,music_lover
u2972,46,F,online_shopper
u5898,26,M,sports_fan
u8810,24,F,sports_fan
u7963,37,M,traveler
u7924,30,M,online_shopper
u6869,18,M,music_lover
u3343,45,M,music_lover
u6942,37,F,music_lover
u3903,20,M,sports_fan
u4403,23,F,online_shopper
u9465,28,F,music_lover
u7439,34,F,music_lover
u9963,44,M,music_lover
u8627,32,F,music_lover
u4653,21,F,music_lover
u6330,18,M,online_shopper
u8053,18,F,sports_fan
u3309,23,M,traveler
u6337,39,F,online_shopper
u8405,49,F,sports_fan
u1364,26,M,sports_fan
u2249,31,F,online_shopper
u7185,31,M,sports_fan
u8099,44,F,sports_fan
u8060,24,M,sports_fan
u6788,23,M,sports_fan
u1489,36,M,music_lover
u2912,20,F,online_shopper
u3832,22,F,online_shopper
u3127,39,F,traveler
u6498,23,M,music_lover
u3394,25,F,music_lover
u4848,41,F,music_lover
u2854,30,F,traveler
u5701,30,M,online_shopper
u1544,18,F,music_lover
u6635,36,F,online_shopper
u8298,38,M,traveler
u7689,49,F,music_lover
u4882,26,F,online_shopper
u2310,21,M,sports_fan
u9673,49,M,music_lover
u2191,22,F,sports_fan
u8779,34,M,music_lover
u8190,24,F,online_shopper
u8137,35,M,sports_fan
u2995,30,F,sports_fan
u5569,49,M,sports_fan
u2952,45,F,music_lover
u7476,18,M,music_lover
u4278,31,F,traveler
u6096,31,M,music_lover
u5542,30,F,sports_fan
u6406,46,M,traveler
u1648,35,F,online_shopper
u9682,25,F,sports_fan
u2818,18,F,sports_fan
u9313,32,F,online_shopper
u6553,34,F,online_shopper
u8807,34,M,traveler
u3421,44,F,sports_fan
u9762,47,M,sports_fan
u4579,19,M,online_shopper
u6468,31,M,sports_fan
u3159,18,F,sports_fan
u1638,19,F,traveler
u6584,44,M,online_shopper
u4228,24,M,music_lover
u5482,18,F,sports_fan
u1138,27,F,traveler
u8922,35,F,sports_fan
u2548,20,F,traveler
u3630,35,M,traveler
u1331,36,F,music_lover
u7897,30,F,traveler
u6270,40,M,online_shopper
u8208,19,F,traveler
u1838,20,M,music_lover
u3512,39,M,sports_fan
u8864,21,M,traveler
u5397,34,M,music_lover
u7967,25,F,online_shopper
u9243,40,M,sports_fan
u8063,25,F,music_lover
u6092,42,F,sports_fan
u4733,42,M,online_shopper
u6439,20,F,traveler
u4002,49,F,traveler
u3471,32,M,music_lover
u4763,28,F,online_shopper
u6576,26,F,traveler
u6779,28,F,sports_fan
u9820,23,M,sports_fan
u9354,27,M,online_shopper
u6610,27,F,sports_fan
u6783,35,M,online_shopper
u7679,30,M,online_shopper
u7801,34,F,traveler
u3909,21,F,online_shopper
u2777,42,F,traveler
u3517,35,M,sports_fan
u6840,18,F,online_shopper
u4031,46,F,sports_fan
u9005,35,M,online_shopper
u8739,24,F,sports_fan
u3729,46,F,music_lover
u9487,22,F,online_shopper
u5523,33,M,traveler
u1907,48,F,music_lover
u8915,22,F,music_lover
u3378,27,M,traveler
u7133,48,M,online_shopper
u6336,46,F,music_lover
u4453,46,M,traveler
u6267,33,M,music_lover
u1785,21,F,online_shopper
u3198,18,F,music_lover
u1610,25,M,online_shopper
u9375,45,M,online_shopper
u9456,18,F,music_lover
u7767,43,M,online_shopper
u4017,45,F,music_lover
u8289,20,M,online_shopper
u8136,49,F,online_shopper
u8908,35,M,online_shopper
u6307,19,M,music_lover
u4859,42,M,sports_fan
u8008,42,M,music_lover
u7509,22,F,traveler
u5051,28,F,online_shopper
u6525,31,M,music_lover
u3242,35,F,online_shopper
u8385,27,M,sports_fan
u8129,24,F,sports_fan
u8165,25,F,music_lover
u8960,45,F,music_lover
u4263,42,M,traveler
u7889,37,M,sports_fan
u2587,34,M,traveler
u8175,24,M,music_lover
u4657,40,M,traveler
u8233,33,M,online_shopper
u2906,34,M,online_shopper
u6320,21,F,traveler
u7295,21,F,music_lover
u8812,45,F,traveler
u8745,47,F,sports_fan
u4812,18,M,online_shopper
u2984,40,F,online_shopper
u2617,20,M,online_shopper
u2137,29,M,online_shopper
u7729,34,F,sports_fan
u2180,33,F,online_shopper
u3017,45,M,sports_fan
u7671,49,F,sports_fan
u8865,31,F,sports_fan
u5858,40,M,online_shopper
u4546,20,F,online_shopper
u4876,49,M,sports_fan
u5707,36,F,online_shopper
u2023,46,M,traveler
u9123,46,F,online_shopper
u9305,36,F,online_shopper
u3281,33,M,sports_fan
u8975,21,F,traveler
u9458,38,M,traveler
u7800,47,F,sports_fan
u4153,34,F,online_shopper
u4408,36,M,online_shopper
u1122,29,M,sports_fan
u5968,47,M,music_lover
u6684,18,M,sports_fan
u4630,36,M,traveler
u8895,36,M,online_shopper
u2786,37,M,music_lover
u2155,29,F,traveler
u4509,43,F,online_shopper
u2874,29,F,traveler
u4101,34,M,sports_fan
u2081,22,M,online_shopper
u4240,45,F,traveler
u2185,21,M,traveler
u1583,46,F,traveler
u2255,22,M,music_lover
u2186,23,M,online_shopper
u7851,20,M,sports_fan
u1244,32,M,sports_fan
u5216,20,F,sports_fan
u1483,30,M,traveler
u4946,22,F,traveler
u2660,38,M,sports_fan
u9085,26,M,traveler
u5777,40,F,music_lover
u2419,32,F,online_shopper
u1549,39,M,online_shopper
u3881,19,F,music_lover
u4440,26,M,online_shopper
u1837,43,F,music_lover
u5530,32,M,music_lover
u1983,48,M,music_lover
u1555,20,M,music_lover
u5541,24,M,sports_fan
u7705,25,F,music_lover
u8219,30,F,music_lover
u2401,42,M,traveler
u4618,49,F,traveler
u7468,47,M,sports_fan
u5240,38,F,music_lover
u5352,39,F,music_lover
u3209,32,M,sports_fan
u7922,23,F,music_lover
u7076,38,F,online_shopper
u7392,30,F,music_lover
u1148,24,F,sports_fan
u5310,34,M,music_lover
u5902,32,M,music_lover
u1473,22,F,sports_fan
u7090,44,M,sports_fan
u1144,27,M,online_shopper
u9896,39,F,online_shopper
u5659,29,M,online_shopper
u1413,36,F,online_shopper
u1188,35,M,sports_fan
u4283,21,M,online_shopper
u7697,30,F,online_shopper
u3107,20,F,sports_fan
u7826,23,M,music_lover
u9022,23,M,music_lover
u7718,21,M,music_lover
u5450,45,M,music_lover
u4367,21,M,traveler
u3826,30,M,music_lover
u2476,27,F,traveler
u8950,49,M,sports_fan
u4699,27,M,online_shopper
u3280,28,F,online_shopper
u1949,30,M,traveler
u9814,27,F,online_shopper
u2929,28,M,music_lover
u6654,35,M,sports_fan
u3980,24,F,music_lover
u9173,26,M,traveler
u7733,30,F,sports_fan
u7154,42,M,sports_fan
u6939,27,F,traveler
u2154,35,M,music_lover
u3081,32,M,sports_fan
u9610,42,M,traveler
u4311,22,M,music_lover
u8421,32,M,online_shopper
u5853,28,F,traveler
u3861,45,M,traveler
u5769,23,F,sports_fan
u7786,18,F,sports_fan
u8881,31,F,online_shopper
u9899,32,F,traveler
u7495,46,F,traveler
u1192,24,M,online_shopper
u8386,32,M,sports_fan
u8780,33,M,online_shopper
u9635,41,F,online_shopper
u7097,22,F,sports_fan
u8483,39,F,traveler
u1086,37,F,music_lover
u4059,48,F,sports_fan
u2393,36,F,sports_fan
u3402,36,F,music_lover
u7183,35,F,online_shopper
u1601,43,M,sports_fan
u1378,23,M,online_shopper
u3089,26,F,traveler
u4068,47,F,online_shopper
u5540,48,F,music_lover
u7762,20,M,sports_fan
u2325,34,F,traveler
u1612,27,F,music_lover
u4858,33,M,music_lover
u4890,18,F,traveler
u3683,21,M,music_lover
u9092,48,M,sports_fan
u7591,47,M,traveler
u6813,18,M,sports_fan
u4774,43,F,music_lover
u3136,35,M,sports_fan
u9902,37,M,traveler
u6141,21,F,sports_fan
u5845,28,F,traveler
u9278,45,F,online_shopper
u4982,41,M,online_shopper
u5809,21,M,music_lover
u5180,48,M,music_lover
u9259,36,F,online_shopper
u6960,21,M,online_shopper
u9408,22,M,online_shopper
u9777,49,M,sports_fan
u9130,38,F,online_shopper
u6977,30,M,music_lover
u9884,21,M,online_shopper
u2218,27,F,traveler
u4402,35,F,online_shopper
u7319,20,F,online_shopper
u6633,43,F,music_lover
u9235,43,M,music_lover
u3454,36,M,traveler
u4697,22,M,music_lover
u7853,28,M,music_lover
u1343,19,M,traveler
u4360,49,M,online_shopper
u5873,48,F,music_lover
u1381,35,M,online_shopper
u6979,28,F,online_shopper
u4803,49,M,sports_fan
u6752,29,M,music_lover
u9909,33,F,music_lover
u8184,43,F,sports_fan
u7947,19,F,online_shopper
u6637,44,M,traveler
u8734,39,F,music_lover
u7386,49,F,online_shopper
u4591,41,M,traveler
u3297,43,F,traveler
u3440,33,M,sports_fan
u1853,33,F,music_lover
u8666,39,F,online_shopper
u8336,21,F,online_shopper
u6243,25,F,sports_fan
u6175,21,F,online_shopper
u7006,28,F,traveler
u5458,42,M,sports_fan
u7661,25,F,sports_fan
u4100,46,M,traveler
u2242,29,M,sports_fan
u5457,48,F,music_lover
u9492,21,F,sports_fan
u6618,24,M,music_lover
u1938,30,F,online_shopper
u8424,28,M,traveler
u6390,27,M,music_lover
u4245,44,M,online_shopper
u4629,26,F,sports_fan
u6158,23,F,music_lover
u3265,34,F,music_lover
u5907,30,M,music_lover
u1628,23,M,traveler
u4568,41,F,sports_fan
u3844,49,M,sports_fan
u6513,42,M,traveler
u1939,34,F,music_lover
u5919,30,M,sports_fan
u2066,38,F,traveler
u6948,32,M,sports_fan
u6933,33,M,music_lover
u7348,38,F,sports_fan
u2636,41,M,traveler
u5944,24,M,online_shopper
u3430,49,F,music_lover
u8353,38,M,sports_fan
u8019,30,M,traveler
u3473,48,M,online_shopper
u1204,45,F,music_lover
u1903,23,M,traveler
u8344,25,F,online_shopper
u3664,39,M,sports_fan
u9537,27,F,online_shopper
u7161,38,M,online_shopper
u7289,27,M,music_lover
u2955,18,F,music_lover
u8341,29,F,online_shopper
u5557,25,F,online_shopper
u9255,25,M,online_shopper
u1283,46,M,sports_fan
u4523,39,F,traveler
u3591,24,M,sports_fan
u1501,24,F,sports_fan
u6819,32,M,music_lover
u1687,49,F,music_lover
u6465,29,F,traveler
u4104,33,M,music_lover
u9226,44,M,music_lover
u5162,33,F,online_shopper
u4165,19,F,music_lover
u7702,31,M,traveler
u3004,33,F,traveler
u6851,31,F,music_lover
u4041,23,M,online_shopper
u9452,40,F,traveler
u3999,41,M,online_shopper
u6651,46,M,sports_fan
u3760,35,M,online_shopper
u2047,27,M,online_shopper
u9303,41,F,music_lover
u2581,44,F,online_shopper
u1527,32,M,sports_fan
u7253,35,F,online_shopper
u4237,26,M,sports_fan
u6334,33,M,music_lover
u6907,33,F,traveler
u5059,19,F,online_shopper
u3131,48,M,sports_fan
u2258,48,M,sports_fan
u9748,32,M,music_lover
u1774,48,M,online_shopper
u2762,36,F,music_lover
u9471,41,M,traveler
u7843,28,F,traveler
u3552,39,M,sports_fan
u7740,46,M,music_lover
u2173,42,M,sports_fan
u7163,48,M,online_shopper
u9132,25,F,sports_fan
u2594,27,M,traveler
u1897,23,M,online_shopper
u1268,48,F,sports_fan
u9212,36,M,music_lover
u9091,20,M,music_lover
u5236,35,F,sports_fan
u1548,25,M,sports_fan
u6682,43,F,traveler
u7323,46,M,traveler
u7742,38,F,music_lover
u8388,26,M,music_lover
u1136,22,M,sports_fan
u1110,22,M,traveler
